slope,intercept
1.27237,0.44667
1.27089,0.615614
1.26741,0.620279
1.3163,0.259853
1.33304,-0.332301
1.26744,0.616825
1.29902,0.199151
1.29389,0.229368
1.3029,0.449213
1.29203,0.352156
1.27867,0.327714
1.28719,0.174236
1.27828,0.383858
1.28603,0.557176
1.26445,0.390657
1.29328,0.508715
1.26883,0.286161
1.2718,0.507181
1.26734,0.748714
1.27592,0.901591
1.23718,0.805757
1.26522,0.551934
1.27901,0.525936
1.26634,0.563937
1.30218,0.0192827
1.28036,0.742399
1.28795,0.500247
1.25587,0.847443
1.27345,0.679595
1.28032,0.317072
1.29485,0.280219
1.30081,0.399602
1.29255,0.52231
1.26619,0.65537
1.27818,0.613642
1.29768,0.068798
1.26084,0.50807
1.28473,0.385292
1.29316,0.537725
1.303,0.16286
1.31406,0.461607
1.29804,0.114239
1.23565,0.964976
1.26935,0.620607
1.2576,0.556866
1.25639,0.996227
1.26486,0.778194
1.2673,0.547673
1.27598,0.364987
1.26625,0.399029
1.28922,0.152601
1.27856,0.194462
1.27948,0.600721
1.29456,0.259624
1.29534,0.231767
1.29,0.317004
1.24914,0.771802
1.27495,0.328562
1.25599,0.79474
1.30127,0.21869
1.25834,0.801705
1.29756,0.273836
1.30548,0.0426796
1.26608,0.54171
1.27625,0.14195
1.21381,1.01237
1.26245,0.614352
1.29933,0.158185
1.29387,0.161912
1.27607,0.533458
1.31015,-0.13374
1.26555,0.724362
1.28693,0.338509
1.30914,0.202213
1.27019,0.703795
1.28297,0.549595
1.27355,0.17446
1.2419,0.676052
1.30443,0.244284
1.27659,0.731974
1.24288,0.721673
1.26227,0.889448
1.25573,1.26953
1.28153,0.240787
1.24514,0.599675
1.31286,0.455295
1.29606,0.452706
1.28145,0.341981
1.27861,0.183267
1.23088,0.680875
1.26693,0.754601
1.28765,0.522863
1.2729,0.313461
1.28534,0.679183
1.26809,0.570811
1.27873,0.588718
1.29267,0.206654
1.30848,-0.191108
1.29869,0.222748
1.30995,0.184231
1.26876,0.753151
1.21487,0.951941
1.27125,0.802028
1.24803,0.572343
1.23733,0.955223
1.30028,0.0737671
1.29438,0.591917
1.27005,0.192159
1.29028,0.237875
1.26501,0.649025
1.24147,0.847831
1.27701,0.39633
1.29348,0.186248
1.27405,0.437061
1.27882,0.290666
1.2781,0.82071
1.27469,0.870651
1.26811,0.391826
1.27437,0.677196
1.28157,0.634192
1.24056,0.607593
1.29748,0.0675546
1.28062,0.508831
1.2946,0.219292
1.26255,0.725558
1.29507,0.258306
1.28298,0.27735
1.24467,0.97352
1.30534,0.283595
1.25357,0.411509
1.29488,0.39171
1.28463,0.368006
1.29167,0.166098
1.28436,0.335999
1.2851,0.207789
1.29383,0.151686
1.31102,0.452127
1.27373,0.539187
1.31388,-0.247268
1.27648,0.457977
1.30509,0.476184
1.28647,0.431786
1.27551,0.546115
1.3076,0.243884
1.29675,0.281129
1.2805,0.322019
1.27423,0.264149
1.30049,0.242015
1.25253,0.612918
1.24463,0.768921
1.28782,0.541513
1.28226,0.552635
1.298,0.235215
1.25901,0.488973
1.29934,0.532613
1.25875,0.794757
1.31105,0.368142
1.32721,0.0450358
1.26675,0.658323
1.29594,0.225977
1.30745,0.116192
1.28013,0.430548
1.27636,0.5742
1.29137,0.290586
1.26845,0.801693
1.3051,0.117679
1.28511,0.389133
1.26339,0.4266
1.28191,0.780211
1.25974,0.469287
1.29355,0.114067
1.26646,0.821486
1.3205,0.0198842
1.29664,-0.0085138
1.27822,0.268402
1.27975,0.523455
1.2721,0.922881
1.28308,0.155793
1.29891,0.0348916
1.27692,0.533201
1.28069,0.352914
1.30084,0.246376
1.33836,-0.118793
1.29279,0.184205
1.26423,0.536487
1.30632,0.332442
1.30206,0.226068
1.28294,0.4496
1.26556,0.64837
1.26271,0.89502
1.27815,0.332696
1.2928,0.533765
1.29775,0.22198
1.24928,0.802223
1.28677,0.433292
1.30195,0.153495
1.31543,0.0443695
1.31077,-0.187055
1.26838,0.574978
1.26921,0.518186
1.30959,0.11043
1.28614,0.445816
1.26952,0.89245
1.28395,0.424577
1.24981,0.319595
1.26825,0.631056
1.26539,0.526672
1.27487,0.455162
1.26917,0.59218
1.29141,0.131679
1.2467,0.700203
1.29685,-0.0815633
1.2422,0.61539
1.26344,0.485452
1.26742,0.385575
1.295,0.158497
1.30714,0.105953
1.29139,0.345604
1.24362,1.06151
1.28513,0.204746
1.29737,0.00730956
1.27943,0.268405
1.263,0.570983
1.27385,0.668792
1.30896,0.453312
1.2519,0.673639
1.31296,-0.0275356
1.27575,0.268434
1.32329,-0.304319
1.26244,0.526533
1.29646,0.34519
1.26739,0.52165
1.25317,0.817077
1.30488,0.123375
1.27543,0.661318
1.28516,0.387155
1.30878,0.0743783
1.2807,0.674053
1.23448,0.954259
1.2649,0.591618
1.26743,0.866056
1.27011,0.803334
1.34035,-0.114786
1.2749,0.490311
1.25941,0.791176
1.28219,0.51539
1.27576,0.151778
1.27679,0.639565
1.26171,0.548412
1.2965,0.293712
1.26633,0.72501
1.27616,0.643344
1.23314,0.737568
1.29069,0.467799
1.24699,0.654311
1.28006,0.566441
1.30078,0.225733
1.27486,0.639796
1.2816,0.744568
1.30421,0.0864476
1.28041,0.379308
1.30928,0.167765
1.30609,0.459701
1.25368,0.973927
1.27459,0.593861
1.29986,0.246603
1.2665,0.517964
1.27308,0.636687
1.28866,-0.0397351
1.28823,0.520859
1.30069,-0.229644
1.25908,0.435922
1.2654,0.315884
1.28925,0.194269
1.33634,-0.110313
1.23429,0.957495
1.29926,0.166867
1.25685,0.715713
1.2826,0.282688
1.24074,0.778785
1.28734,0.24023
1.28982,0.238503
1.28713,0.298052
1.29908,0.149616
1.27904,0.48158
1.29392,0.102631
1.27253,0.320647
1.2566,0.735249
1.28575,0.365879
1.28734,0.351748
1.30999,-0.0214371
1.29489,0.0656047
1.27604,0.622326
1.28156,0.465613
1.29533,0.421231
1.26306,0.596406
1.24773,0.740658
1.27845,0.175838
1.30897,0.0492831
1.2482,0.515902
1.28383,0.328682
1.28118,0.199254
1.26953,0.440144
1.27481,0.583663
1.23021,0.859061
1.27921,0.246672
1.27947,0.532097
1.27932,0.401987
1.32793,-0.022028
1.30202,0.375881
1.24385,1.01698
1.27366,0.430162
1.29363,0.233336
1.30796,0.378804
1.28591,0.185628
1.25829,0.928372
1.2621,0.572593
1.27821,0.166561
1.29344,0.177831
1.3055,0.324706
1.33589,-0.208337
1.26519,0.901895
1.27034,0.39375
1.278,0.290785
1.28636,0.496554
1.28691,0.361838
1.31219,0.332796
1.29438,-0.0611898
1.27206,0.376581
1.2982,0.190402
1.269,0.572788
1.27665,0.261131
1.31051,0.472025
1.26498,0.379235
1.26678,0.708545
1.32342,-0.163193
1.25283,0.836247
1.27825,0.465322
1.29687,0.458236
1.2756,0.631775
1.2927,0.542689
1.27357,0.346284
1.29761,-0.0196252
1.28318,0.226923
1.25513,0.793331
1.24134,1.12437
1.27188,0.651913
1.27627,0.370635
1.29281,0.297217
1.25528,0.820399
1.25668,0.941083
1.30089,0.236782
1.2937,0.29527
1.27074,0.539773
1.2802,0.374419
1.32081,0.237193
1.28053,0.231188
1.29778,0.364099
1.31177,0.149658
1.31923,-0.0610658
1.24479,0.995371
1.26713,0.441275
1.26109,0.608765
1.26622,0.622907
1.30898,0.190849
1.22724,0.950421
1.26116,0.712299
1.25529,0.759642
1.29583,0.339833
1.26277,0.231323
1.25003,0.759426
1.27765,0.786024
1.29019,0.212428
1.25327,0.388064
1.29394,0.100005
1.26362,0.559266
1.29291,0.37381
1.26764,0.384167
1.25567,0.484462
1.27887,0.458701
1.28297,0.0721353
1.25262,0.748925
1.28716,0.396406
1.28316,0.632506
1.27829,0.781834
1.28443,0.546539
1.29149,0.8352
1.27692,0.290251
1.29924,0.320868
1.27756,0.802627
1.26459,0.636464
1.26148,0.583957
1.30027,0.0795991
1.27379,0.0354318
1.26332,0.810125
1.28947,0.737064
1.27274,0.426234
1.22063,1.21782
1.30836,0.34135
1.25948,0.697206
1.29436,0.187811
1.26287,0.677016
1.28042,0.692319
1.27187,0.736322
1.24373,0.604948
1.25022,0.611194
1.28653,0.152693
1.27435,0.319575
1.30652,0.307818
1.31177,-0.194062
1.24957,0.864026
1.23662,0.9617
1.29859,0.364207
1.25603,0.888907
1.2597,0.584427
1.3025,0.264824
1.26171,0.571834
1.27282,0.326563
1.2824,0.434798
1.30939,0.162726
1.28616,0.38653
1.28825,0.342958
1.33734,-0.0017136
1.32049,0.170282
1.26942,0.402076
1.29142,0.499631
1.2915,0.364566
1.30004,0.590729
1.26258,0.847508
1.24227,0.773599
1.28037,0.571978
1.30283,0.0827237
1.30359,-0.0511269
1.27715,0.506922
1.28368,0.427271
1.30261,0.321389
1.27413,0.776521
1.27023,0.376479
1.28771,0.0900442
1.2645,0.526155
1.27625,0.684525
1.25985,0.328604
1.28204,0.575943
1.26875,0.736415
1.29835,-0.0581249
1.25585,0.760687
1.25453,0.711198
1.2656,0.623661
1.26626,0.557157
1.29436,0.50972
1.27656,0.451967
1.27426,1.07786
1.2606,0.949379
1.28018,0.477363
1.22863,1.09538
1.27552,0.694202
1.2858,0.39107
1.31602,-0.107026
1.30313,0.374133
1.29673,0.164176
1.28803,0.51006
1.2786,0.218922
1.23484,1.31427
1.29347,0.204163
1.21127,1.36338
1.33244,-0.231388
1.3103,0.150621
1.26589,0.727741
1.25077,0.702416
1.28763,0.22846
1.3032,0.349191
1.28344,0.713346
1.29187,0.295206
1.26793,0.0925762
1.23661,0.850923
1.33618,-0.277614
1.29656,0.561114
1.31993,0.316912
1.24986,1.1083
1.29627,0.25425
1.27399,0.58515
1.2986,0.193561
1.27627,0.312649
1.29639,0.406694
1.25764,0.857605
1.26065,0.646626
1.27929,0.274936
1.26061,0.729874
1.28521,0.513896
1.27489,0.36492
1.25333,0.707564
1.30423,0.229972
1.29237,0.158691
1.28965,0.507871
1.24258,0.72958
1.28439,0.225873
1.27478,0.50784
1.31238,0.259719
1.28318,0.460036
1.29362,0.200218
1.30365,-0.183184
1.30295,0.0868594
1.25983,0.882038
1.2674,0.716609
1.30375,0.351389
1.27912,0.413197
1.28175,0.244726
1.26324,0.686425
1.30956,0.0465309
1.28999,0.363395
1.27457,0.536703
1.25731,0.501351
1.29432,0.222221
1.30913,0.0131044
1.31396,-0.36661
1.2695,0.142878
1.27953,0.402609
1.25374,0.794794
1.2858,0.228723
1.28019,0.495774
1.30428,0.148362
1.2351,1.11796
1.26216,0.901757
1.27579,0.822515
1.25924,0.600602
1.30334,0.282116
1.29752,0.536643
1.27399,0.447892
1.27863,0.865367
1.29213,0.0950395
1.29466,0.543396
1.24646,0.831211
1.27502,0.344405
1.28133,0.363909
1.28098,0.14154
1.28053,0.454286
1.25421,0.728513
1.27122,0.259657
1.26695,0.722094
1.28717,0.0503632
1.28094,0.274304
1.32647,-0.133476
1.26445,0.552577
1.28162,0.437894
1.28422,0.0446674
1.28933,0.0795221
1.28433,0.368655
1.27321,0.469086
1.27132,0.897877
1.28871,0.299506
1.32658,0.0428715
1.28473,0.0473323
1.26077,0.726519
1.28454,0.273816
1.31693,0.401086
1.27719,0.32835
1.29869,0.466508
1.27447,0.891387
1.26257,0.636863
1.26862,0.906246
1.3275,-0.338094
1.24499,0.949848
1.28237,0.286993
1.29996,0.255192
1.28868,0.301283
1.30384,0.492285
1.30796,0.092269
1.2669,0.646518
1.29172,-0.129962
1.25894,0.650169
1.31313,0.195459
1.25668,0.665639
1.26726,0.694353
1.28667,0.44125
1.2916,0.0731541
1.23804,0.970848
1.25938,0.495761
1.2989,0.494253
1.32093,-0.0581829
1.30315,0.152818
1.26193,0.786777
1.23343,0.798352
1.26759,0.465609
1.25621,0.705236
1.27161,0.762741
1.29009,0.348466
1.25889,0.417519
1.28739,0.0938762
1.32152,-0.123845
1.30662,0.00348122
1.27898,0.349423
1.28154,0.326556
1.29795,0.0465791
1.29999,0.16151
1.30117,0.305108
1.29362,0.164052
1.26628,0.542878
1.29151,0.806814
1.29684,0.267672
1.25347,0.641364
1.24695,0.924479
1.28945,0.0812467
1.27991,0.558424
1.28718,0.478477
1.24088,0.785555
1.28957,0.29238
1.28898,0.402786
1.276,0.666537
1.27892,0.465227
1.22897,0.917393
1.32206,-0.228114
1.28621,0.288613
1.30568,-0.210281
1.24928,1.10982
1.31122,-0.0865615
1.28727,0.0450922
1.32065,-0.0381205
1.31075,0.109186
1.29333,0.558619
1.31084,0.351351
1.29777,0.221881
1.29867,-0.152497
1.34459,-0.201855
1.30232,0.0413164
1.31039,0.235124
1.30157,0.234355
1.28317,0.306575
1.30064,0.141278
1.22359,0.985804
1.31389,-0.0582855
1.26474,0.655381
1.28967,-0.0264195
1.30572,-0.171574
1.26881,0.315902
1.30393,0.230172
1.26681,0.458671
1.26351,0.679744
1.3203,0.123443
1.30225,0.314384
1.21491,0.949952
1.29045,0.238385
1.28443,0.467731
1.27068,0.635496
1.26569,0.421366
1.25691,0.417245
1.34063,-0.0252956
1.27306,0.640494
1.2686,0.66118
1.33541,-0.187793
1.25345,0.739327
1.28935,0.518537
1.28745,0.459264
1.28183,0.428041
1.27925,0.627333
1.31341,-0.0262115
1.31762,0.0167625
1.26692,0.711906
1.28095,0.392093
1.29564,0.283222
1.30649,0.579819
1.32664,-0.304322
1.29061,0.579428
1.26565,0.605868
1.29757,0.349155
1.25803,0.53256
1.27027,0.51701
1.29353,0.461638
1.27514,0.508732
1.21726,1.14863
1.28892,0.655529
1.27308,0.420661
1.2832,0.629445
1.27575,0.520132
1.25275,0.603978
1.29574,0.10398
1.26532,0.572691
1.28571,0.117278
1.258,0.72987
1.27454,0.632562
1.28495,0.407003
1.27005,0.26573
1.27667,0.460242
1.24515,0.794239
1.26276,0.320956
1.30767,0.0659764
1.31204,0.359983
1.29242,0.167447
1.30411,-0.127163
1.26452,0.66691
1.30808,0.0185016
1.27153,0.539235
1.27927,0.959191
1.25442,0.53708
1.27484,0.451527
1.28268,0.116032
1.27943,0.286147
1.29031,0.27545
1.32393,0.0846275
1.28708,0.187122
1.29545,0.422074
1.2576,0.773189
1.28493,0.202967
1.26964,0.466503
1.29372,0.474333
1.25354,0.615251
1.28867,0.280322
1.27228,0.68756
1.23377,0.930769
1.28014,0.41721
1.27357,0.244189
1.31101,0.0962819
1.31478,0.0511379
1.29937,0.237669
1.29845,0.240693
1.30878,-0.0266276
1.28889,0.564414
1.29776,0.460678
1.27794,0.432486
1.3284,-0.100267
1.27067,0.257074
1.29101,0.207271
1.27668,0.453587
1.25528,0.639306
1.24428,0.876003
1.29391,0.238608
1.29762,0.215848
1.24782,0.625979
1.26074,0.538398
1.27088,0.448782
1.28232,0.266024
1.25864,0.894044
1.31676,0.085396
1.27087,0.332403
1.27832,0.534171
1.25636,0.464791
1.27744,0.472503
1.25651,0.92473
1.29638,-0.343998
1.25834,0.866407
1.29,0.568083
1.25675,0.50629
1.31852,-0.0868344
1.26931,0.123169
1.30094,0.227478
1.25712,0.555628
1.26041,0.383566
1.28383,0.405973
1.26764,0.583129
1.23598,0.754255
1.2984,0.432161
1.28481,0.457635
1.28399,0.417875
1.31345,-0.126097
1.26293,0.318359
1.28859,0.0621943
1.24144,0.957779
1.24235,1.19376
1.29512,0.334267
1.26666,0.697283
1.27399,0.373009
1.27912,0.489556
1.28536,0.590362
1.29386,0.194743
1.26866,0.44011
1.28788,-0.0301697
1.27413,0.378778
1.24162,0.568461
1.30471,0.244592
1.2974,0.228489
1.2693,0.321724
1.25694,0.344714
1.26151,0.591759
1.31719,-0.0167097
1.30679,-0.017902
1.25625,0.59917
1.28056,0.378042
1.27177,0.737014
1.26181,0.810901
1.30969,-0.0081601
1.29804,0.379898
1.31396,0.0828448
1.26707,0.628442
1.2796,0.765094
1.25004,0.696751
1.26733,0.52425
1.30758,-0.0311427
1.27236,0.376671
1.32438,-0.236656
1.28909,0.439293
1.29556,0.452563
1.23581,0.870921
1.28368,0.755376
1.27088,0.784842
1.26286,0.760299
1.33478,-0.231234
1.31111,0.0965462
1.30479,0.285107
1.31525,0.186379
1.24809,0.84106
1.26533,0.407515
1.27803,0.417611
1.27746,0.584766
1.27843,0.360474
1.32387,-0.0976838
1.29752,0.125996
1.30249,0.21889
1.26482,0.859387
1.27371,0.710954
1.31065,0.127507
1.28932,0.341727
1.25083,1.00209
1.28279,0.362226
1.28927,0.270617
1.26174,0.710037
1.27538,0.784095
1.29174,0.341456
1.26319,0.72008
1.2755,0.540006
1.24843,0.821348
1.28323,0.683037
1.30484,0.130146
1.25624,0.595639
1.29666,0.105874
1.28661,0.307506
1.27266,0.929981
1.2753,0.566903
1.2904,0.376155
1.3071,-0.121318
1.25888,0.64637
1.23928,0.561848
1.28176,0.324436
1.26659,0.584619
1.29427,0.208585
1.26855,0.419248
1.28467,0.558933
1.25606,0.48897
1.26499,0.700434
1.2912,0.0553175
1.30047,0.13327
1.27836,0.435958
1.28482,0.402683
1.27896,0.455293
1.27984,0.382588
1.26546,0.625445
1.26125,0.553747
1.26616,0.383132
1.26104,0.419811
1.2581,0.926061
1.26553,0.408625
1.3023,-0.0174932
1.27641,0.661931
1.31801,0.271744
1.28708,0.181414
1.27767,0.724609
1.27931,0.716546
1.27378,0.445022
1.26101,0.824261
1.31167,0.288043
1.29225,0.0682036
1.29443,0.350651
1.30729,0.236087
1.33261,0.00605425
1.26302,0.762765
1.30218,0.048959
1.30483,-0.0145561
1.30662,0.0278313
1.2734,0.689356
1.28648,0.196542
1.30006,0.250571
1.28105,0.543821
1.26231,0.79432
1.2418,0.956235
1.28857,0.470444
1.2974,0.162448
1.25595,0.562075
1.31771,0.0883047
1.25123,0.681658
1.2856,0.349261
1.25931,0.834587
1.30115,0.449516
1.23161,1.23738
1.29901,0.208723
1.2959,0.256466
1.30073,0.314554
1.25241,0.750552
1.26459,0.613431
1.28276,0.48579
1.25244,0.636731
1.3005,0.402167
1.25602,0.812739
1.30155,0.29926
1.2708,0.483495
1.26359,0.669022
1.257,0.531511
1.27379,0.558917
1.31372,-0.013412
1.29576,0.270031
1.32061,-0.076299
1.29432,0.304518
1.26613,0.288669
1.26527,0.671471
1.26117,0.817085
1.29273,0.367857
1.25928,0.647872
1.25079,1.09751
1.30491,0.0982335
1.28996,0.181783
1.28991,0.322792
1.27927,0.590854
1.27771,0.482456
1.27478,0.580666
1.28773,0.338116
1.25402,0.520779
1.2841,0.559997
1.31063,0.0121762
1.2879,0.15656
1.25763,0.686046
1.288,0.173853
1.29534,0.0443933
1.25466,0.997187
1.28128,0.106269
1.27153,0.42365
1.32921,-0.124629
1.31204,0.226624
1.29442,0.0033883
1.27271,0.393324
1.27846,0.475681
1.28751,0.273869
1.24394,1.03747
1.30855,0.183053
1.29052,0.460965
1.29673,0.205643
1.28946,0.392591
1.29012,0.0239268
1.29342,0.224995
1.27833,0.342552
1.32812,-0.0791117
1.27952,0.445484
1.30891,0.310048
1.27517,0.424395
1.27573,0.323136
1.27663,0.435265
1.28982,0.391865
1.27529,0.459469
1.27077,0.923089
1.24337,0.940351
1.28299,0.0921002
1.27161,0.42366
1.32745,0.119176
1.2586,0.601376
1.30665,0.33197
1.28135,0.225239
1.29665,0.0516342
1.26478,0.751635
1.29127,0.0178852
1.24994,0.705667
1.24985,0.8916
1.27448,0.423946
1.27576,0.369613
1.30685,0.225297
1.30395,-0.00358779
1.2736,0.745868
1.2751,0.658706
1.30485,-0.128035
1.28455,0.659748
1.26289,0.696914
1.29624,0.367493
1.27233,0.499841
1.30159,-0.125897
1.26332,0.559846
1.2729,0.595263
1.26856,0.444301
1.27965,0.454596
1.29681,0.322452
1.3059,0.158245
1.2914,0.291941
1.29924,0.244432
1.28294,0.654882
1.23287,0.798588
1.25347,0.692103
1.3153,-0.15973
1.29203,0.577026
1.30491,0.138353
1.27924,0.491457
1.23533,1.22805
1.26589,0.572126
1.25378,0.633007
1.28097,0.328318
1.27635,0.566277
1.27997,0.36236
1.27578,-0.0230576
1.26489,0.75433
1.26152,0.698955
1.25496,0.476488
1.25765,0.749385
1.25796,0.602959
1.27103,0.709399
1.27625,0.085145
1.26059,0.779429
1.28859,0.636737
1.28095,0.448618
1.25501,0.81817
1.29154,0.43815
1.30685,0.074128
1.2908,0.421748
1.30488,0.295261
1.28039,0.337288
1.29962,0.438034
1.28619,0.456662
1.28407,0.535269
1.28051,0.310074
1.30357,0.205333
1.2804,0.489145
1.31375,-0.0369572
1.26274,0.665148
1.27794,0.478438
1.2528,0.497444
1.26732,0.539847
1.25085,0.869311
1.28481,0.253074
1.31062,0.0187803
1.30688,0.282902
1.27181,0.477243
1.27527,0.402216
1.32683,0.321309
1.2771,0.538846
1.30214,0.35002
1.29421,-0.0517229
1.31361,0.198115
1.30143,0.0823162
1.27306,0.350392
1.26132,0.775463
1.26831,0.616191
1.27539,0.421449
1.28553,0.328563
1.28859,0.45923
1.29275,0.456724
1.28151,0.144506
1.27756,0.306086
1.28495,0.223244
1.23989,0.805813
1.29318,0.223322
1.26067,0.440138
1.26724,0.671194
1.28966,0.284152
1.3083,-0.129685
1.31512,0.0495481
1.2695,0.669554
1.3047,0.193025
1.31293,0.0595125
1.28209,0.879322
1.26735,0.424988
1.27866,0.452663
1.31062,-0.152663
1.28134,0.51941
1.29476,0.419981
1.22982,0.89308
1.27424,0.854008
1.28459,0.525826
1.28629,0.378157
1.32196,0.22052
1.30675,0.255046
1.24251,0.805535
1.28294,0.141713
1.29231,0.497985
1.25752,0.732194
1.29324,0.143532
1.31284,-0.0820765
1.2733,0.410837
1.29545,0.120711
1.26434,0.502739
1.29467,0.171642
1.2753,0.46293
1.26587,0.800308
1.28588,0.126242
1.30286,0.00795266
1.24694,0.861089
1.33416,-0.00750276
1.23638,0.899589
1.27701,0.531616
1.28641,0.335458
1.30118,0.129308
1.28325,0.464601
1.27189,0.568534
1.32547,-0.11335
1.24335,0.779369
1.30924,0.114732
1.29147,0.428676
1.27066,0.696024
1.31033,0.375873
1.28245,0.310065
1.27276,0.943262
1.28893,0.0548069
1.24361,0.988517
1.28239,0.619273
1.26926,0.372829
1.2742,0.348215
1.3015,-0.0487758
1.2774,0.476406
1.25555,0.681285
1.27569,0.441372
1.29029,0.159563
1.29296,0.0527082
1.26213,0.499028
1.2838,0.630614
1.29984,0.416831
1.27419,0.351354
1.25728,0.495342
1.26699,0.35152
1.27196,0.823588
1.2744,0.758016
1.30788,0.241203
1.30681,0.124614
1.28167,0.486043
1.26816,0.545678
1.26515,0.436702
1.30599,0.38889
1.29856,0.31597
1.27312,0.589636
1.25479,0.506804
1.24838,0.680891
1.29729,0.251544
1.27062,0.589426
1.28731,0.421848
1.28792,0.267639
1.27747,0.349735
1.23329,0.942453
1.27111,0.574294
1.28077,0.588216
1.26778,0.511249
1.25197,0.587298
1.32461,0.327591
1.24573,0.947346
1.25478,0.864976
1.25756,0.678768
1.27565,0.575914
1.30615,0.338375
1.26593,0.415434
1.31948,0.025456
1.29705,0.534284
1.24477,0.796652
1.33562,-0.178254
1.26199,0.690148
1.26205,0.4855
1.28982,0.411769
1.27955,0.372592
1.30205,0.456671
1.25551,0.920299
1.2519,0.667394
1.25839,0.236224
1.29286,0.497511
1.29693,0.000113518
1.25695,1.01196
1.28165,0.547175
1.33814,-0.0458656
1.29327,0.247273
1.30418,0.220358
1.29318,0.170763
1.26023,0.584557
1.26141,0.86814
1.26734,0.379665
1.26729,0.620281
1.29335,0.34955
1.3072,-0.294062
1.3136,0.180252
1.29118,0.464842
1.26188,0.541247
1.27583,0.633169
1.25603,0.712448
1.28088,0.322981
1.24976,0.956731
1.27559,0.51193
1.28342,0.409952
1.27846,0.57877
1.28329,0.0898705
1.30836,-0.0484926
1.30157,0.211081
1.28799,0.376927
1.28635,0.543486
1.27953,0.559695
1.28354,0.562247
1.27603,0.463587
1.2951,0.0960306
1.27985,0.0557543
1.28226,0.681448
1.31638,0.192596
1.23985,1.13175
1.26002,0.626086
1.28805,0.179747
1.24611,0.819636
1.29719,0.241216
1.2789,0.502765
1.2726,0.622416
1.32663,0.126296
1.26994,0.634891
1.29137,-0.0920765
1.26842,0.510487
1.26635,0.600912
1.30739,0.235319
1.27613,0.425803
1.26486,0.424259
1.26208,0.676843
1.30422,0.162588
1.27819,0.254413
1.26,0.650908
1.29136,0.380391
1.27286,0.529723
1.28568,0.662353
1.32309,-0.120796
1.31029,0.0834624
1.29051,0.665376
1.29623,0.210828
1.29217,0.108401
1.24656,0.746056
1.273,0.433357
1.31294,0.217886
1.29332,0.407535
1.29703,0.312035
1.23473,1.09798
1.27267,0.489457
1.28122,0.0799743
1.27136,0.787195
1.28098,0.485296
1.24772,0.942585
1.2896,0.709454
1.25259,0.741275
1.27181,0.762143
1.26207,0.672699
1.2704,0.753538
1.27745,0.190532
1.26246,0.719083
1.27021,0.584754
1.24439,0.717415
1.31209,0.0474571
1.30228,0.136134
1.23758,0.708555
1.25755,0.921207
1.27976,0.355313
1.27996,0.431426
1.34081,-0.403672
1.27223,0.755433
1.26765,0.310137
1.26965,0.399662
1.2922,0.436812
1.25787,0.588897
1.23942,0.727981
1.25123,0.765287
1.25738,0.705245
1.22271,1.08948
1.2672,0.652848
1.30223,-0.0738009
1.26173,0.834888
1.25424,0.64375
1.27029,0.552471
1.25124,0.781328
1.29991,0.507955
1.25882,0.747772
1.26384,0.611222
1.28461,0.570376
1.29248,0.165123
1.27396,0.528229
1.27844,0.227089
1.26431,0.758343
1.30696,-0.0260646
1.27852,0.21852
1.27067,0.459417
1.26213,0.93054
1.28757,0.281426
1.2614,0.675918
1.29986,0.103453
1.28928,0.129441
1.30136,-0.20676
1.28102,0.441081
1.24124,0.835256
1.25999,0.791946
1.25749,0.925414
1.29763,0.552488
1.24511,0.915915
1.30477,0.18831
1.26428,0.374344
1.27001,0.437565
1.24308,0.919735
1.29039,0.48637
1.26797,0.400525
1.27031,0.479103
1.29183,0.563758
1.28911,0.710615
1.31907,0.0363735
1.2458,0.671846
1.2588,0.704817
1.25913,0.714389
1.27021,0.557932
1.31567,0.103608
1.31143,0.156327
1.31219,0.558985
1.26366,0.532224
1.27715,0.81103
1.23263,1.29836
1.32712,-0.232663
1.28532,0.092535
1.29605,0.0860469
1.27719,0.882809
1.2827,0.66481
1.23095,1.34294
1.31982,0.125513
1.24629,0.868216
1.28047,0.431433
1.2773,0.10967
1.29622,0.387104
1.2824,0.28481
1.26828,0.71678
1.26038,0.71042
1.27766,0.553254
1.28312,0.475626
1.32441,-0.0460076
1.28113,0.482422
1.27719,0.446725
1.29048,0.0752103
1.2747,0.535935
1.31217,-0.114035
1.31107,-0.107922
1.2712,0.41933
1.25732,0.579608
1.27676,0.217082
1.28054,0.741325
1.27104,0.431995
1.29858,0.101925
1.2906,0.212274
1.28674,0.706823
1.27936,0.172023
1.28788,0.349949
1.2668,0.695603
1.27609,0.529319
1.2968,0.282567
1.24025,0.842291
1.25935,0.320081
1.26984,0.718867
1.29913,0.0727357
1.25576,0.560885
1.31705,0.243635
1.2806,0.407809
1.26765,0.836479
1.28259,0.292395
1.27778,0.403871
1.30418,0.0216064
1.28701,0.528432
1.28114,0.232003
1.2799,0.60305
1.27234,0.468285
1.26895,0.391376
1.2684,0.679902
1.25968,0.676467
1.2905,0.690027
1.28194,0.761256
1.27621,0.604937
1.29545,0.363285
1.22947,0.851965
1.3002,0.113727
1.31692,0.0222741
1.28516,0.593634
1.2849,0.462052
1.30387,-0.0714274
1.2492,0.781399
1.30637,-0.275868
1.32437,-0.538315
1.27895,0.485545
1.26452,0.569278
1.243,0.620062
1.257,1.03521
1.28445,0.571229
1.29286,0.105469
1.27707,0.411118
1.26128,0.515699
1.26839,0.591396
1.2774,0.566089
1.28713,0.517249
1.25295,0.759505
1.30812,0.140637
1.30369,-0.0365312
1.30201,0.0131981
1.27906,0.139325
1.26286,0.626674
1.26878,0.398443
1.28481,0.289034
1.27866,0.226636
1.28521,0.613145
1.27704,0.549094
1.27616,0.533152
1.25259,0.73326
1.30319,0.235316
1.26257,0.575517
1.27041,0.421984
1.25746,0.66288
1.31105,-0.0764199
1.27913,0.28599
1.29798,0.119462
1.29261,0.231182
1.25508,0.530527
1.2994,0.0688901
1.26854,0.701801
1.27763,0.656304
1.25995,0.606796
1.29333,0.410861
1.28443,-0.00252931
1.30499,-0.0273609
1.26203,0.543619
1.24081,0.985892
1.31643,-0.00592977
1.28663,0.323374
1.32053,-0.174133
1.28538,0.426026
1.28429,0.52068
1.23948,1.07197
1.28465,0.233725
1.27119,0.537959
1.2835,0.265842
1.27931,0.46262
1.24673,0.393963
1.28067,0.648972
1.29627,0.455329
1.27128,0.469173
1.31034,0.258399
1.25524,0.62477
1.30183,0.468601
1.25241,0.523147
1.27165,0.598578
1.30172,0.0868032
1.30144,0.40375
1.25528,1.04674
1.28866,0.522844
1.27632,0.659045
1.26654,0.246429
1.28059,0.386876
1.30503,0.108451
1.25616,0.872861
1.27869,0.539511
1.26048,0.63942
1.28868,0.285014
1.26755,0.868667
1.26875,0.258778
1.24166,0.976423
1.29461,0.377373
1.28295,0.253858
1.27534,0.690085
1.28219,0.461622
1.28234,0.344387
1.28143,0.344272
1.26383,0.268596
1.29227,0.172632
1.31966,-0.0812772
1.28036,0.749154
1.25444,0.557524
1.27848,0.578376
1.24167,1.00343
1.26266,0.970906
1.27111,0.341114
1.26934,0.624685
1.31303,0.268367
1.30819,0.025008
1.25889,0.747561
1.28997,0.473502
1.23194,1.12738
1.23898,0.836335
1.29204,0.198177
1.27547,0.570992
1.29732,0.395275
1.26073,0.681504
1.25488,0.830932
1.29228,0.24928
1.2951,0.14022
1.27646,0.363954
1.25747,0.480454
1.26916,0.579426
1.2585,0.534912
1.27645,0.252205
1.29496,0.417605
1.27328,0.494013
1.29749,0.318984
1.28979,0.382954
1.29094,0.440617
1.3299,-0.0877373
1.27042,0.463232
1.25616,0.913258
1.30508,0.162851
1.31862,0.0635616
1.30916,0.258141
1.30816,-0.228158
1.30571,0.0390435
1.26504,0.724023
1.29649,0.141883
1.2555,1.00321
1.27576,0.759714
1.29821,0.198774
1.27998,0.596909
1.2861,0.456635
1.30749,0.19125
1.28573,0.478617
1.27125,0.569845
1.28475,0.225477
1.30567,0.179204
1.3081,0.310742
1.30944,0.384108
1.22221,1.22119
1.29294,0.00848642
1.27132,0.426709
1.2874,0.255868
1.28628,0.138719
1.25473,0.583408
1.26257,0.783159
1.28482,0.257387
1.33256,-0.0635747
1.29229,0.455484
1.25103,0.835264
1.24977,0.905752
1.25048,0.891838
1.27321,0.390225
1.27642,0.197923
1.30597,0.308222
1.26624,0.404618
1.30095,0.039
1.28469,0.447914
1.26847,0.77334
1.26296,0.612179
1.26289,0.555119
1.28205,-0.00944478
1.25954,0.806033
1.30187,-0.00380965
1.27987,0.185498
1.29141,0.243675
1.27631,0.729841
1.32775,0.046338
1.29139,0.109977
1.28157,0.0857793
1.27498,0.574351
1.31055,-0.178325
1.24926,0.731112
1.31219,0.206778
1.31351,-0.119964
1.28358,0.660152
1.31677,-0.265009
1.27603,0.466097
1.30188,0.0110421
1.25341,0.774465
1.29188,0.255419
1.27746,0.435581
1.2803,0.300661
1.30144,0.327023
1.26707,0.732532
1.29419,0.14586
1.25988,0.564683
1.27518,0.581121
1.27327,0.589797
1.19666,1.4212
1.26284,0.634995
1.30855,0.273562
1.28317,0.255203
1.30785,0.311165
1.30633,0.0689292
1.28921,0.230714
1.28758,0.366296
1.31605,0.0179238
1.29034,0.438483
1.26398,0.450196
1.23511,0.669017
1.2886,0.396857
1.26925,0.70103
1.27171,0.668706
1.29025,0.296217
1.28663,0.39527
1.2989,0.275852
1.25929,0.606548
1.31312,-0.209158
1.29696,0.319499
1.28302,0.43013
1.25881,0.528858
1.2865,0.15544
1.28724,0.387014
1.29489,0.034852
1.28826,0.448372
1.26224,0.570164
1.28227,0.453961
1.29157,0.108215
1.28907,0.268019
1.29415,0.282741
1.25896,0.918968
1.269,0.661548
1.31361,-0.223791
1.27214,0.302755
1.27138,0.660891
1.26832,0.679809
1.24429,0.68848
1.31972,0.163562
1.24863,1.2238
1.24397,1.09679
1.31821,-0.0780431
1.26296,0.723643
1.28376,0.155125
1.27275,0.786773
1.30808,-0.13437
1.25664,0.809801
1.3055,0.122293
1.25956,0.792113
1.3079,0.490594
1.27061,0.452159
1.28667,0.396166
1.29372,0.225338
1.28676,0.522375
1.28271,0.704836
1.28687,0.51984
1.30864,0.0323632
1.2868,0.467435
1.23982,0.576984
1.29649,0.210981
1.28628,0.318618
1.26513,0.21411
1.33789,0.0691105
1.28421,0.267858
1.30066,0.109712
1.29886,-0.0571401
1.26495,0.528478
1.27025,0.657381
1.25271,0.5863
1.25612,0.562385
1.25828,0.581167
1.26365,0.620049
1.24467,1.01326
1.312,-0.116482
1.29519,0.208888
1.31207,0.425833
1.3634,-0.453002
1.25529,0.71846
1.25646,0.63308
1.28164,0.451796
1.28314,0.0958179
1.26781,0.425533
1.31048,-0.283643
1.25019,0.592542
1.2691,0.456301
1.2815,0.258807
1.27558,0.45909
1.26198,0.633465
1.29003,0.38886
1.28552,0.373462
1.27748,0.348835
1.24355,0.573719
1.28818,0.636097
1.30242,0.21477
1.26534,0.275273
1.26567,0.528104
1.29885,0.58862
1.27121,0.673572
1.24033,0.97361
1.27381,0.537404
1.26452,0.595361
1.2832,0.220258
1.31188,0.0869408
1.30313,0.416918
1.32838,-0.0207058
1.29396,0.347864
1.28381,0.502086
1.2627,0.382812
1.2796,0.594473
1.26279,0.534819
1.2729,0.387408
1.24562,0.83673
1.25345,0.69726
1.29193,0.354002
1.25664,0.617378
1.29246,0.347929
1.28897,0.194559
1.28802,0.188719
1.2573,0.678484
1.28165,0.575567
1.27383,0.85043
1.29863,0.310299
1.26082,0.753806
1.27959,0.325765
1.24032,0.987298
1.29802,0.430092
1.26865,0.571004
1.29039,-0.221666
1.23831,0.804261
1.29008,0.2375
1.30437,0.0831266
1.3008,0.203561
1.2946,0.280722
1.25931,0.640895
1.28192,0.323969
1.28411,0.220594
1.28092,0.271508
1.3121,0.186236
1.28478,0.204291
1.29676,0.104279
1.24221,0.844013
1.26947,0.847796
1.28007,0.504835
1.28877,0.0415059
1.30474,0.15486
1.29519,0.4841
1.24414,0.742699
1.29445,0.0554349
1.28278,0.164522
1.3076,-0.0543771
1.29186,0.487506
1.29038,0.108255
1.29567,0.0776415
1.30353,0.158709
1.26081,0.637445
1.31896,-0.320009
1.27032,0.845968
1.25756,0.57268
1.32413,0.161644
1.26789,0.641197
1.27668,0.60776
1.26962,0.458519
1.28874,0.602973
1.28153,0.559963
1.27284,0.541941
1.2401,1.02872
1.28954,0.331222
1.26938,0.406169
1.24932,0.942172
1.28665,0.569022
1.30507,0.19825
1.31648,-0.205575
1.26965,0.482038
1.23915,0.677611
1.28252,0.347702
1.25945,0.727833
1.25979,0.748197
1.25473,0.642745
1.28412,0.343143
1.27746,0.422624
1.31234,0.0135902
1.28581,0.281982
1.2865,0.214832
1.28723,0.550133
1.31688,0.164443
1.28697,0.539302
1.26224,0.569802
1.2707,0.595502
1.28282,0.637951
1.32392,0.082798
1.31486,-0.0284548
1.29172,0.284489
1.27007,0.395913
1.27558,0.833519
1.30198,-0.0397754
1.27404,0.294417
1.28627,0.0887968
1.26852,0.761606
1.32335,-0.276592
1.27066,0.436203
1.28288,0.376969
1.26751,0.563783
1.27832,0.51973
1.2749,0.517063
1.25884,0.525225
1.2688,0.430061
1.30892,0.22645
1.27656,0.446418
1.27301,0.718203
1.23889,1.10182
1.26807,0.699962
1.25138,0.994225
1.24996,1.08341
1.26845,0.519269
1.26453,0.753012
1.31533,0.328753
1.30067,0.203425
1.26022,0.646904
1.27043,0.379917
1.28435,0.229336
1.29253,0.475671
1.28805,0.298675
1.27171,0.580352
1.31201,0.0700946
1.27133,0.649234
1.32749,-0.0505825
1.2577,0.47367
1.27546,0.2052
1.2865,0.334791
1.26472,0.394423
1.26832,1.05589
1.28511,0.605842
1.28074,0.657069
1.2813,0.440412
1.28796,0.467062
1.28181,0.411295
1.31195,-0.0264665
1.286,0.089718
1.31935,0.166932
1.28573,0.308125
1.26618,0.314908
1.29179,0.291536
1.26682,0.451303
1.2347,0.531963
1.27726,0.412846
1.29932,0.257463
1.26503,0.569539
1.26848,0.536805
1.28262,0.411888
1.2737,0.357173
1.26395,0.452794
1.26811,0.502538
1.30834,0.415656
1.29506,0.810993
1.25441,0.991353
1.29177,0.165521
1.25984,0.516686
1.23988,0.47116
1.25925,0.965896
1.28229,0.56558
1.27027,0.686151
1.27566,0.4933
1.25652,0.670682
1.26278,0.733024
1.28459,0.443392
1.25612,0.564606
1.23948,0.820642
1.26155,0.694174
1.32697,-0.0468453
1.29247,0.308273
1.29726,0.263163
1.27055,0.537817
1.26564,0.378741
1.24668,0.764405
1.32488,0.259384
1.24778,0.630608
1.28052,0.400904
1.23493,0.915498
1.25138,0.956248
1.31769,-0.0840549
1.27419,0.597659
1.28869,0.439887
1.28965,0.144035
1.28576,0.430679
1.29225,0.419565
1.25723,0.527668
1.26878,0.445931
1.29609,0.390754
1.29458,0.340667
1.24736,0.733088
1.29895,0.489791
1.27331,0.348927
1.26124,0.445953
1.29746,0.118997
1.27425,0.559237
1.26035,0.821128
1.30959,0.0529123
1.26784,0.531632
1.28139,0.52056
1.25321,0.550287
1.23994,0.894218
1.30256,0.171948
1.29177,0.163534
1.25497,0.80544
1.26417,0.449475
1.25347,0.757965
1.26869,0.390263
1.26473,0.522237
1.28751,0.0194655
1.27829,0.357248
1.25248,0.626683
1.2747,0.614561
1.286,0.418344
1.28671,0.376809
1.2672,0.396821
1.29872,0.0212641
1.26522,0.369005
1.28638,0.399158
1.24805,0.811945
1.27908,0.575985
1.28145,0.805788
1.28142,0.598241
1.28133,0.403725
1.26597,0.306457
1.26506,0.503152
1.30251,0.197865
1.26396,0.697484
1.24393,1.01917
1.32347,0.142025
1.26854,0.145654
1.28316,0.540098
1.23281,1.00512
1.30265,0.346021
1.28492,-0.0362842
1.27442,0.626311
1.26599,0.516635
1.30412,0.241235
1.3207,0.051164
1.30196,0.0726271
1.31883,0.237357
1.28164,0.275749
1.30542,0.320634
1.30007,-0.100919
1.28006,0.637704
1.29123,0.225661
1.2908,0.362036
1.27709,0.369578
1.24937,1.01247
1.24564,0.918034
1.23515,0.909912
1.23847,0.816338
1.30195,-0.0671644
1.27348,0.553393
1.28372,0.547592
1.27433,0.695597
1.29244,0.063522
1.31614,0.0166157
1.2881,0.336075
1.2942,0.290947
1.2435,0.681511
1.2966,0.243275
1.29779,0.304574
1.3217,-0.309636
1.30602,0.424927
1.31054,0.310683
1.26631,0.384657
1.29816,0.363704
1.28946,0.623245
1.25959,0.500889
1.26099,0.647415
1.28324,0.439693
1.2781,0.424199
1.25059,0.63747
1.2583,0.61261
1.26142,0.678663
1.2747,0.688896
1.28012,0.468489
1.28872,0.386667
1.25318,0.68491
1.28031,0.250258
1.28904,0.281325
1.30818,0.0438511
1.26764,0.751871
1.31439,-0.360638
1.29878,0.184158
1.27765,0.477417
1.27802,0.31677
1.27715,0.249583
1.30564,0.165632
1.23663,0.870658
1.31033,0.0178152
1.30363,-0.0724171
1.2795,0.332472
1.28939,0.391628
1.25473,0.897972
1.2518,0.59097
1.25993,0.865546
1.28372,0.800618
1.24877,0.796498
1.28444,0.416943
1.28482,0.474919
1.31598,-0.102665
1.28645,0.49968
1.26563,0.609437
1.26707,0.579765
1.27378,0.801571
1.30364,0.396852
1.2864,0.260082
1.29663,0.242855
1.29526,0.311324
1.28042,0.217659
1.24938,0.561175
1.31133,0.210543
1.29777,0.256034
1.27414,0.60654
1.25897,0.318833
1.29768,0.456747
1.28182,0.176923
1.29349,0.442855
1.28227,0.254751
1.28732,0.627004
1.28177,0.69746
1.27568,0.810888
1.23067,1.15694
1.32146,0.0678064
1.26062,1.00617
1.28308,0.659764
1.25016,0.713314
1.29546,0.404876
1.29382,0.201529
1.26221,0.481236
1.29363,0.360081
1.28544,0.108409
1.30659,0.00734041
1.2447,0.55813
1.29376,0.234466
1.28164,0.553623
1.27138,0.437655
1.28723,0.357531
1.26915,0.742765
1.34738,-0.308367
1.29095,0.278285
1.27898,0.706088
1.31318,0.00259034
1.25773,0.721948
1.24037,0.984852
1.28315,0.458901
1.26661,0.267083
1.29122,0.345976
1.30028,0.323184
1.27735,0.213356
1.26275,0.658151
1.26902,0.32931
1.27191,0.511143
1.26075,0.599745
1.29279,0.178698
1.26799,0.487632
1.28958,0.450833
1.28863,0.15827
1.3018,0.474881
1.30992,0.171275
1.27217,0.825722
1.28461,0.586229
1.29624,0.118904
1.28814,0.151668
1.28329,0.382465
1.29402,0.119936
1.23676,0.879705
1.29035,0.293733
1.31257,0.0652013
1.29122,0.151974
1.29039,0.166299
1.27265,0.694702
1.30311,0.0148411
1.25431,0.643866
1.28624,0.130208
1.28839,0.62256
1.31162,0.0416823
1.28197,0.276888
1.26376,0.652503
1.28468,0.417022
1.24252,0.691708
1.29481,0.428253
1.25246,0.827951
1.2567,0.858922
1.32034,0.0158086
1.30357,0.266732
1.27813,0.656762
1.28938,0.354808
1.32545,-0.0480913
1.26094,0.472973
1.24716,0.696187
1.28495,0.299887
1.24796,1.01798
1.26998,0.494764
1.29513,0.472151
1.25604,0.642066
1.2795,0.369168
1.24766,0.893565
1.26923,0.855411
1.29459,0.0653727
1.27803,0.181557
1.29931,0.222728
1.27962,0.420121
1.25842,0.734801
1.32154,-0.0684677
1.28693,0.575876
1.2514,0.958598
1.29915,-0.0262716
1.27454,0.31312
1.25736,0.877006
1.2577,0.471734
1.24556,1.26782
1.28657,0.516337
1.29513,0.507802
1.25357,0.649515
1.28168,0.329695
1.27944,0.0915404
1.31756,-0.293491
1.28511,0.256764
1.29083,0.220945
1.23748,0.93522
1.30636,0.000842656
1.27424,0.666464
1.26665,0.852875
1.2906,0.032209
1.25741,0.820722
1.26781,0.832299
1.26172,0.538402
1.25576,0.918377
1.27047,0.596558
1.33363,-0.105381
1.25339,0.530049
1.28222,0.309396
1.31184,0.257833
1.27163,0.568706
1.27204,0.575557
1.27561,0.257055
1.31077,0.172926
1.28683,0.276627
1.26362,0.384351
1.2457,0.855658
1.28327,0.396307
1.27824,0.524696
1.25473,0.895615
1.28079,0.68312
1.25502,0.578845
1.31234,-0.0844233
1.33682,0.0226407
1.31151,0.512423
1.27134,0.226223
1.27663,0.319812
1.27739,0.57005
1.28079,0.177286
1.31831,0.197203
1.24433,0.78258
1.26443,0.647119
1.30487,0.00353876
1.26456,0.549663
1.25851,0.743045
1.31443,0.173913
1.29964,0.167365
1.28344,0.340052
1.25678,0.565781
1.25825,0.687748
1.25105,0.536153
1.29825,0.184898
1.2852,0.570613
1.25907,0.976521
1.27057,0.817739
1.30856,0.101041
1.26915,0.565327
1.29455,0.230947
1.30656,0.338364
1.27277,0.580912
1.31054,0.16197
1.27337,0.588284
1.29757,0.533
1.26697,0.675205
1.28211,0.016514
1.30595,0.142741
1.28348,0.477746
1.30023,0.0124284
1.28325,0.419152
1.26227,0.240779
1.26514,0.80284
1.30626,0.0851596
1.2681,0.377734
1.26251,0.719575
1.26967,0.36791
1.29327,0.400295
1.29881,0.377579
1.27791,0.530408
1.28861,0.321338
1.28071,0.356949
1.2848,0.351392
1.28381,0.620147
1.26957,0.664372
1.27025,0.421127
1.27645,0.897938
1.33109,-0.061315
1.24097,0.876331
1.26883,0.847969
1.26863,0.984366
1.26756,0.249856
1.29986,0.161624
1.26426,0.3982
1.27435,0.220485
1.29067,0.364193
1.28971,0.266
1.30659,0.297882
1.26876,0.497125
1.28628,0.35855
1.25797,0.594329
1.26165,0.878266
1.28215,0.455813
1.29265,0.199799
1.26521,0.747785
1.29325,0.393806
1.27562,0.594287
1.28895,0.166257
1.29071,0.225459
1.29225,0.243533
1.32265,-0.245901
1.27199,0.519309
1.291,0.528741
1.28112,0.411482
1.28434,0.515568
1.28652,0.414928
1.27734,0.380531
1.22461,0.926862
1.26448,0.473035
1.28586,0.493396
1.27159,0.339304
1.24156,0.686796
1.31305,-0.180342
1.27567,0.372507
1.25944,0.555708
1.29616,0.404637
1.26943,0.378763
1.24719,1.09382
1.28025,0.207051
1.26479,0.40604
1.32996,-0.463163
1.27996,0.57713
1.27929,0.250146
1.30749,0.343591
1.25603,0.614512
1.25513,0.892348
1.26695,0.603399
1.29119,0.302072
1.27334,0.784124
1.3317,-0.294994
1.30366,0.149895
1.34018,-0.283547
1.27848,0.582502
1.28261,0.451498
1.28194,0.371344
1.27079,0.928922
1.29477,0.282516
1.26535,0.50164
1.296,0.237226
1.28469,0.27437
1.24096,0.95815
1.29259,0.690498
1.22262,1.13653
1.31218,-0.0254835
1.27553,0.499315
1.27403,0.722988
1.26369,0.243273
1.31883,-0.184328
1.28513,0.208553
1.27447,0.635374
1.28293,0.187009
1.29045,0.220841
1.31336,0.598421
1.2619,0.561475
1.29981,0.649448
1.2793,0.590468
1.24897,0.570511
1.26612,0.684183
1.24119,0.637436
1.24919,0.737278
1.23246,0.934616
1.28457,0.220523
1.31961,-0.0320778
1.28249,0.542812
1.26025,0.635779
1.27919,0.549149
1.31424,-0.114297
1.28742,0.514413
1.25678,0.829684
1.25585,1.02479
1.28959,0.173173
1.31857,-0.0059109
1.29503,0.456465
1.2834,0.231956
1.28914,0.216338
1.31624,-0.0860209
1.29736,0.343507
1.27317,0.399103
1.2666,0.384765
1.29361,0.231676
1.26355,0.707228
1.31254,-0.0226206
1.24707,1.10426
1.3088,0.200775
1.28532,0.477838
1.2972,0.272457
1.29937,-0.255898
1.25868,0.523154
1.26818,0.3493
1.27494,0.176775
1.29635,0.209116
1.29307,0.52413
1.25036,0.560601
1.26953,0.773034
1.2563,0.722215
1.26311,0.499265
1.2732,0.358608
1.33102,-0.336528
1.28243,0.32655
1.23393,0.760654
1.25777,0.86563
1.29034,0.335479
1.29083,0.412554
1.2811,0.250347
1.27685,0.309227
1.28449,0.489959
1.30772,0.0965202
1.24376,1.10554
1.2745,0.585729
1.25776,0.835043
1.25798,1.00078
1.23821,0.829427
1.31092,-0.228503
1.28047,0.695693
1.29141,0.443305
1.25384,0.8822
1.26548,0.747812
1.29114,0.272736
1.3116,0.0549275
1.27263,0.400935
1.28079,0.458013
1.26777,0.377467
1.31197,-0.265772
1.29377,0.45911
1.28006,0.585616
1.2571,0.70639
1.29127,0.201479
1.26322,0.787999
1.26048,0.52402
1.26797,0.36067
1.28478,0.370445
1.24735,1.05035
1.29409,0.179062
1.28115,0.0697697
1.22615,1.2031
1.29381,0.402118
1.28294,0.313881
1.28721,0.351385
1.26737,0.501026
1.25748,0.864154
1.26717,0.468887
1.25544,0.495571
1.29565,-0.217229
1.33662,-0.373798
1.25774,0.740485
1.30592,0.204521
1.2853,0.31931
1.28324,0.180703
1.30257,0.485623
1.31543,0.0640225
1.29216,0.0317003
1.30297,0.291627
1.25855,0.925676
1.25502,0.906526
1.24954,0.536581
1.28921,0.0692933
1.24055,0.753897
1.30711,0.0337456
1.30782,-0.0142833
1.29068,0.384406
1.28633,0.260583
1.28954,0.44339
1.30244,-0.232279
1.26426,0.754223
1.29209,0.489775
1.27545,0.548918
1.30369,0.149418
1.29802,0.253695
1.26283,0.614929
1.26892,0.44178
1.29032,0.155757
1.29387,0.338578
1.2906,0.521461
1.30297,0.24205
1.26219,0.152881
1.26136,0.737555
1.25379,0.815053
1.30123,0.166919
1.3106,0.144649
1.28756,0.336886
1.30165,0.194773
1.27447,0.743478
1.30199,0.32315
1.29432,0.605497
1.2927,0.436885
1.22501,1.05087
1.27104,0.746699
1.25093,0.815097
1.27874,0.527671
1.30017,0.0231895
1.28808,0.288338
1.27222,0.245996
1.27802,0.560152
1.24194,1.03754
1.28229,0.272105
1.28011,0.398661
1.2468,0.644948
1.27989,0.356838
1.26531,0.711075
1.29902,0.351642
1.26128,0.686931
1.26143,0.397499
1.26109,0.688695
1.3067,0.0837563
1.28681,0.431901
1.28418,0.630607
1.27916,0.744414
1.29228,0.230291
1.30136,0.40369
1.29658,0.441794
1.31257,-0.0401871
1.25063,0.493249
1.28499,0.445785
1.25768,0.485649
1.2761,0.305839
1.29433,0.192018
1.3049,-0.122349
1.28677,0.468346
1.2846,0.352125
1.27735,0.387025
1.28423,0.408426
1.27693,0.348552
1.26595,0.602575
1.26332,0.33311
1.27944,0.236751
1.31404,-0.227629
1.29126,0.144805
1.27965,0.271735
1.28671,0.156809
1.2783,0.717455
1.26529,0.559952
1.31428,0.0757132
1.30949,-0.0598768
1.28109,0.591194
1.29556,0.254647
1.26703,0.748091
1.28019,0.383396
1.28756,0.439876
1.30612,0.0460169
1.30432,0.0777967
1.30045,0.0412076
1.3349,-0.0520048
1.27282,0.812485
1.26284,0.379749
1.26965,0.41727
1.28675,0.383501
1.31571,0.0866996
1.30647,0.178552
1.27035,0.373176
1.23669,0.812747
1.30105,0.237206
1.28643,0.440245
1.32139,0.0100207
1.29264,0.247255
1.25654,0.593067
1.28643,0.390541
1.29097,0.426363
1.32989,-0.18185
1.29667,0.142372
1.25762,0.779041
1.27556,0.201143
1.28128,0.242918
1.29234,0.0441552
1.25717,1.01153
1.27865,0.521307
1.27817,0.293869
1.31762,0.098358
1.32539,-0.15795
1.29035,0.523424
1.2923,0.445516
1.28096,0.532955
1.28228,0.321821
1.27821,0.0862392
1.29796,0.265056
1.25693,0.753056
1.27849,0.540469
1.27247,0.636073
1.28824,0.347465
1.26639,0.775888
1.26774,0.580768
1.27791,0.887746
1.341,-0.40351
1.28802,0.351438
1.2967,0.129537
1.26746,0.339359
1.29184,0.350429
1.29847,0.216225
1.27471,0.244408
1.2753,0.520846
1.27696,0.324609
1.30526,0.185809
1.30447,0.308068
1.30481,0.279954
1.26211,0.6929
1.25147,0.484829
1.25466,0.659544
1.25802,0.869499
1.3329,-0.142163
1.2391,0.829509
1.27313,0.33404
1.2663,0.54314
1.25583,0.538048
1.28938,0.154916
1.27787,0.469903
1.24892,1.00457
1.28057,0.324368
1.26304,0.650164
1.2704,0.698079
1.28631,0.300453
1.23979,0.948442
1.23477,0.987659
1.26195,0.917249
1.27347,0.698207
1.2786,0.569315
1.27057,0.952359
1.3046,0.207626
1.24839,1.01642
1.29991,0.341336
1.26961,1.01291
1.2326,1.11859
1.26699,0.497502
1.29819,0.191626
1.27354,0.561086
1.25886,0.631387
1.30142,0.0179486
1.32075,0.108967
1.29035,0.580676
1.25913,0.687409
1.27363,0.896351
1.26704,0.423683
1.29724,0.096085
1.28633,0.237255
1.30053,0.0598215
1.25415,0.566868
1.2457,0.406082
1.26922,0.557715
1.25905,0.487458
1.30421,0.0991298
1.26052,0.630358
1.28662,0.443082
1.31022,0.403569
1.25639,0.636812
1.30602,0.335055
1.28886,0.712243
1.28309,0.170369
1.28938,0.282292
1.29114,-0.0178874
1.25011,0.752639
1.25839,0.560353
1.23435,0.619285
1.26901,0.206465
1.29451,0.165443
1.26504,0.922072
1.28149,0.461363
1.30555,-0.330703
1.29323,0.314075
1.27942,0.741746
1.28495,0.415448
1.28014,0.205652
1.29421,0.107691
1.29368,0.204867
1.2743,0.351365
1.29213,0.0902886
1.28555,0.284669
1.26928,0.736377
1.28249,0.406324
1.27037,0.576509
1.29851,-0.0138843
1.31068,0.167251
1.27306,0.421391
1.27053,0.504134
1.27208,0.329167
1.31805,0.104054
1.23952,1.12172
1.25418,0.722247
1.29145,0.824301
1.29837,0.184866
1.30012,0.0958815
1.2719,0.409794
1.24169,0.791554
1.2219,1.14962
1.27939,0.473367
1.27165,0.410575
1.31976,-0.0359823
1.26465,0.542618
1.28295,0.672133
1.248,1.00288
1.30626,0.292698
1.29895,0.398821
1.29484,0.167222
1.32949,0.182514
1.25972,0.755734
1.30858,0.0798064
1.26873,0.571202
1.30255,-0.156291
1.29429,0.191169
1.31164,-0.175447
1.25706,0.766297
1.26997,0.548671
1.24531,0.97718
1.25734,0.892403
1.27745,0.697019
1.29212,0.0580826
1.24738,0.898466
1.2797,0.559895
1.27632,0.647339
1.27486,0.0309107
1.2561,0.508037
1.22505,0.858958
1.28212,0.645124
1.25286,0.951696
1.27305,0.623488
1.33551,0.059355
1.30153,0.288601
1.29043,0.544416
1.24963,0.819104
1.29836,0.0139109
1.2808,0.291237
1.24251,1.20645
1.28378,0.462006
1.27933,0.652092
1.2731,0.52421
1.2908,0.420473
1.26034,0.887032
1.26406,0.736262
1.2769,0.622007
1.24437,0.774641
1.2683,0.350902
1.26491,0.592476
1.29922,0.316286
1.29779,0.44499
1.32904,-0.269747
1.25513,0.742236
1.29636,0.310691
1.28217,0.390979
1.23134,0.972371
1.26032,0.549994
1.29846,0.40392
1.26224,0.64595
1.28886,0.245724
1.29208,0.37831
1.27134,0.642912
1.29052,0.628526
1.2774,0.655336
1.30317,0.269752
1.25567,0.745776
1.3171,0.336006
1.30386,-0.19952
1.29608,-0.070861
1.28297,0.483284
1.29713,0.444941
1.26196,0.701332
1.26447,0.561485
1.27423,0.389569
1.2541,0.689336
1.33541,-0.45507
1.29569,0.166251
1.27512,0.425689
1.287,0.379774
1.27546,0.465519
1.3006,0.135942
1.27678,0.444355
1.22126,0.660187
1.24342,0.176627
1.27778,0.277735
1.27001,0.379569
1.25551,0.545194
1.25292,0.511693
1.29606,0.553126
1.28095,0.504306
1.30305,0.270962
1.29562,0.147826
1.24993,0.890685
1.33894,-0.499307
1.29748,0.26216
1.31252,0.0282667
1.30479,0.309934
1.26547,0.805852
1.33682,-0.302837
1.27465,0.438415
1.28234,0.608249
1.28363,0.412776
1.29027,0.328198
1.2567,0.58515
1.28035,0.680105
1.28008,0.387188
1.28656,0.26088
1.25056,0.885264
1.28371,0.1034
1.29641,0.292979
1.27886,0.387961
1.30281,0.30952
1.30787,0.321201
1.25649,0.473441
1.31326,0.0925416
1.27403,0.686351
1.28245,0.231349
1.306,0.236053
1.3026,0.441347
1.29927,0.287445
1.30739,0.0674109
1.26149,0.700661
1.28421,0.592744
1.29822,0.518433
1.23938,0.905225
1.30001,0.284999
1.30145,-0.0392825
1.31012,0.212553
1.29413,0.300839
1.28533,0.292871
1.23288,0.506165
1.28438,0.125129
1.26776,0.490355
1.30608,-0.0225102
1.27585,0.351121
1.30076,0.382798
1.29468,0.0670368
1.29443,0.381957
1.26208,0.608867
1.2786,0.721015
1.30711,0.165745
1.30147,0.405307
1.25641,0.698366
1.32579,-0.26599
1.29934,0.0630935
1.29756,0.273517
1.29735,0.289158
1.24798,0.562494
1.28981,0.138425
1.2768,0.821431
1.30329,-0.248823
1.28868,0.320852
1.25412,0.412957
1.26932,0.635661
1.26665,0.976743
1.28172,0.617678
1.30949,0.352325
1.29167,0.0922408
1.29656,0.165279
1.23913,1.07798
1.31492,0.058904
1.29908,0.0591515
1.28297,0.526884
1.26578,0.459941
1.31555,0.133131
1.2457,0.373466
1.27409,0.394528
1.23058,1.12063
1.25402,0.667935
1.25578,0.884555
1.27104,0.631819
1.27892,0.529305
1.26199,0.760012
1.26989,0.879809
1.30091,-0.0457989
1.29631,0.372253
1.3038,0.46622
1.2585,0.662052
1.27567,0.383856
1.2576,0.565821
1.29224,0.128469
1.27903,0.60578
1.26579,0.26533
1.28011,0.503526
1.25908,0.326148
1.26011,0.760859
1.26577,0.570044
1.24648,0.762566
1.2757,1.01063
1.26746,0.555991
1.32692,-0.1921
1.25088,0.698994
1.29381,0.150475
1.28162,0.855967
1.26819,0.521174
1.27705,0.229146
1.2788,0.596864
1.25859,0.706039
1.25785,0.928911
1.28863,0.154853
1.30856,-0.00923318
1.30491,0.0774322
1.24264,0.655539
1.2297,0.969383
1.23657,0.767354
1.28551,0.103401
1.30564,0.357417
1.27614,0.734916
1.26563,0.590157
1.28632,0.45074
1.27461,0.499503
1.29734,0.0405137
1.26818,0.36225
1.32548,-0.0729637
1.26288,0.899017
1.24022,0.703214
1.27843,0.414391
1.26551,0.648468
1.29037,0.168972
1.27725,0.69457
1.29081,0.592415
1.30508,0.216158
1.28776,0.407359
1.30143,0.383568
1.21552,1.05989
1.30951,-0.159351
1.26696,0.494232
1.30167,0.591
1.28686,0.426972
1.28706,0.324019
1.25031,0.653502
1.28392,0.0207355
1.29821,0.656743
1.2348,1.20459
1.30152,0.244673
1.2771,0.397755
1.26401,0.885223
1.26129,0.872717
1.30659,0.261138
1.28579,0.271116
1.2996,0.588254
1.26233,0.652275
1.26595,0.487188
1.31483,-0.00675847
1.28622,0.135586
1.24722,1.09269
1.30019,0.388762
1.27606,0.709372
1.30645,0.500208
1.28034,0.33819
1.30236,0.120862
1.28783,0.0318169
1.28547,0.180437
1.29442,0.10945
1.22135,1.04345
1.26597,0.50744
1.26675,0.030232
1.25901,0.720067
1.27822,0.341857
1.28993,0.630806
1.25788,0.59151
1.25564,0.480035
1.27814,0.662351
1.29965,0.103905
1.25746,0.651459
1.30048,0.180945
1.24747,0.601848
1.23322,0.779366
1.27342,0.527205
1.28536,0.329955
1.27012,0.365561
1.29317,0.0274288
1.30151,-0.371382
1.28561,0.318243
1.24246,0.665987
1.30964,0.112978
1.29169,0.380156
1.22993,1.07362
1.28532,0.474122
1.29104,0.237864
1.25475,0.929045
1.28154,0.0565972
1.29729,0.0649544
1.2491,0.909402
1.25298,0.903845
1.29714,0.244027
1.28009,0.17891
1.28314,0.514656
1.28532,0.39207
1.23808,0.880723
1.27422,0.534958
1.30856,0.145097
1.28879,0.38294
1.30072,0.235794
1.29513,0.361426
1.27919,0.453062
1.27433,0.409342
1.3071,-0.000936501
1.27137,0.750522
1.28388,0.398308
1.29776,0.371975
1.25418,0.591914
1.31964,0.179053
1.30894,-0.00894851
1.29111,0.620759
1.27352,0.571325
1.26624,0.641281
1.34026,0.11652
1.30225,0.243071
1.27389,0.681834
1.25039,0.89999
1.27314,0.743174
1.28834,0.328596
1.27129,0.423292
1.28621,0.0953892
1.2823,0.473986
1.25499,0.616735
1.28965,0.414481
1.28886,0.474791
1.2748,0.314739
1.27099,0.618777
1.29305,0.292891
1.31271,-0.0353882
1.27551,0.54728
1.26828,0.73898
1.2701,0.3661
1.29971,0.123977
1.24295,0.634361
1.26206,0.838871
1.27901,0.346136
1.26634,0.726961
1.30125,-0.155253
1.31834,-0.00697652
1.24891,0.772264
1.32396,0.0843524
1.26197,0.631417
1.31409,0.0504663
1.27308,0.545802
1.29352,0.323269
1.27341,0.455188
1.25592,0.519961
1.30043,0.0049326
1.32518,-0.162703
1.25156,0.645766
1.28504,0.639608
1.26494,0.302459
1.2995,0.443284
1.27265,0.5388
1.27819,0.526337
1.29432,0.177653
1.2588,0.431833
1.33562,-0.359304
1.29828,0.453804
1.30436,0.356037
1.26816,0.576
1.28885,-0.111706
1.25988,0.653727
1.28231,0.336751
1.26313,0.930638
1.26608,0.589396
1.27988,0.720454
1.27678,0.499328
1.26804,0.328166
1.30556,-0.441209
1.29377,0.200797
1.24701,0.720522
1.26295,0.684382
1.27388,0.354029
1.29295,0.275233
1.31301,0.0195415
1.25009,0.889782
1.26642,0.436756
1.25376,0.664058
1.29571,0.622854
1.29409,0.545005
1.26626,0.796269
1.30799,0.413112
1.28568,0.391633
1.29107,0.289921
1.31967,-0.0437699
1.27938,0.687939
1.27083,0.222847
1.32311,0.0396069
1.27502,0.731864
1.31044,0.00235475
1.26121,0.75615
1.301,0.359448
1.27463,0.444465
1.28102,0.757886
1.25596,0.596112
1.26178,0.82358
1.27442,0.276105
1.28352,0.574651
1.24536,0.948272
1.24011,0.653468
1.31045,0.169833
1.25845,0.613306
1.20881,1.01072
1.29943,0.225104
1.26804,0.589879
1.27682,0.409265
1.26627,0.655708
1.31421,0.130119
1.31284,-0.014138
1.27897,0.519197
1.26587,0.595814
1.29342,0.386607
1.29681,0.170208
1.27794,0.278171
1.26067,0.532726
1.30586,0.301129
1.29501,0.452742
1.26686,0.204588
1.24491,0.800917
1.24218,0.449596
1.26416,0.652202
1.20931,1.22829
1.28367,0.333395
1.27744,0.178749
1.26954,0.83802
1.27278,0.898787
1.29063,0.405269
1.27895,0.469401
1.26921,0.673558
1.27931,0.693963
1.27501,0.341623
1.27198,0.71041
1.27514,0.313014
1.30918,0.0273926
1.26485,0.638656
1.29131,0.252126
1.23932,0.932512
1.22372,1.0036
1.31103,0.106477
1.33844,-0.240274
1.30673,0.345921
1.30277,-0.121385
1.26329,0.757166
1.2307,0.83786
1.25397,0.816282
1.27819,0.204311
1.25215,0.537882
1.26522,0.660491
1.27897,0.673439
1.26353,0.406707
1.27467,0.657173
1.27745,0.573845
1.27589,0.671169
1.28254,0.406983
1.24477,0.788123
1.28175,0.641769
1.28572,0.253676
1.26598,0.129903
1.28501,0.258561
1.26569,0.625592
1.28042,0.555804
1.25105,0.780245
1.25923,0.827413
1.28558,0.289399
1.27967,0.38599
1.28011,0.389755
1.26657,0.777871
1.25638,0.81351
1.29242,0.3109
1.27139,0.37521
1.25733,0.708799
1.27736,0.346425
1.25568,0.806389
1.28765,0.0756644
1.26108,0.698006
1.24685,0.749643
1.26568,0.74358
1.25751,0.704466
1.27524,0.095619
1.29072,0.339124
1.25584,0.497629
1.28093,0.563135
1.27361,0.754971
1.23441,1.02309
1.29753,0.142859
1.29638,0.197822
1.26319,0.486228
1.27647,0.431088
1.2626,0.64485
1.29075,0.202565
1.26647,0.439629
1.27876,0.445694
1.26162,0.658347
1.29184,0.594175
1.3116,0.21972
1.2503,0.870801
1.27271,0.373203
1.30734,0.147802
1.3128,-0.100575
1.27556,0.314119
1.29443,0.257611
1.26823,0.931031
1.25119,0.822622
1.20139,1.33947
1.27018,0.344812
1.2585,0.649454
1.27258,0.731904
1.27048,0.380535
1.28138,0.372402
1.31448,-0.372369
1.30819,0.210904
1.27712,0.638454
1.27544,0.21498
1.28499,0.46189
1.2806,0.704285
1.32245,-0.0948872
1.27547,0.168398
1.29412,0.414832
1.29442,0.667441
1.28189,0.504724
1.28788,0.534533
1.26589,0.567388
1.2932,0.205279
1.26876,0.350247
1.29508,0.395714
1.30377,0.0935825
1.29194,0.361358
1.29719,0.372378
1.28611,0.350051
1.25853,0.762056
1.2879,0.374752
1.3055,-0.0509337
1.28036,0.152227
1.25399,0.772334
1.29394,0.180673
1.28546,0.488218
1.31393,0.129984
1.27258,0.582475
1.28279,0.594153
1.27459,0.659067
1.29875,0.3156
1.27299,0.434196
1.28618,0.161443
1.30002,0.170605
1.28995,0.347423
1.27353,0.579501
1.32859,-0.135557
1.28616,0.330751
1.26081,0.773058
1.26473,0.837068
1.28291,0.354965
1.29236,0.18429
1.25815,0.611541
1.26742,0.637163
1.28422,0.629408
1.27736,0.198481
1.29889,0.14163
1.28394,0.42928
1.28296,0.21717
1.29297,0.431826
1.28645,0.227177
1.27197,0.394682
1.26492,0.720017
1.28797,0.623004
1.24964,0.857725
1.27596,0.658489
1.28913,0.569623
1.25478,0.582569
1.27222,0.506537
1.27714,0.586625
1.30543,0.0418866
1.26287,0.495482
1.26779,0.712298
1.26498,0.395334
1.27415,0.750532
1.30695,0.226793
1.25956,0.917565
1.28136,0.654651
1.28284,0.210013
1.27747,0.666044
1.29858,0.218839
1.27936,0.391012
1.27184,0.870346
1.26074,0.781356
1.30573,0.40897
1.25616,0.819996
1.28898,0.838586
1.31144,0.155368
1.31093,0.0150226
1.2773,0.542174
1.22065,0.979228
1.236,0.855965
1.30775,0.268596
1.31595,0.135092
1.2812,0.619554
1.23786,0.954004
1.27905,0.274713
1.28607,0.777049
1.27111,0.699098
1.29721,0.25045
1.28675,-0.0376232
1.27911,0.794801
1.2857,0.310451
1.26335,0.784618
1.28373,0.546555
1.29974,-0.0414655
1.31665,0.100012
1.27908,0.61071
1.29632,0.309398
1.30275,0.285864
1.24245,0.929913
1.31209,0.221392
1.27512,0.81861
1.27386,0.276088
1.28797,0.265573
1.22322,1.14456
1.29713,0.0201543
1.31232,-0.107365
1.26467,0.650409
1.3074,-0.21473
1.27324,0.51518
1.25421,1.09379
1.27131,0.597428
1.25522,0.704305
1.287,0.230585
1.28279,0.529099
1.28975,0.526364
1.28227,0.376892
1.2599,0.836268
1.26403,0.640912
1.27399,0.625932
1.3339,-0.515391
1.30596,0.22122
1.33233,-0.0758322
1.29334,0.364857
1.26719,0.672195
1.28589,0.167542
1.26324,1.07964
1.28859,0.470892
1.29151,-0.0374713
1.28132,0.360653
1.24848,0.603297
1.28623,0.76146
1.28497,0.412958
1.30792,0.226267
1.28628,0.477601
1.27324,0.651078
1.28147,0.353129
1.29428,0.401713
1.27413,0.442268
1.25843,0.652097
1.29834,0.314119
1.27818,0.311344
1.28586,0.404884
1.30351,0.351245
1.28759,0.408874
1.29808,-0.128516
1.27186,0.508993
1.2568,0.858672
1.30111,0.162881
1.28256,0.373453
1.28166,0.254523
1.31932,0.115528
1.28939,0.281784
1.30485,-0.0350757
1.25228,0.666603
1.28812,0.509602
1.26973,0.471161
1.27378,0.639673
1.27047,0.716625
1.23485,0.796964
1.26766,0.441811
1.30368,0.354118
1.30933,0.333223
1.23687,0.78395
1.24597,0.923653
1.30019,0.252987
1.28306,0.403472
1.27503,0.534164
1.2896,0.0962823
1.26435,0.570159
1.28268,0.0295535
1.23849,0.94123
1.26132,0.575817
1.26228,0.820263
1.28303,0.447605
1.32866,-0.174873
1.32434,-0.23159
1.26266,0.516628
1.26783,0.498944
1.27795,0.309427
1.26861,0.70109
1.24049,0.782939
1.30715,0.164443
1.28155,0.328543
1.25057,0.745262
1.27257,0.412502
1.30816,0.153722
1.26748,0.61381
1.23628,0.647229
1.272,0.339899
1.23722,0.632672
1.26911,0.624994
1.25222,0.774438
1.26146,0.635313
1.29563,0.117123
1.29964,0.237973
1.31092,0.331594
1.24879,0.770371
1.26871,0.600247
1.26585,0.479644
1.25939,0.610782
1.30802,0.570783
1.28938,0.352978
1.31913,-0.249951
1.28426,0.213382
1.29797,0.488816
1.29617,0.376631
1.27282,0.566287
1.3038,0.0926559
1.25779,0.573137
1.27156,0.475825
1.28692,0.10634
1.296,0.551732
1.31177,0.386298
1.30533,-0.14011
1.29733,0.611925
1.3176,0.173143
1.29559,0.276127
1.27733,0.464299
1.23246,1.11295
1.23239,0.845259
1.26605,0.599941
1.24225,1.31338
1.27025,0.262573
1.28407,0.692896
1.2782,0.350282
1.28441,0.65348
1.28854,0.248777
1.2424,0.848348
1.30915,-0.0853207
1.26513,0.541931
1.30709,-0.0207516
1.25382,0.915912
1.28902,0.267115
1.30295,0.283944
1.26503,0.797183
1.30026,0.157179
1.29058,0.559761
1.27674,0.500379
1.27431,0.583717
1.27658,0.301128
1.28432,0.63475
1.34546,-0.102509
1.29101,0.537924
1.2747,0.387686
1.29756,-0.00484701
1.32781,-0.206044
1.2921,0.0710444
1.2762,0.109345
1.29624,-0.15286
1.31527,0.0842842
1.26912,0.89789
1.27159,0.297408
1.28364,0.425635
1.26967,0.714247
1.30534,0.130626
1.26936,0.528217
1.28588,0.388907
1.27393,0.320155
1.31704,-0.106343
1.32097,-0.0174685
1.31243,-0.3729
1.23503,0.934629
1.326,-0.0812041
1.30321,0.331949
1.27715,0.508747
1.29428,0.381811
1.3073,-0.0211713
1.26845,0.300466
1.27979,0.331488
1.29955,0.526803
1.28087,0.465655
1.27223,0.718416
1.26472,0.439986
1.29181,0.329738
1.30486,0.0666476
1.23978,0.728662
1.25593,0.707102
1.27294,0.664556
1.26817,0.757064
1.29759,0.376966
1.27552,0.455104
1.32359,-0.278922
1.23839,0.865646
1.27691,0.53823
1.29719,0.352533
1.27152,0.658176
1.28718,0.587792
1.28832,0.709417
1.25509,0.66753
1.30755,-0.0607827
1.29796,0.145124
1.3044,-0.220873
1.26974,0.516489
1.25799,0.973417
1.26545,0.73084
1.29715,0.189538
1.28846,0.342506
1.35003,-0.0834428
1.2739,0.645254
1.28888,0.368068
1.23948,0.978943
1.29205,0.16283
1.29833,0.282916
1.25721,1.1121
1.29512,0.329524
1.24735,0.876017
1.28882,0.214464
1.28384,0.393344
1.33856,-0.23066
1.28101,0.798156
1.26737,1.03956
1.24108,1.03187
1.29343,-0.365575
1.28885,0.353963
1.28616,0.620935
1.26258,0.666111
1.314,-0.00927034
1.30475,0.204621
1.26267,0.510802
1.28873,0.331948
1.22693,1.04541
1.28742,0.812855
1.2715,0.324472
1.3193,-0.0552058
1.28307,0.458196
1.28603,0.68102
1.29178,-0.242473
1.31723,0.020548
1.29966,0.225599
1.27486,0.394597
1.28026,0.291875
1.28908,0.35979
1.25659,0.777033
1.245,1.24895
1.29103,0.41375
1.28035,0.716553
1.25633,0.727278
1.23287,0.997549
1.28383,0.32115
1.29283,0.0913926
1.31468,-0.138695
1.29247,0.458495
1.31723,0.361723
1.28645,0.445939
1.27769,0.510439
1.2832,0.19835
1.31235,0.154627
1.29608,0.283344
1.34825,-0.60733
1.27714,0.603359
1.30146,0.173306
1.29262,0.100229
1.2857,0.234644
1.28313,0.3906
1.26252,0.603069
1.29633,0.20583
1.30018,0.0696154
1.30205,0.315173
1.26726,0.563554
1.27807,0.326855
1.26937,0.956483
1.25463,0.790413
1.291,0.166215
1.31376,-0.29938
1.3045,0.213111
1.29104,0.604111
1.28986,0.347336
1.27606,0.408004
1.29669,0.152797
1.24739,0.8078
1.28946,0.565061
1.29795,0.181228
1.25889,0.701805
1.29936,0.327383
1.23687,1.00395
1.29019,0.345047
1.30006,0.202292
1.30854,0.215848
1.27234,0.152496
1.32442,0.102655
1.29285,0.20624
1.29384,0.331901
1.28342,0.482433
1.26636,0.522277
1.27596,0.449884
1.28819,0.351235
1.2825,0.225498
1.27805,0.325713
1.26364,0.689553
1.27721,0.781609
1.25065,0.656522
1.27727,0.259597
1.2932,0.331288
1.25826,0.364774
1.24843,0.746129
1.2616,0.66672
1.29421,0.228776
1.29204,0.565733
1.27966,0.614556
1.26046,0.770888
1.28355,0.302896
1.26053,0.609872
1.28448,0.474266
1.2991,-0.242711
1.28291,0.677732
1.26312,0.419937
1.33603,-0.255856
1.30058,0.216774
1.26781,0.585348
1.27537,0.686909
1.23522,0.891508
1.29359,0.273834
1.28201,0.511305
1.26396,0.75952
1.2755,0.541204
1.27553,0.514398
1.3154,-0.204395
1.28705,0.436203
1.27802,0.27987
1.2583,0.809951
1.26868,0.538606
1.28524,0.551718
1.30345,0.271406
1.27181,0.44353
1.32144,0.0951101
1.27864,0.408971
1.24639,0.669237
1.25546,1.012
1.28398,0.129619
1.31814,-0.122846
1.2859,0.256523
1.28864,0.413611
1.25214,0.611247
1.25595,0.826872
1.2933,0.578535
1.2663,0.754712
1.26195,0.474554
1.25869,1.02074
1.33736,-0.0468986
1.24131,1.03312
1.28031,0.662124
1.24462,0.733047
1.27577,0.779533
1.31848,-0.0416397
1.24555,0.695139
1.27473,0.577395
1.28243,-0.0219064
1.30654,-0.0854042
1.30747,0.0922776
1.25146,0.648413
1.24838,0.452703
1.29193,0.23405
1.23346,1.18461
1.26483,0.511606
1.29315,0.22442
1.29921,0.432054
1.27636,0.661578
1.27703,0.539438
1.31599,0.300213
1.26706,0.694277
1.25929,0.688476
1.29462,0.32203
1.28006,0.59798
1.28447,0.173552
1.31075,0.27362
1.24288,1.22911
1.2591,1.03185
1.28217,0.251161
1.22736,0.902906
1.24228,0.769494
1.25719,0.348884
1.25919,0.853316
1.23305,0.934489
1.32063,-0.254441
1.26728,0.503079
1.27816,0.185524
1.25948,0.885985
1.27253,0.374004
1.25584,0.751271
1.31285,-0.27212
1.26276,0.625556
1.30568,0.0697606
1.27998,0.237191
1.2941,0.414764
1.25829,0.658417
1.27783,0.371525
1.29941,0.109843
1.28674,0.309728
1.29488,0.134603
1.26648,0.288139
1.2723,0.613771
1.28191,0.170574
1.29821,-0.0411867
1.27378,0.386073
1.31332,-0.0556526
1.30635,-0.0736441
1.27758,0.486992
1.34053,-0.427221
1.25286,0.675204
1.32294,0.0635143
1.27616,0.319731
1.23913,0.936334
1.2707,0.451789
1.2988,0.152672
1.32218,-0.49504
1.3105,0.217228
1.25472,0.812493
1.28943,0.380241
1.26029,0.809414
1.26238,0.714341
1.30544,0.0810205
1.26729,0.664691
1.27997,0.313889
1.28227,0.394155
1.27477,0.391656
1.26794,0.392729
1.26392,0.618475
1.29489,0.287504
1.30859,-0.0820411
1.29497,0.247722
1.3077,0.0530889
1.26415,0.898918
1.2352,0.929988
1.27106,0.708443
1.28779,0.54268
1.27313,0.431984
1.3258,-0.294156
1.28043,0.0773489
1.28418,0.55569
1.27765,0.417235
1.26513,0.31402
1.29128,0.21877
1.28957,0.339567
1.3117,0.157267
1.23178,1.09335
1.26418,0.823404
1.27022,0.581101
1.24279,1.11387
1.29712,0.216875
1.29299,0.19717
1.28765,0.290027
1.29608,0.217786
1.28678,0.537618
1.27186,0.540227
1.27284,0.597474
1.28285,0.314185
1.28407,0.687569
1.2561,0.672028
1.26621,0.612075
1.29949,0.255361
1.30904,0.0770585
1.32258,0.0341838
1.28516,0.297572
1.25468,0.729561
1.28401,0.212304
1.27457,0.392931
1.29291,0.669928
1.2676,0.751363
1.28422,0.322929
1.2421,0.815371
1.23954,0.752468
1.27463,0.511212
1.32639,-0.261358
1.30595,0.0520472
1.2443,0.947461
1.29753,0.412949
1.27494,0.519685
1.29461,0.30867
1.31544,-0.239153
1.30192,0.127231
1.29569,0.46316
1.30355,0.132641
1.26383,0.45635
1.27199,0.557774
1.29312,0.0798821
1.28569,0.156246
1.30453,0.684707
1.23868,1.15233
1.30056,-0.160142
1.26672,0.724718
1.30546,0.0273427
1.24771,0.790923
1.34157,-0.0622831
1.24644,0.92029
1.28472,0.481109
1.29311,0.366108
1.28687,0.182756
1.28232,0.307151
1.30578,-0.00554554
1.26384,0.763522
1.29813,0.0753411
1.28028,0.263161
1.28911,0.330531
1.25899,0.977936
1.30215,0.31271
1.28478,0.441311
1.25822,0.273344
1.31049,0.448515
1.30771,-0.0620469
1.31829,-0.247865
1.28097,0.486691
1.25999,0.468777
1.26429,0.307637
1.29189,0.595159
1.26763,0.484868
1.30516,0.160137
1.28972,0.386923
1.29056,0.224096
1.2941,0.212245
1.25857,0.473169
1.32526,0.0624505
1.25857,0.68716
1.2823,0.344398
1.27481,0.504554
1.28495,0.266674
1.26306,0.344
1.29938,0.129812
1.22544,1.18165
1.28128,0.345351
1.30401,0.00429987
1.27054,0.321063
1.33007,0.00272357
1.2657,0.958371
1.28881,0.17817
1.24325,0.781456
1.2869,0.434246
1.25974,0.700221
1.311,-0.173096
1.29963,-0.132026
1.30753,0.1268
1.2394,0.887366
1.24009,0.902835
1.28022,0.39065
1.25511,0.717218
1.28938,0.423608
1.24475,0.871811
1.27812,0.187746
1.2887,0.368037
1.27637,0.678854
1.31417,-0.135956
1.29472,0.0137388
1.28376,0.579142
1.28489,0.369564
1.29084,0.513709
1.2927,0.186068
1.28537,0.198565
1.29728,0.262621
1.23429,0.801652
1.28407,0.304319
1.29883,0.201593
1.28837,0.217236
1.249,0.718019
1.32596,-0.327547
1.22838,1.2234
1.27104,0.308883
1.31439,-0.263291
1.27059,0.572795
1.28109,0.511016
1.26102,0.704218
1.31636,0.141858
1.26498,0.591994
1.27389,0.64946
1.27576,0.227211
1.23462,1.15456
1.30168,0.482731
1.28558,0.243565
1.2865,0.351351
1.24992,1.14053
1.25858,0.93869
1.29433,-0.0993377
1.27711,0.55002
1.26997,0.305825
1.29706,0.29337
1.30567,-0.0248665
1.27651,0.527173
1.28194,0.361754
1.23491,1.20369
1.26331,0.925402
1.29663,0.189739
1.28592,0.425373
1.25437,0.728047
1.26142,0.822526
1.29886,0.481744
1.28218,0.211215
1.2492,0.911085
1.30597,-0.126689
1.32245,-0.189174
1.25855,0.547096
1.28638,0.397333
1.28543,0.227298
1.31566,0.234009
1.25426,0.989404
1.27959,0.667958
1.32752,0.100599
1.26132,0.644794
1.27629,0.492665
1.27229,0.787697
1.27302,0.775517
1.24122,0.586537
1.29829,0.229197
1.30996,0.0716785
1.28882,0.262082
1.28728,0.529167
1.27133,0.611065
1.28968,0.414289
1.28383,0.0692984
1.26076,0.642226
1.27055,0.227391
1.32005,0.24055
1.25491,0.879013
1.28842,0.24266
1.2837,0.342909
1.26616,0.441631
1.25965,0.731407
1.29652,0.361147
1.27215,0.240064
1.30199,0.0116111
1.30426,0.15088
1.29321,0.257059
1.23108,0.855932
1.2993,0.510238
1.31599,-0.366781
1.30547,-0.0174034
1.25497,0.864997
1.29015,0.267366
1.28527,0.0971204
1.26757,0.744587
1.29805,0.121024
1.30851,0.0681184
1.22209,1.19715
1.26673,0.238032
1.31713,-0.133324
1.31103,0.00069077
1.24668,0.510049
1.25765,0.497372
1.28257,0.404562
1.26413,0.400943
1.32549,0.267416
1.28692,0.563043
1.25684,1.05096
1.29439,0.44346
1.28908,0.285184
1.30915,-0.121256
1.27041,0.627778
1.29927,0.110941
1.24872,0.818752
1.2673,0.694887
1.25896,0.359166
1.25348,0.81998
1.2465,0.547804
1.2783,0.357887
1.26882,0.457644
1.3138,0.364878
1.28867,0.122767
1.22958,1.01641
1.27848,0.678979
1.29475,0.348222
1.27708,0.457766
1.29263,0.373725
1.32061,-0.0539377
1.30919,0.232431
1.31899,-0.364633
1.32726,0.0772318
1.2916,0.32166
1.29078,0.388095
1.29131,0.34278
1.26559,0.479956
1.31322,-0.189247
1.23255,1.19675
1.28723,0.693001
1.2795,0.666577
1.27117,0.854979
1.27233,0.537494
1.29882,0.284592
1.26142,1.08244
1.306,0.353635
1.23903,0.99614
1.28608,0.434264
1.29717,0.376941
1.2565,0.72164
1.30016,0.318549
1.25411,0.728922
1.31476,0.171863
1.23639,0.659744
1.26268,0.653059
1.2535,0.764738
1.27002,0.706728
1.28863,0.218766
1.28272,0.156867
1.31982,0.217591
1.24129,0.933026
1.25256,0.491464
1.27562,0.489122
1.27676,0.162577
1.30542,0.179851
1.27151,0.328542
1.30451,0.0749182
1.32624,0.0168761
1.31929,-0.285608
1.25816,0.580154
1.28426,0.252375
1.27585,0.433965
1.28834,0.491368
1.27469,0.430412
1.26557,0.738954
1.25945,0.651544
1.26344,0.462123
1.31198,-0.0863717
1.26522,0.752661
1.29154,0.0229761
1.29104,0.789439
1.30558,-0.216612
1.30314,0.17658
1.2722,0.84169
1.28154,0.398193
1.27499,0.298556
1.30696,0.460772
1.2722,0.607866
1.27098,0.50286
1.27205,0.319785
1.27013,0.654663
1.32669,-0.0992686
1.23879,0.932407
1.32509,-0.0462383
1.30993,0.139677
1.24663,0.618278
1.28581,0.394317
1.24558,0.668889
1.27392,0.308099
1.27951,-0.00377827
1.25772,0.61784
1.27944,0.39864
1.28111,0.530536
1.27196,0.391464
1.29654,-0.0532741
1.24974,0.953048
1.30116,0.0761926
1.29953,0.0213626
1.31009,0.22739
1.28557,0.27909
1.29737,0.0391174
1.30242,0.0893883
1.27961,0.270892
1.26532,0.393352
1.27551,0.657242
1.31834,-0.0380282
1.33635,-0.173422
1.24625,0.825933
1.28519,-0.0237291
1.28325,0.533044
1.26423,0.826434
1.28339,0.328703
1.31576,0.0723426
1.28199,0.54531
1.28603,0.46418
1.27719,0.622997
1.30764,0.360766
1.29549,0.413443
1.2499,0.593674
1.28892,0.545552
1.3024,0.252549
1.3307,-0.433977
1.26309,0.487839
1.2784,0.483157
1.26622,0.426735
1.29226,0.366549
1.27597,0.432699
1.25584,0.611828
1.32446,0.102754
1.27056,0.638888
1.27822,0.243719
1.28145,0.268352
1.3089,0.175909
1.22504,1.20476
1.31823,-0.132896
1.29167,0.136567
1.28037,0.266767
1.2358,0.876683
1.27011,0.577849
1.27721,0.549187
1.28087,0.0707505
1.27169,0.5347
1.30261,0.17764
1.25433,0.767281
1.3152,0.217241
1.30827,0.456228
1.303,0.00700053
1.28524,0.378486
1.27738,0.512817
1.29509,0.217028
1.25901,0.844715
1.33238,-0.212986
1.27984,0.473401
1.28066,0.276311
1.31461,-0.221777
1.23528,1.10016
1.28023,0.217266
1.32804,-0.25939
1.28346,0.397107
1.24937,0.807441
1.31061,0.163448
1.26936,0.288777
1.32477,0.160577
1.30955,0.0620856
1.29741,0.0987124
1.24743,0.431757
1.31138,0.111464
1.28225,0.562826
1.31881,-0.0676341
1.33421,-0.234186
1.26693,0.831153
1.26726,0.636362
1.31134,0.0184777
1.28593,0.164074
1.33407,-0.369007
1.29274,0.422965
1.33148,-0.138393
1.27755,0.485788
1.27874,0.286697
1.28979,0.626739
1.3096,0.164891
1.2854,0.658588
1.29936,-0.0297299
1.26494,0.485073
1.2849,0.571795
1.31271,-0.0782342
1.28854,0.189812
1.27774,0.320699
1.25608,0.75199
1.2661,0.449229
1.31206,-0.172407
1.28575,0.346241
1.28821,0.433368
1.26885,0.49692
1.29324,0.321508
1.32067,-0.324007
1.29345,0.60319
1.28746,0.399997
1.2508,1.13587
1.30871,0.237651
1.27128,0.699196
1.25772,0.5985
1.29209,0.20112
1.28493,0.264043
1.22946,0.917841
1.28132,0.328058
1.26611,0.637894
1.27598,0.501082
1.31958,-0.443958
1.29681,0.412969
1.28613,0.225738
1.28603,0.671867
1.28717,0.589842
1.26918,0.483746
1.29954,-0.0275843
1.32508,0.116907
1.25745,0.787744
1.27106,0.855428
1.29496,0.187479
1.29558,0.134855
1.26383,0.568925
1.2696,0.189045
1.31378,-0.0260998
1.30459,-0.00999759
1.27797,0.487944
1.27843,0.617335
1.27905,0.771119
1.26971,0.599156
1.25483,0.682434
1.31472,0.188137
1.31161,-0.115943
1.3091,0.0936197
1.29176,0.579214
1.26984,0.79695
1.26069,0.627272
1.27966,0.408747
1.29621,0.0771926
1.26315,0.645858
1.2983,-0.116934
1.28667,0.424067
1.27692,0.725321
1.27619,0.401394
1.28951,0.741242
1.30227,0.336528
1.25872,0.68427
1.27485,0.586611
1.27424,0.925508
1.27099,0.591152
1.29694,0.180226
1.30095,0.127473
1.26896,0.509941
1.28704,0.154807
1.28339,0.686681
1.28394,0.446555
1.26685,0.728048
1.27942,0.523488
1.28581,-0.0578521
1.28577,0.598647
1.28942,0.730798
1.27616,0.653375
1.29772,0.369461
1.27618,0.296379
1.25908,0.518711
1.28318,0.526873
1.24805,0.433065
1.28821,0.62691
1.28653,0.0831809
1.2499,0.654641
1.30815,0.173479
1.28519,0.65706
1.31612,-0.117504
1.2808,0.588388
1.2356,1.22721
1.29786,0.528314
1.27378,0.82201
1.275,0.203123
1.28302,0.458539
1.30475,0.146993
1.29957,0.234037
1.27765,0.543491
1.26431,0.447152
1.29994,0.0890412
1.28149,0.561102
1.27818,0.0912322
1.29134,0.37587
1.27716,0.394224
1.31055,0.205113
1.25821,0.626245
1.26602,0.692047
1.25879,0.831058
1.27111,0.456964
1.23861,0.857143
1.30262,0.233276
1.25531,1.07527
1.27089,0.823057
1.28666,0.463691
1.2899,0.232194
1.27555,0.586928
1.23061,0.97288
1.26422,0.554664
1.26232,0.263353
1.32178,-0.240286
1.29416,0.435554
1.26491,0.609478
1.28999,0.25303
1.28833,0.342694
1.27857,0.685554
1.28523,0.297133
1.28786,0.3284
1.25553,0.882681
1.28299,0.29718
1.28239,0.303839
1.27975,0.650669
1.29118,0.488694
1.29606,0.324372
1.24593,0.8895
1.26969,0.333205
1.27337,0.460113
1.30398,-0.136694
1.25423,0.921668
1.25218,0.874368
1.31293,0.00393259
1.28558,0.208268
1.27435,0.661631
1.26113,0.650818
1.29525,0.138768
1.27349,0.77456
1.29961,0.392818
1.25894,0.373623
1.28114,0.0493591
1.27844,0.326491
1.27568,0.709909
1.2921,0.0605122
1.33556,-0.135079
1.27753,0.266365
1.31399,-0.106849
1.2558,0.861842
1.29789,0.187468
1.2914,0.154915
1.26828,0.603615
1.26227,0.357132
1.25679,0.507547
1.26375,0.597272
1.30599,0.463468
1.27935,0.482406
1.26929,0.417572
1.26661,0.438107
1.2943,0.474409
1.28547,0.312512
1.27072,0.353045
1.24149,0.937832
1.27429,0.460612
1.27299,0.43858
1.2568,0.517892
1.27735,0.164833
1.28633,0.496252
1.317,-0.0871796
1.2683,0.740759
1.2475,0.844407
1.29099,0.0362269
1.26606,0.725125
1.26915,0.504308
1.29684,0.530798
1.30678,0.072429
1.26665,0.63454
1.24752,0.662598
1.24672,0.733802
1.26942,0.415877
1.27763,0.505069
1.27278,0.569024
1.26997,0.592928
1.29486,-0.0293133
1.29242,0.262238
1.2574,0.789312
1.25795,0.488558
1.2746,0.564668
1.29765,0.0445978
1.27081,0.297956
1.3236,0.123855
1.30217,0.0875594
1.26869,0.589461
1.30956,0.148144
1.25666,0.684011
1.28716,0.517264
1.29529,0.243449
1.27941,0.490626
1.281,0.309723
1.24236,1.09136
1.26526,0.786146
1.30557,0.214036
1.28838,0.401363
1.26526,0.791236
1.2915,0.370404
1.25552,0.778937
1.28293,0.0964071
1.24038,0.666384
1.27215,0.566885
1.30414,0.0646057
1.25652,0.547693
1.31002,-0.0353091
1.28023,0.394108
1.27365,0.339959
1.30545,-0.0275576
1.29155,0.419144
1.26767,0.81728
1.28767,0.122122
1.26314,0.866762
1.28448,0.340149
1.25713,0.715565
1.28962,0.14824
1.27907,0.500678
1.288,0.32954
1.26988,0.611511
1.26625,0.714562
1.21702,0.846786
1.28169,0.468007
1.25364,0.544628
1.30091,-0.0559722
1.30165,-0.200753
1.30205,0.329141
1.25518,0.740991
1.30317,0.296053
1.28227,0.548118
1.26204,0.463103
1.2738,0.766776
1.28622,0.288562
1.29001,0.309702
1.26702,0.642959
1.27597,0.499655
1.2924,0.536415
1.30963,0.270274
1.27105,0.543466
1.27675,0.477041
1.27681,0.181335
1.27252,0.486706
1.28469,0.406224
1.30236,0.0138931
1.27949,0.359461
1.28966,0.704874
1.31313,0.359913
1.28692,0.578204
1.24822,0.702899
1.27514,0.534929
1.27444,0.436578
1.32508,0.16492
1.27294,0.253026
1.32103,-0.135848
1.26165,0.718303
1.31248,0.0350539
1.29745,0.0956788
1.27278,0.726621
1.25089,0.69235
1.27722,0.387116
1.2831,0.355048
1.28568,0.0027604
1.26023,0.802894
1.30928,0.449913
1.31427,-0.15182
1.2795,0.435383
1.28623,0.358926
1.29306,0.349342
1.28457,0.149018
1.29116,0.627623
1.28944,0.472092
1.28855,0.440742
1.26137,0.512552
1.276,0.360836
1.25729,0.785116
1.27469,-0.0252984
1.28079,0.270301
1.28908,0.467506
1.28423,0.443406
1.28256,0.16178
1.24731,0.642578
1.26398,0.500972
1.26844,0.398763
1.28823,0.275868
1.27856,0.156248
1.27413,0.812182
1.25472,0.685662
1.30288,-0.0817816
1.26747,0.749545
1.31932,-0.199849
1.31489,0.104149
1.27837,0.68863
1.27944,0.388563
1.25888,0.540028
1.2666,0.659183
1.25572,0.805276
1.30703,-0.153599
1.27219,0.660688
1.30389,0.288774
1.24418,0.776863
1.3097,0.015321
1.27775,0.527436
1.29957,0.234458
1.32088,-0.356398
1.26183,0.570451
1.28826,0.195728
1.27984,0.753176
1.30633,0.191611
1.26506,0.45336
1.27449,0.278962
1.32259,-0.109932
1.26787,0.76532
1.27171,0.350397
1.27845,0.614491
1.29162,0.376656
1.28849,0.437315
1.22966,0.777885
1.34324,-0.390341
1.28741,0.244468
1.28504,0.291902
1.2788,0.273901
1.30989,-0.0464271
1.28372,0.375713
1.26921,0.884286
1.24759,0.77185
1.27606,0.260239
1.33922,-0.52854
1.29361,0.377982
1.28154,0.452084
1.26818,0.453514
1.26325,1.00548
1.2581,0.867519
1.27782,0.704276
1.27006,0.588357
1.29392,0.155905
1.28855,0.357638
1.27995,0.426946
1.26827,0.438262
1.2921,0.0547277
1.30442,-0.0432458
1.2504,0.717304
1.31543,0.00611993
1.28325,0.540722
1.29666,0.255556
1.27142,0.677213
1.27117,0.788057
1.29032,0.647129
1.26602,0.844225
1.28848,0.157036
1.31325,0.512438
1.2711,0.50461
1.27874,0.630912
1.25996,0.66589
1.31293,0.05134
1.26165,0.855859
1.26728,0.485409
1.27838,0.65899
1.30057,0.203496
1.23934,0.773799
1.28242,0.0853312
1.32329,0.233305
1.23093,1.30946
1.27594,0.42746
1.2805,0.396418
1.25168,0.562689
1.25289,0.782651
1.27267,0.573125
1.3002,0.248806
1.24546,0.648951
1.25482,0.910082
1.29219,0.378616
1.27771,0.688589
1.29919,0.137989
1.24096,0.749501
1.24625,0.850988
1.28926,0.546778
1.30127,0.152569
1.30226,0.142839
1.27476,0.911767
1.27792,0.203495
1.30628,0.0293634
1.27423,0.714114
1.28096,0.302094
1.29311,0.185858
1.27908,0.390007
1.28193,0.426511
1.23511,0.551872
1.28723,0.264758
1.2556,0.802223
1.29089,0.223752
1.26167,0.656798
1.24147,1.12766
1.20747,1.36244
1.26202,0.529419
1.26744,0.734066
1.26521,0.846791
1.26292,0.100074
1.27358,0.769091
1.26137,0.667749
1.33521,-0.340895
1.25521,0.852415
1.27437,0.588493
1.24201,1.1996
1.27868,0.676192
1.2928,0.574767
1.27124,0.583346
1.25458,0.677394
1.29371,0.394923
1.27252,0.60325
1.27467,0.371023
1.28347,0.564139
1.26555,0.507887
1.31096,0.254074
1.28106,0.647266
1.26581,0.828908
1.25345,0.742239
1.29363,0.479064
1.25582,0.923877
1.26724,0.845602
1.2641,0.493744
1.2678,0.377567
1.27086,0.332498
1.26939,0.40632
1.29224,0.390898
1.285,0.294575
1.29291,0.014571
1.30552,0.0122735
1.26564,0.348083
1.26047,0.449322
1.27683,0.150764
1.28259,0.421549
1.27091,0.616279
1.2881,0.227076
1.28546,0.0386922
1.22388,0.902994
1.24652,0.822349
1.26485,0.505324
1.30964,0.187508
1.29003,0.501128
1.26199,0.671415
1.30014,0.275038
1.31643,0.230073
1.24925,0.764816
1.29556,0.257334
1.28514,0.469985
1.27921,0.339851
1.24039,1.0871
1.29394,0.342991
1.26607,0.481679
1.28858,0.500436
1.25047,0.544659
1.2869,0.409901
1.24632,1.01526
1.2869,0.0910401
1.27014,0.464173
1.30358,0.167961
1.25781,0.500411
1.2941,0.084125
1.29768,0.226708
1.29335,0.214049
1.26144,0.304108
1.26152,0.736603
1.26446,0.458837
1.30829,0.144333
1.25574,0.746368
1.3083,0.447029
1.30709,0.0544158
1.25618,0.579399
1.22681,1.1215
1.28758,0.270098
1.29485,0.447065
1.30525,-0.0919067
1.25546,0.546733
1.2835,0.609242
1.28989,0.263987
1.28645,0.786242
1.30862,0.143842
1.25998,0.696157
1.28635,0.731158
1.24179,1.12477
1.30064,0.19223
1.27852,0.642768
1.26842,0.773916
1.2972,0.37792
1.29905,0.0285381
1.29962,0.166271
1.28304,0.119007
1.21959,1.10424
1.25499,0.793891
1.29103,0.257207
1.3005,0.0483243
1.28278,0.227346
1.24518,0.76921
1.26835,0.647048
1.27757,0.590703
1.27614,0.899334
1.2707,0.680715
1.26722,0.57658
1.26511,0.52658
1.24817,0.875391
1.27944,0.071235
1.2776,0.546629
1.29371,0.378157
1.30183,0.159842
1.30071,0.0178913
1.28106,0.128237
1.2695,0.639947
1.33612,0.316186
1.28106,0.365006
1.28974,0.556091
1.26608,0.574992
1.33992,-0.17329
1.27164,0.417188
1.28348,0.244646
1.28612,0.422989
1.28184,0.644763
1.29772,0.356516
1.26668,0.56682
1.28526,0.269237
1.26798,0.580087
1.26453,0.625607
1.27042,0.46161
1.3077,0.0213808
1.295,0.126855
1.29996,0.01582
1.28105,0.423905
1.25441,0.904045
1.2948,0.511738
1.237,1.17339
1.29393,0.208728
1.27908,0.131314
1.27202,0.702579
1.26683,0.843007
1.28783,0.340799
1.27633,0.690306
1.29718,0.238961
1.33742,-0.141898
1.26355,0.512028
1.29896,0.103713
1.31686,-0.0152203
1.26475,0.577235
1.25435,0.766008
1.27867,0.45571
1.28091,0.535652
1.2992,-0.0211131
1.28162,0.218014
1.28244,0.310915
1.29586,0.542654
1.29671,0.241714
1.28756,0.374794
1.27503,0.403879
1.30398,0.332344
1.30056,0.238442
1.29081,0.48758
1.2763,-0.059312
1.28336,0.305758
1.28946,0.545758
1.27067,0.615648
1.28804,0.34452
1.28716,0.445424
1.29748,0.328236
1.28721,0.473955
1.26917,0.771292
1.28548,0.293706
1.27942,0.534019
1.2964,0.471969
1.29396,0.691621
1.3148,-0.169076
1.31791,0.178852
1.30179,0.377174
1.28837,0.230371
1.30831,0.425735
1.24873,0.88824
1.27201,0.548772
1.27332,0.480168
1.27972,0.504179
1.24035,0.889816
1.25654,0.765589
1.28401,0.57992
1.2659,0.489527
1.26712,0.536972
1.29282,0.0109062
1.25142,0.889117
1.28209,0.582901
1.29642,0.554469
1.26073,0.500334
1.29983,0.214861
1.27216,0.902602
1.28037,0.571839
1.26823,0.43865
1.26679,0.706478
1.29986,0.639654
1.34124,-0.376469
1.30375,0.18671
1.29628,-0.0232737
1.28808,0.521011
1.25789,0.640689
1.29019,0.501286
1.31121,-0.324823
1.26857,0.509986
1.21088,1.35846
1.33851,-0.0592714
1.28862,0.226662
1.26718,0.807485
1.31555,0.438965
1.2806,0.0645711
1.292,0.524598
1.30941,0.593077
1.26853,0.576406
1.31653,-0.354412
1.26412,0.869866
1.26991,0.522914
1.27731,0.288424
1.25612,0.617148
1.2438,1.05194
1.27303,0.659598
1.29586,0.114961
1.28318,0.250183
1.26986,0.824868
1.25509,0.723348
1.28991,0.404905
1.29857,0.323222
1.30432,0.0599839
1.29569,0.233852
1.24313,0.659885
1.29536,0.376635
1.25574,0.899349
1.27641,0.236177
1.29466,0.203162
1.27494,0.526601
1.26489,0.644213
1.28041,0.825148
1.27125,0.484741
1.26885,0.787275
1.28476,0.413324
1.3081,-0.164852
1.25604,0.980978
1.25671,1.1737
1.28489,0.63205
1.2743,0.632215
1.32141,-0.121107
1.28328,0.211488
1.26848,0.67003
1.2705,0.668732
1.32671,-0.154815
1.28421,0.3546
1.3105,0.281218
1.27009,0.425825
1.24101,0.980537
1.27525,0.290708
1.29426,0.267941
1.3073,-0.00607866
1.28056,0.462588
1.30028,0.326662
1.30267,0.0682235
1.29282,0.277039
1.31888,0.220078
1.24875,0.790789
1.30004,0.289693
1.28578,0.426472
1.27689,0.478162
1.2499,0.914365
1.30905,-0.0224158
1.30379,0.00141659
1.26617,0.318787
1.31662,-0.103746
1.28574,0.554192
1.28258,0.383359
1.24918,0.596854
1.29175,0.391505
1.29288,0.478614
1.29416,0.548378
1.28779,0.271073
1.32319,-0.0593521
1.28727,0.124492
1.31104,0.0869638
1.28682,0.495549
1.2916,0.396749
1.26763,0.911184
1.28058,0.269456
1.28572,0.668547
1.29593,0.120951
1.28753,0.349387
1.27101,0.558542
1.25062,0.707885
1.28273,0.568743
1.2669,0.551465
1.26093,0.777019
1.27027,0.423409
1.29872,-0.211802
1.26264,0.615326
1.26926,0.352554
1.25752,0.559417
1.28587,0.409692
1.2821,0.530783
1.276,0.20277
1.26484,0.739973
1.27713,0.275249
1.29778,0.176578
1.27622,0.405597
1.28821,0.385643
1.32772,0.169997
1.28628,0.503199
1.28818,0.144578
1.28127,0.346675
1.2789,0.393569
1.29437,0.12558
1.27776,0.411009
1.29989,0.0632658
1.29393,0.440591
1.26425,0.659467
1.24946,0.959943
1.28936,0.701677
1.28269,0.483627
1.26554,0.23612
1.29016,0.235554
1.26013,0.602129
1.25163,0.976229
1.27749,0.295568
1.27763,0.482673
1.27963,0.443053
1.28259,0.682957
1.26071,0.580191
1.30014,0.380043
1.26113,0.826018
1.26219,0.967582
1.24351,0.800714
1.28102,0.893343
1.2751,0.511299
1.28344,0.272774
1.32116,-0.139332
1.28404,0.469144
1.25247,0.596509
1.30037,0.129508
1.31238,0.08514
1.30252,-0.0627857
1.28478,0.472536
1.279,0.253986
1.28309,0.648445
1.2974,0.073713
1.26983,0.663307
1.29696,0.0936774
1.26203,0.450796
1.22892,1.25153
1.27041,0.45656
1.30786,0.220931
1.27656,0.543043
1.24963,1.12491
1.28328,0.565994
1.23912,1.03109
1.28589,0.212239
1.32749,-0.205454
1.30441,0.312005
1.28411,0.930708
1.27898,0.49737
1.24284,0.598265
1.2544,0.510028
1.23687,0.753131
1.30996,0.038128
1.27994,0.505294
1.30501,-0.0329679
1.25927,0.582649
1.25762,0.723278
1.28287,0.486878
1.23094,1.16441
1.28794,0.734155
1.2709,0.82236
1.29445,0.273807
1.28484,0.268012
1.24879,0.83948
1.30869,-0.109715
1.29164,0.44324
1.28517,0.365426
1.28717,0.394797
1.26192,0.701278
1.2603,0.824408
1.28336,0.364493
1.25317,0.606345
1.30333,0.514991
1.29271,0.559856
1.2738,0.0934396
1.27959,0.174848
1.30691,0.116171
1.28708,0.382516
1.32492,0.237587
1.27303,0.374682
1.28433,0.405362
1.26523,0.250062
1.29271,0.264121
1.29581,0.0215525
1.29985,0.255965
1.31939,-0.108236
1.25162,0.70829
1.27719,0.457606
1.28287,0.291105
1.27563,0.307348
1.21885,1.07961
1.29863,0.10459
1.27453,0.318802
1.29258,0.373962
1.32496,-0.223037
1.28112,0.39963
1.29598,-0.0423678
1.31587,-0.181694
1.29733,-0.0662264
1.27664,0.641004
1.30582,0.149808
1.24062,1.12577
1.30853,0.506377
1.27476,0.328854
1.25268,0.632336
1.30072,0.133648
1.29975,0.346613
1.29142,0.14938
1.30379,0.00529916
1.27509,0.400144
1.26762,0.857425
1.26299,0.431481
1.29732,0.420868
1.28476,0.15768
1.27703,0.724831
1.27992,0.191995
1.28433,0.42729
1.29871,0.0864988
1.27814,0.349673
1.23879,0.854201
1.26112,0.472036
1.28361,0.220211
1.29491,0.247573
1.28341,0.495157
1.25066,0.817131
1.27056,0.691139
1.32409,-0.235665
1.26134,0.714344
1.31813,0.445589
1.28986,0.240251
1.28521,0.31602
1.25823,0.826645
1.27974,0.110432
1.2468,0.576217
1.26268,0.727596
1.26771,0.757224
1.28632,0.39088
1.28089,0.540557
1.23865,0.954775
1.3095,0.0566865
1.25967,0.765275
1.26519,0.463231
1.28264,0.515144
1.24691,0.88713
1.26579,0.728944
1.2686,0.474679
1.29112,0.452166
1.27717,0.675323
1.30123,0.312323
1.29448,0.147323
1.27116,0.375862
1.26692,0.481621
1.24236,0.496818
1.24088,0.729807
1.2504,1.04427
1.28579,0.363405
1.27834,0.480882
1.25827,0.357907
1.29046,0.35191
1.29879,0.327446
1.25081,1.0799
1.29552,0.00246993
1.28179,0.164152
1.30691,0.0518626
1.26146,0.812008
1.29398,0.196183
1.30626,0.0752536
1.28153,0.810504
1.29535,0.107777
1.29438,0.312139
1.27099,0.500011
1.28601,0.654476
1.29358,-0.122586
1.26016,0.706875
1.2678,0.318178
1.26738,0.469181
1.25937,0.810272
1.2835,0.446643
1.27614,0.848168
1.30048,0.174626
1.2331,1.04537
1.28456,0.205387
1.24133,0.87431
1.29213,0.433659
1.30266,0.224779
1.25924,0.742482
1.25157,0.954119
1.26907,0.476838
1.27071,0.542504
1.27675,0.520754
1.26782,0.527312
1.29653,-0.0151041
1.27439,0.554271
1.26586,0.740501
1.27834,0.408651
1.27927,0.464795
1.2895,0.257694
1.29297,0.381723
1.28662,0.161911
1.27876,0.532155
1.27504,0.363806
1.26648,0.605353
1.23205,0.965633
1.24063,0.825418
1.27429,0.312281
1.28888,0.32365
1.23886,0.831174
1.2536,0.932534
1.30134,-0.0285499
1.27295,0.211311
1.29217,0.222205
1.27702,0.286689
1.24454,0.796692
1.28378,0.716508
1.26263,0.742074
1.31941,0.257216
1.25548,0.836214
1.25231,0.825965
1.25192,1.05995
1.27405,0.452454
1.29079,0.110748
1.26153,0.552666
1.25053,0.616843
1.29241,0.571661
1.3189,0.187379
1.33349,-0.0727961
1.26758,0.472057
1.31675,-0.145919
1.28675,0.405063
1.26529,0.203547
1.31356,-0.043991
1.27406,0.842119
1.29921,0.0492254
1.30774,0.117252
1.29396,0.454256
1.28313,0.569976
1.29395,0.0670286
1.30538,0.457328
1.29357,0.228446
1.28629,0.191918
1.25708,0.776382
1.22999,0.894024
1.29275,0.5634
1.23967,1.03712
1.28202,0.227052
1.27086,0.641371
1.30864,-0.14128
1.28833,0.0397002
1.26919,0.42975
1.2823,0.577443
1.28879,0.353701
1.30769,0.42151
1.29361,-0.0476418
1.28122,0.400188
1.29923,0.152077
1.26745,0.322173
1.25232,0.976556
1.32722,-0.00430327
1.26003,0.443944
1.29354,0.211738
1.22949,1.03085
1.29631,0.438772
1.28832,0.337298
1.26648,0.485816
1.3084,-0.14264
1.24111,0.86593
1.28194,0.0242306
1.28118,0.503496
1.29195,0.387419
1.23243,1.03463
1.29588,0.221856
1.25744,0.70261
1.26734,0.515428
1.315,-0.082389
1.23013,0.826918
1.25276,0.832347
1.28733,0.497176
1.29571,0.0156294
1.29059,0.409552
1.27302,0.344192
1.24992,0.877246
1.29828,0.335649
1.28796,0.621765
1.24396,0.948811
1.29685,0.0891624
1.24954,0.729604
1.3138,0.0468298
1.29337,0.308316
1.26623,0.54575
1.25915,0.819129
1.28182,0.38265
1.26572,0.797379
1.29587,0.0352814
1.26185,0.678461
1.30484,-0.106064
1.2428,0.892185
1.24114,0.662198
1.30073,0.047616
1.25855,0.866073
1.29296,0.247053
1.25754,0.384532
1.27952,0.608123
1.31546,0.00277993
1.31662,-0.240899
1.27604,0.865361
1.28319,0.521726
1.29154,0.241976
1.26996,0.706093
1.26207,0.738161
1.26841,0.70218
1.27807,0.640594
1.27858,0.554778
1.23816,0.796833
1.27671,0.332792
1.28899,0.375567
1.30469,-0.0915082
1.28298,0.543141
1.28696,0.705366
1.26753,0.508581
1.31436,0.335443
1.30244,0.281932
1.30258,0.0761082
1.29605,0.336048
1.2688,0.242833
1.28974,0.270655
1.29274,0.386278
1.29934,0.581322
1.24582,1.02253
1.29793,0.481763
1.28268,0.4888
1.29439,0.129305
1.2952,0.3385
1.29607,0.428025
1.24301,0.877226
1.2779,0.0697335
1.2393,0.980623
1.28298,0.308816
1.29293,0.606178
1.31906,-0.189326
1.28844,0.549528
1.33606,-0.238015
1.31657,-0.0968454
1.28872,0.383869
1.32195,0.0280448
1.29154,0.279799
1.27127,0.757434
1.22028,0.769766
1.29912,0.102644
1.31378,-0.00585418
1.24701,0.966886
1.28397,0.403719
1.29464,0.416937
1.2568,0.825511
1.29241,0.36473
1.28454,0.608501
1.26652,0.315136
1.30725,0.533815
1.2773,0.353084
1.26822,0.803341
1.24581,1.09641
1.27041,0.652213
1.25923,0.926657
1.28062,0.494037
1.28309,0.684095
1.26026,0.167594
1.27614,0.456525
1.2728,0.502542
1.26536,1.03035
1.27692,0.766187
1.31927,-0.0916414
1.26238,1.10751
1.27732,0.621395
1.28219,0.611377
1.2628,0.887358
1.26363,0.722061
1.29951,0.373883
1.27131,0.556831
1.26173,0.781951
1.28793,0.478775
1.2427,1.15434
1.29383,0.110259
1.26752,0.915793
1.30019,0.0686064
1.27179,0.536436
1.28648,0.149331
1.29559,0.414276
1.28859,0.443254
1.26543,0.820107
1.27872,0.671009
1.28382,0.27959
1.30683,0.00615629
1.30596,0.346847
1.25596,0.576234
1.25526,0.78557
1.27536,0.264372
1.26348,0.403948
1.3067,0.167818
1.26455,0.74065
1.25214,0.474824
1.29944,0.190801
1.26868,0.885121
1.30078,0.346646
1.27595,0.649861
1.2885,0.458727
1.26615,0.638749
1.29844,0.53317
1.2707,0.533064
1.27856,0.812713
1.31184,0.149238
1.27843,0.32231
1.25661,0.345081
1.26934,0.50697
1.28805,0.497366
1.2958,0.366063
1.2693,0.652019
1.30659,0.170279
1.2681,0.379696
1.25593,0.755148
1.27831,0.675874
1.26802,0.283344
1.2686,0.414644
1.24936,0.786381
1.25706,0.809312
1.29315,0.174413
1.30992,0.111631
1.26658,0.753905
1.24874,1.00258
1.28129,0.479026
1.27663,0.595895
1.29142,0.43664
1.28565,0.261937
1.27828,0.28687
1.26425,0.823662
1.31217,0.267863
1.29398,0.202242
1.3156,0.227712
1.26832,1.05538
1.31196,0.232523
1.28732,0.608684
1.26172,0.916874
1.26959,0.59771
1.2756,0.544
1.28134,0.496071
1.25555,0.634472
1.29752,0.498117
1.28296,0.290914
1.25545,0.186958
1.26534,0.661533
1.27596,0.339783
1.2439,0.895852
1.29771,0.11384
1.3006,0.178196
1.26772,0.295898
1.26647,0.369611
1.26461,0.646395
1.31249,0.0749326
1.29564,0.00992269
1.25435,0.709496
1.28694,0.137363
1.23725,0.899529
1.28159,0.458436
1.32914,-0.034728
1.27054,0.122023
1.26204,0.754328
1.27903,0.495289
1.2513,0.683608
1.27403,0.612434
1.27915,0.27154
1.27631,0.428541
1.27087,0.725765
1.27963,0.321404
1.28827,0.1467
1.29848,0.114138
1.29236,0.433304
1.30469,0.169202
1.26083,0.631733
1.28134,0.31857
1.30318,0.374089
1.24139,0.981273
1.3161,0.0543082
1.28267,0.545987
1.26155,0.792715
1.29891,0.228184
1.30048,0.170341
1.2753,0.576686
1.30037,0.38787
1.26485,0.724283
1.268,0.556432
1.2815,0.420181
1.27738,0.93176
1.29342,0.210886
1.26829,0.600533
1.29976,0.250828
1.26646,0.609798
1.28513,0.692125
1.2755,0.43659
1.25303,1.13244
1.25951,0.591217
1.26955,0.536964
1.25896,0.61556
1.24597,0.800245
1.28673,0.564615
1.30582,0.611412
1.30963,0.0484401
1.29024,0.549651
1.26849,0.976173
1.26395,0.433136
1.29891,0.28405
1.28102,0.297116
1.28936,0.267651
1.28069,0.565333
1.30616,-0.0985842
1.271,0.785259
1.26761,0.254552
1.30465,-0.123451
1.29288,-0.0552457
1.27034,0.711008
1.25352,0.71694
1.25831,0.713454
1.2997,0.190435
1.28851,0.308371
1.2669,0.610618
1.29148,0.364596
1.30941,0.0984333
1.2881,0.428176
1.30469,0.190308
1.26771,0.67166
1.27884,0.387429
1.2623,0.462824
1.27765,0.691442
1.29113,0.308755
1.30665,-0.0236908
1.25259,0.50166
1.28112,0.357766
1.27594,0.359532
1.24073,1.19893
1.29977,0.110512
1.27343,0.452932
1.27404,0.417099
1.27124,0.511798
1.29645,0.442551
1.2803,0.172654
1.3061,0.0281784
1.28659,0.568219
1.25209,0.662405
1.27032,0.57532
1.25644,0.713436
1.23784,1.14249
1.27315,0.429803
1.27196,0.316446
1.27366,0.545492
1.2809,0.491891
1.27066,0.660653
1.26193,0.656902
1.26983,0.518836
1.29536,0.59819
1.27116,0.324787
1.27224,0.523439
1.30917,0.308558
1.27485,0.232379
1.28281,0.453485
1.2476,1.31034
1.28357,0.651797
1.25028,0.753546
1.28513,0.635852
1.30098,-0.0405933
1.25712,0.845309
1.27035,0.550388
1.33866,-0.310036
1.27386,0.664182
1.23554,1.03568
1.28066,0.670522
1.24694,1.01882
1.27422,0.557207
1.2491,0.910366
1.28237,0.874613
1.27921,0.532255
1.28016,0.518297
1.27395,0.705651
1.26242,0.26406
1.29161,0.146591
1.27624,0.389102
1.27969,0.365911
1.27985,0.50612
1.25066,0.364881
1.28163,0.581413
1.24004,1.12256
1.27853,0.649711
1.28846,0.49383
1.26804,0.794741
1.29257,0.270995
1.26779,0.581234
1.33022,-0.0225337
1.26294,0.609025
1.23386,0.91354
1.25631,0.74381
1.25282,0.842377
1.28925,0.440223
1.29654,0.139593
1.26655,0.520376
1.31609,-0.119366
1.2778,0.599422
1.26092,0.821016
1.28352,0.0937434
1.26417,0.649839
1.28771,0.373602
1.28427,0.688639
1.26174,0.429078
1.30703,-0.10839
1.27388,0.594318
1.3132,0.176641
1.28833,0.15976
1.25501,0.572459
1.28093,0.539738
1.25647,0.546304
1.28757,0.1945
1.27743,0.381037
1.25266,0.944665
1.28174,0.938851
1.30121,0.220058
1.28629,0.318226
1.28231,0.386052
1.25052,0.632527
1.29109,0.537639
1.26819,0.507681
1.30155,0.168647
1.29132,0.232303
1.28728,0.649996
1.2645,0.685882
1.2519,0.829151
1.313,0.0617569
1.28447,0.513962
1.27669,0.606828
1.30642,0.287757
1.30896,0.134628
1.23572,0.799104
1.2726,0.504841
1.28221,0.482581
1.29474,0.350858
1.26862,0.257002
1.28684,0.642631
1.28691,0.288488
1.27741,0.468806
1.26808,0.957723
1.25781,0.680427
1.26886,0.429841
1.31393,-0.0614207
1.31664,-0.0214709
1.30298,0.254294
1.27647,0.394599
1.28625,0.574745
1.27597,0.334331
1.26417,0.513116
1.28493,0.407179
1.24145,1.04535
1.33377,0.154414
1.32512,-0.0543498
1.28063,0.223535
1.28098,0.251425
1.29455,0.183612
1.25087,0.830995
1.29239,0.401877
1.25413,0.832126
1.2554,0.730783
1.26415,0.224683
1.3038,0.033118
1.27775,0.681929
1.2751,0.662013
1.28769,0.279366
1.23565,1.05117
1.27423,0.597793
1.27236,0.569769
1.2592,1.01293
1.29307,0.335235
1.33199,0.0113002
1.27721,0.41103
1.31611,-0.0821022
1.28897,0.332123
1.26671,0.659562
1.24142,1.07872
1.28496,0.395125
1.25514,0.731044
1.27682,0.562745
1.30935,0.2199
1.31598,-0.206664
1.26877,1.14365
1.28752,0.139403
1.26885,0.659081
1.21857,1.08141
1.27592,0.361583
1.31272,-0.0336325
1.29354,0.227658
1.2858,0.236292
1.25147,0.490391
1.28603,0.342363
1.26617,0.67973
1.30845,-0.109867
1.29609,0.626525
1.27222,0.363183
1.27355,0.361308
1.26417,0.547109
1.26868,0.647542
1.25493,0.589999
1.32322,-0.291314
1.27478,0.547361
1.23642,0.729877
1.29072,0.720349
1.28091,0.404626
1.2685,0.39498
1.29227,0.450974
1.27838,0.591857
1.28257,0.104681
1.30547,0.706484
1.30571,0.311322
1.28468,0.28493
1.26703,0.577681
1.27657,0.185674
1.28942,0.280744
1.25419,0.761695
1.25506,0.219962
1.28148,0.251111
1.26197,0.679456
1.3098,0.129794
1.29166,0.244188
1.25769,0.788273
1.25543,0.823985
1.26412,0.372316
1.29433,0.523506
1.24347,1.13566
1.2552,0.856913
1.26161,0.861545
1.3339,-0.10323
1.28674,0.53233
1.28327,0.0608228
1.24515,0.754019
1.28349,0.516375
1.33408,-0.231835
1.30103,0.200666
1.25448,0.600997
1.25042,0.435489
1.27868,0.496391
1.2821,0.368044
1.25851,0.702428
1.26649,0.413297
1.29,0.251832
1.28,0.617866
1.28325,0.293388
1.27686,0.539774
1.28948,0.325602
1.27388,0.56777
1.30152,0.317179
1.28934,-0.0386268
1.26366,0.417449
1.29278,0.0539091
1.32014,0.235427
1.29462,0.826022
1.2551,0.347221
1.2761,0.333176
1.29102,0.104836
1.27019,0.712586
1.28076,0.482398
1.25373,0.476418
1.29438,0.339725
1.23525,0.704643
1.27206,0.648693
1.29523,0.134964
1.2908,0.40539
1.25516,0.456544
1.30173,0.254478
1.2825,-0.048068
1.30652,0.0898522
1.2946,0.202723
1.24218,0.947789
1.2497,0.52777
1.24009,0.580969
1.26602,0.511086
1.29604,-0.149178
1.31385,0.201265
1.24769,0.695732
1.21373,1.28127
1.25513,0.846639
1.24495,0.773085
1.30889,-0.249361
1.29997,0.0962645
1.27089,0.723102
1.24428,1.14056
1.27468,0.267505
1.25154,0.778696
1.25238,0.707458
1.35576,-0.366347
1.28828,0.331203
1.29879,0.367524
1.27088,0.632893
1.29869,0.224302
1.30919,0.0146236
1.29907,0.0790855
1.30119,0.00716054
1.29425,0.0726132
1.25105,0.479386
1.26748,0.435678
1.296,0.186629
1.27844,0.376897
1.2974,0.554951
1.27805,0.294257
1.27785,0.373697
1.27371,0.537053
1.27397,0.568819
1.27634,0.571038
1.24056,0.915683
1.31587,0.130857
1.29065,0.185793
1.2852,0.208829
1.26294,0.444083
1.27069,0.600489
1.27249,0.240518
1.2837,0.516807
1.2839,0.48973
1.28835,0.404274
1.27248,0.443165
1.29566,0.514221
1.31847,0.0996658
1.28165,0.515844
1.29084,0.303956
1.26431,0.421143
1.26593,0.398211
1.30265,0.123631
1.30684,0.116257
1.22898,0.934772
1.28,0.375523
1.29087,0.66609
1.28004,0.760591
1.28608,0.31623
1.24766,0.581133
1.3133,0.114207
1.28946,0.279931
1.29923,0.199486
1.25172,0.847707
1.27325,0.428849
1.24783,0.655667
1.30965,-0.0735607
1.27562,0.353467
1.25622,0.596463
1.27318,0.546057
1.23708,0.47318
1.26478,0.596057
1.28341,0.377925
1.26758,0.574339
1.30388,0.307412
1.25953,0.402978
1.29351,0.414748
1.29596,0.7177
1.2922,0.0158058
1.24809,0.686084
1.27804,0.116877
1.27963,0.446217
1.28734,0.357823
1.28663,0.239666
1.28116,0.708946
1.3076,0.000144418
1.27938,0.61886
1.29586,0.0549635
1.30092,0.0251907
1.29534,0.113281
1.30122,0.425807
1.28105,-0.0329708
1.26198,0.74176
1.28301,0.174757
1.29636,0.352133
1.27759,0.169283
1.27868,0.515331
1.26693,0.534244
1.26418,0.700369
1.2852,0.38041
1.28754,0.437505
1.28977,0.0453625
1.25109,0.780006
1.26913,0.389272
1.27827,0.640593
1.2781,0.585824
1.2677,0.395329
1.24259,0.886367
1.27856,0.135176
1.29525,0.294458
1.30164,-0.117777
1.30381,0.0442167
1.2578,0.915127
1.28985,0.405344
1.31113,0.208252
1.26307,0.373128
1.32831,-0.179878
1.28301,-0.00630586
1.25264,0.806422
1.26896,0.38176
1.2597,0.843725
1.28207,0.538418
1.29272,0.545975
1.28717,0.42317
1.30713,0.446482
1.2759,0.333161
1.30224,0.0791028
1.32285,0.128104
1.25575,0.473548
1.27918,0.339901
1.28163,0.423469
1.31676,0.240401
1.25519,0.986539
1.3067,0.0470514
1.27368,0.549927
1.26984,0.634734
1.27478,0.459665
1.26005,0.565678
1.30394,0.109609
1.3105,0.0581685
1.26849,0.423391
1.30459,0.478938
1.28524,0.656854
1.29352,0.943651
1.26757,0.750527
1.33041,-0.200163
1.26354,0.650425
1.24526,0.860464
1.29178,0.532333
1.28889,0.240752
1.27571,0.421909
1.26816,0.761281
1.28365,0.670678
1.26922,0.838568
1.26493,0.586785
1.25312,0.719162
1.29751,0.495155
1.3105,0.0805306
1.26487,0.847901
1.28094,0.382063
1.2779,0.198688
1.25997,0.466157
1.30445,0.265435
1.26261,0.461255
1.23577,0.898957
1.24719,1.06265
1.29922,0.279663
1.2732,0.522829
1.28449,0.620132
1.23211,0.70954
1.27306,0.313488
1.28993,0.330786
1.25674,0.540408
1.24152,1.00714
1.28447,0.734129
1.27984,0.643333
1.261,0.570071
1.28162,0.363416
1.27447,0.68698
1.26955,0.498361
1.29316,0.401464
1.28286,0.424566
1.31674,0.0883043
1.30441,0.423074
1.28137,-0.0689997
1.25952,0.673825
1.26017,0.614034
1.30373,-0.162818
1.26848,0.626576
1.27453,0.1473
1.24498,0.726986
1.30762,-0.026422
1.28265,0.587186
1.28991,0.407862
1.31809,0.372226
1.3239,-0.0608081
1.2884,0.234768
1.3018,0.169547
1.26802,0.60462
1.2825,0.652329
1.29412,0.375309
1.30284,0.0642592
1.26531,0.538374
1.25408,0.461174
1.25061,0.744607
1.30913,-0.0798654
1.29603,0.287365
1.26967,0.672091
1.26357,0.826251
1.27827,0.559217
1.30758,0.034059
1.26977,0.71735
1.2828,0.163301
1.2748,0.757986
1.27791,0.17553
1.24927,0.738008
1.30726,0.0732325
1.31362,-0.0373885
1.27781,0.648307
1.29521,0.269701
1.30832,-0.128666
1.29268,0.644052
1.33385,-0.184083
1.27684,0.0979537
1.275,0.459769
1.28291,0.353303
1.28679,0.235361
1.282,0.544913
1.28494,0.183653
1.30541,0.291624
1.31439,-0.198753
1.22005,0.992174
1.2975,-0.132834
1.31684,-0.0788673
1.29208,0.134921
1.28008,0.561098
1.27625,0.304471
1.27138,0.647424
1.24662,0.770548
1.27961,0.473178
1.3031,0.0115873
1.31504,-0.168818
1.2846,0.101156
1.24052,1.10399
1.2984,0.279255
1.21908,1.43331
1.25618,0.620236
1.25709,0.55295
1.2688,0.514975
1.33383,0.186187
1.29258,0.294138
1.24125,0.865117
1.28792,0.423299
1.23168,0.828349
1.29901,0.107053
1.30055,0.275239
1.26405,0.365817
1.26417,0.676846
1.29643,0.517057
1.31129,0.0242275
1.24647,0.892091
1.29463,0.41629
1.27165,0.563202
1.26496,0.644876
1.27328,0.551211
1.2873,0.538252
1.24792,0.607273
1.28614,0.40187
1.25527,0.510722
1.28009,0.642717
1.27581,0.690239
1.24337,0.887616
1.2987,0.181895
1.25987,0.850505
1.29134,0.586891
1.27771,0.341357
1.30051,0.314413
1.26729,0.683095
1.2734,0.362106
1.3006,0.219677
1.26274,0.751046
1.27894,0.424035
1.29046,0.636725
1.28695,0.224743
1.28005,0.656141
1.29653,0.328472
1.27064,0.442034
1.2749,0.733915
1.26086,0.346891
1.2712,0.68011
1.28669,0.334703
1.25258,0.951906
1.31948,-0.0122037
1.26294,0.807385
1.25449,0.891435
1.27537,0.140775
1.2319,1.04569
1.29415,0.442833
1.25725,0.81818
1.29227,0.359813
1.26858,0.497324
1.23664,1.22832
1.29259,0.345317
1.29213,0.259711
1.34155,-0.457583
1.28032,0.825253
1.31242,0.218593
1.31136,0.137778
1.28605,0.261882
1.25653,0.803373
1.23898,1.17766
1.30611,0.273377
1.30327,-0.000330095
1.27833,0.732884
1.25612,0.779302
1.29874,0.496076
1.26245,0.863467
1.25722,0.756974
1.28272,0.596409
1.28328,0.317452
1.29121,0.0794303
1.29156,0.138873
1.27019,0.546786
1.27029,0.722649
1.3053,0.321319
1.28998,0.2345
1.25226,0.938688
1.29069,0.583379
1.27974,0.21961
1.24808,0.945306
1.27472,0.400176
1.26325,0.92294
1.25812,0.766616
1.26396,0.459195
1.27527,0.366257
1.27872,0.40338
1.26246,0.757416
1.27651,0.349002
1.30462,0.222293
1.27759,0.505153
1.26334,0.689931
1.28443,0.209037
1.26634,0.353988
1.26125,0.748363
1.26683,0.559852
1.2664,0.55641
1.31962,0.102277
1.27372,0.540443
1.30983,-0.273902
1.30352,0.104074
1.27121,0.638691
1.26044,0.539894
1.25644,0.63094
1.28613,0.311751
1.32859,-0.0365337
1.29538,0.277591
1.25884,0.743875
1.25925,1.00524
1.25891,0.615473
1.25339,0.887876
1.2472,0.982276
1.24279,0.662951
1.31852,-0.0406285
1.24257,0.90044
1.25552,0.689857
1.26516,0.99374
1.27076,0.770561
1.23096,0.903796
1.31798,0.149181
1.2911,0.292132
1.26252,0.878686
1.29851,0.20138
1.27112,0.393079
1.25228,0.871221
1.27775,0.263002
1.26647,0.68429
1.32893,-0.373651
1.28684,0.272726
1.25401,0.444385
1.25038,0.852435
1.28489,0.197111
1.30702,-0.0414338
1.26985,0.535331
1.25686,0.493665
1.26344,0.600906
1.28528,0.419508
1.28164,0.498287
1.26126,0.61646
1.25132,0.782028
1.24737,0.675677
1.24891,0.964815
1.28491,0.444951
1.2973,0.280104
1.28953,0.114731
1.28759,0.035673
1.25442,0.591527
1.27547,0.328697
1.27818,0.589196
1.29523,-0.0711137
1.28525,0.788055
1.2999,0.0880443
1.27183,0.507552
1.27235,0.269067
1.25997,0.758359
1.28278,0.344033
1.29252,0.59318
1.27933,0.29789
1.29001,0.337526
1.29023,0.231871
1.30653,0.0620834
1.27438,0.256013
1.28238,0.376057
1.26559,0.970366
1.31737,0.190158
1.27065,0.405218
1.27925,0.494333
1.2844,0.477059
1.26872,0.609045
1.26881,0.51719
1.27273,0.852483
1.30034,0.117785
1.26821,0.609835
1.27639,0.445599
1.28826,0.327304
1.27048,0.639451
1.26263,0.814277
1.32307,-0.0490243
1.32218,0.0517403
1.27688,0.333122
1.27756,0.488313
1.2579,0.452993
1.28932,0.0767142
1.24923,0.907327
1.2748,0.375721
1.24918,0.774117
1.25572,0.76955
1.26643,0.441315
1.27202,0.70943
1.29392,0.0176141
1.24959,0.791721
1.29707,0.399563
1.3004,0.200295
1.25886,0.587687
1.31281,0.0620812
1.26491,0.382204
1.29988,0.164418
1.27723,0.593016
1.29562,0.209901
1.28968,0.150638
1.23873,1.01717
1.3205,-0.0394929
1.26115,0.844833
1.26926,0.963143
1.29235,0.521322
1.25394,0.601665
1.2542,0.808946
1.24918,0.388077
1.26805,0.320399
1.27459,0.635448
1.29644,0.324359
1.32427,-0.0394642
1.25771,0.783855
1.26399,0.552604
1.27305,0.767107
1.24845,0.674368
1.25,1.00737
1.27989,0.517365
1.27635,0.427927
1.30227,0.253548
1.28472,0.50687
1.29779,-0.0623058
1.3256,-0.0915992
1.29174,0.244462
1.2602,0.524938
1.27093,0.361531
1.29457,0.663844
1.2764,0.440834
1.30122,0.244098
1.29675,-0.00538956
1.26198,0.781686
1.24319,0.856767
1.27903,0.412641
1.27314,0.596913
1.25402,0.879141
1.30015,0.0451193
1.26762,0.604738
1.28602,0.505295
1.28526,0.20095
1.2859,0.565378
1.28544,0.244388
1.28952,0.240321
1.2728,0.698337
1.28431,0.212184
1.31853,-0.102344
1.25878,0.602807
1.27012,0.803606
1.28181,0.355822
1.3187,-0.0224184
1.29649,0.5391
1.2717,0.983379
1.30521,0.113973
1.28046,0.467464
1.29524,0.495078
1.27413,0.484137
1.26775,0.483388
1.26387,0.969129
1.26918,0.535304
1.26987,0.663368
1.309,0.0728379
1.22738,1.10606
1.31063,0.492244
1.23011,0.998114
1.28975,0.26419
1.28219,0.403207
1.29579,0.33996
1.28238,0.384964
1.25889,0.419765
1.3043,0.285428
1.2649,0.598821
1.29534,0.00276736
1.28856,0.28617
1.26696,0.447638
1.27078,0.28039
1.24681,0.679347
1.27393,0.805507
