slope,intercept
1.0319,0.085626
0.968517,1.49222
1.07347,0.166157
1.04439,0.620774
1.05482,0.0713107
1.0686,0.112036
1.0176,0.490436
1.07051,0.440435
0.929151,0.550484
0.9955,0.810632
1.06539,-0.0613712
0.959261,0.785962
1.04598,0.365489
0.961779,1.48001
0.970393,0.928817
0.989079,1.1114
0.974107,0.533953
0.989073,0.946888
0.915839,1.55298
1.11416,0.528213
0.962703,1.11033
1.0445,0.376039
1.11471,-0.00156494
1.09279,0.907752
1.01931,0.98285
0.975624,1.28891
1.04434,0.869127
1.08112,-0.291718
1.02782,0.737327
1.03662,0.4444
1.04464,0.66534
1.05995,0.738463
0.955236,0.912608
1.03994,0.492481
1.06779,0.132695
0.940608,0.709696
0.981242,1.22209
1.1008,-0.712964
1.04422,0.493786
0.990236,0.989393
0.905166,1.29417
1.01386,0.804604
1.06469,0.783107
1.02267,1.21542
1.04881,0.444418
1.01582,0.622955
0.967331,1.24269
0.991685,0.883509
1.02063,0.351448
1.14671,-0.130961
0.946816,0.965829
1.02216,0.833743
0.944034,0.862597
1.00275,0.960348
1.02212,0.467862
0.997897,1.03142
0.977096,0.833019
1.09861,0.341767
1.0462,0.484248
0.975643,1.14061
1.03895,0.575763
1.0339,0.704749
0.960976,0.991018
0.902746,1.37178
1.06225,0.243791
0.998457,0.756865
0.943383,1.01386
1.02567,1.01691
1.09734,0.223298
1.01025,0.633653
1.07155,0.31282
0.956682,1.2749
0.972325,1.54927
1.02626,0.425495
1.0582,0.404454
1.08455,0.257576
1.00295,1.07315
1.03061,0.530018
0.962592,1.30848
1.02626,0.717217
0.918141,1.45695
1.10901,0.345146
0.995989,1.28587
1.043,0.437868
0.965513,1.27793
1.01077,0.984686
0.990479,-0.0615547
1.05082,0.421978
0.972021,1.25774
1.07399,0.495177
1.00196,0.65356
1.01249,0.966815
0.978943,0.77325
0.967073,1.03848
1.10807,0.294801
1.00232,0.896647
1.00559,0.35911
1.06756,-0.00262361
1.02706,0.802567
0.977894,0.846164
1.01781,0.965227
0.994866,1.12055
1.03583,0.955308
0.974454,0.997689
0.958343,1.02646
1.02334,0.775685
1.05036,0.740812
1.07463,0.651276
0.955052,0.900874
0.936863,1.14098
1.04295,0.70092
1.10842,0.305443
0.930434,1.04943
1.0625,0.216181
0.929378,1.1471
1.0218,0.618684
0.996559,1.18409
1.07558,-0.258373
1.01868,1.08865
0.96494,0.801606
1.06463,0.0562255
0.932856,1.4386
0.972556,0.394886
1.08319,0.595827
1.01664,0.359862
1.12058,0.322036
1.02909,0.864714
1.10314,0.730358
1.01916,0.630581
1.07522,0.0877709
1.04503,0.543226
1.01246,0.583179
1.00466,0.713469
0.986609,0.576828
1.06546,-0.0515048
0.979562,1.07696
1.05404,-0.025134
1.01703,1.16302
0.934098,1.37482
0.981459,1.30756
1.09201,0.14634
1.03174,0.821771
1.10497,0.638367
1.00439,1.01658
0.882699,1.78616
0.962281,1.12324
1.02775,0.44413
1.0769,0.387894
1.04443,0.132994
1.06084,0.769275
1.05101,0.29405
1.02837,0.652624
1.01297,0.992215
0.917108,1.20846
0.930475,1.65543
0.988581,0.83468
1.02485,0.875995
0.989936,1.10237
1.03932,0.630222
0.968908,0.889143
1.03224,0.350854
0.990788,0.970656
1.02824,1.21809
1.03663,0.819568
0.964623,1.25548
0.98654,0.475524
1.06015,0.415903
0.952236,1.30934
1.054,0.716586
1.01332,0.632991
1.02761,0.494319
0.95001,1.57123
1.09095,0.598607
1.05463,0.025563
1.0414,0.776415
1.07041,0.365868
0.988618,0.250988
1.00606,1.30914
1.01121,0.873194
1.011,0.532717
0.897924,1.15861
1.02754,0.907297
1.06476,0.4176
1.01163,0.925976
0.97624,1.32301
1.05997,0.350239
1.13257,0.182489
0.969374,0.943896
0.992787,1.3332
1.08232,0.540182
0.922427,1.50534
1.00168,0.883711
0.916874,1.72194
1.02539,0.676202
1.10449,0.306823
1.01094,1.23022
1.04682,0.414169
1.01045,0.984735
1.03814,0.702428
1.0151,0.670012
0.908629,1.37449
1.08993,0.439784
1.11617,0.427094
0.969951,0.933917
0.978463,1.05657
0.984864,1.02672
1.04532,0.698562
1.12815,0.047304
1.11074,-0.0556294
0.987038,1.00326
1.00384,0.456582
0.970943,1.37387
0.932465,1.6848
1.07423,0.395796
0.970995,0.791631
0.987427,0.874407
0.993775,0.904766
1.09318,0.443403
1.03999,0.843876
1.03162,0.844619
1.13975,-0.203261
0.950678,0.766445
0.923457,1.72374
0.922239,1.31711
0.99086,0.992422
1.06728,0.181571
1.0064,0.65846
1.14333,-0.0277784
0.968171,1.25826
1.08698,0.459989
1.00526,0.409197
0.986353,1.37429
0.965182,0.866064
1.06296,0.00180813
1.0547,0.333931
1.09985,0.269336
0.985961,0.452696
1.04356,0.675786
0.991582,1.13858
1.03719,0.811085
1.00285,0.497579
0.853049,1.6576
1.01485,0.720339
1.00278,1.07318
1.11642,-0.109093
1.06358,-0.100924
1.02129,1.178
0.995879,0.653183
0.990263,1.07434
1.02458,0.140286
1.04396,0.452891
0.958066,1.43469
0.9856,0.961075
1.06646,0.696974
1.08046,-0.10771
1.11128,0.101991
1.07753,0.553843
1.05552,0.299109
0.986645,1.02622
1.02985,0.842425
1.03846,0.416475
1.11546,0.129723
0.89093,1.86123
0.993908,0.657941
0.979702,0.799848
1.01184,0.787026
0.998166,1.08915
1.0008,0.312649
1.11173,-0.0323003
1.01274,0.947319
1.04689,0.362072
1.08844,0.121864
1.00767,0.650881
1.0136,0.420541
0.978583,0.995519
1.05969,0.399796
0.919839,1.15467
1.14247,-0.374786
1.01668,0.456472
0.865258,1.97542
1.08531,0.0816247
1.16022,0.10031
0.932754,1.7832
1.00737,0.49076
0.945346,1.16065
1.07562,-0.0950796
1.00835,0.740507
1.12641,0.0135358
0.937395,0.958134
0.978722,0.907753
0.948282,1.19919
0.944542,1.54269
0.941947,1.17317
1.06389,0.412371
1.00893,1.02492
1.00118,1.33121
0.949646,1.54996
0.915521,1.41216
1.04184,0.764983
0.939023,1.76955
1.06203,0.794394
0.946451,1.36322
1.01574,0.818257
1.04369,0.456726
0.977615,1.16914
1.01185,0.357929
0.973216,1.16452
1.02153,0.383969
1.03934,0.252398
0.944303,0.790275
0.93448,1.21159
1.11666,-0.42231
0.977393,0.71523
1.05414,0.447141
1.12072,0.284746
1.02701,-0.0312574
1.0279,0.803524
1.03236,0.583596
0.963493,0.722391
1.10301,0.244777
1.04117,1.21404
1.0689,0.697052
1.11973,0.22063
0.974888,0.811841
0.980887,0.864334
1.08314,0.121568
1.01038,0.418455
1.02515,1.12638
1.06494,0.474832
1.08182,0.244765
0.940696,1.09431
1.02715,0.905561
0.942951,1.50796
0.945443,1.05379
0.986668,1.2506
0.972134,0.637951
1.0397,0.845041
1.08486,0.356024
0.994796,0.920404
1.04011,0.786062
1.13513,-0.327363
1.05989,0.00861954
1.08207,0.701921
1.05116,0.321996
0.998106,0.719746
0.99324,0.579738
0.993776,1.08869
0.986626,1.4572
0.986048,1.32648
1.04741,0.234545
0.957136,0.748715
1.12254,-0.20036
1.05425,0.462375
1.05999,0.684858
1.09538,0.0467064
1.04294,0.473787
1.0633,0.910938
1.02574,0.923362
1.02836,0.893817
1.03865,1.123
1.0212,0.248442
1.03158,0.547188
1.06032,0.571518
1.07934,-0.117472
0.904904,1.34089
1.07145,0.651169
0.969354,0.748876
0.947733,0.65606
1.02761,0.903173
1.05315,0.882831
0.944249,1.56339
1.11365,0.588815
1.0066,0.76165
1.01109,0.539963
0.97497,1.30119
0.979023,0.653169
1.00887,0.785487
0.983417,1.09245
1.02686,0.68996
0.958726,1.09037
1.06229,0.369627
1.08284,0.712425
0.97316,0.809383
0.895551,1.7264
1.0732,0.384774
1.16257,-0.296587
1.12692,0.0293502
0.968078,1.02371
1.03135,0.697879
1.02699,1.24219
0.937911,1.07026
0.967156,0.602168
0.974304,1.13392
0.976127,0.782774
1.09553,-0.188999
0.925639,1.47186
0.985998,0.772803
0.936938,1.45209
0.939803,0.998556
0.992773,1.36367
1.02524,0.402949
1.0879,0.637415
1.00025,0.443993
1.12679,0.142548
0.97283,1.13305
0.984936,0.920939
0.975561,1.01012
0.967357,0.749947
1.0325,1.05668
1.0128,0.696316
1.04279,0.460225
1.01353,0.73486
1.06365,0.137602
1.02522,0.754193
1.04386,0.522175
1.11044,-0.0244951
1.03066,0.82114
0.946943,1.41418
1.03777,0.61017
1.00558,0.92693
0.958195,1.11768
1.13232,0.16994
1.04607,0.725134
1.03132,0.679667
1.02862,0.476447
1.02343,0.735851
1.00196,0.468403
0.953935,1.38702
1.08769,-0.262073
0.937317,1.10076
1.08737,0.580518
0.98403,1.20496
1.09967,0.597421
0.959282,1.99465
1.09797,0.123021
1.08488,0.307992
0.937318,1.50514
0.945272,1.20049
0.943646,1.46934
1.00422,0.787894
1.09043,0.416746
1.04236,0.0233999
1.00226,0.890864
0.949215,1.11964
1.00362,0.543678
0.998622,0.7154
0.961653,1.70315
1.16556,-0.130769
0.94488,1.11885
1.0539,0.255419
0.984237,0.749997
1.02026,0.388763
0.983901,1.40265
0.967476,1.16691
1.03709,0.222158
0.979932,1.15377
1.05588,0.226666
1.06872,-0.0239674
1.08757,0.3637
0.964532,0.769805
1.08546,1.06968
1.01526,1.24829
1.10191,0.139999
1.09312,0.426019
1.05902,0.551561
1.03512,0.740027
1.04135,0.406312
0.949696,1.04218
1.02932,1.11866
1.04297,0.16699
1.12762,-0.829882
0.998343,1.37005
0.992884,0.967202
1.02499,0.601194
0.919665,1.51418
0.979797,1.10696
1.09319,-0.032254
0.95995,1.0577
1.05353,0.595191
1.01747,0.968404
0.954601,1.11098
1.05269,0.544768
0.962741,0.875714
0.952339,1.48978
0.931809,1.48475
0.975676,0.958152
1.04137,0.658399
1.08012,0.327556
0.938006,1.56272
1.05562,1.03914
0.997249,0.981713
1.03607,0.689999
0.998824,1.22631
1.05222,0.943772
0.959834,1.17435
1.02904,0.328323
1.09163,0.0369596
1.09365,-0.281751
0.973157,1.15949
0.982088,1.72596
1.04734,0.724308
1.05603,0.13127
1.12073,0.147397
1.04032,0.862177
0.988745,0.721461
0.997227,0.701592
1.03001,0.591101
0.961532,0.742771
0.976855,1.37035
0.987893,0.763045
0.965253,0.739037
1.00223,0.552873
0.953171,0.942999
0.951184,1.29877
0.930831,1.14368
1.00049,0.715854
0.995286,0.658312
1.1191,0.163001
1.02001,0.390774
0.901516,1.52242
0.977311,0.981294
1.02692,0.763787
0.989154,0.55151
1.07999,0.294242
1.00187,0.715001
1.06412,0.626358
1.07937,0.315629
1.14126,0.168133
0.93247,1.58516
1.00169,0.474558
1.05193,0.309302
1.02312,0.401861
1.0018,1.26237
0.964216,0.86915
0.966234,1.29309
0.982982,0.942995
0.964459,0.870452
1.00656,0.847882
1.04625,0.0754969
1.12887,-0.295105
0.990217,1.32524
1.03333,0.683497
0.952821,1.43644
0.991694,1.16335
1.03584,0.657031
0.957476,1.62891
0.9821,1.17896
0.988227,0.617198
1.00967,1.19109
0.896951,1.33913
1.13969,-0.0692685
0.984014,1.11673
0.952617,1.27821
0.969256,1.28287
1.01702,0.794175
0.957131,1.29691
1.07116,-0.0620384
1.06114,0.325172
0.944966,1.373
0.977122,0.588793
1.03001,0.641456
1.02787,0.565666
0.980318,0.975082
0.960575,1.11229
1.06778,0.741029
1.08154,0.546608
1.00841,0.840276
0.9652,1.09325
1.03055,0.734043
0.963127,1.09465
1.03627,0.819041
1.00292,1.31318
0.983821,0.773577
1.1061,0.276517
1.04224,0.532241
1.01279,0.855384
1.05307,0.504471
1.00726,0.97849
0.964106,1.11565
0.979092,0.88817
1.02746,1.05018
1.02959,0.73611
0.965217,1.4117
0.998841,0.796256
1.03513,0.267527
0.932821,1.75523
1.045,0.347901
1.02937,0.573858
1.04681,0.657593
0.99062,0.684492
0.928105,1.51608
0.970351,1.17211
0.992795,0.58032
1.03494,0.788775
0.9299,1.37268
1.10185,-0.263298
0.985345,1.11115
1.05045,0.751293
1.06779,0.627633
1.02203,0.879481
0.884444,1.32693
1.02435,1.02978
1.14364,-0.117873
0.950355,0.880302
1.03674,1.14748
0.972478,1.14219
1.04774,0.608161
1.06274,0.391171
1.09165,0.426646
1.04449,0.286692
1.04896,0.557713
1.01414,0.663989
1.04339,0.544802
0.932574,1.20236
1.00831,0.3843
1.09402,0.19496
0.962886,1.00867
1.14282,-0.35654
1.017,1.07168
1.07399,0.153197
0.947727,1.29754
1.06919,0.15058
0.983229,0.954609
0.954256,1.34753
0.971538,0.889107
0.993521,0.743744
1.00494,1.13744
1.07338,0.152956
0.993801,0.768415
0.974921,0.730313
1.08133,0.0881962
0.976099,1.31986
1.05713,0.361108
1.01775,0.995255
0.963951,0.991746
0.952033,0.630745
0.956428,1.00951
1.05108,0.590049
1.02637,0.87723
0.96805,1.23816
0.968979,1.16154
1.02351,0.682172
1.03431,0.651945
1.06025,0.430382
1.00702,0.720697
1.14235,-0.100126
0.934924,1.21038
1.01796,0.554464
1.00023,0.259273
1.05641,0.219177
1.01286,0.621589
0.960423,0.910491
1.11441,0.0630848
1.04293,0.247681
1.13665,0.0970408
0.997253,1.15405
1.09637,0.0495412
1.09787,-0.131415
1.02831,0.838527
1.11728,0.00208762
1.06571,0.624495
0.931585,1.27518
1.07514,0.117047
1.01743,0.858209
0.975272,1.16183
1.06698,0.535916
0.969157,1.11512
1.05676,0.0739403
1.08392,0.859371
0.984199,0.622921
0.988927,1.21281
1.0734,-0.0612508
1.02167,0.401246
0.851953,1.40237
1.05696,0.460607
1.04858,0.922433
1.06765,0.509166
0.947921,0.853732
1.00083,0.707195
1.11842,0.203312
1.00991,0.399658
1.0315,0.528239
1.02477,0.877846
1.04464,0.891577
1.06809,0.40207
1.00791,0.694311
0.988061,0.870158
0.987443,0.943682
1.00819,0.894228
0.943306,1.6151
1.04302,0.682165
0.979871,1.24463
1.03598,0.639474
1.1103,-0.511096
0.937766,1.4902
1.09368,-0.0276257
0.9653,1.48159
1.0512,0.584599
1.11999,0.10519
0.98606,0.929446
1.1253,-0.179638
0.986512,0.446929
1.05876,0.509926
0.958502,0.919498
1.00145,0.978586
0.972999,1.06389
0.959763,0.787514
1.02557,0.816895
1.08144,0.647559
1.04565,0.745693
0.955892,1.07965
1.12022,-0.164477
0.956278,0.699753
0.99853,1.01273
0.961028,0.999963
0.984341,0.70703
1.06784,0.356142
1.03791,1.09548
1.0346,0.789105
0.98047,0.463801
1.0081,0.828563
1.10638,-0.499542
0.955839,1.08928
1.03675,0.424849
0.933168,1.56024
1.00478,1.24926
1.08144,0.538077
0.965361,1.61754
1.05172,0.134979
0.998714,0.756404
1.0189,0.61467
0.998662,0.741039
1.00522,0.626808
1.0422,1.25012
1.11133,-0.0160995
1.01816,0.583531
0.885406,1.61481
0.972283,1.12182
1.06792,0.297639
1.10569,0.192592
0.990629,1.16934
1.09071,0.464408
0.961289,0.859219
1.01833,0.713519
1.0765,-0.028397
1.04264,0.685216
0.965059,1.71033
1.04733,0.275014
0.946513,1.27664
1.05801,1.12508
1.03454,0.328407
0.977153,1.26301
0.969132,0.628477
1.00526,1.25489
0.94914,1.00027
1.01875,0.954759
1.03181,1.03246
1.08244,0.412736
0.854528,2.03299
0.985077,1.03574
0.932497,1.55959
0.983318,0.848483
1.10231,0.474087
0.941956,1.1902
1.03507,0.730164
1.04137,0.589055
0.979797,0.818052
1.05181,0.247237
1.14175,-0.485633
1.0281,0.590098
1.1336,0.249118
1.13324,0.237183
1.0394,0.414739
0.996476,0.68854
1.0913,-0.284884
1.07213,0.0629158
1.06113,0.52792
1.04745,0.634565
0.951623,1.40408
1.04656,0.30908
1.08851,0.292593
1.03331,0.136758
0.922,1.39664
1.08449,-0.0714782
1.05106,0.763892
1.03892,0.436344
1.19984,-0.0666078
1.08269,0.235161
1.05213,0.401844
1.03363,0.797853
1.08345,0.300521
0.994735,0.942067
1.06117,0.594796
0.984286,0.594243
1.06892,0.535274
1.0974,0.35707
0.989014,1.56578
0.943894,1.34982
1.00673,0.40479
0.949286,1.35481
0.974845,1.52074
0.971571,1.1834
0.978554,1.07035
1.05448,0.0835113
1.02096,0.640197
1.07158,0.252231
1.00084,0.963391
1.00943,1.11004
1.02827,0.661434
1.00651,0.384832
1.04848,0.48456
1.11674,0.107943
0.900197,1.62941
1.04776,0.693393
0.977273,1.04949
1.07542,-0.164015
1.09625,0.15069
1.03463,-0.176924
1.01462,1.0226
0.949403,1.60465
1.0493,0.327493
1.03808,0.580858
1.13143,0.0612729
0.987382,0.856348
1.08525,0.253568
0.997772,0.441047
1.09465,-0.0466922
0.997132,0.641694
1.1004,0.205491
0.878398,1.79712
1.03589,1.314
1.07635,0.469008
1.04947,0.521149
1.03483,0.785169
1.07529,0.736942
1.01624,1.20277
1.00317,1.24096
1.01238,0.931398
1.05353,0.292294
1.00508,0.500188
1.02713,0.768733
1.06868,0.218951
1.00508,1.25364
1.09482,-0.220802
0.925599,0.819302
1.07464,-0.0556562
1.09133,0.333588
1.09713,0.146772
0.976303,0.534239
1.04133,0.303715
1.06378,0.722995
1.00719,0.981532
1.08524,-0.447175
0.955625,1.27251
0.990686,0.790083
1.06745,0.232415
1.06871,0.429275
1.00197,1.03214
1.10118,0.232866
1.05444,0.605
1.1211,0.129579
0.903872,1.44554
1.01706,0.381441
0.951581,1.6399
1.04502,0.803238
0.966183,0.863249
1.03234,0.930304
1.0099,0.742289
1.03763,0.464061
1.00704,0.919601
0.999305,1.25966
1.0555,0.589722
1.06121,0.112658
1.006,0.804503
0.968853,0.923425
1.08076,0.195959
0.965301,1.21593
0.94434,1.89171
1.04528,0.456648
1.04491,0.452143
1.07605,0.0359969
1.06709,-0.0647312
1.0293,1.09165
0.942652,1.29911
1.11329,0.33286
0.932945,1.48364
1.00461,1.14822
0.996764,0.584619
1.08201,0.40483
1.21401,-0.602914
0.943883,1.07131
1.0612,0.293219
0.94508,1.55715
1.07064,0.47468
1.1111,-0.36162
1.00578,0.71255
0.96789,1.50858
0.999181,1.1446
1.08885,-0.140287
1.06372,0.603675
1.0942,0.124563
1.00183,0.941343
0.982382,1.37217
1.02048,0.818519
1.13239,-0.0813623
1.01689,1.07353
1.06716,0.476337
1.10768,0.247749
0.92641,1.9429
1.01502,0.426015
1.04345,1.05392
0.933015,1.48941
0.931538,1.40987
1.09588,0.578392
1.06241,0.336194
0.988175,0.787152
1.00547,0.653538
0.967057,1.2367
1.0401,0.550442
0.986719,1.10128
0.974449,1.0738
0.944633,0.928866
1.06533,0.543801
0.919784,1.71692
0.973884,1.23804
1.07393,0.222397
1.00392,0.308125
1.05085,0.997253
0.969104,0.833507
0.977922,1.25153
1.04945,0.596748
0.980245,0.813538
1.07236,0.290896
1.01898,-0.0331534
0.982727,1.22698
0.966093,1.10729
1.00178,1.0271
1.04984,0.0316024
1.02779,0.858354
1.07978,0.576917
0.988557,1.39366
1.07603,0.526102
0.996299,1.01368
1.16943,-0.0718189
0.948713,1.50342
1.02971,0.652879
1.02421,1.15543
1.05541,0.337812
1.03196,0.731997
1.02746,0.68775
1.11851,-0.0783877
0.90486,1.58135
0.96802,0.89819
0.974988,0.885421
1.04621,0.389871
1.09544,0.726826
1.0185,0.461232
1.03583,0.918327
0.970966,1.22348
1.08285,-0.0725205
0.98785,0.923411
1.02777,0.417986
1.03045,0.336162
1.04756,0.535481
1.04339,0.3574
0.962185,0.938262
0.950127,1.03573
1.00684,0.231079
1.02783,0.70553
0.988564,1.02946
1.01219,1.10431
1.04538,0.806459
0.96825,1.44469
0.994131,0.672387
1.09574,0.161268
1.02353,0.564157
1.09318,-0.0248971
1.05194,0.1254
0.991135,1.16639
1.06041,0.124983
0.990178,0.95813
0.977438,1.18457
1.08204,0.0352256
1.0153,0.627139
0.933889,1.22307
0.888429,1.70089
1.10724,0.0792721
1.0145,0.599844
0.968323,1.2267
1.04381,0.594813
1.07586,0.0946281
0.856842,2.33645
1.04797,0.340881
0.987662,0.44136
1.02084,0.879087
1.04826,0.434549
0.976951,0.677051
0.929493,1.32035
1.05817,0.489518
0.950638,1.15471
1.0577,0.459037
0.960022,1.19324
1.04611,0.426886
0.954196,1.304
0.968745,0.857262
1.12486,-0.159703
1.10538,0.3796
1.1323,0.00287676
1.11444,-0.168025
1.04334,0.346822
0.955814,1.13141
1.02787,0.0868653
1.05983,0.7436
0.954784,1.07683
1.03585,0.590694
1.02649,0.319572
0.976644,1.35255
1.05865,0.419699
0.960102,0.8371
1.02159,0.735222
1.02691,0.622216
0.894356,1.41689
0.932512,1.75681
1.00701,0.963261
1.0652,0.349089
1.03691,-0.116912
1.01145,0.418644
1.09536,0.188414
1.10028,0.0385631
0.994866,0.945031
1.10331,0.215944
0.965508,0.927494
1.12304,0.359085
1.05535,0.495444
0.984876,0.579996
1.04515,0.700175
1.09569,0.187073
1.04845,0.842276
0.987131,1.29776
1.03086,0.602136
1.04725,0.799315
1.11751,-0.470695
0.922716,1.30039
0.977472,1.31416
1.01338,0.641422
1.09015,0.212781
1.09522,0.0828529
1.03681,0.836338
1.04866,0.530295
1.03026,1.02431
0.980582,0.930977
1.04846,0.185584
1.12834,-0.180666
1.06777,0.39735
1.01899,0.0740959
0.98187,1.28658
0.98964,0.697751
1.11962,-0.575544
1.0874,0.698348
1.0394,0.720251
0.95787,0.943776
0.949271,1.01065
1.01352,1.08156
0.967393,1.32373
1.06777,0.226296
1.02117,1.3131
0.995818,0.417467
0.983173,1.18873
0.986753,0.854105
0.915735,1.03388
1.01782,0.584476
1.00128,0.818111
1.14256,-0.156482
1.11597,-0.509919
1.00874,1.00805
1.00306,0.992185
1.02113,0.744964
0.923764,1.34249
0.985393,0.595693
1.04021,0.247073
0.942171,1.46304
1.00189,0.74275
1.11187,0.254753
1.035,0.414136
1.00542,1.10469
1.08246,0.906358
1.02124,0.245043
1.0277,0.493227
1.07303,0.456987
0.998502,1.04114
0.96531,1.36845
1.03882,1.03763
1.01773,0.441101
1.03803,0.429504
0.977221,0.930467
0.992194,1.00734
0.981421,0.887222
1.05656,0.799382
1.04709,0.440936
1.06266,0.576491
1.02125,0.487535
1.00972,0.918591
0.938494,0.923464
1.05141,1.03319
1.02223,0.861135
0.994479,0.733124
0.983202,1.1971
1.0405,0.426935
1.01323,1.33989
1.02042,0.681325
0.973248,0.646224
0.939555,1.34946
1.00663,0.729984
1.08171,0.222313
1.114,0.358964
1.03053,-0.23991
1.00833,0.450741
0.969477,0.803091
1.04509,0.458302
1.05487,0.668599
1.04962,0.212899
1.04877,0.662114
1.01399,0.680178
1.03119,0.221721
0.985356,1.01845
0.98507,1.25969
1.09339,0.328221
1.0386,0.563969
0.983184,0.955285
1.12374,0.14179
1.06628,0.198723
1.00589,0.726609
0.99519,0.488347
1.0389,0.700568
0.965382,1.4626
0.970035,0.565525
0.955227,0.980158
0.946195,1.5222
0.995104,1.24449
0.984864,0.976384
1.03637,0.454103
1.05805,0.598302
0.947741,0.89218
1.14991,-0.284607
1.02763,0.441731
1.11707,0.195647
1.0591,0.23606
0.949444,1.11401
0.979323,1.04424
0.94454,0.747059
1.07119,0.200588
0.990868,1.20979
1.07341,0.184921
1.07793,0.543499
0.975399,0.790316
0.994142,0.949191
1.11449,-0.148263
0.979338,1.17631
1.0686,0.0148597
0.970123,1.67353
1.13563,0.123666
1.02793,0.210139
1.01611,0.157712
1.0206,0.507316
1.12366,-0.638012
1.05588,-0.0217819
1.07347,0.154078
0.945905,1.28026
1.03,0.690851
1.08205,0.14165
0.99484,0.887981
1.07218,0.628864
1.02113,1.27868
1.04957,0.904068
0.981635,0.777896
1.0446,1.2152
0.971911,0.921419
1.04117,0.986448
0.970585,1.01487
1.0115,0.494459
0.981401,1.2326
1.05315,0.180176
1.06603,0.621448
0.919226,1.52569
1.11833,0.0228192
1.08621,0.679825
0.964071,0.89149
1.15439,-0.433672
0.998736,1.15335
0.99113,1.02495
1.083,0.095346
1.05473,0.84672
0.964432,0.818904
0.914435,1.65037
1.05866,0.805248
1.05621,0.161642
0.959681,1.28355
1.06295,0.330317
0.987319,0.417123
1.08032,0.265861
0.951367,1.13453
1.02167,0.624099
1.06277,0.068121
1.03874,0.47773
1.12556,0.30203
1.0218,0.713247
0.999593,1.03438
0.850367,2.57328
0.992381,1.0735
1.03814,0.522137
1.00139,0.781227
0.936629,1.33093
0.989167,0.597894
0.970997,1.38732
1.07423,0.377336
1.02056,0.593898
0.926063,1.16264
1.11288,0.178049
1.0406,0.737553
0.985129,0.877275
1.10595,-0.0312271
1.01243,1.08061
0.894383,2.15804
1.06148,0.52827
0.973301,1.24938
0.972993,0.702512
0.974083,0.756551
1.10919,-0.0844775
1.01987,0.56854
1.01506,0.540313
1.03429,0.919871
1.04621,0.425372
1.03101,0.548269
1.07401,0.388366
0.972429,0.778442
1.01209,0.799282
0.945801,1.45331
1.02774,0.538279
1.02061,0.837763
0.971843,0.692004
1.02279,0.789071
1.06314,0.622408
1.05306,0.513512
1.02757,0.944408
0.991568,1.28782
0.982094,1.53944
1.05388,1.00534
0.993824,1.32808
0.986065,0.652689
0.993038,0.96501
1.1137,-0.239083
0.99805,1.07639
1.07163,0.598496
1.07611,0.220859
1.03817,0.381037
1.15124,0.0681539
0.978941,0.928628
1.05747,0.73759
0.95421,1.54039
1.00864,0.874855
1.08233,0.394014
0.999713,1.39834
0.987453,0.480014
1.01073,0.566101
1.04655,0.381637
0.894504,1.45908
0.976174,1.03437
0.943055,1.1204
1.01357,0.914011
1.0898,0.384667
0.932887,1.26295
0.9783,1.23653
0.987816,1.15033
1.01896,0.87425
0.975162,0.721742
1.02071,1.03187
1.01858,0.901123
1.04519,0.581229
0.968972,1.24943
0.909848,1.20367
0.87253,2.01324
0.985526,0.581497
0.929388,1.31489
1.03494,0.317879
0.949794,1.21152
1.07805,-0.101485
1.10109,-0.21834
1.02268,1.19142
1.03363,0.222286
1.13031,-0.249305
0.988021,1.10783
1.05399,0.051321
1.08378,-0.212174
1.1152,-0.141942
0.977663,0.977619
1.03757,0.585363
0.969643,1.11921
1.06086,0.456103
1.00971,0.766432
1.0454,0.653311
1.04261,0.522354
0.991305,1.24931
1.0593,0.811847
0.95148,1.32644
0.934653,1.29962
0.947445,1.41067
0.994411,0.825897
1.00121,1.21737
1.04936,0.837674
1.08619,0.00501752
1.04886,0.669919
1.10244,-0.176689
1.01745,1.07767
1.12775,-0.231816
0.97278,0.853711
1.00058,0.922368
0.993956,0.813234
0.981578,1.40027
1.03691,0.224927
0.926632,2.03497
1.01012,0.800253
1.08168,0.144934
1.02702,0.699794
1.07079,0.524339
1.07778,-0.0797185
1.06273,0.22768
1.02357,0.954362
0.974165,1.86647
1.01965,1.08249
1.03519,0.517019
1.02214,0.470412
0.977212,1.10006
1.01,0.860343
0.987525,0.760855
1.06982,0.521578
1.02097,0.951445
0.891516,1.80938
1.18664,-0.70773
1.02717,0.861958
0.940469,1.6081
1.11819,-0.791952
0.837363,2.03427
0.92262,1.88747
0.976594,1.15737
1.03862,0.64039
1.05524,0.215447
1.00981,0.853163
0.926788,1.87472
1.02584,0.865807
0.992418,0.376078
1.02605,0.720418
1.04719,0.329768
0.895397,1.52925
1.02247,0.200177
1.03921,-0.288687
0.964424,1.14662
0.906496,1.49406
0.984883,0.542161
0.930864,1.46264
0.996927,0.355734
0.9495,1.21198
0.935941,1.10584
1.04189,0.372226
1.00652,0.690971
1.00109,1.50434
0.997145,0.961721
1.03053,0.852919
1.062,0.693654
1.05557,0.367547
0.955208,0.994594
0.972668,1.00529
1.07005,0.586831
0.922822,1.23078
0.995562,1.32558
0.98187,0.505161
0.981508,1.15123
0.956038,2.12915
0.911204,1.05952
1.01107,0.793053
0.974166,1.47795
1.08036,0.120826
1.02551,0.634353
1.17266,-0.672342
1.03069,0.187432
0.978913,1.16661
1.04931,0.0628443
0.970618,1.18032
1.02238,0.757674
1.0611,0.315066
1.05728,0.432902
1.04056,0.116051
1.02259,0.68183
1.11371,0.571943
0.953403,1.03429
1.14641,-0.201254
0.979318,0.68854
1.05392,0.8925
0.933312,1.75243
0.924335,1.24873
0.9951,0.756436
1.03127,0.558237
1.0806,0.442154
1.08089,0.150402
1.06067,0.740769
0.912039,1.67426
0.972553,0.988021
1.13426,-0.308259
0.962753,1.5111
1.05735,0.886644
1.04091,0.649358
0.977285,1.01002
0.987965,0.890568
0.971035,0.894032
1.00983,0.656184
1.00823,0.528408
0.990459,1.2174
1.09381,0.47084
1.01204,0.577388
1.09864,0.401101
0.989341,0.512375
1.04812,0.431233
1.01383,1.0115
0.939328,1.02539
1.04163,0.226488
1.03244,0.913649
1.05542,0.433498
1.05517,0.657118
0.987905,0.759191
0.980696,0.576986
1.01475,1.01637
1.05754,-0.00178838
1.10161,0.092339
1.06537,-0.340279
1.01153,0.599543
1.08248,-0.190452
1.05428,0.557152
0.986118,1.18844
1.04728,0.507001
1.08618,0.403747
1.05114,0.660699
1.01749,0.727828
1.04516,0.00516149
1.08172,0.262873
1.05921,0.800257
1.02183,0.430401
0.992934,1.21151
1.0597,0.313503
1.02546,0.607317
0.949395,0.794505
1.07188,0.0758576
1.08031,0.332955
0.997252,1.15904
1.00723,1.12292
0.977391,0.867822
0.957185,1.57185
1.04415,0.369894
1.01901,0.57567
0.972281,1.30246
0.973288,0.917258
1.05882,0.209291
1.01999,-0.130511
0.943404,1.25396
0.987994,1.0519
1.07767,0.854103
1.0326,0.532529
1.05407,0.598706
1.01356,0.435512
1.00152,0.650504
0.952034,1.0639
1.08129,0.44375
1.06412,0.73636
0.998914,0.611925
1.08868,0.0274581
1.06854,0.149222
0.999206,0.883799
1.01107,0.889192
1.10706,-0.133827
1.10501,0.599104
0.981273,0.642343
1.09537,-0.0154954
0.973974,0.914449
1.05431,0.58931
0.95482,1.13456
1.07648,0.297722
1.09088,0.279885
1.03141,0.822001
0.898638,1.79367
0.996791,0.633111
1.14392,-0.143098
1.05376,0.358718
1.001,1.25606
1.05469,0.279873
0.923288,1.66609
1.0482,0.574496
1.02401,0.749546
0.984633,1.02143
0.971,1.39657
1.05576,0.803282
1.03622,0.350147
0.935173,1.28149
0.974848,0.993906
0.968791,0.339293
1.04666,0.0406451
1.02419,0.454038
1.05357,0.314561
1.07745,0.178767
1.07103,0.313909
1.06114,0.534736
0.986379,0.91532
1.00574,1.27843
0.970916,0.590703
0.982688,1.24276
0.949928,0.920281
1.0179,1.31734
0.947849,1.17215
1.02329,0.799188
1.12002,0.194634
0.971409,0.914937
0.979518,1.31949
1.12211,0.39478
1.04193,0.766815
1.06228,0.865069
1.00222,0.700019
1.10723,0.198559
1.04606,0.402355
0.97874,1.22645
0.993422,0.926507
1.05363,0.160774
0.987738,1.28256
1.0044,0.97854
1.08667,-0.074321
0.990131,0.899173
1.05151,0.255263
1.10115,0.282488
0.979998,0.696649
1.0447,0.603298
1.03397,1.03508
1.02355,0.44493
0.945763,1.23542
1.02051,0.903665
1.00639,1.12201
1.10425,-0.310883
1.09465,0.154573
1.01343,0.543035
1.12929,-0.409867
1.01211,0.764125
0.920113,1.13057
1.10461,-0.196323
1.00103,0.265528
1.03877,0.90736
0.958325,1.44815
1.05746,-0.0162044
1.01362,0.659328
1.14188,-0.257979
1.02913,0.243867
0.973818,1.30849
0.968608,1.14516
1.02324,1.2333
0.971176,0.889148
1.08253,0.418801
1.07552,0.268677
0.971785,0.898579
1.02629,0.394126
1.09642,0.256347
0.988743,1.57439
0.961148,1.02177
1.04701,0.625872
1.01117,0.749209
1.02459,0.257374
0.864104,1.74717
0.940595,1.69423
0.873458,1.78638
0.967222,0.605713
0.984506,1.06265
1.0591,0.538467
1.04336,0.472378
0.989711,0.86091
0.96072,1.04248
0.933212,1.92556
1.01587,0.598336
1.03748,0.547456
1.04357,0.117407
0.985099,0.71374
1.06326,0.476727
0.975217,0.904828
1.09357,-0.0323489
1.00349,0.772211
1.01288,1.33002
1.06337,0.0879394
1.01857,0.984911
1.03948,0.991295
1.13205,0.0451631
0.987645,0.626307
1.07263,0.204502
0.963078,1.28614
1.03815,0.935939
1.06128,0.28845
1.01316,1.01935
0.976025,1.31771
0.965433,1.09789
1.09647,0.133924
1.0127,0.561765
0.92942,0.951083
1.05933,0.328272
0.970412,0.848524
0.994816,0.940022
0.985795,1.10813
0.952108,1.17393
1.02536,0.486785
1.02093,0.604939
0.948786,1.72409
1.08698,0.288583
0.980407,0.111467
1.15135,-0.141231
0.998344,1.45212
1.06776,0.789402
0.906239,1.24552
1.0628,0.0590529
0.973965,0.914299
1.03129,0.506978
1.01281,0.540999
1.03098,0.817311
1.01056,0.232738
1.031,0.617639
1.04081,0.676325
1.08829,0.693303
1.12424,-0.149901
1.03081,0.639337
0.980321,0.405345
1.10103,0.700472
1.09802,0.27532
1.12627,0.342827
0.957708,1.41365
1.05272,0.329913
1.05087,0.389697
1.0521,1.07552
1.06497,0.122796
1.1383,-0.238523
0.978824,1.2332
1.05982,0.834151
0.956185,1.08913
1.03758,0.902644
0.945133,1.60711
0.929564,1.40367
1.08309,0.0707749
0.976984,1.17777
1.04249,0.682692
1.04924,1.08296
1.0592,0.438967
1.1869,-0.396378
1.14644,-0.812291
1.03837,0.77997
0.98776,0.748027
1.00227,0.980366
1.03707,0.689245
1.00274,0.837696
1.03274,0.61425
0.977929,0.976297
1.02457,0.770088
0.9281,1.19177
1.00021,0.822974
1.13106,0.429558
0.936414,1.29528
1.05635,0.55307
0.927972,1.051
1.08269,0.0566453
0.833145,2.18004
0.999295,1.16765
1.06598,0.33873
1.10029,0.241841
1.03499,0.528555
1.02326,0.334502
1.03387,0.853131
1.05693,0.861201
1.02272,0.750409
1.0865,-0.00595598
1.03538,0.72501
1.01559,0.547356
0.982874,1.1868
1.0488,0.50452
1.07666,0.287756
1.10311,0.762276
1.11471,0.552589
1.00671,0.79834
1.09618,-0.0368624
0.977238,1.10002
1.0738,0.993931
1.0319,0.408052
0.988359,0.668991
0.962828,1.05189
1.06907,0.322446
1.04967,0.333206
0.97405,1.09351
1.03513,0.125583
1.0906,0.190907
1.03816,0.59234
1.10792,0.357237
1.05007,0.316778
0.988111,0.892448
1.07439,0.318792
0.990507,1.13928
1.00559,0.641012
1.07276,0.12069
1.04097,0.418911
1.02583,0.768207
1.02978,1.09963
1.03743,0.880746
1.16211,-0.278648
1.13093,-0.228672
1.03465,1.31714
0.961936,0.817682
0.94232,1.65261
1.0089,1.24951
0.986879,0.853522
1.11214,0.148088
1.09974,-0.283311
0.978077,0.921107
1.00099,0.828596
1.01237,0.362644
1.07169,0.0218077
1.10059,-0.0407243
1.02901,0.713769
0.986248,0.967266
1.04227,0.935622
0.987825,0.860068
0.972869,1.50875
0.991151,0.903908
1.01855,0.275102
1.13854,0.170334
1.10921,0.334995
1.0672,0.881431
0.981535,1.1846
1.05716,0.140932
0.984249,0.878562
1.05413,0.237887
1.04007,0.885479
0.925304,1.49866
1.19834,-0.587616
1.04491,0.195025
1.05,0.21748
0.966596,0.982431
0.976994,0.99682
1.01856,1.05363
1.02233,1.28084
0.924536,1.56744
1.06824,0.147736
0.906454,1.69012
1.03073,1.02478
1.06935,0.363452
1.0664,0.616254
1.02832,0.6629
1.0651,0.330947
1.15909,-0.0202947
0.934537,1.53679
0.915534,1.45572
0.934803,1.28943
0.935069,1.29007
0.960976,1.5306
1.02089,0.293265
0.986463,0.833795
1.03471,0.392855
1.04132,0.139034
0.966395,0.498339
1.13719,0.40908
1.01545,0.613509
1.0363,0.241573
1.06932,0.182914
1.02012,1.27863
0.972658,0.483434
1.0285,0.5403
1.10069,-0.302322
0.951848,0.973964
0.996787,1.19035
0.904396,1.88041
1.00963,0.304865
1.01938,0.350269
1.09108,0.275202
0.983143,1.43511
1.02333,0.432688
1.03725,0.0787552
1.09423,0.100963
0.985178,0.476503
0.992054,0.999025
0.9426,0.828733
1.01021,0.733088
0.903239,1.52767
0.980546,0.69848
1.00019,0.552198
0.94536,1.26688
0.952801,1.49815
0.95995,0.793828
1.03904,0.668712
1.12103,-0.123687
1.10702,0.220704
1.0068,0.644822
1.09597,0.0989755
1.03581,0.270877
1.0963,0.352413
1.00931,0.92197
1.00244,0.472321
1.01527,0.900798
0.97168,1.41384
0.946864,1.31875
0.968082,1.20585
1.00579,0.994641
1.00539,0.938605
0.881407,1.87493
1.05443,0.373657
1.02015,0.231906
1.03618,1.55118
0.970438,1.67973
1.00496,0.583586
1.02951,0.525334
0.968425,0.833664
1.06851,0.956534
0.922773,1.1698
1.01828,1.14219
0.954445,1.55261
1.03484,0.576018
1.14827,-0.061304
1.01537,0.966849
1.04469,0.744147
1.01529,0.963368
1.054,0.746448
0.975242,0.664661
0.975834,1.35008
1.03867,1.04528
1.06921,0.538298
1.01856,0.842555
1.01644,0.805141
1.04711,0.646903
0.993356,0.744901
1.01084,0.552599
1.03297,0.124247
1.05068,0.594248
1.06973,0.486039
1.04976,0.628083
1.02711,1.12128
0.998298,0.962028
1.07363,-0.0171598
1.032,0.654429
0.917199,1.49538
1.0364,-0.148197
0.986612,0.966323
1.00776,0.982604
1.01987,0.623848
0.983264,0.876083
0.985273,0.925839
1.11374,0.491057
0.995853,1.39431
0.989931,1.09756
0.975318,0.977625
1.0401,0.507659
1.08876,-0.125719
0.989268,1.00138
1.04996,0.331942
0.922177,0.924137
0.991778,1.40227
1.02886,1.06405
1.02299,0.148555
1.07656,-0.0653829
1.12034,0.12627
1.02403,0.601665
1.05639,0.368932
1.06608,0.088519
0.957893,1.12265
1.04461,0.147218
1.20855,-0.714453
0.98137,1.20527
0.986808,0.705874
0.931566,0.940566
1.02058,0.5882
1.03393,1.12789
1.00908,1.06085
1.03252,0.207515
0.990782,0.799978
1.10376,-0.0389815
1.05238,0.361267
0.918717,1.03415
1.13244,-0.480107
1.06884,0.218472
1.03115,0.842633
0.965139,0.927493
0.950469,1.16744
1.07926,0.535564
1.05259,0.37835
1.06487,0.247625
0.988231,1.24514
0.957731,1.062
0.96317,1.57324
0.955587,1.45345
1.01825,0.868703
1.01484,0.993063
0.942925,1.17241
1.07711,0.121435
1.02898,0.489954
1.00572,0.192054
1.13281,-0.0596741
1.06745,0.137276
0.978471,1.33078
1.04681,0.643083
1.10705,0.254409
0.949225,1.3612
0.996679,0.582794
1.00545,0.796381
1.05159,0.852869
1.03879,0.200513
0.977731,0.766774
1.06653,0.212335
1.02939,0.559012
0.948618,1.38327
0.967535,0.955675
1.11503,-0.362924
0.92662,1.54281
1.08437,0.671345
0.958302,0.882121
1.11288,-0.315125
0.963353,0.675882
1.02622,0.50272
0.887041,1.55115
1.04544,0.105715
1.05776,0.729449
1.00853,0.512032
0.987004,0.521608
1.07059,0.609059
1.02474,0.927934
0.981955,1.40485
0.983601,0.718446
0.985206,1.12658
1.01518,0.36065
1.00043,1.02348
1.04585,0.331091
1.01254,0.657514
0.969776,1.61053
1.11766,-0.359612
0.993582,0.822344
1.02184,1.12181
1.08011,0.0512514
1.05213,1.0205
0.997106,0.637554
0.986825,1.14349
1.18167,-0.674175
0.949797,1.1987
0.984502,0.514335
0.916005,1.12969
1.04672,0.198808
1.06712,0.526372
0.974582,1.25637
1.06779,0.704729
1.04739,0.801028
1.04998,0.239272
1.04698,0.675885
1.02787,0.33468
1.06186,0.739266
1.07295,0.0128959
1.022,0.729633
1.08798,-0.0637753
1.08251,0.0820182
0.981263,1.23062
1.0225,0.504602
1.02609,0.869788
1.00699,0.411151
1.06019,0.40581
1.05703,0.752128
0.948538,1.56613
1.01155,0.145128
1.05683,0.0923909
1.00292,0.86947
1.0306,1.30508
0.947696,1.02444
1.07126,0.515728
0.98303,0.628843
0.972518,0.677614
0.900982,1.94355
1.01478,0.869424
0.945333,1.74618
1.05688,0.130849
0.971181,0.998114
0.982546,0.732708
0.962664,1.38535
1.06849,0.763708
1.02094,0.851599
1.06183,0.42081
1.03726,0.899725
1.01216,0.752658
1.01692,0.824846
1.08915,0.26455
0.959044,0.932314
1.02246,0.789633
1.09428,-0.0787802
0.926285,1.32122
1.0173,-0.0109712
0.981945,1.18116
1.12578,0.140428
0.894906,2.16735
0.983843,1.14264
0.960088,0.879601
1.1005,0.120156
0.996771,0.978023
1.04881,-0.109837
0.998539,0.737372
1.02666,0.600072
1.03057,1.03717
1.05322,0.702743
1.03315,0.755496
1.09287,0.0242265
1.01545,0.455084
0.982048,1.17
1.05398,0.74829
1.0126,0.510985
0.945236,1.35042
0.92084,1.55912
1.03958,0.13044
0.966677,1.17577
0.992106,0.962951
1.00164,0.951627
1.05718,0.422621
0.954784,0.82714
1.02343,0.797572
1.06971,0.377861
1.05423,0.0180368
1.05959,0.64354
0.969126,1.31005
1.01141,0.670604
1.0257,0.750271
0.927858,1.39132
1.0634,0.704794
0.981286,1.08369
0.993065,0.768433
1.01718,0.605804
1.08899,0.441005
0.984509,1.47189
1.04433,0.67721
1.00445,0.631693
0.950055,1.10748
1.01282,0.724842
0.999143,0.973276
1.06757,0.297826
0.937573,1.95353
1.03009,0.914925
0.97138,1.15944
0.963424,0.930422
1.04507,0.506172
0.927146,1.75913
0.960921,0.948985
0.976727,0.966391
0.987166,0.386165
0.907123,1.72373
0.959279,1.16598
0.957641,1.24129
1.1177,-0.110124
1.05815,0.133839
0.931191,1.24841
0.943644,0.705543
1.01645,0.942685
0.944282,1.36773
0.969788,1.2284
0.990137,1.18204
0.93629,1.10309
0.977302,1.57038
1.00136,1.09457
1.04484,0.685669
1.05096,0.397487
1.09068,-0.175195
1.10714,0.201528
1.04291,0.675988
0.996106,1.19908
0.981094,1.25985
1.02732,1.00732
1.0289,0.35246
0.972453,0.978494
0.962847,1.33855
1.04761,1.13608
1.20122,-0.642173
0.932825,1.57711
1.02668,0.631346
1.04872,0.27208
1.08231,0.727123
1.04848,0.230785
0.854996,1.48452
1.0125,0.495295
1.07607,0.450993
1.0894,0.23142
1.04106,0.5065
1.0892,0.024509
0.938442,1.17674
1.12143,0.108971
1.04057,0.523238
0.958769,1.39892
1.05901,0.3165
0.936267,1.32064
1.01266,0.584478
1.00817,0.529479
0.989484,1.28418
1.01535,1.299
1.07443,0.33241
1.05291,0.92791
0.994558,0.962101
1.02061,0.929121
0.975921,0.878706
1.0541,0.497946
0.98113,0.887304
0.981194,0.92081
1.12604,-0.39388
0.962438,1.39388
1.04651,0.506534
1.05627,0.196306
1.0429,0.913833
0.946616,1.28103
0.928894,1.54871
1.02665,0.555474
0.969125,1.1011
1.02087,1.22325
0.991451,0.81174
0.957724,1.19117
1.00721,1.00575
1.13355,0.0489486
1.06597,-0.384279
0.973706,1.2433
1.0894,0.0745183
0.972348,1.27099
1.00112,0.390502
1.0045,0.714788
1.0778,0.341564
0.965673,1.45104
1.05816,1.09612
1.045,0.188968
1.0783,0.379867
0.922009,1.09583
1.01764,0.71787
0.997692,1.24278
0.99768,1.00971
0.989593,0.294107
1.05789,0.47022
1.11844,-0.041198
1.1508,-0.148964
1.02035,0.72895
0.995599,1.33463
1.06063,0.201573
1.1191,-0.288256
1.01423,0.697703
0.923484,1.09832
1.05613,0.657431
1.08787,0.51086
1.01696,0.759248
1.02191,1.11759
1.03567,0.746368
0.946488,1.52562
0.96246,0.708814
1.08764,0.0780004
1.0582,0.1347
1.08679,-0.294018
1.02496,0.236432
0.99086,1.20213
1.07162,0.550931
0.974939,1.17513
1.03096,0.725593
1.03262,0.933927
1.02851,0.896809
1.06375,1.04713
0.946773,1.21146
1.1149,0.0557167
1.05035,0.580923
1.04798,0.53363
1.06386,0.739499
1.04471,0.647423
1.02038,0.645454
0.996974,0.791376
1.01234,1.05629
0.99949,1.04424
1.07463,0.726916
1.03099,0.349931
1.07232,0.56442
0.933818,1.22054
0.923111,1.15117
1.05749,0.217459
0.958783,0.880472
0.992172,1.3934
0.975188,1.10352
1.01711,0.776674
1.05992,0.31601
0.993207,0.83193
1.06399,0.0402216
1.06305,0.602031
0.97065,1.24092
0.979649,1.17975
1.04275,0.738091
1.12387,0.550927
1.09895,0.0759488
0.942318,0.928749
1.04024,0.52387
1.05135,0.549211
0.977202,0.395002
1.09495,-0.0997025
1.0157,1.22138
0.98543,0.908085
0.9312,1.28705
1.07443,0.355015
0.947166,1.60481
0.967928,0.900283
1.07291,0.07416
0.983615,0.966832
0.950179,1.11096
0.950057,0.494458
1.04581,0.732237
1.00668,0.887931
0.987033,0.837921
1.08281,0.46483
1.02048,1.09317
0.982989,0.842221
1.00638,1.07015
0.973184,1.24957
1.0664,0.269962
1.01987,0.583327
1.06575,0.304428
1.06988,0.200551
1.10335,-0.0701168
0.967694,0.49124
0.95201,1.15699
1.04739,0.505135
1.05031,0.450846
1.00027,1.04275
1.01655,0.706031
1.03538,0.887816
0.980598,0.784985
1.04057,0.391611
1.08197,-0.118239
1.0448,0.555279
0.996188,0.575581
1.01974,0.497731
1.00789,1.34928
1.04856,0.557814
0.888971,1.34884
1.11853,0.225712
1.05899,0.232625
1.07494,0.0636869
1.06171,-0.332178
1.00934,0.612967
0.903513,1.56986
1.14774,-0.177208
1.07173,0.176888
0.957953,1.44625
0.94892,0.936338
1.00472,1.05932
1.00573,0.693717
1.04586,0.418962
1.02359,1.07261
0.972757,0.856807
0.954634,1.12585
1.06022,0.0907103
0.941292,0.853051
0.923575,1.18797
0.907585,1.32246
1.10418,-0.497979
1.01415,1.12213
1.02233,0.51508
0.999891,1.14174
1.08279,0.441675
1.07828,0.776268
1.04628,0.488506
1.09821,0.29955
1.16914,-0.686427
1.00581,0.882123
1.01224,0.925571
1.03153,0.396051
0.987315,0.542587
0.957519,0.705989
0.937904,1.30941
1.05758,0.417892
0.978356,1.02934
1.01792,1.35605
1.05433,0.421629
0.93782,2.07957
0.960697,0.549505
1.05055,0.0524421
1.06312,0.326154
0.992224,1.02501
1.07869,0.620228
1.05284,0.551563
1.05671,0.434508
1.11418,0.0952357
1.00074,0.908746
1.13311,0.23582
1.01826,0.472564
1.05002,-0.011413
0.984645,1.22679
1.04771,0.183676
1.10216,0.070795
0.919319,1.46582
1.02133,0.612223
1.01566,0.73937
1.09047,0.161102
0.991877,0.699587
0.981448,1.54665
0.979079,1.19642
1.0313,0.895614
0.979495,0.686061
1.00868,0.662244
0.999739,1.20463
1.12547,0.156597
1.07946,-0.0195246
0.944669,1.01245
0.9755,1.46415
1.01382,1.05224
1.03,0.310201
1.04052,0.791165
1.04394,0.396535
1.05586,0.460139
1.00159,1.20347
1.12045,0.110124
0.962982,0.15521
0.94471,1.05506
1.07312,0.251823
1.0382,0.659255
0.946947,0.727871
1.03466,0.564819
1.09056,0.410362
1.07829,0.309252
1.05991,-0.104799
1.04865,0.444657
1.03601,0.601848
0.980837,1.07526
0.980358,1.04751
1.03377,0.915695
0.953879,0.355897
1.00916,1.10051
0.953241,1.40837
1.06382,0.703336
0.975821,1.11787
1.02168,0.691572
0.993508,1.10363
1.03108,0.864017
0.936568,1.40424
1.05866,0.377251
0.984562,0.968399
1.15572,-0.580843
0.95546,1.1391
1.01092,0.622624
1.02498,0.055638
1.09795,0.185723
1.09483,0.203352
1.00588,0.723213
0.926768,1.93385
1.01867,0.504842
1.04648,0.501369
1.07047,-0.0535368
1.02287,0.79145
1.03509,0.249673
1.03203,0.932921
0.945404,1.3517
1.05153,0.350254
1.0142,0.989684
0.972862,1.09307
1.07047,0.840427
0.997009,0.858372
1.05034,0.773334
1.03263,0.621131
1.05644,0.841249
1.06545,0.642423
1.07015,0.185758
1.06189,0.206731
1.09337,0.61081
1.00516,1.24439
1.06559,0.319256
1.07452,0.583006
0.989084,0.309031
1.0466,-0.0332317
1.09406,0.362375
1.04123,0.566689
1.0913,0.288886
1.0412,0.803848
1.05461,0.623688
1.00732,0.409628
1.01166,1.00763
0.981101,1.00027
1.08048,0.674519
0.969702,0.809863
0.961756,1.50082
1.12135,0.121929
0.986482,1.68264
0.982754,1.44223
1.09886,0.234561
1.07581,0.345701
1.09804,-0.12063
0.965478,0.721978
1.01212,0.456015
0.985965,1.13089
1.01104,1.19193
0.984697,0.915283
1.06336,0.00545245
0.963778,1.16514
1.01273,1.09486
1.02764,0.725615
1.03281,0.493744
1.05773,0.698998
0.979236,1.166
1.06145,0.507304
1.01423,1.21125
0.991306,0.884907
0.971198,0.748278
1.06674,0.869344
0.927184,1.56468
0.995134,1.60656
1.03123,0.930661
0.949984,0.974495
1.06232,0.178958
0.979645,0.490255
1.04734,0.367238
1.05314,0.598573
1.01888,1.20492
0.995831,0.49948
1.08279,0.409743
0.957155,1.09172
1.00429,0.773441
1.07773,0.243277
0.932972,1.27527
1.01215,1.11169
0.99114,0.931499
1.07981,0.265499
0.986071,1.15764
1.10289,0.249371
1.07701,0.581772
1.06267,0.44239
1.1156,-0.118625
1.00942,0.596647
1.0309,1.0597
1.00253,1.43525
1.06665,0.196282
1.01891,0.255387
0.976899,1.0414
1.09367,-0.280992
0.954916,0.940505
1.05858,0.122238
1.11844,0.300612
1.04455,0.684162
1.13509,-0.147239
0.969492,1.14242
0.927728,1.643
0.990558,1.37472
0.940735,1.37056
1.00888,0.888401
1.01847,0.539722
0.816385,2.08577
0.994271,0.686291
1.07401,0.0985743
0.97443,1.19982
0.996162,1.0768
0.932307,1.13843
0.954883,1.23359
0.993508,0.990258
1.00207,0.75629
0.943304,1.10964
1.0061,0.955049
0.99689,1.27707
1.12705,-0.248468
0.995517,0.910822
0.99815,1.29991
1.10496,0.277869
0.9961,1.70313
0.933629,1.3609
1.09447,-0.0505922
1.01543,1.14569
1.01536,0.914049
1.02341,0.0731814
1.05852,0.118889
0.991868,1.34534
0.979837,1.13874
1.02515,0.611568
1.13967,-0.577334
0.996337,0.698828
0.985597,1.05239
1.00683,1.27437
0.997949,0.900509
1.01306,0.554657
1.08137,0.098607
1.05059,0.404253
1.13023,-0.451976
1.07492,0.0141073
1.03243,0.686133
0.983182,1.15156
1.02401,0.40837
1.07442,0.673666
0.958087,0.858299
1.04675,0.263826
1.10356,-0.291767
1.04442,0.580459
1.10564,0.361449
1.01995,0.591001
0.926047,0.818488
1.01062,0.824403
1.03409,0.828694
1.08355,0.0929154
0.958965,1.34773
1.07749,0.731412
1.06449,0.237529
1.08318,0.153824
0.96465,1.04212
1.01197,0.549397
0.966402,1.54445
0.966448,0.62739
0.988193,0.95735
0.876691,2.0945
1.0638,0.0405555
1.09243,0.401384
0.962834,1.502
0.962577,0.573269
1.05982,0.181168
1.14022,-0.335945
1.13371,0.0703605
0.981794,0.932883
1.05775,0.57198
1.05662,0.630027
0.96395,1.06751
0.976533,1.49258
1.08224,0.451604
0.955808,1.37784
1.06504,0.824428
1.08176,0.702528
1.07407,0.254564
0.981162,0.637954
0.993206,0.301138
0.890916,1.31804
1.06171,0.22789
0.994324,0.269207
1.06525,0.419465
1.1075,-0.667534
0.99324,0.84655
0.991485,0.6471
1.08042,0.674799
1.06805,0.603441
0.99655,0.608429
1.08913,0.449129
1.00753,1.22084
1.10485,0.11921
1.01955,0.56304
1.03196,0.4422
0.984761,1.35124
1.01645,0.440861
1.05121,0.324307
1.00467,1.24467
1.13694,0.242385
1.02336,1.07733
0.930342,1.58084
1.05612,0.690824
1.10556,0.251039
1.06184,0.471483
1.04087,0.487616
0.892942,1.098
1.04801,0.640324
1.001,0.592811
0.911448,1.3402
1.06975,0.434354
1.01925,0.773562
0.865815,1.76541
1.02549,0.635015
1.10295,-0.302805
1.11048,0.281096
1.01828,0.589074
0.97407,1.19547
0.963161,0.777423
1.10011,0.102416
1.1358,-0.332701
0.912705,1.32676
0.943429,1.56926
0.883911,1.40498
1.00047,0.467941
1.01272,0.898654
1.01295,0.628487
1.06007,-0.0448984
1.1015,0.410584
1.04708,0.461959
1.02953,0.911294
1.10363,0.352361
1.03429,0.784491
0.978023,1.28078
0.993453,1.34967
1.02563,0.513582
1.0598,0.553389
0.994592,1.20581
1.03318,0.486846
0.920594,1.59377
1.00762,1.1768
0.930593,2.04006
0.969417,1.33033
1.16186,-0.287944
1.04129,0.952855
0.999635,0.993537
1.09621,-0.0976061
1.02808,0.740058
1.02834,0.427843
1.08187,0.0544349
1.05433,0.845894
1.03489,0.668101
1.08893,0.134386
0.992165,0.933167
1.02508,0.954543
0.935302,1.2504
1.08986,0.0091868
1.01033,0.887522
1.10416,0.239026
1.00818,1.11147
1.03929,0.372429
1.03891,0.885766
1.07169,-0.203842
0.970911,1.33099
1.04255,0.971218
0.917728,1.44327
1.06372,0.0695092
1.10322,0.435534
1.01978,1.19314
0.977004,1.2245
1.01517,0.920598
0.965116,1.1742
1.0937,0.242368
0.988575,0.955619
1.01476,0.98385
0.989489,1.41453
1.12414,0.366392
1.00555,0.567704
1.00951,0.709271
0.820191,2.37395
0.981196,1.11526
0.960824,1.47083
0.953166,1.13946
1.01194,0.345951
1.01504,0.855021
1.01308,1.07971
1.05383,0.321547
0.91715,1.42159
0.96508,1.01795
0.979335,1.02899
1.04101,0.533363
0.932291,0.994268
1.15595,-0.669495
1.02022,1.01063
0.930515,1.53057
1.06239,0.786979
1.08391,0.52147
1.01452,0.414701
1.09298,0.332933
1.01618,0.836468
0.973882,0.544595
1.00741,1.06666
0.955902,1.83551
0.987289,1.20951
1.04969,0.756685
1.11787,-0.00176658
1.00348,0.691854
1.03416,0.396307
1.04206,-0.0208557
0.96091,0.87473
0.991047,0.698832
1.19247,-0.380527
1.00706,1.09353
1.01781,0.68341
1.07619,0.420476
0.983874,1.09777
1.06509,0.348237
0.982432,0.718629
1.10509,0.637834
0.98643,0.784006
0.928916,0.95918
0.945962,1.51738
1.06283,0.655696
0.970905,0.353829
1.05114,0.473074
0.980156,1.2192
0.994793,1.20505
1.00718,1.15915
1.08744,0.68425
1.01929,0.531829
1.00647,0.448918
1.02803,0.391334
1.01941,0.743162
0.965426,1.4762
1.09362,0.172294
1.00636,0.539522
1.12141,0.083387
1.02295,0.721736
0.987493,1.03386
1.01558,0.872807
0.977079,0.923322
0.938838,1.41141
0.954374,1.53721
0.969201,1.50105
0.984081,1.22291
1.02477,0.318512
1.07516,0.538074
1.01921,0.717629
1.08704,0.278997
1.03994,0.367397
0.978434,0.839291
1.08102,-0.232739
0.942519,1.60799
1.03688,0.539817
1.02522,0.992335
0.937433,0.795026
1.07877,0.372977
1.12746,0.209199
0.967527,1.11276
1.10483,-0.62723
0.982005,0.958328
1.08505,-0.130619
0.940464,0.903456
0.934052,1.64778
0.959171,0.801041
1.05506,0.789691
0.956949,0.763385
1.02658,0.307947
1.06784,0.0864713
1.09701,0.167864
0.962311,1.35305
0.960822,0.893642
1.00145,1.25463
1.03167,0.642051
1.02188,0.942492
0.991461,1.07333
0.960449,1.58814
1.12213,0.383827
0.995573,0.787614
1.03039,0.801085
0.961448,1.4413
1.09162,-0.0601257
1.06935,0.942141
1.0113,0.600359
0.92564,1.22236
1.0271,0.465215
1.10937,0.160329
1.06438,0.632219
0.988824,1.20079
0.965726,0.72914
1.02209,0.790059
1.00028,0.982421
0.990153,0.946659
1.04561,0.709526
1.01573,0.556314
0.972869,0.941974
0.964273,1.06492
1.0723,0.649454
0.937344,1.18573
1.09945,0.497447
0.981537,1.19975
1.01588,0.60009
0.936322,1.0756
1.08112,-0.133819
0.992557,1.12043
1.10061,0.628145
1.07897,0.137392
1.01983,0.917103
1.00733,1.28616
0.983452,0.865842
0.945212,0.923383
1.00145,0.53628
1.06099,0.837643
0.949223,1.04854
1.03273,0.722877
1.00627,1.00561
1.00533,0.751076
1.05807,0.917504
1.05811,-0.0941105
0.978566,1.16672
0.978046,0.97779
1.07624,0.619998
1.08365,0.309384
1.01598,0.847525
1.08084,0.8542
1.06918,0.562498
1.00917,0.683191
1.00022,0.77132
0.991825,0.824529
1.00473,0.487776
1.07427,-0.0433133
1.07556,0.351596
0.986119,0.518968
0.876685,1.75241
1.13895,-0.397604
0.982211,0.649603
0.999621,0.551545
0.997318,1.64189
0.936479,1.35312
0.984498,0.926212
1.02319,0.861383
1.011,0.718424
1.01542,0.997149
0.924432,1.62243
0.999793,1.02067
0.994063,1.33129
0.861477,1.8223
1.06691,0.29688
1.02426,0.344704
0.996962,0.403892
0.953194,1.06757
1.07464,0.401922
0.981981,0.855661
0.956183,0.972649
1.07921,0.0128645
1.01615,0.758066
1.02019,0.254667
0.997656,0.965393
1.12637,-0.263396
1.00294,0.912074
0.998178,0.983834
1.01615,1.17886
0.997286,1.10079
0.97486,0.763454
1.10323,-0.0296167
0.953838,1.24968
1.11542,-0.181411
1.0999,0.328354
1.10416,-0.437281
0.912461,1.62446
1.00097,0.823358
1.10331,0.189549
0.996424,0.567323
1.02926,0.592429
1.00166,1.14226
1.04279,0.658271
1.04215,0.263313
1.07396,0.356026
1.06885,0.536022
0.957309,1.16805
0.95171,1.41167
1.07547,0.387774
1.12435,-0.681078
1.11824,-0.306885
1.05713,0.539794
0.943594,1.48889
1.0027,1.37427
1.01572,0.673196
0.930699,1.50113
1.03109,0.381497
1.03736,0.491335
0.979234,0.953527
1.08111,0.379904
0.976636,1.32299
0.93255,1.83935
1.02713,0.948294
1.08191,0.637376
1.00997,0.914635
1.0505,0.41077
1.0694,0.176056
0.982334,0.911568
0.933201,1.47009
1.14669,0.404224
0.942036,1.07221
0.985184,1.44557
1.05024,0.737108
1.08618,-0.102648
1.08385,-0.0168849
1.02423,0.584737
0.980291,0.785964
1.04324,0.639009
1.033,1.05313
1.01582,0.811873
0.951709,1.56448
1.06519,0.371713
0.975483,0.953773
1.03185,0.824403
1.13756,0.41508
0.985717,1.03736
1.12244,0.276656
1.02053,1.39939
0.971621,1.54979
1.10273,0.405107
0.921848,1.70671
1.03237,0.948368
1.0193,1.05223
1.07089,0.233713
1.02991,1.08737
0.996909,1.03441
1.07601,0.235567
1.04103,0.758373
1.13305,0.0389814
1.11705,0.0206736
1.06599,1.01544
0.900639,2.03047
0.975701,1.17358
1.0149,0.796491
0.991676,0.947615
1.0088,1.04299
1.01184,0.854696
1.06598,0.884555
1.06891,0.346805
1.10367,0.21562
1.1261,-0.357602
0.97684,1.35558
1.06685,-0.176808
1.01285,1.17153
0.998911,0.87454
1.08126,-0.00840964
0.990721,0.74456
1.05349,0.422209
0.924081,1.82484
1.01111,0.420722
1.00142,0.742336
1.02145,0.0941813
1.04428,0.720256
0.999648,1.10506
1.09024,0.0473675
0.977441,0.506221
1.0776,0.195191
0.986373,0.92921
0.995505,0.723291
0.990264,1.53929
1.1224,-0.459376
0.978558,1.63169
1.06517,0.633429
1.07387,0.127354
0.988571,1.07339
1.04408,1.16471
1.08144,-0.212637
1.00432,0.774756
1.14454,0.068721
1.07331,-0.145489
0.876351,1.13036
1.11767,-0.547444
1.00619,1.25823
0.97164,1.18182
0.969093,1.47984
0.987972,0.650775
0.904501,1.53228
1.08085,0.421799
0.988584,0.971231
1.03178,0.501573
1.05037,0.0198583
1.07887,0.612068
1.00042,1.05135
1.10315,0.177893
1.00297,1.09634
1.09063,0.241044
0.972594,1.2252
0.991027,0.809831
0.967167,0.816344
1.0344,0.818652
1.06434,0.0871962
1.03993,0.521234
0.982308,0.40544
1.06599,0.683068
0.928376,1.58198
1.02815,0.82076
1.08386,0.359316
1.10469,-0.233409
0.932526,1.02843
0.923311,0.975027
0.97996,1.15209
0.985446,1.32322
1.09695,0.309697
0.98675,1.2602
0.925344,1.1982
1.0477,0.788899
1.06078,0.788472
1.10674,-0.39505
0.979268,0.857829
0.994386,0.757491
0.980023,1.06921
1.01405,0.487306
1.01982,0.952687
1.01451,0.37032
0.951485,0.884366
1.01434,0.748378
1.06337,-0.0116327
1.07481,0.0895798
1.01734,0.94748
0.983009,0.838404
1.04643,0.521116
1.08714,-0.0757262
0.991207,1.21076
1.04315,0.51433
0.994808,0.471049
1.09874,-0.0267404
1.09119,0.272065
0.948359,1.60139
1.08134,0.812565
0.95991,1.27256
1.02584,0.758198
1.05195,0.364467
1.07664,0.411221
1.05515,0.418375
1.00153,0.381288
1.10449,0.176051
1.10564,-0.0070335
0.898732,1.70632
1.0525,0.588327
0.903068,1.30149
0.982527,0.838395
0.936362,1.18714
1.05434,0.716211
0.910628,1.85807
0.963565,0.969923
1.032,1.0774
1.01515,0.588746
1.07994,0.551237
1.03733,0.607678
0.985607,0.896028
0.948047,0.954658
0.931946,1.11148
0.986358,0.885937
0.970831,1.37505
0.974892,0.5003
1.02537,0.598797
1.01695,0.664957
1.09562,0.00993337
0.99516,0.774357
0.98263,0.696052
0.99484,1.09975
0.996328,1.05562
1.04486,0.4076
1.05076,0.578087
1.05971,0.656688
0.968599,1.24446
1.05711,0.779555
1.01203,0.897566
0.937769,1.34794
1.05066,0.11134
1.03686,0.520343
1.08297,0.586523
1.05339,0.22905
1.04007,0.752009
1.07472,0.45313
1.01308,0.550812
0.981304,0.951443
0.975738,0.799429
1.12128,-0.38584
1.06681,0.0187225
0.991396,1.00539
1.01897,1.23445
1.06532,0.541523
0.986877,1.10003
0.986086,1.30802
0.976553,0.979724
0.969874,1.46886
1.16387,-0.0656799
1.06128,-0.00793195
1.06752,0.811123
0.926025,1.49834
1.08784,0.701714
0.973009,1.355
1.00314,0.409555
1.04246,0.713141
0.991167,0.75492
1.03482,0.790875
1.06518,0.195025
0.905914,1.6614
0.993792,0.437923
0.962163,0.713705
1.08848,0.136851
1.08669,0.596693
1.01936,0.699303
0.922111,1.67414
0.959227,0.791594
1.11043,-0.0745343
0.944581,0.65194
0.991534,0.858208
1.00914,1.05731
1.02484,0.890319
0.986597,0.783559
0.972147,0.748482
1.06617,0.816764
1.15689,-0.565734
1.02008,0.817211
1.05441,-0.273368
1.0433,0.676528
0.892928,1.55501
0.986193,0.907112
0.974566,1.09994
1.14113,-0.549587
0.962,1.87129
0.971024,0.630786
0.989777,0.738109
1.06137,1.22614
1.06352,0.156795
1.05295,0.765316
1.05995,0.880721
1.03575,0.647084
1.0665,0.233186
0.997286,0.768235
1.09286,-0.186539
0.948439,1.4668
1.11799,0.0571782
1.01831,0.971673
0.991929,1.33355
1.01347,0.512153
1.07045,0.449683
0.99736,1.17903
1.0607,0.174037
0.987726,1.12566
1.0399,0.599717
1.14368,-0.0864045
0.96846,0.925057
1.0207,1.23581
1.04801,0.91295
1.04477,0.599773
1.09249,0.132938
1.02076,0.59962
0.988843,0.957143
0.988348,0.673903
0.983759,1.43085
0.973138,0.894902
0.940192,1.69439
0.971587,0.973597
1.02617,0.149691
1.08828,-0.0628609
0.97765,0.556208
1.04601,0.780264
1.0951,0.137069
1.07621,0.397532
1.05534,0.558495
1.04686,0.609333
0.970376,0.897995
0.960099,1.69511
1.05494,0.617476
1.06285,1.00308
0.973625,1.09048
0.969439,0.348093
1.05464,1.1671
1.06061,0.185813
1.00648,0.786826
0.997038,0.823966
1.00008,0.921967
1.01492,0.389157
1.00151,0.276905
0.979437,1.17002
1.02961,0.582295
1.00763,0.934257
1.0334,0.808144
1.00491,0.599991
1.07141,0.968793
0.98768,0.98731
0.996956,0.844219
1.01572,0.482624
0.972958,1.08647
0.970933,1.42522
1.02041,0.779376
1.0583,0.892556
1.01329,1.09452
1.03739,0.532419
1.09615,0.218358
1.1455,0.521338
0.997186,0.582363
0.999035,0.583511
0.980209,0.981614
1.11585,0.0667583
0.938059,1.38186
1.0861,0.285527
0.86994,1.523
1.02204,0.160025
0.920202,1.58215
1.09154,0.0775414
1.02455,-0.196524
1.06927,0.0385201
0.990153,0.995255
0.966161,1.16355
0.978568,1.44327
1.13363,0.287714
1.02188,0.859133
0.956832,1.17324
0.980679,1.19389
0.981382,1.04292
0.952451,1.13708
1.02595,0.852864
1.01565,0.715787
0.979804,1.19406
1.10649,-0.232655
1.01596,0.52317
0.957153,0.941574
0.965372,1.44954
1.04668,0.735004
0.979131,0.65113
1.04167,0.239761
1.16597,-0.159683
1.03882,0.674043
1.01855,0.937971
0.951069,1.18735
1.04939,0.608325
0.990284,0.917318
1.04492,0.478702
0.999625,0.907133
1.0322,0.570306
0.99588,0.93601
1.00381,1.31718
1.12612,-0.297829
1.04258,0.449213
0.966864,1.38913
1.01094,0.9175
1.04951,0.664065
0.987669,1.03801
0.90703,1.57694
1.14999,-0.516566
0.957522,1.31211
1.02957,1.29086
0.966642,1.15638
0.936768,1.45767
1.01503,0.836382
0.99554,0.794782
0.992975,1.3184
1.00294,1.10722
1.04081,0.960192
1.00204,0.9153
0.958258,1.01845
1.06809,0.336154
1.05059,0.951939
1.00351,0.529133
1.02117,0.644534
1.03752,0.52348
0.980926,0.876247
1.00658,1.00566
1.05327,0.392779
1.03858,0.533793
1.01128,0.545617
1.0289,0.761184
1.02735,0.705591
0.926655,1.65492
1.04832,-0.107227
1.04497,0.667097
1.06572,0.365919
1.09818,0.178895
1.02135,0.694605
0.959276,0.885702
0.951633,0.943482
1.00994,0.710444
1.08952,-0.765836
0.982543,0.918783
1.08422,0.409705
1.07306,0.0658226
0.956779,1.17385
1.03085,0.443303
0.878831,1.82383
1.02848,1.04159
1.04052,0.0769559
1.02314,1.07286
0.979306,1.4092
0.980917,1.06714
1.10645,-0.363917
1.01677,1.2385
0.905796,1.53856
0.984282,0.606284
0.973908,1.17674
0.971774,1.252
0.957845,1.58618
0.943581,1.26707
1.03367,0.874063
1.02638,0.980944
1.02055,0.647772
0.993989,0.667927
1.01794,0.50688
0.960688,0.654869
1.06973,0.588548
1.09941,0.135525
0.926465,1.21582
0.998803,0.226188
0.911504,1.71224
1.01997,0.923621
1.06391,0.179851
1.07665,-0.0413034
1.00869,1.01838
1.03145,0.585515
1.12797,0.655436
1.05791,-0.115642
0.976681,1.12813
1.00844,0.928258
1.05808,0.567999
0.94469,1.29092
1.11343,0.579687
0.950291,1.03907
1.07785,0.206824
1.07561,0.202286
1.01361,0.994368
0.917568,1.27244
1.04892,0.549925
0.887463,1.78319
1.00708,1.10711
1.10338,0.162258
1.04518,0.738673
0.933551,1.60629
0.994439,0.508811
1.03616,0.384259
1.06615,0.184778
1.05488,0.268123
0.973867,1.27027
0.855103,1.95852
1.04274,0.337871
1.07866,0.0590262
0.980948,1.54431
1.07554,-0.0715493
0.999986,1.28979
1.01084,0.899471
1.04331,0.599779
1.04115,0.69042
0.962076,1.04047
1.06569,0.58235
1.15073,-0.0397914
1.05272,0.350098
1.05732,0.833234
1.10446,0.295826
0.948521,1.55226
1.0697,-0.115108
1.14152,-0.179904
1.02166,0.498593
0.960152,1.34019
1.07035,0.153762
0.953815,1.71682
0.978193,1.1406
1.06398,0.610121
0.949898,1.12483
1.07706,0.552556
1.01997,0.886753
0.965567,0.901473
0.919115,1.03077
0.985404,0.173826
1.13881,0.0802676
1.08975,0.223206
0.967181,1.65404
1.071,0.414741
1.0435,0.385956
1.1191,0.319222
1.09317,0.311058
1.05886,0.425526
1.05903,0.530118
0.947288,1.52739
1.00643,0.895129
1.01679,0.868885
1.02511,0.399586
0.989003,0.612273
1.02256,0.81828
0.946798,0.994624
0.957675,1.51213
1.02386,0.381453
0.994861,1.05347
0.960294,0.505978
1.09777,0.178657
1.05395,-0.0977693
1.11414,-0.060309
0.877061,1.74068
1.02265,0.640814
0.984779,0.773291
0.975598,0.619723
1.03704,0.479757
0.945234,1.09471
0.975367,1.38111
0.978233,1.09315
1.01318,0.849292
0.995357,0.987835
1.04241,0.735778
1.00286,0.507825
1.02178,0.658224
0.961237,1.49857
1.01737,0.388171
0.99675,1.09276
0.977577,0.865227
1.01901,0.797853
0.966792,0.684823
0.991127,0.802961
1.0803,0.813845
1.06164,0.777042
1.0778,0.593768
0.981448,0.834828
1.06987,0.992724
1.00579,0.53381
1.11537,1.04477
1.02815,1.27865
1.15103,-0.0440324
0.942878,1.99559
0.974666,0.537559
1.02807,0.683628
0.978643,1.08819
1.06514,0.686989
1.07603,0.35431
1.01808,0.410336
1.02802,0.96221
0.91884,1.24132
1.12337,-0.182601
0.981011,1.1726
1.07324,0.760128
1.05525,0.173642
1.03448,0.980445
1.13849,-0.0206863
1.04126,0.24157
1.01277,1.02088
1.03498,0.71829
0.96935,0.565003
1.02883,0.551062
0.921737,1.41979
0.883213,2.39391
1.09524,0.141802
1.06727,0.199139
1.00493,0.985599
0.876764,2.29362
1.04615,0.637443
0.99576,0.469847
1.02864,1.20208
1.04316,0.617343
1.0922,-0.0715243
1.03494,0.829857
0.998275,0.923914
1.05286,0.300813
1.10379,0.461882
0.945383,0.936617
1.0321,0.385446
1.01229,1.24657
0.920976,0.834014
0.884493,1.42894
1.07281,0.0389697
1.14695,-0.10747
1.08509,0.27788
1.1336,0.325328
1.02633,0.682915
1.05143,0.422322
1.00004,0.681095
1.08119,0.471298
0.941078,1.34166
1.04425,0.728172
1.08926,0.949099
1.0489,0.146578
0.945344,1.11751
0.981428,0.939186
0.978187,1.06294
1.08477,-0.110267
1.0764,-0.120549
1.06813,0.329529
0.896813,1.81484
0.964569,0.903671
1.0013,0.772694
1.01701,0.622787
1.0306,0.52574
1.05989,0.630698
1.00873,0.343494
1.04552,0.822601
1.01429,0.52404
0.958352,1.77101
1.01894,0.677559
1.05156,0.555973
0.996051,0.850424
1.09197,-0.458532
0.993773,0.765614
1.03305,0.271717
1.01238,0.902608
0.951704,1.53084
0.972594,1.24876
0.93321,1.6034
0.910958,1.08191
1.06357,0.30033
0.994443,1.17416
0.968357,0.980464
0.946807,1.28134
0.99868,0.547047
0.928014,1.26623
0.987544,0.851586
0.939719,1.25161
0.894306,1.58076
1.00104,1.0714
1.00758,1.07246
0.978831,0.930434
1.08393,0.288716
1.00506,1.27656
1.01472,0.675686
0.961832,1.04638
1.10321,-0.222929
0.976045,0.943643
0.981199,0.968891
1.0735,0.345946
1.14558,0.0992724
0.964489,1.39185
1.11891,0.388701
1.00155,0.479719
1.05617,0.316676
0.978513,1.17188
1.07749,-0.0181194
1.10156,-0.12896
1.0129,1.20264
0.993227,1.31976
1.13451,0.121356
1.05369,0.181116
1.0557,0.232633
0.861814,2.08573
0.999932,1.02087
1.03688,1.27717
1.01384,0.938052
0.954023,1.2776
1.03114,0.590946
0.952738,1.15187
0.993224,1.02259
0.994964,0.314179
0.958931,0.967105
1.00449,0.794227
1.02936,1.12732
1.02279,0.612969
1.13171,0.153328
1.02748,0.854457
1.06022,0.387034
1.02831,0.345905
0.97118,0.949815
0.977312,1.4926
1.10246,0.258504
1.00599,0.948492
0.910454,1.29467
0.982874,1.31114
0.945251,1.30054
1.02678,0.332934
0.988186,1.19465
1.03612,0.303491
0.993975,0.48106
1.04741,0.450766
0.913271,1.2885
0.975963,0.604599
1.17619,0.083963
1.01396,0.737897
0.871341,1.73168
0.987508,1.75629
1.08959,0.112898
0.917763,1.64276
1.03095,0.681686
1.05314,0.707738
0.966337,1.17877
0.992103,1.31602
1.04892,0.427661
0.972513,0.723469
1.07927,0.470812
0.972058,0.782824
0.967092,1.12922
0.886201,1.98578
1.00968,1.20799
0.964182,0.600803
1.02441,1.02451
0.989787,0.610869
0.945214,1.70594
1.00472,0.877245
1.01714,0.478348
1.03162,1.2061
1.06574,0.443545
0.989681,0.62834
0.964315,1.29423
1.01645,0.757435
1.03432,0.104954
0.967748,0.926344
0.947676,1.01657
0.989214,0.975293
1.13165,0.115611
0.994619,0.564866
1.02882,0.56676
0.984619,1.09833
1.0683,0.260382
0.930345,1.58475
1.02916,0.734583
0.965003,0.473561
0.974401,1.36163
1.0421,0.46783
0.933184,1.31028
1.03546,0.602103
1.0688,0.714636
1.01778,0.618974
1.05891,0.294116
0.981921,0.635788
0.959465,1.52501
0.998274,0.81598
1.09413,0.378225
1.04219,0.337974
1.04789,0.553246
1.04484,0.281776
0.963534,1.36763
1.10724,0.465334
0.994324,1.19376
1.00898,0.72725
1.0556,0.985274
0.981006,1.34664
1.09795,0.0301456
1.00086,1.24946
1.02553,0.670924
1.04194,0.919708
0.955961,0.641222
0.947465,1.42712
0.925749,1.47926
0.924848,1.2946
0.957375,0.746461
0.987324,1.24059
1.09622,0.505703
1.10692,-0.112268
0.928656,1.31613
1.0902,0.531546
1.14876,-0.2268
1.00731,1.04737
1.13273,-0.309278
0.9177,1.87883
1.07526,0.477747
1.07675,0.408877
0.96215,1.24152
1.04016,0.35973
0.940499,0.753965
1.06485,0.0408342
1.04025,0.283535
0.996248,0.859142
0.946662,1.71719
1.0792,0.566134
0.950365,0.870217
0.995916,1.1521
1.08867,-0.206911
0.985441,1.73376
1.13764,-0.0638618
1.09134,0.3056
1.02936,0.417017
0.892861,1.25188
1.05974,0.104131
1.07364,0.544559
1.02966,0.938253
1.00956,0.458081
1.08592,-0.0594161
0.969236,1.22258
1.05795,0.421253
1.06283,0.909224
0.938799,1.25905
0.995824,1.28207
0.952473,1.41317
1.0049,0.503084
0.980969,0.786842
1.02442,1.09827
1.0656,0.579401
0.948884,1.01281
0.996169,0.304619
1.00549,1.07438
0.981322,0.747083
1.04307,0.0712823
0.968795,1.51407
1.04399,0.805728
1.04302,0.490145
1.03518,0.299569
0.995929,0.787706
1.09214,-0.269561
1.03853,0.869759
1.00918,0.68843
0.954815,1.05347
0.990435,1.02659
0.995344,0.941212
0.926439,1.22212
1.05209,0.449781
0.974689,1.0991
1.04488,0.98198
1.04342,0.205209
1.07733,-0.308118
0.969868,1.5918
1.01172,0.397101
0.924596,1.49658
0.960825,1.4286
1.07129,0.210156
1.00234,0.560456
1.04624,0.923966
1.07946,0.381358
0.977311,0.790868
1.03766,0.84759
0.97037,1.31352
1.07411,0.397096
1.03428,0.934088
1.07049,-0.211727
0.952005,0.926961
1.05764,0.0612806
1.14763,-0.1792
1.00095,0.590893
0.969133,1.04918
1.09296,0.107409
1.04886,1.05797
0.957511,1.10008
1.07031,0.593825
1.03281,0.154847
0.952101,1.43862
0.930097,1.77184
0.939357,1.55985
0.9576,0.894308
1.02351,0.706618
1.02849,0.577016
1.03306,0.929257
0.980647,1.18391
0.952205,1.09498
1.00531,0.678876
0.990331,0.616333
0.988787,0.778951
1.02274,0.716265
1.02151,0.693391
1.04741,0.669519
1.01862,0.587602
0.97238,0.650227
1.08761,0.353201
1.01173,0.590552
1.05468,0.766922
1.04163,0.582935
0.990437,1.3529
1.07453,0.579039
1.05988,1.11003
0.969159,1.5862
1.03112,0.83935
1.00993,1.25375
0.941599,1.66399
1.00675,0.661659
0.983896,1.07164
1.00311,0.707336
0.953865,1.26436
1.05105,0.0440681
1.03164,0.5403
1.00415,0.775603
1.02051,0.970572
1.02911,0.960899
1.02544,0.660256
1.06087,0.13305
1.02975,-0.0864672
1.04926,0.0508039
1.10455,0.312686
1.0035,0.888043
1.05093,0.884164
1.03578,0.22247
0.998638,0.483089
1.05164,0.59009
0.993526,1.01548
1.08919,0.457212
1.002,1.09766
1.07851,-0.0877239
1.09675,0.380765
0.985145,1.05127
0.957255,1.04712
1.04833,0.599226
1.07053,-0.309791
0.990463,1.06201
1.10626,0.00770284
1.01965,0.483607
1.00211,0.942288
0.985244,1.07244
1.09337,-0.144097
1.05136,0.732571
1.12641,-0.396488
0.953207,0.642981
0.994713,0.78012
1.03873,0.654282
1.01215,0.785709
1.02591,0.432181
1.08934,0.450226
1.00678,0.620371
1.07382,-0.0068089
1.02,0.811027
1.04486,0.737698
1.00689,1.169
1.06272,0.214595
0.949623,1.07425
0.994107,0.619359
1.12714,0.268957
0.942573,1.29716
0.991619,1.35112
1.0712,0.596056
1.01066,0.929639
1.0442,0.45073
1.00719,0.955941
1.04368,0.657511
1.0433,0.690709
0.969138,0.789785
1.04284,0.611009
0.984002,1.17804
1.08881,0.382918
0.971427,0.395794
1.00372,0.877744
0.981858,0.784353
0.984742,1.26262
0.993012,0.915987
1.0509,1.21892
1.0191,0.581938
1.12752,-0.0386878
1.0383,0.767425
1.10258,0.397341
1.04401,0.40237
0.950302,1.02762
0.98653,1.30537
1.0334,0.521652
1.06646,-0.0261644
1.02272,1.22388
1.06429,0.630099
1.01121,0.930635
1.11574,0.212899
0.957157,1.13078
1.10756,-0.462693
1.00271,0.148029
1.05394,0.455066
1.06825,0.648845
0.994198,1.03403
0.886348,2.06972
0.961777,0.914192
1.09597,0.567405
1.06238,0.672247
1.06243,0.555044
1.05261,0.696745
1.06922,0.484095
0.975136,1.00246
1.03926,1.18112
0.995799,0.971084
0.981528,0.833537
0.97337,1.25462
1.00645,0.678746
1.08604,-0.0692273
1.03805,0.465198
1.0624,0.0169508
1.05497,0.497719
1.03626,1.11113
0.962273,1.38133
1.00173,0.917474
0.991707,0.687867
1.05563,0.50603
1.01265,1.01265
0.955389,1.41859
0.921331,1.3114
1.03948,0.83194
1.08331,0.362976
1.04874,0.06146
1.0237,0.402057
0.964243,0.775677
0.996256,0.893951
1.05345,0.30669
0.984549,0.951658
1.01705,0.611978
1.03443,0.744495
0.976579,1.22407
0.90808,1.68293
0.998704,1.14834
1.04506,0.57316
1.03073,0.570817
1.03317,0.730744
1.00544,0.937956
0.992123,1.12933
0.938517,1.15112
1.05851,0.501096
1.08155,0.438439
1.07859,0.148717
0.915794,1.21478
1.05927,0.439356
1.07113,-0.13533
0.948391,1.11689
1.05827,0.776075
0.996244,0.926476
0.995702,0.262415
0.999207,0.772229
1.06232,0.573696
1.11195,0.239403
0.983711,1.53498
1.02781,0.689148
1.04253,0.792297
1.06454,0.296502
1.0755,0.241303
0.935335,1.373
1.0466,0.27371
0.923098,1.31831
1.06572,0.653347
1.04402,0.69152
1.09397,0.379344
1.0108,0.794371
1.04425,0.164667
1.00984,1.10883
0.914189,1.26409
0.971649,0.886818
1.11277,0.30217
1.06213,0.482691
0.972093,1.44097
0.948948,1.33503
0.94723,1.19804
1.14867,0.212327
0.973089,1.62668
0.931634,1.25459
0.972941,0.889047
1.09485,-0.351527
1.01438,1.359
0.935164,1.27299
0.958926,0.978041
0.999963,1.08876
0.967442,0.986638
1.00649,1.15474
0.998223,1.16852
1.04526,0.921449
1.0071,1.16895
1.11127,0.100554
1.04111,0.646539
0.922447,1.65672
1.07278,1.49041
1.02093,0.911792
1.07164,0.354364
1.00319,0.73255
0.993279,0.92744
1.10603,0.142958
0.973527,0.836386
1.0096,0.983354
0.938945,1.077
0.964793,1.1274
1.06069,0.615871
1.0827,0.28699
1.05713,0.688173
0.959719,1.27999
0.984999,1.55284
1.04722,0.771401
1.12997,-0.307186
1.0425,0.495309
1.10147,0.206129
0.975429,0.984817
0.920138,1.12352
0.9952,0.686956
1.08063,0.350023
1.06487,0.956626
0.987646,0.937399
1.04953,0.467827
1.0004,0.923176
0.937672,1.16321
1.03753,0.671882
1.01164,0.61086
1.03427,0.795824
0.986696,0.902368
0.997116,1.77879
0.983306,1.09699
0.984171,1.23292
0.96466,1.12386
1.05601,0.275549
0.984918,0.967594
1.00386,0.549033
0.863084,1.57634
0.99867,0.907042
1.0029,0.861549
0.991911,1.1774
1.0321,0.589896
1.05717,0.576575
1.01286,0.76234
1.02676,1.3129
0.947838,0.897082
1.03398,0.589702
0.984896,0.665911
0.934198,1.21401
1.01071,1.13544
0.964818,1.22973
1.07456,-0.232682
0.994913,0.932381
1.05293,0.654336
0.994425,1.33793
1.07573,-0.0657338
0.98466,1.2596
1.02822,0.498561
0.996534,0.491636
1.03255,0.903414
0.964445,1.63409
0.961729,1.35206
0.977268,1.12938
1.13145,-0.181705
1.07198,0.302422
1.07977,0.212923
1.02444,0.812441
1.12206,-0.351266
0.963642,0.97601
1.04401,0.443176
0.973994,0.78331
1.07736,0.414884
0.944818,1.38418
1.01107,0.533453
1.00565,0.884502
0.949777,0.625032
1.02162,0.858022
1.04043,0.80477
1.06563,-0.00978293
0.928677,1.07265
0.926602,1.1384
0.932196,1.40928
1.0268,0.540758
0.950059,1.24296
1.0682,0.561452
1.06246,0.504437
0.992563,0.874772
1.06874,0.570313
0.969173,1.21138
1.06071,0.162006
1.0093,0.61626
1.07341,0.329064
0.920822,1.39949
0.963262,1.1064
0.953406,1.27246
1.16473,-0.424105
1.06973,0.656219
1.02497,0.588025
0.978175,0.7848
0.994146,1.13866
1.00163,0.830711
0.957309,1.01103
1.01756,0.395938
1.02768,0.303401
0.976202,1.43507
0.954233,0.985276
0.994094,0.783884
1.02487,0.859763
1.03399,0.544585
1.05867,0.804921
1.00782,0.805378
1.03221,1.27432
0.966941,0.888937
1.00453,0.964741
0.970879,0.800919
1.05568,0.559666
1.06887,-0.0561685
1.08776,-0.050925
0.989452,0.633912
1.07734,0.601203
1.02191,0.880257
0.980925,0.825036
1.0028,0.94245
1.03051,0.788221
0.985577,0.898913
1.03971,0.089678
1.06941,0.0969688
1.00831,0.165569
1.01568,0.745963
1.02966,0.963421
1.07138,0.280318
0.979542,1.20806
0.949075,1.35853
0.970489,1.23885
0.9854,0.397801
1.08188,-0.312849
1.02011,0.549612
1.01784,1.02174
1.08255,0.291117
0.987102,1.56744
1.01741,0.720621
0.975522,1.28217
0.951884,0.931255
0.992348,1.13855
1.02507,0.757757
0.99106,0.901076
0.949693,1.24337
0.982915,0.945854
1.03263,0.142227
1.04068,0.363057
0.993957,0.863116
0.993758,1.10862
1.04958,0.466966
1.04844,0.719087
1.02147,0.537297
0.98648,1.19073
0.989487,1.11468
1.00676,1.44264
0.957837,1.28383
1.09727,0.118273
1.03821,0.732044
1.09764,-0.162993
1.02216,0.529315
0.940701,1.35549
1.04031,0.462907
0.949612,0.595296
1.06861,0.17118
1.09687,0.089847
1.10942,0.0970841
1.10092,0.251797
1.02711,0.975745
1.00257,0.471039
0.967888,1.60837
1.01521,0.66876
1.11254,0.109218
1.06156,0.261464
1.01071,0.919496
0.973571,1.34815
1.05137,0.606521
1.01218,0.843338
1.05545,0.601416
1.09814,0.14332
0.973571,1.2532
1.07982,0.312435
1.02681,1.135
0.978059,1.01642
1.08522,0.00326254
1.04366,1.07383
1.01593,1.18518
0.961755,0.84699
1.04458,0.366798
0.922711,1.33973
1.00531,0.939997
1.06135,0.342423
1.00643,0.82409
0.982942,1.47819
0.967774,1.20363
0.978192,0.778962
1.04417,0.341897
0.981493,0.549756
0.942595,1.82492
0.960595,1.33407
1.07075,0.598057
0.950516,1.10266
1.04646,0.433738
0.954679,1.30865
1.0239,0.659933
1.01313,0.596369
1.00398,0.689396
1.00938,0.712795
1.03255,0.474537
1.03679,0.523436
1.00329,0.578047
1.07665,0.36813
1.05723,0.512967
1.11158,0.51379
0.880862,1.9756
0.957801,1.43003
1.01282,0.60983
1.03769,0.705608
1.02088,0.640307
0.939682,1.13177
0.998237,0.841339
1.03603,0.992729
1.03723,0.133388
1.08581,0.86579
1.0053,0.565169
1.0482,0.609431
1.07645,0.0621828
1.07917,0.184705
1.0095,0.582266
1.06767,0.829301
1.02915,0.907324
0.991901,0.648036
1.13085,-0.0850356
0.988708,1.00286
0.980608,0.641762
0.922172,0.926563
1.0689,0.164405
1.09934,0.420143
1.07419,0.40368
0.999433,0.747428
0.957461,1.11362
1.05565,0.677755
0.935965,1.28166
0.994055,0.776445
1.05475,0.175024
1.03027,1.29241
1.11668,0.0178637
1.07186,-0.233652
1.04259,0.384759
1.09402,0.404937
0.973468,1.06807
1.05481,0.892982
1.06574,-0.0595009
1.05133,0.335659
0.95451,1.07897
0.98421,1.27911
1.02687,0.726711
1.03705,0.36647
1.01909,0.554435
1.07286,0.531709
1.11283,-0.210824
1.12402,0.153761
0.939925,0.832852
0.989945,0.418149
0.883176,1.58434
0.956175,1.36423
0.95354,1.00908
0.994926,0.831502
1.05073,0.73511
0.921083,1.40442
1.13253,0.54886
1.02844,0.670626
1.07476,0.569679
1.08347,0.289412
1.07308,0.523312
1.0857,0.378015
1.04946,0.505456
1.05588,0.952659
1.12588,0.050992
1.0157,0.315155
1.13478,-0.223226
1.08738,-0.0390668
1.03228,0.701139
1.17718,-0.895649
1.00541,0.709868
1.0085,0.298046
0.9386,1.91602
0.979386,0.794041
1.03016,0.839919
1.04544,0.687282
0.936391,1.31952
0.989579,0.280642
1.04106,0.556396
1.02001,0.709136
0.964545,0.881605
1.06619,0.369231
1.10666,0.573149
0.970606,1.10669
0.983414,0.674496
1.02297,0.928087
1.05805,0.553601
1.02752,0.902854
0.959549,1.07117
1.04116,0.79334
0.98571,0.584728
1.00401,0.361534
0.982719,1.33085
1.08352,0.0621764
1.0909,0.214782
1.0585,0.587604
0.977539,1.05426
0.931638,1.55324
0.978023,1.11892
1.03822,0.169187
1.02786,0.730742
1.05734,0.618042
1.04515,-0.0907351
1.03581,0.410363
1.04997,0.372044
0.95783,1.42337
1.205,-0.148502
1.09778,-0.117794
1.02484,1.21498
1.03346,0.0940626
1.15715,-0.657188
0.940492,1.21021
1.03493,1.03721
1.12338,-0.209751
1.04223,0.183053
1.04421,0.378154
1.06266,0.787413
1.06419,0.938375
1.10439,0.172135
0.993398,1.47881
1.0504,0.587055
1.02473,0.936422
0.983254,0.556395
1.0805,0.318315
0.907719,1.45221
1.03833,0.530113
0.992167,1.20161
1.07143,0.271756
0.982349,0.981249
1.0659,0.764901
1.07056,0.304917
1.02462,1.13924
1.07059,0.637842
0.971425,1.5208
1.06609,0.339499
0.956292,0.655172
1.05395,0.209304
1.09089,-0.36366
1.00635,0.0906725
0.962775,1.08029
0.899707,1.36424
1.08824,0.319479
1.09033,0.213443
0.947901,1.57486
1.00698,0.632626
0.907839,1.35527
0.95591,1.15339
1.07059,0.333589
1.04804,0.589816
0.969095,1.09925
0.91306,1.6059
1.10976,0.00146379
1.06293,0.148265
1.0215,0.49913
1.15412,0.00707965
0.938955,1.10508
0.98865,0.719096
1.00178,0.918549
1.0334,0.659984
1.05379,0.573305
1.04703,0.348716
1.01202,1.17178
1.04015,0.46076
0.984522,0.726546
1.03301,0.161586
0.930911,1.36313
1.03735,0.865712
1.08597,0.560428
1.08523,0.0544608
1.01117,0.768395
0.968516,0.808429
0.972062,0.730848
1.04267,0.711198
0.952995,0.939564
1.06891,0.025237
0.878177,1.76926
1.02629,1.06866
0.976689,1.24276
1.07878,0.617808
0.94353,1.28174
1.0853,0.0673877
1.11481,0.0743796
1.0273,0.502492
1.00425,0.178058
1.11832,0.340334
0.956971,1.28601
1.03915,0.602903
1.05474,0.488459
1.0146,1.10895
1.00943,0.765393
0.988158,1.18712
0.99886,0.78387
0.967882,1.33355
0.996254,1.184
1.06581,-0.0993929
1.05017,0.477618
1.00273,0.960036
0.938561,1.40307
1.00203,0.495517
1.00227,1.02523
1.01762,0.436286
0.950464,1.3616
0.969476,1.50991
1.02626,0.610356
1.00939,0.824207
0.965727,1.20897
1.03952,0.355551
0.94293,1.44505
1.01765,0.719793
1.03435,0.923862
1.04054,0.706133
1.03672,0.489083
1.00521,0.748641
0.982171,0.971208
1.10176,0.495757
1.08709,-0.0598409
1.03531,0.732164
0.908065,1.66386
0.945739,1.02854
0.984524,1.21823
1.05813,-0.166035
1.01888,0.680288
0.997129,0.985134
0.98112,1.14115
1.06222,0.832915
0.973476,1.21612
1.07277,0.227115
1.04758,-0.0630023
0.980086,0.833895
0.997786,0.501573
0.99363,0.789342
0.993633,1.14068
0.90543,1.35883
0.983548,1.38519
1.00631,0.932391
0.959177,1.08887
1.05486,0.483726
1.05807,0.732983
0.978376,1.04328
0.962281,1.16684
1.01155,1.06562
1.01763,0.532479
1.09771,-0.0338902
1.03649,0.794876
1.01217,0.834393
0.89477,1.24622
0.928171,1.29016
1.05722,0.0816886
0.98346,1.46709
1.04888,1.10984
1.14874,0.540524
1.17213,-0.00146737
1.01928,0.677639
0.920328,1.14061
1.00657,0.64684
1.05907,0.605616
0.994004,1.00691
0.980629,0.884742
0.967908,1.3416
1.00573,0.702022
1.01005,1.21901
1.0533,-0.177133
1.08205,-0.1446
0.957721,1.04967
1.06427,0.716258
1.05776,0.0937823
1.08762,0.529049
1.03118,0.670459
0.994495,0.783806
1.09299,0.276936
1.02963,0.623277
1.04563,0.708451
1.00269,0.874585
0.90546,1.46211
0.959744,1.27519
0.977924,0.523677
1.06943,0.256488
1.03625,0.639354
0.967224,1.42482
1.00109,0.927727
1.0177,1.12507
0.982712,1.01896
1.01427,0.84251
1.076,-0.00656054
1.06371,0.100732
1.02549,0.657445
0.999674,1.11451
1.02089,0.838696
1.06952,0.803612
1.12944,0.0767623
1.01103,0.932536
1.00798,0.60358
0.990992,1.26837
0.94165,1.31969
0.993336,0.90685
1.02164,0.619514
1.04529,0.805037
1.08491,0.139494
1.03951,0.489126
1.02584,0.647377
1.0714,0.831041
1.07418,0.513073
1.1072,0.199017
0.997281,0.991893
1.07716,0.857225
1.0089,0.297571
1.10436,0.477036
0.962566,0.689944
1.05156,0.222651
1.00001,1.05931
0.955275,1.88792
1.0288,0.951376
1.0352,0.874148
1.09736,0.70038
1.00502,0.8296
0.973338,1.16425
1.07982,-0.26744
1.03698,0.77745
1.08339,0.158589
1.10838,-0.108724
0.989464,1.12813
1.04475,0.524888
1.08432,-0.175739
0.975084,1.18408
1.03283,0.158584
1.09945,0.0353176
1.04496,0.526583
1.01668,0.342688
0.988178,0.998771
1.06225,0.260268
0.983709,1.03096
0.951016,1.57261
0.985838,1.17341
1.04079,0.481944
0.996614,1.23508
1.03657,0.705722
0.929259,1.70023
1.01598,0.0809186
1.04479,0.146341
1.00517,0.959129
1.04484,0.686504
0.950269,1.14589
1.03772,0.0744937
1.08776,0.886698
1.02294,0.599791
1.02873,1.21419
1.03533,1.44105
1.09755,0.227735
1.03364,0.576726
0.968015,1.48115
0.955618,1.346
0.952819,1.48027
1.01537,1.08421
1.04686,1.06205
1.14239,-0.377367
1.00092,0.648786
0.961624,0.961568
1.00418,0.560843
0.955649,1.07598
1.05068,0.536575
1.02453,0.627756
0.948039,1.25072
1.01208,1.07784
1.01959,0.576589
1.04822,0.269082
0.964667,1.44219
1.04042,0.479675
1.00983,0.932903
1.12781,-0.252157
1.0633,0.69605
1.01551,0.87161
1.06847,0.413995
1.07243,0.108816
1.07725,0.40871
1.01,0.807502
0.895249,1.22319
1.17891,-0.559943
0.992691,0.758186
0.991261,0.933242
1.00539,1.00936
1.01979,0.910376
0.997294,0.839007
0.985464,1.34077
1.01134,0.480993
1.02049,0.827509
1.04586,0.667571
0.981389,1.16911
0.989236,0.572274
1.05478,0.392761
1.08688,0.0553846
0.951043,1.77839
1.02846,0.781406
1.04323,0.872217
1.06334,0.643853
1.0598,0.345506
1.01044,0.313477
0.952744,0.815548
1.02688,0.480492
0.992505,1.68536
1.02688,0.554222
0.992438,0.683276
1.02014,0.372972
1.01219,0.819813
1.03084,0.954345
0.951218,1.18026
0.987128,0.8478
0.995775,1.23719
1.04655,-0.110406
0.9631,1.14734
1.11872,0.133034
0.991318,0.739948
1.07218,0.424954
1.04264,0.508664
0.952559,1.06625
0.928212,0.968383
0.999166,0.912548
1.05772,0.515203
1.00975,0.587931
1.04251,0.474379
1.04088,0.45572
1.00727,1.10497
1.00291,1.2789
1.15427,-0.118581
0.99313,0.90849
0.987611,1.19652
1.05993,0.784555
0.969592,0.991421
0.990095,1.02394
0.97475,0.868119
0.968109,0.986038
1.05878,0.822043
1.05113,0.629711
1.05875,0.99855
0.942558,0.939335
1.10053,0.0792339
0.968369,1.16884
1.05752,-0.0752417
1.0679,0.664892
0.919445,1.76687
1.08212,0.341616
1.10854,0.209281
1.05761,0.669094
0.958138,1.27878
0.880887,1.88328
1.08001,0.557499
1.02703,0.903183
0.978056,0.942931
1.05464,0.77423
1.00541,0.407467
1.0802,0.974436
0.975588,1.23312
1.06177,0.737155
1.08171,0.681458
1.01122,1.24308
0.962548,0.900945
1.01982,0.609278
0.984987,1.04582
1.14868,-0.023576
0.987274,0.976147
1.02104,0.901974
0.958932,0.728116
1.02138,0.795885
1.029,0.155783
1.03636,0.487735
0.997079,0.893919
0.975256,1.18454
1.06109,0.0650545
1.06901,0.764167
1.01513,0.270629
0.965625,0.641469
1.05629,0.610547
0.865064,1.4972
1.14551,0.0538782
0.931195,1.70241
1.10379,-0.0906649
1.02491,0.734431
1.06427,0.588093
1.08918,0.120433
1.00842,0.925305
1.00869,0.55963
0.986856,1.01259
0.869673,1.68394
0.999831,0.91393
1.01344,0.75299
1.00461,0.956684
1.09404,0.0734149
1.05251,0.469802
1.04622,0.325409
1.05791,-0.137177
1.01621,1.20571
1.03942,0.416021
0.980459,0.475707
1.03008,0.49977
1.07205,0.396401
0.983537,0.655855
0.942429,1.16425
1.07116,0.289935
0.944212,1.65166
1.15749,-0.334369
1.03085,0.69765
1.04231,0.566564
1.06353,0.534765
1.04513,0.426021
0.966573,0.796903
1.03844,0.593081
1.17108,-0.120358
1.05901,0.476111
0.883356,1.5579
1.09351,0.0395756
1.04999,0.5527
1.09043,0.199346
1.00803,0.710122
0.905174,1.45195
1.04195,0.569067
1.00264,0.858578
1.05108,0.560513
1.06385,0.382066
1.03391,0.911257
1.0377,0.159724
0.99519,0.956574
1.067,0.46657
0.970362,0.776648
1.09009,0.504102
0.996565,1.11539
1.00408,1.38373
1.04512,0.976149
1.06313,0.437379
1.0957,0.609692
0.938185,1.87608
1.04302,0.608015
0.971705,1.1052
1.03689,0.669019
1.00898,0.495626
1.03583,0.243488
1.06704,0.790957
1.07192,0.253397
0.961141,1.25416
1.03098,1.06781
0.986216,1.17764
0.992854,0.790949
1.03629,0.612173
1.10043,0.159161
1.016,0.294622
1.0744,0.296468
1.0336,0.650797
1.16767,-0.518382
0.981914,0.924227
1.04351,0.432337
1.00409,0.959125
1.05698,0.581693
1.0761,0.636709
1.08799,0.051592
1.05158,0.374958
1.0371,0.592871
1.08849,0.639327
1.03405,1.24384
0.947406,1.61659
1.16947,-0.270263
0.91843,1.54156
1.01942,0.559097
1.16134,-0.35662
1.04854,0.884117
0.967915,1.43878
1.04398,0.792187
0.935052,1.44071
0.990613,0.766938
1.04518,0.512816
1.02564,0.666986
1.04651,0.783777
0.880827,1.73607
0.990763,1.00352
1.03729,0.658496
0.977087,1.46673
0.999363,1.00714
1.05146,0.68296
1.05282,0.57403
1.03669,0.35802
1.03552,0.814647
1.04032,0.685085
0.87883,1.7021
1.06746,0.03565
1.04781,0.786233
0.918379,1.37778
1.09435,0.180998
1.0714,0.51095
1.04728,0.947047
0.979907,1.07495
1.0262,1.03383
0.906048,1.34916
1.03143,0.902645
0.94196,1.09012
1.11252,0.238901
1.00522,0.856573
0.998135,0.704488
0.980525,0.803216
0.982533,1.13877
1.07162,0.0151416
1.01787,0.724633
1.10333,0.20502
1.00148,0.802942
1.03162,1.03988
1.10778,0.304568
1.15956,-0.449817
1.03862,0.461418
1.04199,0.0723606
1.06723,0.517325
1.02485,0.492574
1.02487,0.597903
1.05278,0.504099
0.966407,1.80349
1.04573,0.584302
0.998832,1.13642
1.06272,0.709172
1.03095,0.459524
1.01009,0.804508
1.04181,0.460297
1.03616,0.758425
1.16116,-0.235549
1.02891,0.195484
1.03384,1.00782
1.04999,0.365115
1.00875,0.94396
1.08358,-0.125286
1.04727,0.541134
0.984189,0.849976
1.03434,0.842753
1.05894,0.136235
1.00167,1.29613
1.05338,0.665264
0.913765,1.55526
0.963782,1.13164
1.01027,0.613797
0.980309,1.16744
1.06995,0.20439
1.01926,0.604697
1.07458,0.156127
1.00695,1.20256
1.03281,0.368576
1.02909,0.147183
1.11068,0.0714402
1.13998,-0.0499142
0.988635,1.17428
1.12478,-0.57875
1.02517,0.844431
0.985467,0.883962
1.0896,0.395249
1.0679,0.703192
0.958732,1.1189
0.99085,0.862209
1.02813,0.935215
1.04119,0.552284
0.974037,0.829198
1.13371,-0.129101
1.042,0.973682
0.962004,0.753133
1.08665,0.24813
0.990246,1.43638
1.06743,0.80118
0.924535,0.856516
1.04721,0.553589
0.994891,0.916951
1.08117,0.562473
1.05466,0.090558
1.06535,0.313075
1.03494,0.144351
1.10148,0.144381
1.01981,0.486164
1.04579,0.705096
0.974292,1.22405
1.11534,-0.25093
1.00155,0.447058
0.990211,0.888439
1.03215,0.683465
1.05621,0.55331
1.02288,0.954914
1.04447,0.94167
1.0248,0.590277
1.00364,0.85948
1.14589,-0.216616
1.02631,0.721805
0.998792,0.715902
1.10436,0.469975
1.07965,0.00949828
1.05883,1.12351
0.938701,1.04215
0.999589,1.06624
1.09625,0.389779
1.08801,-0.407313
1.01194,0.636002
1.05552,0.481102
1.07191,0.140299
0.981959,0.820105
1.01857,0.748241
1.01437,0.350234
1.03557,0.109556
1.06096,0.101089
0.965484,0.905827
1.08967,0.336168
0.990574,1.24874
1.05791,0.525337
1.01769,1.01143
1.00629,1.30257
1.08462,0.487906
1.04762,0.652515
1.04261,0.888172
1.028,1.0098
1.1416,-0.292747
0.952484,1.23022
0.936833,1.48768
1.08625,0.161267
1.01497,0.842662
1.09459,-0.0252889
1.03485,0.287936
0.993044,0.932484
1.03229,0.927894
1.01066,1.14236
1.03159,0.480263
1.08691,0.13067
1.04314,1.04541
1.05704,-0.300373
0.99964,1.18376
1.00271,0.437518
1.00569,0.358169
0.991269,0.82609
0.871358,1.92153
0.949955,1.36976
1.0337,0.243838
0.987988,1.05232
1.00291,0.723929
1.02589,0.869816
1.05594,0.59386
1.03563,0.709274
1.07828,0.0556783
0.963426,1.18193
1.1024,-0.0548158
1.10507,-0.04749
0.997706,1.53076
1.04039,0.849245
1.09476,0.209339
1.08106,0.175638
1.16616,-0.613798
1.00385,1.04901
0.973371,1.00257
1.01794,1.00103
0.990081,1.17095
1.02914,-0.153614
0.987446,1.31756
1.03673,0.950882
1.0703,0.272387
1.03368,0.660209
0.925694,1.01908
1.06041,0.367121
0.973366,1.27046
1.00148,0.709831
0.938067,1.42724
0.931203,0.952535
1.01439,0.750106
1.05063,0.697713
1.07627,-0.113113
0.958583,1.12755
1.01259,0.935137
1.03824,0.165027
0.944612,1.10979
0.959077,1.42997
1.05605,-0.26025
1.02982,0.913727
0.989496,1.02237
1.04116,1.01398
0.879519,2.14236
0.993624,0.748182
0.975384,1.23761
1.05631,0.775636
1.11022,-0.0731223
1.02164,0.986212
0.95226,1.03841
1.04776,-0.240686
1.03415,0.763663
0.975008,1.08722
0.921035,1.92768
0.952783,1.16484
0.985692,0.657916
0.987416,1.0381
0.929232,1.14832
0.993383,1.39331
0.950458,1.80592
1.08564,-0.111015
0.998863,0.902716
1.05876,0.603736
0.908801,1.22739
0.96671,0.833486
1.02201,0.435619
1.03491,0.772806
1.05931,0.576609
0.955615,1.38661
0.991174,0.760632
1.00741,0.778124
0.955987,0.941099
0.956258,0.657032
0.992481,0.629441
0.986441,1.14999
1.05019,1.05623
1.05624,0.26276
1.00592,0.644573
1.05636,0.290465
1.02648,0.74169
1.01868,1.29677
0.953256,0.838558
1.02582,1.09732
1.00687,1.0865
1.01381,0.717016
1.07818,0.0254206
1.0498,0.623176
0.97066,1.20164
0.989267,0.721412
0.969614,0.757668
0.979928,1.21184
0.93247,1.20166
1.06971,0.122875
1.02308,0.629748
1.12159,-0.385603
0.952572,0.416839
1.04717,1.08679
0.999731,0.999524
1.12595,-0.546115
0.911078,1.6567
0.932042,1.24753
0.944392,1.29356
1.01572,0.777857
0.973485,1.24856
1.07025,-0.250009
1.07286,0.626353
1.06733,0.545357
0.951799,0.462592
1.11922,-0.381169
1.05032,0.478966
0.940872,1.42133
1.05478,0.0109368
0.919352,0.940509
1.0227,0.763779
1.03837,0.57484
1.1108,0.0427224
1.09887,0.0978759
1.09788,-0.052957
0.992439,0.958359
1.0359,0.634733
1.02981,0.751049
0.930226,1.54341
1.05529,0.814404
0.971239,1.10177
0.987459,1.21162
0.93569,0.747477
1.05437,0.331143
1.06522,0.397851
0.906762,1.4467
1.09688,0.0253166
1.03724,0.70777
0.974723,1.27687
1.02255,0.627518
0.948859,0.917648
1.09603,-0.0431152
1.02755,0.509499
0.973705,1.03989
0.966705,1.23632
1.02904,0.654216
1.02943,0.673001
0.993819,0.936995
1.08257,-0.108266
0.965673,0.604944
1.09757,-0.6108
1.03629,0.66247
1.1173,-0.479145
1.04881,0.451928
1.06009,0.190708
1.03325,0.883226
1.05501,0.459674
0.984059,1.18722
0.953022,1.30192
0.955633,1.3554
1.09465,-0.269286
1.00743,0.960631
1.01605,1.08352
1.09305,0.227523
1.13428,0.00857008
0.952158,1.17789
0.981893,0.486834
1.00994,0.884775
1.01727,0.408341
0.975599,1.24822
1.04401,1.16122
1.03608,1.08341
0.99915,1.44769
0.916338,1.12641
0.983015,0.89704
1.11107,-0.0359305
1.08303,0.36037
1.04162,0.494489
1.08188,0.445937
1.08733,0.39931
0.932423,1.12384
0.996344,1.25778
0.963575,0.592543
0.923518,1.59464
0.990202,1.16086
0.933924,1.00832
1.10163,0.61992
1.1089,0.143581
0.955497,0.834029
0.989491,1.11156
1.00482,0.963324
1.04673,0.676094
1.06467,0.213687
1.01675,0.556194
0.98026,1.09381
1.03218,0.97656
1.07474,0.573077
1.06168,0.300544
1.01682,0.966617
0.953585,1.33046
1.07141,0.314417
1.04214,0.951497
1.05148,0.307279
1.05146,0.442362
0.98022,1.06798
1.01593,1.27264
1.0407,0.568633
1.00988,0.787641
1.12053,0.280137
1.04003,0.646594
1.05479,0.322239
1.05973,0.296272
1.02187,0.81071
0.967852,1.09214
1.02034,1.11423
1.10826,0.140346
0.992419,1.54073
1.09854,-0.397535
0.913661,1.03174
0.976835,1.26333
0.938009,1.41834
1.03146,0.977729
1.01215,0.534251
1.04737,0.558599
1.08057,0.372235
0.975473,1.04521
1.11259,0.0425345
0.942689,1.38573
0.97522,1.76533
1.01504,1.05578
1.01524,0.553197
1.05621,0.440329
1.03232,0.132306
0.967264,1.62088
1.00333,1.34427
1.06215,1.21509
1.05022,0.212131
0.941675,1.19437
1.03931,0.931805
1.08548,0.0567321
1.02,0.588037
0.995659,0.777936
0.944796,1.27052
1.07931,-0.354956
0.968991,1.11235
1.14535,-0.36008
1.06141,0.482179
1.07917,0.124885
0.940711,1.04265
1.02039,1.29073
1.04702,0.443838
0.943711,0.850231
1.00982,0.292129
1.01111,1.14016
1.0674,0.194812
0.969669,1.21254
0.944346,1.10745
1.0326,0.0100266
1.07842,0.486441
1.00504,1.1506
1.06885,0.800114
0.957495,1.34908
0.987036,1.20777
0.918552,1.60431
1.07076,0.483652
1.06295,0.231144
1.02648,0.81623
1.1164,0.387032
0.949178,1.83689
1.07737,-0.197093
1.02476,1.18526
1.02041,0.648426
1.0745,0.176057
1.00195,0.628244
1.01651,0.725736
1.0692,0.321986
0.927137,1.47539
0.885785,2.09287
1.0342,0.56193
1.07277,0.0522563
1.15013,-0.203908
1.04627,0.309067
1.1188,-0.242498
1.00634,0.876934
0.967668,0.906845
1.11539,0.112952
1.08508,0.305656
1.10222,0.524607
1.03346,0.452968
0.947138,0.995187
0.956385,1.05565
1.15082,-0.507555
1.09464,-0.0995487
0.985794,1.02057
1.01121,1.27946
1.04614,0.796722
1.04254,0.322079
1.04922,0.333985
1.03183,0.801315
1.06159,0.0572379
0.922896,1.1851
1.06879,0.0166221
0.975597,0.663832
1.02005,0.515459
0.961413,0.679783
0.916113,1.748
1.05043,0.566118
1.03931,0.39952
0.959541,1.08687
0.999687,1.0441
1.02441,0.851443
1.07209,0.0660974
0.985696,1.23446
1.06782,0.140218
0.953527,1.4858
0.961365,1.2953
1.10214,0.397844
1.14491,0.0101832
0.95232,1.55417
0.964002,1.1416
0.999218,1.26105
0.977006,1.69546
0.94823,0.932118
1.08157,0.400762
0.947937,1.34658
1.07079,0.714157
1.02898,0.301428
1.02696,0.498664
1.02318,0.237935
1.04181,0.882278
0.998268,1.01518
0.934855,1.02218
1.03674,0.869686
0.977618,0.873024
1.01162,0.505789
1.1132,0.224707
0.935307,1.6375
1.05075,0.49297
0.954839,1.60472
1.00955,0.668701
1.00411,0.729605
0.98602,1.52663
1.15983,-0.0122
0.989313,0.647104
1.00243,1.06924
1.0853,0.0976143
0.993803,0.838723
1.04966,0.0421191
1.04264,0.740605
1.01729,1.05163
1.03393,-0.0215597
1.09963,0.460086
0.990655,0.457175
0.936364,1.7103
0.94816,0.728787
1.01931,0.362599
1.06991,0.0299884
0.950665,0.649852
0.948464,1.37514
1.05161,0.0689974
1.00637,0.651724
0.942272,1.29764
1.00817,0.766684
1.047,0.838446
1.08417,0.232681
1.00177,1.35563
1.02723,0.125193
1.06372,0.531901
1.02936,0.383479
0.938008,1.13545
0.947044,1.06066
0.985561,0.963829
1.00153,0.36281
1.08144,0.0997753
1.1132,0.400983
1.06186,0.441667
1.06851,0.573622
0.985493,1.31448
1.05425,0.857245
1.00442,0.849201
1.03547,1.32263
1.00164,1.11767
0.967869,1.43134
0.986214,0.822639
1.08925,0.376569
1.07543,0.281296
1.00889,0.563188
1.01141,0.333151
0.978658,0.698774
1.08179,0.646494
0.931526,1.53792
0.997618,1.00278
1.0293,0.611587
0.977295,0.855346
0.989541,0.544508
0.947888,1.67828
0.948786,1.46824
1.09276,0.364146
0.957498,1.21475
1.03719,0.495384
0.928689,1.73958
1.03793,0.663653
0.974706,1.17309
1.13044,-0.444431
0.94804,0.557321
1.07603,0.0945836
1.02334,0.16982
0.996034,1.02257
0.948699,1.37153
0.993315,0.920587
1.0172,0.715547
1.07543,0.478595
0.933982,1.44338
0.946385,1.75728
1.0676,0.185617
1.00487,0.657108
1.00706,0.578853
1.14319,-0.197773
1.00291,1.12032
1.09315,0.187492
1.05001,0.506139
1.00707,0.812856
1.01875,1.11157
1.08743,0.166707
1.0996,0.252073
0.995286,1.01279
0.937406,1.29455
0.98158,0.975584
0.985623,0.928661
1.01078,0.709307
0.984632,0.709729
1.01844,1.00237
0.889813,1.8201
1.01481,0.159621
0.869583,1.84618
1.05732,0.206623
1.0242,0.783135
0.995585,0.977967
0.972752,1.21009
1.03809,0.246095
0.955006,0.807638
1.04051,0.509009
0.961508,1.32445
1.02366,0.0897648
1.06943,0.657487
1.04628,0.624544
1.05381,1.07598
1.10335,-0.00127635
0.987301,0.892132
1.04243,0.823638
1.01305,0.718924
0.99016,0.983431
1.05911,0.460248
1.06157,0.629584
1.02755,0.808613
0.96836,1.24812
1.06722,0.661738
0.997218,1.17439
0.967152,0.82234
1.00972,0.751626
1.09686,0.291774
1.00722,0.911874
1.07964,0.0338127
1.02992,0.588037
0.949161,1.46775
1.03053,0.169308
0.875902,1.8732
1.03434,1.30149
0.989798,0.933157
0.980128,1.29128
0.947419,1.24181
1.0456,0.598902
1.00178,0.639433
1.01536,1.03777
1.00746,0.2381
0.971514,1.26438
1.05279,0.145595
0.99391,0.77395
0.942299,1.51368
1.07438,0.446849
1.03068,0.0555605
0.975144,0.796364
1.12594,0.0466531
1.02864,0.728382
1.03881,1.14306
1.06159,0.333386
0.983424,0.959921
1.10505,-0.12452
1.02412,0.870109
1.09302,0.268527
0.914802,1.49696
0.967733,1.11331
1.0386,0.0489207
1.007,0.330813
1.06894,0.558389
0.993554,1.24992
1.02243,0.638928
1.03628,0.897557
1.10218,-0.206855
0.94416,1.75309
1.00534,0.725692
1.05443,0.743224
1.08401,0.369903
1.06284,0.578023
0.932253,1.40268
1.07345,0.610019
0.964214,1.26085
0.97924,0.823851
1.02593,0.592268
0.967142,1.64973
0.979635,1.33721
1.00949,1.62501
0.93021,1.04531
1.00233,0.702678
1.11183,0.573489
0.91331,1.79391
1.0563,0.301296
0.932797,1.00389
1.04867,0.603465
1.00719,0.732636
0.997473,0.699828
0.951349,1.64987
1.01762,0.906108
1.03723,0.947045
1.00449,1.16808
1.00089,1.38476
0.957101,0.863352
1.02337,0.666626
0.944959,1.18234
1.11087,0.0487558
1.02951,0.741202
0.946228,1.20084
1.02862,0.992503
0.991721,0.945423
0.985442,0.748244
1.02687,0.962703
0.997044,0.744807
1.03123,1.0828
1.01254,1.16259
1.10717,-0.0645741
1.01953,1.15656
1.09938,0.197253
0.98945,0.494936
1.04751,0.599175
1.03666,0.677436
1.0592,0.802896
1.05766,-0.104529
0.913274,1.64284
0.933162,1.28314
1.03204,0.433681
1.09195,0.0669839
1.02576,0.53317
1.00452,1.16063
1.01208,0.784783
1.00049,1.12931
0.974174,0.542453
1.00252,1.17408
0.885218,1.8756
0.969353,1.27194
1.11102,-0.126754
1.0066,0.739775
1.04377,-0.0451806
1.13438,-0.0060899
1.02772,0.526256
0.995511,0.931025
1.05054,0.0405019
0.952739,1.82679
1.05207,0.521039
0.978843,1.76014
1.02275,0.50658
0.994487,0.78188
1.04199,0.453519
1.02804,0.0777559
1.02354,0.885515
1.00672,0.545922
0.988935,1.46113
1.05898,0.353077
0.981169,0.80672
0.891323,1.8217
1.06762,0.375496
1.08399,0.312818
1.0311,0.715793
1.02024,0.762828
0.980992,1.26383
1.08161,0.580556
0.959608,1.0493
1.09442,-0.0267152
0.986299,0.944008
1.00688,0.961866
1.10761,-0.248136
0.965332,0.894211
1.04252,0.513332
1.1498,0.00277167
0.990457,1.27158
0.961217,1.43185
0.980252,1.32892
1.01885,0.692355
0.952418,0.946066
1.00206,1.1912
0.982578,1.10993
0.989519,0.636513
1.04577,0.246317
1.03333,1.36128
1.09722,0.558266
0.966473,1.43352
0.994431,0.897031
0.993522,0.896491
0.975819,0.942772
0.924398,1.44333
1.04759,0.577876
0.939824,1.45892
0.992296,1.14076
1.05116,0.512404
1.04806,0.457176
1.04828,0.2981
0.923193,1.15315
1.06862,0.795451
0.915,1.68933
1.05029,0.507581
0.941124,1.20217
1.05779,0.199021
0.993094,0.609194
1.03845,0.235288
1.07627,0.455869
1.09039,0.351047
1.03142,0.538537
1.0575,0.0607494
0.98095,1.12922
1.14966,-0.183855
1.01876,0.631091
0.941112,1.34702
1.13042,0.344267
1.01626,0.793416
1.16215,-0.760018
1.01272,0.670296
1.01926,0.961194
1.08203,0.539922
1.05524,0.759051
1.03955,0.82573
1.04627,0.213773
1.00145,0.753716
0.982698,1.0543
0.990966,0.917517
1.03299,0.510757
1.06011,0.288991
1.02078,0.658192
0.987051,0.834169
1.0543,0.341433
0.9519,1.58033
0.992195,0.716733
1.06409,0.125647
0.983704,1.18407
1.05679,0.352733
0.99989,0.94932
0.898811,1.39347
0.941451,1.40063
1.06881,0.136037
1.0596,0.81779
1.06917,0.151418
0.949063,1.59998
1.0025,0.807277
0.964084,1.13504
0.995803,1.17776
1.03686,0.44948
1.0135,0.155429
1.07218,0.141281
1.02898,0.731811
1.04888,1.34289
1.0706,0.254288
0.936185,1.27978
1.05165,0.589031
1.06011,0.442915
1.08502,-0.112535
1.04021,0.198638
0.95917,1.02864
1.01905,0.43317
1.07881,0.417615
1.06749,0.384981
1.08646,0.138691
0.958347,1.23531
0.994278,0.863446
0.995229,0.993061
0.984697,1.21052
1.00615,0.896089
1.07003,0.556076
1.02484,1.08685
1.07833,-0.0189413
1.11844,-0.145052
1.04475,0.348715
0.988279,1.54568
0.984892,1.15458
1.01631,0.61177
1.06136,0.12416
0.968035,1.1073
0.942683,1.25257
1.06344,0.633651
1.07793,0.117183
1.11279,0.535065
1.13257,-0.34341
0.94332,1.4557
0.923694,0.997322
1.10577,-0.169763
0.996062,0.4869
1.04295,1.11608
0.973297,0.627442
0.938647,1.3446
1.05946,0.443053
0.916066,1.61421
1.0746,0.552522
0.979217,1.0752
1.06826,0.118329
1.06719,-0.242871
0.957988,1.43259
0.940213,0.909973
1.08211,-0.03277
1.04285,0.848422
1.05527,0.904457
1.01485,0.815835
0.980876,0.751705
1.02,0.696556
1.12732,0.00701834
1.07925,-0.0237735
1.01873,1.13528
1.14734,-0.109006
1.04794,0.402794
0.949039,0.889687
0.95881,1.48284
0.979434,0.839478
1.05311,1.05138
1.06181,0.615272
0.993486,0.69791
1.051,1.09118
0.991658,1.28914
1.03927,0.55585
0.98077,0.784689
1.12189,0.169784
1.00733,0.433172
0.957145,1.27628
1.07504,0.278058
0.993295,0.978122
1.09795,-0.452188
0.921599,1.82766
1.11695,0.13767
1.03486,0.198289
1.01524,1.1215
1.10483,-0.00590672
1.09041,0.217048
1.15306,-0.752963
1.05159,-0.00665464
1.07607,0.501935
0.931689,1.08547
1.06781,-0.0158024
0.9935,1.03147
1.03678,0.960694
1.00901,1.07772
0.935872,1.243
0.954157,0.980829
0.922622,1.20989
0.971713,1.40092
1.0346,0.487032
1.00838,0.862261
1.05103,0.371694
1.0158,0.864385
1.06792,0.211044
0.97922,1.29509
1.04905,1.01404
1.05218,-0.000393213
1.05863,0.380501
1.00054,0.805103
1.07567,-0.0230551
1.03365,0.828418
1.02396,0.693337
1.11173,0.219028
1.08938,0.537757
1.10044,0.494679
0.93899,1.46373
1.10852,0.147759
0.901293,1.053
1.04627,0.366193
1.07862,0.667728
0.990437,0.567604
0.98677,0.863779
1.06319,0.464377
0.99857,0.905493
1.0005,0.989597
0.949607,1.02624
1.06174,0.0698329
0.988515,0.883518
1.05797,1.01222
1.06399,0.462154
1.05113,0.369129
1.09091,0.524336
1.0895,0.332158
1.02259,0.594807
0.932,1.70876
1.02165,0.649248
0.975204,1.21028
1.04583,0.686389
1.04114,0.563553
1.04594,0.782419
0.975166,1.04933
1.04728,0.703718
0.984161,0.52043
1.04616,0.0363644
1.06745,0.879715
1.00744,0.544848
0.967685,0.899748
0.924621,1.33304
0.953479,1.30201
1.06922,0.00602636
1.14211,0.230716
0.910536,1.31991
1.03179,0.921648
0.99527,1.36096
0.998636,0.512246
1.08188,0.334214
1.03489,0.282726
1.09354,0.150384
1.08658,0.473806
1.0386,0.89701
1.05427,0.665379
1.01605,0.331086
1.06663,0.70197
0.948191,0.750282
1.03408,0.523601
1.10171,0.0926096
1.02346,0.410247
0.978113,0.885933
1.01547,0.968659
0.983178,1.16831
1.09792,0.0416424
0.982383,1.03348
1.05363,0.376903
1.02483,0.0235033
1.07665,0.44006
1.18978,-0.425994
1.08136,0.744089
1.02042,0.860168
1.11421,0.188842
1.00087,0.655355
1.02378,0.754849
0.955322,1.57078
0.946978,1.42937
0.998052,1.02893
1.03036,0.271028
0.939937,1.28114
0.977642,1.11197
1.05204,1.00405
1.02889,0.752779
1.02079,0.846109
1.07823,0.386165
1.02336,0.727484
1.00049,0.928201
0.93948,0.971251
1.02361,0.599046
1.0359,0.602653
1.05239,0.150173
1.03977,0.0898923
1.08778,0.292847
1.04654,0.57516
0.997071,1.27368
1.09071,0.0515253
1.00101,1.17839
1.12325,-0.194619
1.0135,0.546314
0.848104,2.06029
1.01343,0.647817
1.1902,-0.560561
0.93115,1.58336
1.01979,1.00982
1.0545,0.753486
1.07486,0.209081
1.01982,0.513459
1.03716,0.754794
1.03449,0.540032
0.934259,1.2186
1.01947,0.148465
0.970664,1.01503
1.00814,0.699112
1.06557,0.260616
1.04093,0.562244
0.981602,1.33348
1.12657,-0.0980106
0.948574,1.79271
1.04406,0.832895
1.06011,0.635254
1.04598,0.652622
0.999144,1.07951
1.0501,0.191231
1.09478,-0.13457
0.960884,1.04927
1.02208,0.847301
1.12083,-0.0276274
0.970689,0.735608
1.07184,0.582695
1.02875,0.638887
0.970199,1.20335
1.00102,0.784146
1.0457,0.586842
1.11103,0.129658
0.992717,0.770237
0.916976,1.72319
1.05597,0.851342
1.00447,1.5141
1.06823,-0.0417927
1.06278,0.386152
1.0363,0.55948
1.00259,0.953865
0.9188,1.38999
0.974847,0.934383
0.973528,0.906456
0.946659,1.67839
1.07836,0.596183
1.06505,0.390064
0.971003,1.30149
1.05773,0.0127436
0.917872,1.11954
1.00197,0.904699
1.03691,0.697695
0.981658,0.83934
1.0388,0.776882
1.00125,0.937023
1.10141,0.132876
0.994644,0.656957
0.9456,1.8478
1.05904,0.661232
1.01444,0.873906
1.01276,1.25979
1.12099,0.0306294
1.10537,0.336507
1.02512,0.298818
0.989487,0.920725
0.973258,1.27183
1.07594,0.688926
1.0092,1.03418
1.04729,0.280852
1.0756,-0.0551689
1.02317,0.491021
0.935632,1.4608
0.909353,1.53379
0.934471,1.06674
1.10434,-0.0784847
0.966026,1.05261
1.00669,1.0762
0.958204,1.51576
1.12755,0.043267
0.910522,1.42155
1.08791,0.124193
0.987966,1.13817
1.0998,0.341654
0.966301,1.18828
1.12781,-0.291632
1.0664,-0.00957692
1.09023,0.378859
0.987827,1.19552
1.08332,-0.101162
1.04778,0.577067
0.913503,1.63169
0.972509,0.859817
1.09256,0.0232695
1.17708,-0.311583
0.948676,1.57086
1.0462,0.40637
0.942048,1.39401
0.981301,1.32356
1.05808,0.849043
1.09943,0.124151
1.05344,0.632107
0.981526,0.907509
1.08567,0.50354
0.989352,0.710719
0.989982,0.806758
1.00047,0.3336
1.00917,1.63877
1.044,0.51874
0.9706,1.14786
1.14763,-0.456753
0.969278,1.53416
0.952824,0.758452
1.04776,0.12435
1.05807,0.739328
1.13705,0.00125348
1.03159,0.912498
0.996805,1.36732
1.01766,0.941951
0.99601,0.948018
1.10448,-0.132742
0.978656,1.08901
0.940458,1.24212
1.00939,0.949868
0.96965,1.08641
1.05979,0.340629
1.05634,0.347941
0.995131,0.949228
1.04866,0.780163
1.04859,0.494549
1.0227,0.249478
1.01651,1.25901
0.955791,0.663747
0.951891,1.16965
1.13451,-0.554857
1.04598,0.709298
0.9946,1.03618
1.0781,0.0398822
1.12559,0.12834
1.03737,0.896868
1.07197,0.256682
1.00423,0.692823
1.05566,0.538343
0.988558,0.799172
1.03914,0.62457
1.07028,0.395785
1.04074,0.810514
0.947967,0.407122
1.00407,0.700076
1.07057,0.344764
1.1166,0.414578
1.01835,0.697441
1.09106,0.254503
1.05381,0.571366
0.911619,1.58682
1.02448,0.835276
0.91411,1.33633
1.19566,-0.974379
0.963792,1.21028
0.951589,1.52547
0.981079,0.882847
1.01571,0.84356
0.96447,1.35735
1.07349,0.802709
1.03295,0.377404
0.984164,1.1255
0.996057,0.562882
0.998372,0.829435
0.979026,1.16992
1.06336,0.406729
0.998199,1.23164
1.10488,-0.158295
0.992744,0.996048
1.05882,0.685732
0.980879,0.758962
1.02803,0.792617
1.11746,0.267053
1.04132,0.821281
1.09795,0.167511
1.05334,0.289588
1.02725,0.794702
0.964334,0.807015
0.962893,0.931777
1.07465,-0.0525235
1.00178,0.963071
0.907816,1.54752
1.04354,0.678841
0.944884,1.16427
1.037,0.596952
1.05903,0.645133
1.05957,0.420296
1.0761,0.628027
0.992775,0.919381
0.97945,1.17134
0.960199,1.44699
1.04049,0.534661
1.08319,0.250319
1.05601,0.405082
1.08306,0.104549
1.08051,0.348534
1.04264,0.760225
1.1359,-0.237589
1.06181,0.60045
0.978628,0.904326
1.04103,0.696495
0.972724,0.725277
1.09078,0.284662
0.96982,1.09109
0.906585,1.39194
0.956287,1.00579
1.01231,0.920033
0.983733,1.17748
0.990518,1.03236
0.946398,0.965596
1.04554,0.331613
0.937192,0.928323
1.02913,0.705019
0.915582,1.59824
1.01311,1.03101
1.00218,0.796065
1.11997,0.216466
1.07927,0.246814
0.968012,1.06052
0.939964,1.48042
0.936754,1.18777
1.01951,0.549414
1.05392,0.797272
1.00572,0.806206
1.01343,0.938606
0.964612,0.840397
1.08914,0.378225
1.05902,0.741006
1.11813,0.0616179
0.916302,1.18738
1.10065,0.348335
0.941622,1.07414
0.929311,1.65706
1.09698,-0.14756
1.06621,0.0661117
1.0256,0.927987
0.900768,1.27173
1.09776,-0.143715
1.1459,0.113333
1.06234,0.772789
0.977818,1.11783
1.06663,0.530365
1.01091,0.981776
1.04437,1.00843
1.023,-0.10752
0.959995,0.544328
1.11372,-0.644808
1.03516,0.613997
0.9521,0.886232
0.924538,0.876991
1.01748,0.921666
1.03339,0.539327
0.948127,1.16555
0.998447,0.481974
1.09928,-0.0344686
0.903529,0.854593
0.906892,1.44381
0.948473,0.778819
1.03227,0.501661
0.994516,0.778221
1.01654,0.585154
0.974424,1.04764
0.930371,1.24078
1.00259,0.925763
0.97345,1.14104
0.952573,0.896047
1.02756,0.573481
0.966606,0.841387
1.01671,0.993319
1.02905,0.710686
0.99634,0.711468
0.969778,1.62319
1.02068,0.280067
1.07736,0.327386
1.03107,0.603136
1.02209,0.250444
1.06645,0.81236
1.07636,0.274804
1.04183,0.862577
1.00242,1.02978
1.07635,0.800733
1.06412,0.871416
1.01854,0.654825
1.05175,0.164671
1.04058,0.403522
0.896233,1.33004
0.929456,1.25763
1.01115,1.06026
1.0509,-0.0772561
1.00705,0.458196
0.958318,1.26169
0.981057,0.931684
0.951644,1.10447
1.12796,-0.4154
1.03182,0.838257
0.980043,1.15718
1.02575,0.9109
1.02681,0.841414
0.994682,1.00341
1.02368,0.698298
1.0618,0.719298
1.02177,0.672962
0.996716,0.897157
1.03304,0.732795
1.11208,0.400856
1.04829,0.837327
1.12121,0.616742
0.954379,1.37992
1.0336,0.470012
0.991896,1.13684
0.988762,1.15078
1.01381,0.69583
0.943492,1.30939
0.979406,0.881707
1.03875,0.648395
1.02003,0.417439
1.11175,-0.0685238
1.06431,0.416184
0.985099,0.665556
0.920039,1.57348
1.00338,0.822019
0.9704,1.13946
