slope,intercept
1.35425,0.322454
1.41961,-0.0479662
1.38433,0.0927739
1.42024,0.10888
1.41868,0.11238
1.40713,0.0912716
1.3111,0.648965
1.42217,-0.0261517
1.34759,0.324372
1.33481,0.284111
1.47996,-0.629232
1.33472,0.253293
1.41533,0.0197076
1.36749,0.171037
1.29619,0.550443
1.40149,0.194566
1.37653,0.301477
1.41021,-0.0742198
1.26327,0.84656
1.38603,0.0965894
1.32179,0.606106
1.40356,0.0898124
1.48066,-0.12618
1.40297,0.00107526
1.32848,0.286693
1.37814,0.274977
1.38918,0.129829
1.32206,0.67611
1.34984,0.263335
1.32606,0.618974
1.40577,0.0688492
1.41076,0.00971346
1.34268,0.435333
1.3858,0.0819828
1.34147,0.504002
1.44982,-0.0920511
1.3792,0.201302
1.38815,0.296876
1.37992,0.330263
1.32631,0.373381
1.37818,-0.136644
1.29075,0.535697
1.3347,0.746957
1.36095,0.395974
1.36782,0.446941
1.34645,0.401757
1.34359,0.379738
1.38621,0.368429
1.38279,0.440442
1.34577,0.428208
1.33516,0.282291
1.40094,0.138797
1.3915,0.0959754
1.29577,0.937342
1.34777,0.216746
1.40563,-0.0349215
1.34319,0.420753
1.35949,0.503022
1.43143,-0.200607
1.38348,0.218108
1.36469,0.347471
1.28414,0.919755
1.35173,0.44664
1.39159,-0.162281
1.4049,0.169407
1.50187,-0.221793
1.35979,0.115128
1.34349,0.318409
1.44376,0.128103
1.37052,0.243587
1.37182,0.0962404
1.30329,0.564727
1.31807,0.703033
1.3388,0.349336
1.39155,0.0877147
1.3905,0.133377
1.42191,-0.105282
1.40956,-0.0754757
1.3897,0.232976
1.36305,0.217252
1.33532,0.378991
1.43038,-0.0717593
1.49732,-0.33809
1.33858,0.393445
1.32699,0.564141
1.32869,0.391729
1.35684,0.30224
1.3072,0.624434
1.44907,-0.113184
1.46615,-0.348537
1.33429,0.774035
1.39008,0.247531
1.46013,-0.215425
1.39254,0.0260538
1.31677,0.538218
1.37719,0.287457
1.34867,0.298899
1.32885,0.33829
1.34665,0.3558
1.38027,0.0671414
1.36367,0.32635
1.3686,0.471918
1.32471,0.310655
1.34848,0.523703
1.37713,0.388713
1.35071,0.724741
1.34426,0.276929
1.36454,0.19601
1.44481,-0.090931
1.43546,-0.321422
1.3743,0.0789371
1.2928,0.713508
1.36908,0.259654
1.33243,0.693083
1.40669,-0.0411322
1.39071,0.399959
1.39813,0.196508
1.37772,0.165152
1.37426,0.289761
1.37141,0.0712423
1.29098,0.624374
1.2926,0.717668
1.38478,0.260053
1.32136,0.435352
1.41279,-0.0142466
1.40462,0.0786401
1.36515,0.390903
1.2985,0.510098
1.36146,0.176778
1.38144,0.242291
1.52886,-0.290357
1.31486,0.335095
1.44595,-0.428243
1.36205,0.582136
1.35631,0.248782
1.33511,0.423553
1.40772,0.0150167
1.3326,0.547508
1.32322,0.542083
1.29581,0.545087
1.25066,0.857057
1.38631,0.202617
1.32507,0.562299
1.44773,0.0420412
1.44558,-0.0855074
1.38749,0.25861
1.40628,0.0736166
1.40511,-0.0922668
1.32637,0.346883
1.45411,-0.0905122
1.37502,0.252546
1.38465,-0.088403
1.38858,0.067281
1.37745,0.266368
1.36687,0.441282
1.36432,0.402839
1.30568,0.458466
1.2902,0.710511
1.39636,0.0298508
1.38215,0.202274
1.41938,-0.0966333
1.39858,0.197571
1.41453,-0.115597
1.33587,0.617831
1.40586,-0.0852083
1.41776,0.0707492
1.28951,0.99666
1.48606,-0.202077
1.37009,0.296413
1.35596,0.377955
1.48122,-0.282914
1.37427,0.37094
1.42118,-0.166209
1.45573,-0.121189
1.4212,0.13839
1.42691,0.0973595
1.39279,0.0346332
1.41009,0.0501992
1.45476,-0.0462248
1.41643,-0.0650229
1.27601,0.880958
1.36928,0.412344
1.31792,0.601294
1.39213,0.315215
1.30548,0.842662
1.40091,-0.0380172
1.3444,0.452949
1.37213,0.211292
1.3409,0.540731
1.38303,-0.142493
1.40198,-0.0133538
1.4657,-0.34976
1.3734,0.447175
1.37088,0.193351
1.41396,-0.101001
1.39822,0.118931
1.39437,0.331235
1.41203,0.0919443
1.23036,1.13979
1.35873,0.466777
1.36442,0.509334
1.39643,0.191861
1.4607,-0.107554
1.38166,0.197878
1.3463,0.230099
1.25364,0.921991
1.43374,0.0282211
1.41599,-0.0411817
1.35929,0.425823
1.36936,0.113318
1.3145,0.641391
1.38697,-0.0402001
1.31506,0.53925
1.43511,0.162084
1.40128,0.279712
1.35981,0.255496
1.331,0.50254
1.35655,0.168502
1.45059,-0.136185
1.35289,0.413139
1.36158,0.234005
1.36167,0.382967
1.37583,0.344208
1.38186,0.258899
1.30396,0.628785
1.42108,-0.189333
1.40402,0.0652517
1.3299,0.371986
1.38547,0.0777603
1.32793,0.536855
1.44711,-0.16493
1.44874,-0.33149
1.33682,0.521209
1.38725,0.091026
1.32155,0.784979
1.36968,0.143887
1.3001,0.533072
1.27839,0.709032
1.36539,0.279875
1.33675,0.348079
1.39721,0.109418
1.29872,0.643301
1.34612,0.4802
1.32577,0.759396
1.31195,0.578403
1.29708,0.577842
1.32313,0.670351
1.33218,0.636798
1.33996,0.655016
1.35522,0.174597
1.36831,0.202119
1.39644,0.245489
1.32919,0.54027
1.38928,-0.234619
1.34452,0.30817
1.39737,0.123834
1.40259,0.0871779
1.36416,0.198668
1.36125,0.429965
1.40719,0.330246
1.35611,0.324868
1.40244,0.102852
1.46856,-0.404475
1.41104,-0.0201371
1.36671,0.32804
1.40912,0.165964
1.43387,-0.0804645
1.36258,0.409586
1.34951,0.570141
1.37992,0.238231
1.33866,0.374041
1.4634,-0.190402
1.38134,0.0944113
1.36123,0.278579
1.26224,0.93843
1.34611,0.253641
1.35244,0.443607
1.30734,0.576063
1.32001,0.801384
1.38709,0.135016
1.35982,0.380773
1.37529,0.187622
1.38788,0.326702
1.36682,0.116561
1.38363,0.214806
1.39865,0.268635
1.36843,0.362645
1.32211,0.501822
1.43806,-0.227862
1.39149,0.121124
1.38571,0.394112
1.3738,0.235245
1.42763,0.206036
1.42601,0.107706
1.35918,0.462455
1.32357,0.33021
1.41665,-0.0587579
1.29466,0.686824
1.3493,0.509759
1.35061,0.192282
1.45146,-0.252296
1.32638,0.452332
1.3139,0.509313
1.4218,0.00912532
1.29959,0.741192
1.2873,0.786072
1.37518,0.0921595
1.29865,0.487463
1.36126,0.55886
1.40133,-0.088636
1.33303,0.518202
1.31996,0.437975
1.36939,0.254222
1.36335,0.164584
1.36049,0.408563
1.39634,0.120084
1.25927,0.977053
1.34581,0.575798
1.34616,0.325591
1.28262,0.605102
1.33342,0.353696
1.41433,0.0361529
1.36314,0.353933
1.36497,0.301912
1.31757,0.615154
1.45271,-0.264098
1.38871,0.300698
1.38286,0.417792
1.2978,0.639095
1.40423,-0.121903
1.36614,0.16179
1.40072,0.0751804
1.3125,0.580088
1.35477,0.570339
1.38363,0.157926
1.31473,0.650367
1.27861,0.753824
1.35176,0.446052
1.35154,0.283411
1.31943,0.536768
1.33882,0.340082
1.37108,0.342204
1.30042,0.660371
1.32171,0.485564
1.38149,0.173878
1.38906,0.202711
1.35015,0.258681
1.34283,0.328425
1.34819,0.584996
1.3875,0.110638
1.36806,-0.00606664
1.44739,-0.402912
1.37723,0.286047
1.41923,-0.189321
1.2714,1.01595
1.37647,0.0714111
1.34912,0.365444
1.41774,0.0501373
1.35314,0.405388
1.40177,-0.101068
1.3672,0.283283
1.35157,0.373546
1.40964,0.041374
1.32014,0.35344
1.33256,0.512909
1.3203,0.498548
1.33263,0.490057
1.34054,0.211979
1.30616,0.684573
1.31535,0.630774
1.3942,0.308223
1.38713,0.0653933
1.33198,0.604514
1.3967,0.380326
1.24832,1.07428
1.32945,0.303912
1.36282,0.312627
1.36966,0.370727
1.33921,0.456183
1.41213,0.194402
1.439,-0.0107825
1.40223,-0.0234005
1.3424,0.557212
1.41374,-0.0843065
1.3461,0.512053
1.37557,0.112821
1.40812,0.141892
1.34204,0.460856
1.32158,0.419672
1.44851,-0.0628277
1.3009,0.701468
1.35393,0.219513
1.34785,0.294785
1.30621,0.611746
1.48454,-0.324934
1.34864,0.357653
1.35435,0.339888
1.29521,0.6935
1.40179,0.0531947
1.2863,0.981121
1.34935,0.350459
1.37631,0.0973554
1.32834,0.317598
1.34523,0.585897
1.40169,0.200241
1.36189,0.225376
1.42702,0.0187937
1.39887,0.270761
1.41831,0.246388
1.37933,0.214873
1.49998,-0.577131
1.35342,0.43805
1.3986,0.207485
1.31192,0.751478
1.32086,0.547314
1.41216,0.25213
1.38487,-0.00451568
1.39184,0.196368
1.36492,0.457653
1.41177,-0.105829
1.36361,0.567884
1.38296,0.266125
1.36582,0.344621
1.46802,-0.489401
1.31764,0.646175
1.3856,0.0799515
1.35053,0.24531
1.3532,0.566019
1.43488,-0.158854
1.4792,-0.425467
1.40789,-0.194799
1.4002,0.15968
1.43983,-0.114194
1.41423,0.0901955
1.3691,0.322186
1.35361,0.234903
1.405,0.143887
1.4167,-0.0275597
1.4266,-0.188527
1.44233,0.100648
1.4115,-0.161511
1.39175,-0.0759491
1.31081,0.606426
1.42938,-0.077786
1.41184,0.0663418
1.39535,0.219478
1.3462,0.670299
1.35022,-0.0564193
1.34128,0.341809
1.4213,0.131657
1.38508,0.14916
1.4349,-0.180855
1.29948,0.681923
1.43708,-0.296119
1.39393,0.41104
1.33338,0.468398
1.38541,0.179923
1.38222,0.0963126
1.30833,0.534657
1.39282,0.157376
1.34811,0.462819
1.43697,-0.233526
1.39776,-0.0180034
1.35193,0.350874
1.3595,0.32578
1.47785,-0.482588
1.35477,0.431746
1.35565,0.378771
1.35788,0.311032
1.36202,0.101879
1.43142,-0.235984
1.34899,0.319763
1.44322,-0.124027
1.37265,0.257596
1.3648,0.42587
1.35821,0.27114
1.39072,0.236493
1.38837,-0.0420472
1.38664,0.110534
1.4219,-0.169785
1.31452,0.46585
1.44431,-0.0573592
1.4058,-0.00458742
1.35023,0.221653
1.38437,0.215169
1.44228,-0.233905
1.34639,0.343545
1.39255,0.273132
1.44722,0.0787963
1.38408,0.102789
1.42684,0.13766
1.4559,-0.351464
1.33223,0.449278
1.35056,0.418379
1.37425,0.0286986
1.38902,0.207186
1.34795,0.308362
1.33052,0.357732
1.42281,-0.148812
1.41971,0.0580023
1.34308,0.221404
1.39916,-0.0208552
1.39896,0.24331
1.40707,-0.0204504
1.25808,0.78827
1.311,0.607731
1.3766,0.0153201
1.40983,0.16227
1.3929,0.269815
1.34984,0.155167
1.35853,0.349015
1.38644,0.0113129
1.38172,0.268502
1.3766,0.139432
1.39993,0.117208
1.326,0.442011
1.25584,0.845448
1.40771,-0.107893
1.38478,0.0461373
1.29374,0.527688
1.37255,0.0833396
1.39967,0.37922
1.38389,0.160105
1.28898,0.476141
1.41662,0.336072
1.43496,-0.0381029
1.36338,0.224985
1.40341,-0.0778354
1.31248,0.557165
1.24644,0.790193
1.45566,-0.304511
1.40771,0.0760096
1.32386,0.490656
1.4017,0.133717
1.41359,0.0956123
1.34629,0.177425
1.39464,0.0961162
1.38024,0.129387
1.29165,0.59183
1.40897,-0.016761
1.36578,0.309046
1.40493,-0.0745542
1.31388,0.617111
1.44075,0.0351275
1.31091,0.524485
1.31831,0.605869
1.39451,0.322729
1.29267,0.689501
1.27436,0.707985
1.45272,-0.174472
1.39275,-0.0119585
1.33405,0.836437
1.39388,0.030702
1.43245,0.0649664
1.3763,0.369327
1.47659,0.00554271
1.42588,-0.0639363
1.29274,0.753459
1.35117,0.40509
1.34385,0.344358
1.44605,-0.286062
1.45127,-0.187931
1.34007,0.545835
1.31948,0.714895
1.39174,0.036789
1.35949,0.0953614
1.35938,0.455737
1.38639,0.194086
1.38098,0.0478054
1.39727,0.185216
1.33021,0.634453
1.38495,0.242704
1.39569,0.115142
1.30667,0.520569
1.40227,-0.0191156
1.39018,0.0382018
1.42734,-0.0760974
1.28412,0.713453
1.46957,-0.542136
1.36303,0.307871
1.36361,0.217326
1.35908,0.370647
1.39987,0.197287
1.33231,0.311196
1.3551,0.484258
1.32964,0.448409
1.36188,0.311993
1.35005,0.43569
1.4154,-0.115517
1.45567,-0.295769
1.34144,0.471487
1.33813,0.509653
1.34921,0.457911
1.3014,0.623817
1.40094,0.0905937
1.29112,0.771611
1.29973,0.562944
1.36686,0.200487
1.33221,0.529896
1.3999,0.110306
1.4032,-0.000910002
1.35152,0.357297
1.45025,-0.210768
1.346,0.266168
1.34497,0.462237
1.39419,0.0773477
1.40198,0.0671166
1.36956,0.293964
1.37458,0.113889
1.43955,-0.0454838
1.34628,0.0717777
1.28425,0.609977
1.44208,-0.00883263
1.40912,0.0724441
1.38192,0.24282
1.38663,-0.0483068
1.31136,0.446904
1.35017,0.342509
1.3988,0.149741
1.35894,0.363579
1.30798,0.731781
1.41771,0.0908887
1.35609,0.531517
1.33804,0.455932
1.4002,0.0935514
1.35561,0.438273
1.37609,0.252801
1.40029,0.091823
1.37102,0.301062
1.40452,0.0718521
1.38767,0.286756
1.31793,0.525014
1.34711,0.565332
1.40297,0.121098
1.36986,0.0825114
1.3652,0.11227
1.39422,-0.0883901
1.3767,0.0824578
1.30923,0.591902
1.31982,0.516938
1.43222,-0.108345
1.42856,-0.00407248
1.31536,0.458244
1.27368,0.81812
1.31149,0.561891
1.36552,0.176366
1.39169,0.193164
1.40724,-0.164001
1.32919,0.685984
1.38606,0.23916
1.40685,0.166316
1.3601,0.35776
1.39422,0.283796
1.30238,0.698225
1.39828,-0.114258
1.34653,0.379461
1.32752,0.506016
1.32204,0.720631
1.36415,0.230788
1.39872,0.242226
1.39163,0.1166
1.33867,0.22891
1.5052,-0.339348
1.35437,0.476771
1.39925,-0.0731311
1.23997,1.14369
1.40713,0.107595
1.36279,0.379454
1.38128,0.125199
1.4174,-0.0286904
1.39577,0.230904
1.31858,0.542547
1.39097,0.354929
1.29082,0.480514
1.33951,0.64428
1.35974,0.394973
1.35482,0.265886
1.3673,0.420573
1.41774,0.110638
1.29481,0.72106
1.45143,0.0184114
1.31079,0.718568
1.39415,0.109382
1.398,0.149024
1.36812,0.255307
1.3786,0.385275
1.37048,0.303864
1.29568,0.624099
1.38584,0.145141
1.38738,0.19982
1.35884,0.30813
1.42343,-0.0470473
1.38055,0.233694
1.37039,0.237534
1.37905,-0.0650037
1.4103,0.278744
1.31609,0.691696
1.46446,-0.208486
1.35949,0.239248
1.27265,0.699359
1.31577,0.629568
1.41597,0.150739
1.39551,0.138635
1.42284,0.0682436
1.35662,0.612583
1.35865,0.50133
1.39232,0.119995
1.34974,0.259464
1.39997,0.0439698
1.41567,0.0555759
1.37164,0.0960369
1.33851,0.277469
1.38661,-0.00750955
1.30088,0.592033
1.31678,0.537429
1.35074,0.397627
1.39321,0.152691
1.36622,0.243821
1.3799,0.153751
1.40185,0.0274152
1.41069,-0.00159996
1.33789,0.209879
1.36379,0.291085
1.34108,0.512706
1.32656,0.609703
1.39506,-0.0143844
1.40669,0.0873698
1.4211,-0.039267
1.29595,0.649748
1.29596,0.575937
1.39548,-0.0315114
1.38552,0.162158
1.4335,-0.154498
1.36852,0.412296
1.42084,0.152131
1.32765,0.825297
1.3336,0.484666
1.40249,0.272736
1.4082,0.0633181
1.40464,0.148726
1.35569,0.419389
1.40914,0.100756
1.44967,-0.220751
1.33802,0.472112
1.38091,0.25044
1.42124,0.0762031
1.28675,0.551403
1.40751,0.0545907
1.43643,-0.144536
1.35329,0.348535
1.3944,0.157231
1.42051,0.0860084
1.40346,-0.116759
1.37499,-0.087505
1.31982,0.783993
1.42398,0.0791383
1.36781,0.183792
1.34425,0.381759
1.5012,-0.349251
1.43941,-0.259899
1.38353,0.190929
1.38639,0.1795
1.35315,0.356893
1.33122,0.412748
1.45469,-0.402781
1.4961,-0.519172
1.42946,0.0986788
1.37215,0.286857
1.36105,0.4246
1.3571,0.184591
1.38652,0.108809
1.35526,0.31101
1.38855,0.329104
1.35614,0.435501
1.39445,-0.0323635
1.3483,0.418507
1.28195,0.615973
1.37348,0.376489
1.32329,0.516359
1.44965,-0.298899
1.43146,-0.254416
1.36954,0.164792
1.4182,0.135733
1.30077,0.368665
1.38973,0.120472
1.45771,-0.324513
1.38611,0.445446
1.33129,0.43794
1.40396,-0.0381035
1.43265,-0.0963103
1.29713,0.619465
1.41515,0.144158
1.38341,0.317633
1.44819,-0.153371
1.3604,0.281451
1.47066,-0.362398
1.36871,0.267865
1.31901,0.562962
1.41882,-0.0971593
1.41397,0.241736
1.40966,0.0643735
1.44987,-0.214741
1.39583,-0.0280576
1.30727,0.397602
1.37738,0.0799304
1.36227,0.408396
1.34008,0.484722
1.37146,0.224845
1.3828,0.052814
1.37735,0.275895
1.32976,0.676356
1.38322,0.284876
1.3816,0.294559
1.36073,0.302826
1.40651,0.0217267
1.29738,0.651543
1.30395,0.69203
1.31527,0.578562
1.42037,0.132594
1.49783,-0.515766
1.29056,0.628606
1.28606,0.687772
1.26593,0.820808
1.37448,0.0099328
1.44578,-0.186469
1.35956,0.398208
1.42232,0.218925
1.37392,0.400043
1.37007,0.464287
1.25983,0.819736
1.329,0.454871
1.37512,0.315147
1.37765,0.274367
1.32842,0.548334
1.30842,0.807448
1.42204,0.0144395
1.39639,-0.0698753
1.36428,0.0607591
1.3707,0.237098
1.34733,0.510977
1.32861,0.366352
1.4122,0.0341596
1.33883,0.531985
1.37221,0.366687
1.43063,-0.071085
1.35801,0.400016
1.42371,-0.0408393
1.35669,0.190019
1.40232,0.0407563
1.36264,0.280909
1.42671,0.00972634
1.34723,0.720526
1.34652,0.376001
1.24292,0.989274
1.45043,-0.242769
1.36962,0.224596
1.36344,0.333733
1.30989,0.897009
1.40503,-0.218998
1.29667,0.801064
1.31826,0.645643
1.37157,0.123254
1.39758,0.407152
1.39987,0.106117
1.35833,0.271516
1.39034,0.212688
1.31059,0.443948
1.38957,0.187226
1.36534,0.373279
1.39966,0.139125
1.36328,0.467847
1.40898,0.0394008
1.35197,0.20281
1.42082,0.0504615
1.31513,0.541124
1.3388,0.401018
1.33847,0.66702
1.37312,0.318199
1.31085,0.728837
1.43155,0.0142405
1.34509,0.533335
1.46437,-0.307312
1.36325,0.411629
1.42151,0.0123898
1.4044,0.273325
1.34354,0.308968
1.48459,-0.256372
1.39957,-0.111876
1.34383,0.519976
1.34468,0.259011
1.42605,0.0799277
1.31805,0.692146
1.37134,0.269043
1.43994,-0.133742
1.36677,0.16133
1.30927,0.729
1.29342,0.707911
1.42182,-0.0333684
1.38761,0.149912
1.27958,0.64349
1.31674,0.717894
1.29725,0.570267
1.38955,-0.0705178
1.35046,0.398786
1.3625,0.320207
1.39072,0.356453
1.39141,0.180319
1.41233,-0.138792
1.29042,0.673521
1.28906,0.813069
1.34216,0.355448
1.40724,0.288905
1.37011,0.363441
1.32486,0.601249
1.30364,0.708882
1.29578,0.866412
1.40592,-0.133747
1.39039,0.310213
1.43897,0.0586477
1.32772,0.571422
1.39482,-0.0060072
1.33218,0.596891
1.32216,0.539164
1.34966,0.242956
1.33312,0.507938
1.33722,0.441493
1.40323,0.234167
1.4114,-0.077517
1.37594,0.222695
1.35031,0.550053
1.37151,0.525711
1.40731,0.116143
1.40909,-0.0404448
1.34203,0.34511
1.40059,0.101062
1.35023,0.48312
1.37328,0.414237
1.29672,0.57776
1.35628,0.299949
1.45555,-0.0596526
1.41288,0.334787
1.42026,-0.0243146
1.41974,0.00403301
1.34671,0.447263
1.3887,0.302641
1.36437,0.307049
1.30591,0.730472
1.44514,0.0159732
1.42956,-0.257381
1.40091,0.0932818
1.40469,0.127734
1.35778,0.257448
1.37695,0.159686
1.40813,0.136281
1.43634,-0.104889
1.39434,0.152321
1.40458,0.123841
1.37277,0.503155
1.38697,0.251659
1.37391,0.110049
1.40721,0.238641
1.39495,0.0479071
1.40282,0.0896789
1.41242,-0.0111393
1.25609,1.01684
1.38271,0.137994
1.30235,0.51872
1.43351,-0.0425201
1.42673,-0.332565
1.34856,0.418196
1.48213,-0.187148
1.42796,0.0162359
1.36767,0.280587
1.45514,-0.37401
1.35601,0.597899
1.36391,0.230574
1.34078,0.275202
1.36185,0.430738
1.41155,-0.260243
1.30136,0.754106
1.41027,0.0039636
1.32681,0.494677
1.41283,-0.0880078
1.41713,-0.23433
1.34379,0.311203
1.39501,0.0939927
1.45616,-0.22061
1.31326,0.611593
1.32954,0.469479
1.43388,-0.21612
1.34981,0.351092
1.38695,0.273693
1.37004,0.274161
1.38416,0.132384
1.34801,0.574872
1.37877,0.362077
1.34966,0.449132
1.4513,-0.287325
1.40554,0.122239
1.48001,-0.49123
1.30701,0.814034
1.34894,0.419586
1.30357,0.390237
1.34656,0.390844
1.32551,0.575011
1.38467,0.212114
1.27921,0.600261
1.27814,0.912995
1.29006,0.839266
1.30097,0.586445
1.27142,0.49738
1.42646,-0.0704966
1.35636,0.478066
1.29064,0.676388
1.36015,0.319777
1.40024,0.124497
1.40769,0.037272
1.3663,0.28058
1.38696,0.0529798
1.39066,0.135824
1.37541,0.0310763
1.43349,-0.0651605
1.31092,0.571736
1.37781,0.206156
1.39152,0.180987
1.38196,0.291421
1.40602,0.0523721
1.40669,-0.00314688
1.40178,0.120011
1.39868,0.0667532
1.35105,0.206301
1.39509,-0.0158307
1.38113,0.295964
1.30193,0.750121
1.38805,0.289467
1.32796,0.52154
1.31361,0.689809
1.38572,0.120822
1.36526,0.306687
1.39941,0.0102298
1.37443,0.210737
1.3758,0.137926
1.29381,0.618679
1.35474,0.158781
1.37,0.270428
1.3142,0.622821
1.39353,0.126397
1.36397,0.300221
1.38537,0.254531
1.29239,0.675142
1.40794,0.115233
1.39212,0.34816
1.30908,0.615989
1.35017,0.441179
1.32725,0.385843
1.36709,0.264702
1.35253,0.223646
1.34669,0.397417
1.39512,0.166531
1.36819,0.215283
1.38215,0.234787
1.27064,0.977107
1.31603,0.768605
1.39222,0.195766
1.41021,-0.0218183
1.33953,0.319053
1.34162,0.321644
1.36156,0.17075
1.34807,0.528084
1.37624,0.172631
1.30561,0.80453
1.3487,0.416297
1.37135,0.181958
1.35533,0.387251
1.42317,-0.211681
1.37127,0.267837
1.39741,0.524731
1.36291,0.361049
1.34611,0.550866
1.39308,0.40692
1.31189,0.511792
1.35734,0.319843
1.3165,0.700031
1.3885,0.218396
1.45716,-0.0828164
1.43394,-0.00604074
1.26294,0.792357
1.44016,-0.297541
1.32217,0.581477
1.36667,0.149556
1.31703,0.419946
1.34586,0.411003
1.32532,0.399305
1.3529,0.440843
1.37967,0.285925
1.37986,0.235015
1.44193,-0.15597
1.45052,-0.188079
1.31937,0.571468
1.33284,0.522867
1.41533,0.0784849
1.40842,0.246377
1.30107,0.931778
1.34735,0.381545
1.39757,0.28173
1.40977,-0.00321853
1.33734,0.41427
1.37519,0.289548
1.35482,0.303011
1.3192,0.595908
1.34644,0.461339
1.40168,-0.0126783
1.38329,0.260654
1.37778,0.0164083
1.3002,0.586377
1.38705,0.0534434
1.35972,0.22079
1.38541,0.207441
1.45771,-0.115264
1.38197,0.0531746
1.34837,0.559874
1.35191,0.492804
1.39222,0.193651
1.40222,-0.1189
1.41314,0.0485209
1.35254,0.587175
1.452,-0.350149
1.32722,0.392973
1.43946,-0.0624977
1.34501,0.474152
1.3763,0.231907
1.34121,0.675334
1.3864,0.323324
1.39067,0.0972872
1.34979,0.4615
1.25134,0.927133
1.34425,0.303859
1.35526,0.26302
1.33658,0.427148
1.35896,0.34476
1.34106,0.637022
1.39922,0.263732
1.2713,0.784249
1.46664,-0.291564
1.36871,0.322237
1.31653,0.393223
1.41687,0.1483
1.39877,0.0531987
1.37606,0.325391
1.35496,0.285445
1.34844,0.276919
1.35979,0.301324
1.37269,0.229619
1.37281,0.0315929
1.40293,0.0829958
1.38661,0.00654425
1.38652,0.0726476
1.38619,0.181374
1.40497,0.121299
1.43736,-0.212542
1.34688,0.432396
1.42873,0.128155
1.32238,0.719066
1.36248,0.216693
1.34957,0.320341
1.32407,0.166918
1.40086,0.144679
1.28969,0.734755
1.3893,0.258888
1.31772,0.378701
1.39345,-0.171959
1.40953,0.0864612
1.3083,0.665529
1.37005,0.378186
1.3731,0.335405
1.38305,0.180533
1.38244,0.422024
1.41518,-0.124293
1.35915,0.202207
1.38774,0.126947
1.40917,0.194003
1.3344,0.525074
1.39807,0.266177
1.32467,0.560243
1.41357,-0.246718
1.36347,0.327709
1.3307,0.52865
1.37289,0.248611
1.42793,-0.140036
1.40414,-0.121365
1.3437,0.355764
1.412,0.0230674
1.36604,0.35044
1.4074,0.29527
1.40294,0.238025
1.34814,0.446724
1.41505,-0.145961
1.43685,0.0198319
1.34544,0.633808
1.35293,0.363172
1.32535,0.432541
1.40272,0.428905
1.43759,0.26832
1.40512,0.0689829
1.48079,-0.169204
1.45092,-0.180038
1.38856,0.199692
1.35681,0.153722
1.35779,0.178712
1.43968,-0.341506
1.30863,0.489948
1.28725,0.539497
1.37611,0.0560947
1.44185,-0.0302709
1.34847,0.302681
1.45249,-0.112047
1.37885,-0.11518
1.32817,0.635804
1.37054,0.370148
1.38689,0.480238
1.33835,0.642448
1.21855,1.07452
1.41078,0.179312
1.30142,0.747886
1.34107,0.578882
1.32678,0.513699
1.32032,0.627271
1.32487,0.512924
1.38689,0.0330042
1.29725,0.426592
1.36677,0.359128
1.33838,0.516045
1.35908,0.40229
1.37208,0.190697
1.3502,0.535294
1.38613,0.241664
1.51375,-0.634197
1.35413,0.191352
1.3526,0.169975
1.37447,0.254593
1.40831,-0.072159
1.39807,0.353762
1.28277,0.745755
1.33355,0.373381
1.36806,0.165588
1.38306,0.305136
1.37438,0.273075
1.3956,0.0651555
1.34087,0.362957
1.42811,-0.0564481
1.36393,0.328193
1.36539,0.292912
1.32606,0.453958
1.40524,0.202037
1.33891,0.384899
1.36031,0.344518
1.2576,0.801473
1.30031,0.722463
1.3464,0.438479
1.47217,-0.157036
1.38437,0.271746
1.37869,0.289621
1.31364,0.457859
1.35436,0.407978
1.29956,0.779411
1.43235,-0.00181192
1.39724,0.0712497
1.34162,0.898419
1.44255,-0.0679106
1.38506,0.288667
1.44502,-0.041134
1.42027,-0.141762
1.3697,0.294142
1.30051,0.583792
1.40412,0.215766
1.42194,-0.0616819
1.36791,0.391609
1.40046,0.0913062
1.33592,0.440622
1.4052,0.159452
1.3278,0.413285
1.36664,0.115949
1.38969,0.490095
1.31197,0.798895
1.31314,0.447568
1.38869,0.125878
1.40109,0.199207
1.40079,-0.066446
1.40412,0.0955876
1.29178,0.775287
1.3555,0.37663
1.42116,-0.0968539
1.4109,0.0453411
1.34583,0.391514
1.36769,0.341617
1.34918,0.200649
1.39082,-0.00910775
1.36097,0.314947
1.28728,0.754787
1.34005,0.543763
1.35901,0.249483
1.3972,0.147486
1.34229,0.301354
1.44622,-0.293375
1.41714,-0.167951
1.40763,0.123093
1.32443,0.43393
1.362,0.281173
1.33108,0.516264
1.43806,-0.205754
1.45853,-0.092527
1.41673,0.19332
1.39502,-0.0779613
1.41351,9.49309e-05
1.34996,0.300423
1.3604,0.137983
1.40074,0.215068
1.3621,0.311357
1.37637,0.0880307
1.39452,0.290916
1.44365,0.110367
1.34378,0.31374
1.35719,0.489624
1.37104,0.183104
1.3834,0.0287924
1.34691,0.501252
1.37373,0.269399
1.38763,0.132171
1.34297,0.230845
1.30041,0.677907
1.34246,0.316579
1.3044,0.546117
1.27697,0.699089
1.41207,0.174868
1.36696,0.263431
1.35589,0.206017
1.36433,0.248345
1.34663,0.344513
1.38785,0.188965
1.35012,0.275517
1.3375,0.483715
1.3945,0.0288636
1.32512,0.280782
1.39386,0.160238
1.37493,0.286189
1.33214,0.399
1.3443,0.496499
1.37305,0.413758
1.40009,0.111548
1.41405,0.01465
1.34235,0.583848
1.31505,0.563456
1.30575,0.579581
1.38856,0.590783
1.38234,0.137379
1.2956,0.551174
1.35255,0.287591
1.36211,0.420641
1.39453,0.105018
1.39237,0.267404
1.33104,0.565836
1.34601,0.212565
1.4339,-0.154623
1.30917,0.602079
1.35709,0.206349
1.41486,0.0326918
1.32034,0.671836
1.29175,0.446028
1.3661,0.343881
1.35459,0.435043
1.38163,0.443819
1.26364,0.639768
1.34776,0.276829
1.33735,0.478133
1.44002,0.0939414
1.38123,0.31826
1.31183,0.558249
1.50575,-0.3393
1.32718,0.366996
1.38296,0.133476
1.41971,-0.0668635
1.36341,0.308903
1.34367,0.2991
1.33818,0.467997
1.31715,0.614186
1.37596,0.225908
1.36624,0.386988
1.29555,0.635385
1.32132,0.660737
1.41203,0.128143
1.3757,0.42369
1.27829,0.996208
1.36901,0.341289
1.30864,0.394373
1.34968,0.427319
1.40959,0.105288
1.34353,0.567794
1.34172,0.545051
1.31595,0.789136
1.29677,0.588305
1.33648,0.522325
1.3775,0.0354313
1.42524,0.194986
1.32244,0.263927
1.32587,0.46537
1.34213,0.143754
1.34677,0.419884
1.33862,0.328303
1.3771,0.382713
1.40788,-0.233547
1.35038,0.353818
1.39868,0.0548354
1.39709,0.0133339
1.30895,0.503334
1.27617,0.805157
1.34264,0.247293
1.42933,0.106488
1.39604,0.229918
1.46042,-0.16413
1.40113,0.00442104
1.40394,0.228889
1.32597,0.397029
1.33478,0.380572
1.37607,0.4062
1.38802,0.245092
1.38646,0.320703
1.39407,0.228094
1.33221,0.583082
1.35058,0.414554
1.46583,-0.278353
1.39881,0.088223
1.44854,-0.147027
1.43017,-0.0159311
1.40808,0.135532
1.42471,-0.0154819
1.30663,0.849564
1.41296,-0.06484
1.34127,0.270908
1.37471,0.286357
1.37987,0.126607
1.31458,0.576414
1.37029,0.0179154
1.39062,0.0169893
1.30617,0.846685
1.37199,0.272776
1.47097,-0.110026
1.30339,0.482212
1.3454,0.290938
1.40071,-0.0133088
1.35808,0.329881
1.40141,0.19397
1.38774,0.204939
1.36725,0.341032
1.35262,0.419842
1.32046,0.21427
1.4074,0.106003
1.40798,0.067785
1.33473,0.410883
1.29471,0.814338
1.35583,0.364877
1.38774,0.204415
1.29641,0.707886
1.40535,-0.0304898
1.39073,0.267659
1.42844,-0.0856478
1.40273,0.0917568
1.36452,0.324833
1.35857,0.409121
1.35274,0.530846
1.41396,0.113545
1.37214,0.373178
1.41525,0.176066
1.35513,0.396742
1.43016,-0.0820546
1.4548,-0.274898
1.41366,-0.0819421
1.44057,-0.194959
1.31372,0.476994
1.3108,0.526178
1.38388,-0.103199
1.40217,0.258364
1.30127,0.715715
1.39875,0.00683759
1.35699,0.250195
1.39982,0.188937
1.3141,0.602537
1.41367,0.0285826
1.43545,-0.0119708
1.32283,0.215053
1.34235,0.374248
1.35969,0.213582
1.35696,0.304002
1.42544,-0.0856334
1.45737,-0.30868
1.35403,0.518564
1.36487,0.253836
1.36629,0.314089
1.45322,-0.120453
1.36824,0.145303
1.40763,-0.0521193
1.43068,-0.128896
1.34635,0.390917
1.33979,0.360285
1.34206,0.345455
1.36972,0.192863
1.34508,0.564493
1.30883,0.571361
1.42131,-0.0762105
1.23431,0.703899
1.40519,0.134044
1.28282,0.564603
1.51364,-0.633627
1.40264,0.153677
1.3746,0.297548
1.33195,0.45751
1.41694,0.134253
1.3544,0.206118
1.29067,0.719241
1.3491,0.468025
1.38737,0.0669207
1.33421,0.370034
1.30085,0.871019
1.42105,0.125808
1.33679,0.507603
1.4775,-0.206031
1.38042,-0.0264135
1.40656,0.062113
1.43905,-0.121152
1.41973,0.0792101
1.39643,-0.137587
1.39134,0.112506
1.32633,0.372002
1.43544,-0.323135
1.41339,0.0238223
1.42788,0.091104
1.39041,0.0492976
1.3742,0.386007
1.35559,0.148527
1.44343,0.0646087
1.29934,0.623401
1.378,0.179806
1.42795,0.176889
1.35641,0.432441
1.40676,-0.0611802
1.39933,0.186492
1.41771,0.186113
1.32645,0.427185
1.2884,0.765027
1.34599,0.384232
1.44949,-0.027723
1.38075,0.158361
1.36572,0.23296
1.42021,-0.0416104
1.32764,0.408249
1.36461,0.261555
1.37954,0.112036
1.36825,0.577618
1.35855,0.363823
1.35644,0.358149
1.38809,0.103406
1.44946,-0.120463
1.34521,0.123065
1.37112,0.366908
1.44051,-0.279273
1.37761,0.34297
1.41845,0.141968
1.40629,0.0803421
1.43161,-0.00799832
1.3761,0.282794
1.39873,0.29198
1.41874,0.14133
1.37029,0.54035
1.344,0.191361
1.36002,0.226092
1.41724,0.143525
1.29482,0.633184
1.34884,0.222074
1.35944,0.323026
1.34508,0.560964
1.34065,0.48573
1.43854,-0.156359
1.40862,0.0958881
1.31129,0.554262
1.29551,0.57503
1.3797,-0.0431023
1.33287,0.336626
1.38727,0.409251
1.42347,-0.179906
1.37732,0.25694
1.40205,0.230717
1.32963,0.469452
1.3599,0.485955
1.44663,-0.205103
1.32971,0.60775
1.32671,0.28649
1.36527,0.328597
1.36934,0.0383182
1.36495,0.294487
1.36589,0.206251
1.37707,0.0639428
1.27728,0.735888
1.41972,-0.133533
1.3133,0.487431
1.35275,0.33635
1.3718,0.155804
1.33675,0.578923
1.3708,0.373349
1.40216,-0.0390566
1.40414,0.2111
1.33668,0.279959
1.30435,0.816656
1.40864,0.0892727
1.37785,0.312051
1.31707,0.487856
1.37863,0.306301
1.32052,0.736059
1.36009,0.493675
1.3779,0.353731
1.41144,0.0430958
1.4375,-0.00269916
1.37961,0.187462
1.37296,0.154694
1.34628,0.192485
1.35171,0.358609
1.3537,0.31234
1.31116,0.400645
1.38745,0.2347
1.39089,0.204824
1.26268,0.761474
1.41436,0.0769348
1.31846,0.615421
1.32191,0.583113
1.31161,0.600942
1.3192,0.38641
1.45162,-0.180642
1.37113,0.285339
1.37118,0.411536
1.38086,0.0838349
1.33067,0.51028
1.4008,-0.195187
1.36255,0.402205
1.35576,0.38702
1.41798,-0.0376675
1.41612,-0.0449519
1.35555,0.207418
1.30098,0.570848
1.36869,0.160084
1.39651,0.0419655
1.34178,0.35764
1.31925,0.648524
1.30605,0.413331
1.34807,0.247194
1.44065,0.0379195
1.38153,0.0732278
1.33407,0.461724
1.32695,0.636077
1.24595,0.995274
1.32516,0.767321
1.40896,-0.0428901
1.46632,-0.341834
1.40929,0.0763979
1.38601,0.128222
1.41664,-0.0435626
1.39065,0.234039
1.37899,0.164241
1.27496,0.648586
1.34956,0.290308
1.34719,0.274608
1.39742,-0.0460726
1.40374,-0.0070445
1.40898,-0.0352404
1.43743,-0.351675
1.33116,0.374025
1.40363,-0.0407325
1.36085,0.219879
1.28571,0.938235
1.3719,0.217552
1.319,0.471231
1.40244,0.110537
1.42134,0.249506
1.37313,0.207527
1.37303,0.46163
1.41222,-0.0626712
1.3186,0.433468
1.35675,0.319666
1.29109,0.786291
1.38526,0.113878
1.41573,0.106624
1.41141,-0.0204315
1.26623,0.726748
1.37504,0.272776
1.37904,0.143404
1.39319,0.0944129
1.33131,0.490381
1.38061,0.230721
1.3691,0.208612
1.37079,0.169653
1.36666,0.179567
1.40012,0.00182436
1.40491,-0.106444
1.41367,0.0911296
1.33179,0.73697
1.33933,0.383618
1.31714,0.633743
1.32547,0.504949
1.38521,0.27426
1.37754,0.310035
1.47028,-0.308774
1.34894,0.363988
1.37443,0.0439407
1.37625,-0.010033
1.3539,0.0940894
1.36098,0.354309
1.31158,0.448892
1.41096,0.213387
1.4415,-0.120376
1.30478,0.578726
1.32642,0.412671
1.34256,0.396237
1.38047,0.240228
1.32733,0.675967
1.33469,0.492726
1.34738,0.56794
1.36076,0.242644
1.36031,0.490483
1.3451,0.386853
1.37364,0.121649
1.40799,-0.225741
1.3536,0.329584
1.29615,0.4307
1.38419,0.124859
1.42591,-0.0154348
1.37971,0.190164
1.32578,0.602096
1.37631,0.0897682
1.34682,0.203819
1.34001,0.492335
1.3736,0.332415
1.30598,0.658019
1.42084,-0.146003
1.39613,0.200658
1.31985,0.448326
1.46654,-0.20201
1.33437,0.638098
1.49415,-0.512617
1.32713,0.651906
1.41239,-0.0302631
1.34633,0.299369
1.44742,0.0311992
1.2594,0.860629
1.39809,0.286218
1.30384,0.758808
1.26053,1.18099
1.38012,0.0488347
1.36673,-0.0900262
1.3788,0.277769
1.36026,0.406582
1.35234,0.288291
1.37222,0.239
1.38388,0.226148
1.32189,0.262961
1.34359,0.414386
1.34476,0.351389
1.30848,0.418128
1.37594,0.189532
1.36681,0.186517
1.35727,0.0514619
1.36769,0.232489
1.3393,0.331875
1.399,0.00459155
1.34753,0.496776
1.37704,0.422879
1.27835,0.740937
1.34089,0.195254
1.40889,0.184159
1.38851,0.312874
1.30017,0.594427
1.30126,0.762981
1.34391,0.212017
1.3312,0.547706
1.36534,0.152606
1.41339,-0.0294214
1.39113,0.152081
1.29091,0.509214
1.30292,0.486192
1.3799,0.180851
1.41788,0.00868683
1.29597,0.460561
1.29065,0.677517
1.36578,0.203221
1.42847,0.0381238
1.35583,0.4787
1.42321,-0.015825
1.41298,0.0341956
1.33916,0.403621
1.36074,0.62097
1.34788,0.301301
1.41511,-0.0187546
1.37511,0.162073
1.3445,0.45685
1.40753,0.161921
1.47454,-0.103159
1.40244,0.074064
1.30397,0.720374
1.39083,0.149976
1.32826,0.56616
1.41144,0.139876
1.40932,-0.0770642
1.39051,-0.0266862
1.41412,-0.0515566
1.33055,0.273117
1.36471,0.385793
1.4326,-0.206016
1.39088,0.368954
1.35137,0.116481
1.3398,0.412289
1.36101,0.38096
1.35499,0.492177
1.39648,0.274101
1.33559,0.502372
1.4106,0.039046
1.35199,0.171841
1.45853,-0.247492
1.36262,0.458886
1.31766,0.68697
1.32851,0.63821
1.38545,0.112374
1.32715,0.377824
1.42468,-0.102477
1.26945,0.954555
1.40917,0.288541
1.37563,0.240293
1.37649,0.4845
1.3949,0.271828
1.40473,0.0833578
1.41319,-0.135847
1.34362,0.598784
1.37115,0.382261
1.37943,0.254666
1.42172,0.111694
1.29129,0.762156
1.33813,0.564904
1.35776,0.250291
1.35719,0.562565
1.3826,-0.0820189
1.35803,0.310765
1.32885,0.635971
1.41249,-0.0214835
1.46162,-0.424264
1.33375,0.394027
1.35735,0.353556
1.38566,0.213703
1.42224,-0.163887
1.34505,0.288713
1.39324,0.159801
1.35191,0.262174
1.4074,0.0792043
1.39519,0.199047
1.30882,0.589742
1.35572,0.40261
1.34198,0.600542
1.3712,0.354145
1.338,0.615894
1.40701,-0.0392506
1.34718,0.375678
1.39019,0.258627
1.43616,-0.0236289
1.34179,0.378865
1.35336,0.312848
1.36707,0.245546
1.41318,0.161848
1.37249,0.373386
1.33772,0.360428
1.38513,0.120587
1.45462,-0.0878878
1.3873,0.0330298
1.3369,0.321668
1.45862,-0.140029
1.40861,-0.167735
1.34682,0.472972
1.38915,0.0043817
1.33916,0.385145
1.41448,-0.0172738
1.33252,0.620702
1.30027,0.590456
1.32934,0.45507
1.38146,0.238518
1.3774,0.528101
1.40374,0.0748165
1.38771,-0.014216
1.34781,0.45363
1.38415,0.054909
1.3779,0.00636719
1.30533,0.49007
1.31746,0.612337
1.38164,0.357974
1.36689,0.333781
1.33921,0.394646
1.3615,0.224261
1.39931,0.00769885
1.34355,0.345415
1.40775,0.103917
1.38657,0.3553
1.43315,-0.0319336
1.3748,0.223959
1.42129,-0.055512
1.34109,0.625126
1.38639,-0.0586857
1.41112,0.152796
1.41448,-0.0935135
1.39454,0.180782
1.38776,0.283426
1.41792,-0.137486
1.34458,0.539946
1.37889,0.175587
1.33318,0.392814
1.40444,0.238443
1.29824,0.767783
1.41288,-0.0522598
1.29697,0.474854
1.27758,0.549844
1.36745,0.113547
1.37896,0.193109
1.32959,0.449218
1.37036,0.173694
1.35764,0.468109
1.38356,0.298368
1.38065,0.0284087
1.46139,-0.192524
1.34285,0.558366
1.44553,0.0180387
1.37539,0.00740992
1.35703,0.239636
1.49836,-0.316351
1.37299,0.486466
1.45019,-0.141038
1.38803,0.169194
1.38994,-0.0206589
1.33606,0.672826
1.29316,0.623555
1.31964,0.414644
1.41581,-0.12565
1.42404,-0.0226965
1.41312,-0.0779547
1.37784,0.292801
1.30932,0.653591
1.35984,0.345919
1.40278,0.0743282
1.32477,0.549919
1.32044,0.590208
1.37235,0.2564
1.39377,0.387095
1.34339,0.625445
1.44265,-0.067358
1.41816,-0.240364
1.37501,0.161544
1.44654,0.214514
1.33414,0.397889
1.41675,0.0883279
1.37795,0.0856267
1.2955,0.72202
1.3316,0.42807
1.27782,0.76156
1.32409,0.43065
1.41118,0.0500086
1.35175,0.346025
1.33111,0.392312
1.36104,0.0702455
1.33881,0.570115
1.38497,0.22243
1.33399,0.446075
1.47956,-0.168476
1.35385,0.561519
1.29381,0.432394
1.39162,0.0341568
1.38136,0.318313
1.36687,0.547266
1.40283,0.300595
1.31885,0.604896
1.36875,0.0727925
1.40357,0.235459
1.34407,0.432993
1.33123,0.38869
1.35074,0.585726
1.43344,0.0648825
1.3576,0.233961
1.35109,0.55015
1.35448,0.00797541
1.40678,0.0697621
1.33609,0.505473
1.30675,0.637912
1.42829,-0.10676
1.32787,0.414813
1.37484,0.430972
1.31562,0.747554
1.4094,-0.146829
1.38611,0.180138
1.35312,0.408451
1.35846,0.101717
1.3733,0.0402093
1.31649,0.548056
1.33907,0.730049
1.45671,-0.167532
1.43313,-0.0159859
1.29496,0.765131
1.3899,-0.0462872
1.40771,0.0402232
1.34054,0.481437
1.41937,-0.124724
1.38068,0.156964
1.3717,0.327328
1.39071,0.0727851
1.41346,0.101662
1.42524,-0.176882
1.38229,0.283036
1.44029,-0.0991322
1.37047,0.390906
1.36189,0.151041
1.40098,0.124344
1.32384,0.507288
1.4092,0.072486
1.34295,0.169845
1.401,0.0979234
1.37453,0.19606
1.29846,0.760958
1.30678,0.832997
1.42015,-0.0309238
1.31434,0.358847
1.43407,-0.327966
1.32907,0.400765
1.28091,0.747631
1.37023,0.214262
1.40495,0.23299
1.40702,0.205334
1.46131,-0.0892966
1.39209,0.118849
1.39953,0.198411
1.40292,0.0947334
1.34396,0.417228
1.37262,0.390929
1.38151,0.219482
1.39604,0.333333
1.37542,0.219619
1.31708,0.683957
1.37053,0.348658
1.34895,0.622053
1.38999,0.170619
1.39204,0.17183
1.31767,0.486537
1.31804,0.670157
1.34451,0.344943
1.4359,-0.110465
1.47869,-0.435813
1.36627,0.396706
1.36367,0.442468
1.27689,0.881031
1.37405,0.368222
1.36366,0.35717
1.37857,0.225335
1.41737,-0.00401687
1.47347,-0.48059
1.50928,-0.333524
1.32393,0.421001
1.36613,0.208237
1.3854,0.298763
1.24999,0.66458
1.39739,0.216228
1.40379,-0.0252465
1.40114,0.128273
1.38095,0.085237
1.41864,-0.186486
1.40287,-0.0253554
1.29128,0.674496
1.37959,0.142977
1.43253,0.0610112
1.35485,0.352614
1.27885,0.706131
1.4031,0.107054
1.35823,0.548547
1.36658,0.143328
1.28885,0.670075
1.33138,0.491292
1.37402,0.204248
1.33624,0.159253
1.49403,-0.408912
1.32746,0.448349
1.3626,0.27931
1.32051,0.770534
1.40253,0.0668459
1.35796,0.176392
1.31518,0.740185
1.36576,0.327134
1.43625,-0.0752022
1.35801,0.223928
1.442,-0.0441495
1.41646,0.120881
1.418,-0.0201076
1.36485,0.413475
1.45402,-0.154728
1.38839,0.109994
1.40393,0.387929
1.38865,0.227437
1.38759,0.131407
1.43933,0.0303662
1.39625,0.0166803
1.32788,0.672224
1.37868,-0.0413355
1.44205,-0.0886657
1.36489,0.32204
1.36322,0.338147
1.37555,0.13021
1.42539,0.0400857
1.39013,0.0984784
1.3559,0.162517
1.31203,0.651482
1.33979,0.735738
1.31227,0.615409
1.37816,0.346826
1.2823,0.821201
1.30726,0.616851
1.38396,0.136577
1.32263,0.418542
1.4392,-0.126801
1.26001,0.942303
1.3568,0.166312
1.35738,0.33671
1.47098,-0.0238943
1.4494,-0.358497
1.31353,0.577343
1.40397,0.0626068
1.36484,0.292009
1.33852,0.440547
1.30859,0.5335
1.27215,0.795466
1.35239,0.440422
1.33172,0.506717
1.38115,0.115581
1.41082,0.15973
1.44936,-0.245875
1.35266,0.48832
1.37337,0.338993
1.34938,0.452578
1.40404,0.0801205
1.41871,-0.0204321
1.36828,0.293056
1.40226,0.386898
1.35756,0.421873
1.34663,0.40544
1.40654,0.0604286
1.29101,0.654273
1.33744,0.343177
1.33705,0.535266
1.44881,-0.218386
1.30212,0.540826
1.35212,0.404677
1.42478,0.0834284
1.35514,0.22344
1.4686,-0.165836
1.20411,1.20001
1.37249,0.359948
1.41078,0.109967
1.32573,0.582844
1.33574,0.446698
1.39461,0.548379
1.32724,0.450897
1.38841,0.307173
1.39025,0.27756
1.42971,-0.116234
1.39154,0.0979645
1.41373,0.213855
1.35507,0.53687
1.36859,0.333667
1.3253,0.526405
1.29432,1.00432
1.42348,-0.22278
1.25635,0.8906
1.41112,0.221761
1.42082,0.173696
1.34124,0.559662
1.3642,0.218422
1.33289,0.353386
1.40038,-0.031299
1.38807,0.13839
1.39584,0.256218
1.33684,0.282443
1.46699,-0.3404
1.25592,0.971549
1.38024,0.03636
1.29365,0.600747
1.38877,0.022848
1.34722,0.398427
1.46239,0.0204576
1.36898,0.247434
1.40789,0.260992
1.2954,0.51716
1.31926,0.67948
1.29073,0.451578
1.30941,0.630442
1.35032,0.316666
1.35308,0.262637
1.38616,0.000563908
1.37764,0.161009
1.27157,0.665674
1.41429,0.185296
1.37083,0.429494
1.29588,0.786816
1.41888,0.0331743
1.34683,0.324284
1.353,0.326091
1.32709,0.647059
1.41432,0.0818888
1.36094,0.156028
1.33492,0.687069
1.33708,0.54583
1.41674,0.223515
1.33881,0.534869
1.34246,0.295635
1.3623,0.345433
1.38117,0.255399
1.33172,0.444115
1.37386,0.346972
1.29106,0.642443
1.39238,0.13518
1.37162,0.141836
1.40299,-0.102829
1.41012,-0.00292876
1.37161,0.244651
1.43844,-0.154002
1.3945,0.0663258
1.29475,0.94834
1.3443,0.36046
1.37604,0.492938
1.303,0.692262
1.39183,0.169201
1.41999,0.073581
1.28621,0.60603
1.41971,-0.166803
1.32739,0.398337
1.36784,0.207899
1.36507,0.0587094
1.39715,-0.0498974
1.3221,0.669427
1.41255,0.0813897
1.36332,0.264008
1.32096,0.148678
1.44751,-0.258097
1.39406,0.200637
1.34866,0.361841
1.41419,-0.0214591
1.29998,0.760399
1.43511,-0.107657
1.32387,0.570198
1.40263,0.0562906
1.35914,0.39389
1.41514,0.125271
1.42392,0.265054
1.40497,-0.0487149
1.30997,0.530873
1.43534,-0.0523196
1.39702,0.37273
1.33322,0.423212
1.32624,0.616934
1.33247,0.645479
1.35143,0.430848
1.35973,0.457841
1.34774,0.374558
1.42454,0.00257375
1.33049,0.357195
1.27323,0.891766
1.37097,0.192382
1.38106,0.147143
1.40136,0.227433
1.40345,0.129277
1.39244,0.127738
1.41457,-0.108417
1.36043,0.0539629
1.40884,0.314236
1.34523,0.44647
1.32709,0.527728
1.39222,0.244889
1.3454,0.344961
1.38545,0.330186
1.4802,-0.375246
1.33494,0.22228
1.39807,-0.0311258
1.43859,0.0162058
1.39602,0.379722
1.36732,0.121564
1.40602,-0.113167
1.38009,0.292296
1.29033,0.62471
1.40392,-0.146163
1.36129,0.407437
1.43202,-0.220154
1.4034,0.142761
1.35464,0.408816
1.45739,-0.261253
1.35483,0.311473
1.36234,0.316664
1.3748,0.378301
1.52059,-0.384638
1.3556,0.47758
1.36016,0.350839
1.30024,0.480766
1.31077,0.608158
1.44286,-0.301921
1.36139,0.650578
1.25866,0.946996
1.40215,-0.0902243
1.34481,0.52999
1.36144,0.252188
1.24194,0.867772
1.39292,-0.0935119
1.41835,0.0907202
1.36574,0.252231
1.35597,0.241026
1.37552,0.236743
1.33478,0.283323
1.33577,0.516146
1.323,0.600938
1.38909,0.0694052
1.40149,-0.0514173
1.42515,0.0591606
1.36916,0.321677
1.38615,0.365065
1.34253,0.374764
1.35854,0.362321
1.46047,-0.299112
1.34049,0.503507
1.33985,0.665771
1.33163,0.280881
1.40098,0.139344
1.37602,0.265578
1.30468,0.758931
1.39016,0.292567
1.30016,0.719455
1.39825,0.0225543
1.40825,0.149226
1.37216,0.389114
1.28697,0.690783
1.38723,0.0858499
1.2901,0.802505
1.40441,0.0589553
1.39471,0.000523818
1.37093,0.356479
1.32672,0.638643
1.32575,0.457389
1.43274,-0.216407
1.38293,-0.00387303
1.31699,0.640995
1.33179,0.633372
1.23755,0.94298
1.39145,0.215751
1.32813,0.550629
1.35349,0.342729
1.38294,0.293807
1.25911,0.864846
1.40429,0.224821
1.35816,0.407175
1.31603,0.534065
1.40302,0.0488722
1.36552,0.317825
1.33259,0.622028
1.38283,0.176844
1.34673,0.578965
1.34241,0.295642
1.43609,-0.094168
1.43536,-0.133649
1.32701,0.732606
1.35346,0.328292
1.4456,-0.272336
1.38121,0.0177654
1.35884,0.498167
1.3816,0.045965
1.39785,0.04569
1.39672,0.130138
1.35412,0.257896
1.38631,0.005669
1.32538,0.424027
1.29209,0.858908
1.37506,0.406522
1.39281,0.141612
1.36642,0.339943
1.4007,0.198129
1.47021,-0.0764215
1.34525,0.252031
1.30086,0.6772
1.40133,0.39181
1.31882,0.688756
1.3182,0.609994
1.39473,0.223535
1.36189,0.255288
1.32277,0.624629
1.35644,0.473665
1.29814,0.664157
1.45969,-0.250865
1.3307,0.394959
1.38938,0.294438
1.40587,0.112028
1.3542,0.447514
1.40243,0.0428825
1.29756,0.573245
1.37605,0.297795
1.36449,0.143259
1.35782,0.222318
1.355,0.169585
1.38615,0.087045
1.36015,0.236404
1.39805,0.0778862
1.38239,0.429288
1.34382,0.382397
1.31212,0.79036
1.32979,0.330898
1.35765,0.236826
1.42618,-0.221004
1.35255,0.179379
1.38642,0.194999
1.34538,0.585951
1.46267,-0.00395787
1.3478,0.339829
1.3286,0.201678
1.39546,0.29216
1.36168,0.14957
1.44483,-0.17476
1.37452,0.156865
1.37102,0.207874
1.42244,-0.105478
1.35728,0.54038
1.34599,0.207765
1.33879,0.434837
1.35333,0.550584
1.35626,0.394249
1.3267,0.544851
1.37655,0.21325
1.51381,-0.60046
1.40379,0.0416078
1.43111,-0.00336788
1.36242,0.370261
1.36035,0.609069
1.46327,-0.414106
1.4583,-0.226906
1.38777,0.246093
1.40642,0.0842008
1.37961,0.344914
1.26388,1.04728
1.38464,0.181479
1.44829,-0.110768
1.37822,0.343813
1.39497,0.157994
1.39589,0.250576
1.34949,0.371917
1.28225,0.764015
1.34199,0.40779
1.48129,-0.294499
1.41296,0.254895
1.35228,0.261736
1.33045,0.71186
1.35694,0.357373
1.40071,0.00140228
1.45073,0.109073
1.39698,0.193033
1.43793,-0.260526
1.40456,0.156922
1.32626,0.496938
1.43727,-0.217713
1.29355,0.607596
1.33865,0.542263
1.38072,0.0234478
1.38126,0.182084
1.43381,-0.0435455
1.42613,-0.00264005
1.37703,0.425881
1.36164,0.179607
1.39372,0.00628017
1.33554,0.501609
1.37304,0.223306
1.33565,0.363278
1.38701,0.115508
1.29808,0.613837
1.33378,0.299655
1.41034,0.0935536
1.39229,-0.0155439
1.41169,0.131963
1.4503,-0.160653
1.37208,0.191022
1.42857,0.111928
1.3408,0.351599
1.34771,0.219349
1.34719,0.336005
1.39644,0.309848
1.37372,0.231195
1.34792,0.294851
1.35106,0.387137
1.3837,0.157057
1.417,-0.034883
1.38317,0.173374
1.33043,0.525686
1.38228,0.174623
1.45565,-0.0122649
1.30735,0.567248
1.35223,0.284462
1.29228,0.735374
1.36996,-0.0166601
1.33384,0.488224
1.32466,0.605555
1.43132,-0.236162
1.29543,0.596876
1.32308,0.670387
1.40444,0.0687353
1.35362,0.476792
1.39391,-0.154169
1.39971,0.15489
1.37231,0.514072
1.33992,0.306348
1.39275,-0.062475
1.3882,0.227631
1.31272,0.470419
1.28445,0.609592
1.36183,0.438543
1.32214,0.417101
1.39321,0.0585615
1.34764,0.49107
1.39238,0.14329
1.40399,0.159707
1.29993,0.684813
1.37224,0.286739
1.32277,0.418324
1.39465,0.0141619
1.25817,0.847173
1.41463,0.0252308
1.4308,-0.0573788
1.38631,0.133312
1.39507,0.236955
1.38352,0.41145
1.34118,0.506898
1.42186,0.0243888
1.38459,0.0986261
1.3303,0.369777
1.31098,0.414624
1.40943,0.142852
1.44716,-0.213415
1.46699,-0.158497
1.37831,0.360675
1.36524,0.449611
1.2749,0.791952
1.35898,-0.0277778
1.35279,0.43507
1.40299,-0.0629502
1.40826,0.248978
1.32079,0.584447
1.37326,0.350072
1.31927,0.394884
1.39227,0.261027
1.49762,-0.357713
1.35438,0.424813
1.39769,0.392148
1.42931,0.0213153
1.46709,-0.354985
1.44022,-0.139985
1.36868,0.339813
1.40038,-0.0783672
1.34269,0.427304
1.31562,0.6421
1.29797,0.857419
1.42102,-0.177929
1.30295,0.776596
1.32347,0.567107
1.40995,0.0426023
1.42073,0.0664158
1.32732,0.434462
1.35828,0.505364
1.33135,0.467022
1.49,-0.559573
1.37301,0.411995
1.35522,0.200664
1.26978,0.843213
1.30248,0.789199
1.36152,0.459561
1.38577,0.203217
1.35845,0.327167
1.44891,-0.0910883
1.35849,0.438914
1.36486,0.349341
1.39644,0.175338
1.32456,0.608119
1.29285,0.672092
1.39581,0.0563569
1.38098,0.232652
1.32354,0.136613
1.40354,0.0772298
1.33267,0.308945
1.43112,-0.24514
1.33736,0.290882
1.40059,-0.12311
1.41557,0.189031
1.32785,0.637757
1.47143,-0.0844857
1.34881,0.403316
1.39139,0.0778764
1.29883,0.442056
1.37801,0.143396
1.40658,0.05594
1.37424,0.262939
1.39996,-0.211506
1.38273,0.281231
1.38589,0.108811
1.40679,0.052749
1.32204,0.728278
1.35236,0.517626
1.39182,0.109662
1.4102,-0.0929674
1.50075,-0.421649
1.40796,-0.0372356
1.42841,0.14499
1.31828,0.660599
1.44104,-0.239192
1.34633,0.535498
1.35951,0.0140805
1.30702,0.580423
1.43417,-0.0509716
1.38485,0.196733
1.38585,0.0785362
1.34751,0.295104
1.43411,-0.0444134
1.42217,0.356952
1.32175,0.502484
1.42315,0.0077169
1.371,0.242676
1.34003,0.249716
1.33486,0.43758
1.37655,0.180515
1.35169,0.371152
1.34868,0.2728
1.38734,-0.168963
1.28033,0.640283
1.29897,0.718065
1.4217,-0.0289748
1.38225,0.286577
1.43636,-0.167988
1.41882,0.0604397
1.38609,-0.0119458
1.3878,0.180164
1.40552,0.155685
1.3316,0.450614
1.38635,0.38636
1.40063,0.22617
1.26646,1.13153
1.26377,1.02943
1.38752,0.39566
1.4066,0.32581
1.43248,0.131518
1.38443,0.131644
1.34428,0.353341
1.43989,-0.140133
1.32975,0.583357
1.38464,0.109379
1.31485,0.68432
1.22796,1.04499
1.34575,0.142559
1.35465,0.404067
1.39053,0.237201
1.31348,0.454579
1.40693,0.203308
1.38877,0.0697975
1.26663,1.02559
1.3778,0.34057
1.35015,0.437765
1.31182,0.322724
1.37119,0.187521
1.4069,0.147872
1.36367,0.130788
1.33842,0.653895
1.28477,0.666666
1.30533,0.729875
1.38309,0.134607
1.44817,-0.247631
1.3775,0.120944
1.3406,0.578688
1.37103,0.535449
1.35349,0.212712
1.34651,0.344163
1.40569,-0.101138
1.32904,0.697434
1.30924,0.536168
1.30851,0.563632
1.35772,0.582048
1.38192,0.283755
1.29219,0.75652
1.36635,0.260613
1.31822,0.459796
1.37825,0.206719
1.40622,-0.045229
1.36786,0.0859291
1.38112,0.0717432
1.33289,0.47003
1.35876,0.336294
1.34969,0.365333
1.39596,0.0847064
1.30372,0.618854
1.42258,0.176178
1.3278,0.4068
1.39753,-0.273122
1.38999,0.191007
1.35193,0.246577
1.42106,0.0795884
1.42469,0.0551063
1.39292,0.282217
1.38674,0.270912
1.40384,-0.28146
1.26582,0.813472
1.3327,0.531586
1.40627,-0.014146
1.31787,0.532587
1.41822,-0.246983
1.39556,0.229614
1.44201,-0.106485
1.40168,0.255903
1.34145,0.647463
1.40803,0.121108
1.32861,0.447873
1.31351,0.339643
1.35681,0.373228
1.33181,0.474965
1.35725,0.204528
1.36218,0.152096
1.29201,0.754878
1.36475,0.351407
1.25015,1.08092
1.39271,0.311382
1.31469,0.554659
1.40583,0.126878
1.35305,0.362144
1.31071,0.824684
1.29483,0.646567
1.33509,0.285581
1.35164,0.379887
1.37781,0.122808
1.37236,0.405592
1.39787,0.27834
1.41755,-0.0315435
1.40393,0.169052
1.2949,0.641127
1.33412,0.418749
1.28021,0.721556
1.31062,0.570494
1.35123,0.328374
1.34471,0.373352
1.32816,0.847908
1.35663,0.411691
1.41425,0.0469754
1.43956,-0.108069
1.38588,0.138723
1.44904,-0.174972
1.37061,0.203281
1.44482,-0.0831457
1.32075,0.457585
1.37889,0.242944
1.32261,0.316106
1.30606,0.470644
1.3212,0.587922
1.36958,0.559913
1.36778,0.415244
1.37298,0.168799
1.33735,0.715819
1.30479,0.622776
1.36828,0.281531
1.31386,0.889665
1.41914,0.179274
1.26881,0.730566
1.40241,-0.0482131
1.32008,0.412598
1.40806,0.190911
1.29394,0.827023
1.41979,0.0389063
1.40566,0.187398
1.24776,1.06814
1.37759,0.31149
1.44873,-0.163698
1.33357,0.506088
1.29798,0.542158
1.38439,0.325964
1.35264,0.49583
1.37968,0.211309
1.38305,0.0460945
1.34766,0.23532
1.38194,0.235923
1.38888,0.240021
1.33876,0.398173
1.40666,0.0850997
1.33153,0.353629
1.40831,0.115734
1.37583,0.288241
1.43093,-0.0817754
1.41841,-0.0317731
1.4326,-0.222894
1.32255,0.62131
1.34742,0.34897
1.32685,0.273456
1.30021,0.642487
1.34087,0.417743
1.39741,0.345182
1.40771,-0.134961
1.45259,0.0224561
1.40301,-0.0873597
1.3154,0.842047
1.47483,-0.372443
1.36772,0.36173
1.40241,0.240072
1.30725,0.436291
1.37323,0.320445
1.37278,0.138693
1.37047,0.358909
1.36448,0.446466
1.37313,0.251084
1.36501,0.323409
1.33315,0.480136
1.4285,-0.0975478
1.31934,0.405329
1.31838,0.695264
1.33793,0.36332
1.42134,-0.0642501
1.34067,0.468643
1.3868,0.134843
1.3302,0.342381
1.42787,0.000767326
1.39515,0.166355
1.3211,0.193449
1.34587,0.515936
1.34768,0.346822
1.3355,0.369428
1.39521,0.120046
1.33164,0.598756
1.40944,0.171769
1.43649,-0.120749
1.27031,0.793771
1.34228,0.474285
1.26869,0.959262
1.39848,0.101676
1.36926,0.33805
1.39464,0.062621
1.38204,0.39289
1.36444,0.313208
1.35565,0.0676068
1.40476,-0.00720864
1.47476,-0.206298
1.35225,0.438115
1.40223,0.0682508
1.35451,0.212944
1.3312,0.515133
1.33205,0.349491
1.41499,-0.164096
1.39813,0.0100638
1.3697,0.251508
1.47966,-0.362168
1.45309,-0.153714
1.38262,0.339921
1.34495,0.315156
1.30856,0.648446
1.35504,0.222289
1.30517,0.725878
1.3625,0.248222
1.36187,0.398709
1.34178,0.39577
1.38162,0.145185
1.39486,0.17385
1.38286,0.364614
1.36531,0.249546
1.38029,0.118721
1.37109,0.268114
1.38091,0.305469
1.42958,-0.165222
1.34737,0.510189
1.34917,0.445681
1.30654,0.655543
1.42671,0.334223
1.34706,0.407802
1.3387,0.604739
1.34041,0.274811
1.43578,-0.096691
1.34788,0.485519
1.33931,0.374127
1.36117,0.301971
1.35051,0.32882
1.34146,0.602638
1.35695,0.3288
1.39388,0.180909
1.2633,0.815017
1.37416,0.173358
1.33241,0.57368
1.41874,-0.06489
1.37843,0.226622
1.41045,-0.155461
1.30919,0.396508
1.4001,0.210742
1.32015,0.613879
1.37672,0.453863
1.39804,0.202402
1.33823,0.345834
1.34659,0.270286
1.34324,0.234375
1.44319,-0.059065
1.36175,0.403556
1.3056,0.790515
1.38979,0.053105
1.34721,0.401275
1.40934,0.0219839
1.37241,0.184826
1.31559,0.529386
1.25657,0.742493
1.3526,0.459791
1.33512,0.513279
1.27272,0.648929
1.33638,0.511466
1.34679,0.14687
1.35141,0.466574
1.3741,0.226769
1.40885,-0.148783
1.36936,0.356843
1.33534,0.50742
1.3951,0.163017
1.36796,0.374321
1.26796,0.680525
1.35968,0.315181
1.38518,-0.033467
1.32275,0.435065
1.37528,0.147388
1.39932,0.185593
1.36274,0.402233
1.39974,-0.0629147
1.42901,-0.164451
1.43259,0.0530546
1.30806,0.398553
1.41392,0.185884
1.40713,0.248805
1.36051,0.209232
1.35722,0.422191
1.35059,0.464769
1.3548,0.511692
1.52697,-0.449093
1.36363,0.354974
1.39952,-0.0428723
1.40282,0.245004
1.39972,0.0644875
1.30825,0.750238
1.35326,0.352016
1.37192,0.203269
1.37399,0.596625
1.39587,0.222015
1.56199,-1.02503
1.24994,0.924388
1.40692,-0.0401444
1.36225,0.429052
1.44185,-0.334342
1.43291,0.0956347
1.40467,0.0537194
1.46165,-0.113898
1.30473,0.354075
1.32854,0.613808
1.39942,0.364966
1.30393,0.478694
1.36112,0.408201
1.36717,0.319776
1.40152,0.0902138
1.37103,0.375016
1.32558,0.57319
1.41742,0.113245
1.37159,0.105948
1.4494,-0.299688
1.40142,0.105523
1.39772,0.218835
1.34069,0.489629
1.37646,0.0610187
1.30728,0.551237
1.35195,0.54118
1.3184,0.739243
1.3596,0.351932
1.37249,0.237025
1.31935,0.417778
1.33056,0.356557
1.38295,0.193093
1.41167,0.0278897
1.28374,1.04481
1.3914,0.0926851
1.37295,0.296949
1.30067,0.737969
1.3446,0.217196
1.2736,0.711642
1.40831,-0.0121745
1.41551,-0.0741392
1.30325,0.615405
1.38543,0.0939929
1.36856,0.149603
1.44252,-0.0402175
1.33912,0.296115
1.39635,0.25291
1.43647,-0.0404342
1.45152,-0.153772
1.41729,-0.123331
1.43564,-0.0998172
1.39702,0.174418
1.3232,0.493547
1.42625,-0.0725343
1.40132,-0.0265801
1.37593,0.315627
1.37105,0.17429
1.4214,-0.179231
1.43173,-0.0761186
1.40285,0.12591
1.33036,0.516197
1.39447,0.1411
1.35388,0.560463
1.35774,0.310775
1.30753,0.836404
1.32891,0.534803
1.35022,0.182438
1.35935,0.362205
1.40859,-0.000977119
1.38787,0.114438
1.36751,0.244338
1.25853,1.01943
1.39346,-0.00196995
1.44555,-0.302069
1.3901,0.329014
1.35865,0.35353
1.33657,0.387027
1.37389,0.258566
1.40432,0.0891611
1.32552,0.437461
1.41822,0.0370952
1.30269,0.725268
1.36566,0.0104632
1.42274,-0.083038
1.3985,-0.0307197
1.37976,0.235559
1.32409,0.518918
1.33502,0.544763
1.41341,-0.0659352
1.3136,0.71639
1.3394,0.472209
1.39288,-0.0252543
1.42566,-0.120761
1.4514,-0.144314
1.31969,0.576089
1.35769,0.403742
1.37658,0.428878
1.35513,0.456069
1.39498,0.138386
1.44872,-0.295362
1.34088,0.355803
1.39931,-0.0171898
1.31892,0.63998
1.41089,0.113747
1.26204,0.624954
1.2923,0.755991
1.37067,0.203434
1.45275,-0.337515
1.30917,0.433043
1.39637,-0.0317003
1.35514,0.478342
1.44141,-0.141896
1.43099,-0.0653005
1.36581,0.0644906
1.38646,0.0334882
1.33676,0.522747
1.33718,0.427854
1.37289,0.136045
1.37692,0.265949
1.3944,0.20281
1.36221,0.409307
1.39998,0.162795
1.38853,0.237329
1.42547,-0.129706
1.40922,0.0813627
1.30603,0.503884
1.35438,0.364129
1.4636,-0.352983
1.49424,-0.716229
1.3658,0.132985
1.38337,-0.136444
1.30437,0.605496
1.42421,0.0165144
1.38246,0.236322
1.39145,0.432112
1.36451,0.277974
1.40573,-0.00466241
1.38505,0.246295
1.30655,0.604937
1.34348,0.32268
1.36026,0.371836
1.30895,0.610094
1.38215,0.423693
1.39842,0.200924
1.36673,0.510022
1.37339,0.205711
1.40743,0.137921
1.332,0.365795
1.33796,0.310276
1.37898,0.380167
1.39066,0.13815
1.42538,0.0704217
1.33458,0.363759
1.30474,0.476544
1.42265,0.0330118
1.36942,0.505929
1.34174,0.399795
1.32445,0.216852
1.45704,-0.34021
1.37615,0.30789
1.39344,0.241291
1.33018,0.4682
1.35839,0.296276
1.30611,0.326695
1.32033,0.648342
1.46217,-0.195891
1.43848,-0.130031
1.43523,-0.149958
1.44243,-0.292115
1.29651,0.630693
1.39046,0.0362378
1.43967,0.0433539
1.36755,0.0951569
1.31395,0.766172
1.3972,0.202622
1.40307,-0.118678
1.38275,0.0414141
1.40193,0.151007
1.468,-0.10319
1.3786,0.103439
1.31883,0.575421
1.3779,0.444759
1.31205,0.700719
1.28437,0.832266
1.35428,0.224555
1.41021,0.0192828
1.3655,0.415054
1.33557,0.652589
1.36245,0.100377
1.42636,-0.315813
1.41461,0.083052
1.35134,0.222774
1.2661,0.973853
1.397,-0.079892
1.36925,0.39951
1.35315,0.294201
1.34489,0.211091
1.44484,-0.196638
1.35682,0.209768
1.44004,-0.139935
1.33856,0.549356
1.37822,0.178542
1.42373,-0.254377
1.28033,0.867178
1.44942,-0.111732
1.40257,-0.106404
1.38479,0.429905
1.36908,0.176978
1.32374,0.349089
1.34156,0.454099
1.41472,0.132032
1.42787,-0.145006
1.37526,0.143966
1.4006,0.204842
1.35833,0.398993
1.42624,-0.106927
1.38071,0.248902
1.35878,0.19206
1.39866,0.0255611
1.37666,0.280103
1.34284,0.517621
1.41922,-0.288333
1.37739,0.391721
1.39506,0.234616
1.31402,0.742995
1.38253,0.0294439
1.22401,1.03518
1.36408,0.344903
1.43985,-0.129691
1.37527,0.0688523
1.31173,0.691112
1.29509,0.603976
1.38366,0.292897
1.40772,-0.108129
1.30838,0.609222
1.305,0.504214
1.44353,-0.173372
1.43605,-0.198199
1.38612,0.170606
1.45401,-0.102998
1.37298,0.149863
1.4461,-0.34923
1.32312,0.414917
1.38048,0.159998
1.40537,0.142015
1.30494,0.586493
1.45018,-0.329652
1.32439,0.481144
1.33834,0.470312
1.3762,0.183827
1.32409,0.338617
1.3835,0.232393
1.32643,0.667121
1.39596,0.301528
1.37438,0.356538
1.36153,0.423545
1.36791,0.331983
1.40397,0.0811485
1.33517,0.465306
1.44923,-0.00932838
1.39354,0.0163571
1.39906,0.220614
1.3181,0.46756
1.34086,0.500683
1.3413,0.479651
1.38067,0.415092
1.3808,0.135486
1.34276,0.371247
1.43066,-0.116113
1.31935,0.56868
1.3932,0.0672745
1.37434,-0.0226765
1.42165,0.202259
1.34772,0.249835
1.36851,0.531501
1.32005,0.370136
1.31928,0.492715
1.40262,-0.0430258
1.35053,0.322614
1.39924,0.0264912
1.41223,0.00228035
1.39955,0.286274
1.37972,0.100184
1.41034,0.168453
1.32975,0.506433
1.32232,0.551871
1.30046,0.664113
1.34469,0.375619
1.36421,0.499485
1.47742,-0.409656
1.34339,0.473451
1.4227,-0.296169
1.44895,-0.158211
1.38939,0.128235
1.32717,0.513303
1.41013,-0.238534
1.31678,0.535766
1.46197,-0.355632
1.41595,0.188905
1.44673,-0.20122
1.47572,-0.0344614
1.34941,0.212285
1.36327,0.284712
1.39392,0.102468
1.39849,0.256334
1.38151,0.0213668
1.30717,0.512732
1.26114,0.782957
1.26514,0.768536
1.33907,0.249504
1.31462,0.565821
1.44335,-0.123866
1.32167,0.497246
1.31452,0.68324
1.36534,0.230077
1.34534,0.620378
1.29353,0.570383
1.32445,0.526718
1.43435,-0.12523
1.40751,0.0841344
1.42579,0.137527
1.33738,0.43153
1.34666,0.774858
1.36732,0.206312
1.38654,0.196811
1.30949,0.903381
1.36268,0.333636
1.37864,0.182678
1.37021,0.296315
1.34405,0.410518
1.42521,-0.062889
1.36883,0.262094
1.42498,-0.275015
1.35025,0.388896
1.32089,0.603799
1.34262,0.285077
1.39653,-0.0458651
1.33766,0.198146
1.37453,0.141939
1.34102,0.364887
1.35554,0.26179
1.38798,0.0818785
1.40272,0.236797
1.3592,0.154128
1.39998,-0.0267609
1.40256,-0.0273224
1.40046,0.16597
1.39263,0.106552
1.3363,0.548756
1.3306,0.584625
1.34128,0.318268
1.30896,0.700519
1.35747,0.473795
1.31126,0.700903
1.36188,0.290986
1.39906,0.126633
1.37374,0.291783
1.2931,0.635086
1.32657,0.559519
1.31133,0.546815
1.45047,-0.311324
1.36765,0.0444489
1.35826,0.172969
1.43515,0.0143547
1.35117,0.396565
1.41567,-0.00601943
1.32246,0.285066
1.38086,0.0451689
1.407,0.0822303
1.397,0.279041
1.37757,0.0894026
1.42356,-0.0134411
1.33268,0.409541
1.46255,-0.116048
1.45253,-0.144976
1.42785,-0.3043
1.40056,0.0623312
1.3389,0.472172
1.38806,0.478572
1.35533,0.450548
1.31987,0.619033
1.36037,0.2946
1.42044,0.178811
1.32206,0.693338
1.34026,0.447593
1.42516,-0.0592352
1.31418,0.450209
1.42019,0.118868
1.3244,0.625883
1.2944,0.500732
1.39322,0.323129
1.34526,0.413993
1.34812,0.391493
1.31859,0.475843
1.34701,0.290086
1.38929,0.211867
1.44052,-0.0571565
1.3499,0.495762
1.37732,0.251553
1.37602,0.203675
1.43522,0.00381874
1.35446,0.146876
1.3632,0.286041
1.39946,-0.0639614
1.31538,0.317619
1.4338,0.0838261
1.25059,0.848287
1.40866,0.365458
1.40453,0.00177937
1.35032,0.5859
1.3905,0.0799385
1.43075,0.335405
1.25768,0.717468
1.34781,0.416327
1.38019,0.230874
1.35281,0.201728
1.40621,0.275079
1.356,0.298727
1.25518,0.873684
1.29656,0.514017
1.43206,0.133822
1.43879,0.037286
1.41768,0.0382867
1.36056,0.344865
1.40317,0.151061
1.37577,0.292701
1.44756,-0.162661
1.3678,0.299733
1.26926,0.711119
1.38469,0.214031
1.35876,0.206064
1.31438,0.607435
1.32788,0.385892
1.36899,0.132108
1.41611,0.022351
1.37932,0.0969816
1.36393,0.196412
1.38204,0.451081
1.39399,-0.16307
1.42867,-0.261284
1.28189,0.666641
1.38676,0.532205
1.44908,-0.270995
1.43059,-0.107785
1.38866,0.195624
1.33434,0.454867
1.33968,0.482827
1.45006,-0.203053
1.3434,0.336234
1.36012,0.434188
1.35551,0.29459
1.33232,0.32168
1.39102,0.075556
1.3378,0.312695
1.30029,0.597889
1.34852,0.401519
1.38529,0.330488
1.34536,0.488798
1.30156,0.376822
1.25409,0.842363
1.30465,0.628009
1.32242,0.397757
1.38116,0.109267
1.39866,-0.0457952
1.36606,0.143503
1.4182,0.0422142
1.31888,0.430641
1.36201,0.39491
1.39253,0.152734
1.45917,-0.238581
1.40229,0.0393889
1.34267,0.330491
1.35801,0.371648
1.31969,0.493365
1.39786,0.144011
1.42408,0.274046
1.34601,0.361418
1.35433,0.409602
1.37206,0.238354
1.30676,0.66399
1.39928,-0.0341508
1.43967,-0.212486
1.35927,0.288841
1.33336,0.38236
1.38507,0.324856
1.49664,-0.539239
1.25595,0.885444
1.43777,-0.220947
1.35533,0.364477
1.40962,0.0913224
1.35673,0.468596
1.42639,-0.168087
1.34987,0.399801
1.24786,1.13042
1.38472,0.253334
1.3461,0.273092
1.39527,-0.105214
1.35742,0.347301
1.37219,0.349122
1.36665,0.275115
1.3609,0.260847
1.36252,0.397744
1.38764,0.0920039
1.38273,0.238124
1.31815,0.598342
1.40373,0.238092
1.49268,-0.444282
1.27647,0.742935
1.36265,0.169045
1.31724,0.787731
1.37077,0.17075
1.27014,0.91508
1.41333,-0.0241733
1.38087,0.203755
1.41203,0.158079
1.45519,-0.524696
1.3709,0.221378
1.41781,0.290847
1.45177,-0.41591
1.3983,0.217845
1.37704,0.477064
1.35407,0.246992
1.31819,0.687403
1.34951,0.457568
1.38723,-0.083637
1.38296,0.241117
1.43633,-0.122962
1.39004,0.257417
1.36246,0.223457
1.31231,0.447447
1.28026,0.754133
1.3679,0.371055
1.3915,0.431909
1.24708,0.884713
1.35736,0.305285
1.3461,0.415696
1.40166,0.294965
1.25519,1.0397
1.34123,0.432414
1.41075,-0.0490669
1.46038,-0.409308
1.41625,-0.162658
1.3721,0.3588
1.37614,0.247848
1.37952,0.183884
1.31307,0.727553
1.38114,0.360514
1.31177,0.830391
1.34638,0.397387
1.41712,-0.156306
1.34077,0.513338
1.40371,0.0544668
1.39721,0.143052
1.45215,-0.187057
1.37015,0.270806
1.34029,0.4674
1.35137,0.157714
1.43095,0.130128
1.38212,0.0642631
1.44526,-0.162104
1.39828,0.112547
1.41129,0.0150372
1.22819,0.807431
1.34205,0.386258
1.39426,0.164127
1.35248,0.431256
1.34239,0.454596
1.37355,0.52998
1.37749,0.333285
1.42138,0.181466
1.43531,-0.000727092
1.37259,0.293169
1.44256,-0.199074
1.41125,0.0846051
1.39669,0.206402
1.53761,-0.650859
1.37694,0.171763
1.30479,0.47341
1.32699,0.581149
1.37015,0.351128
1.31725,0.485069
1.31576,0.667486
1.33917,0.431297
1.40804,0.142678
1.45196,-0.333497
1.34554,0.320187
1.38658,0.262569
1.34898,0.14346
1.34332,0.523202
1.41137,-0.0740826
1.40171,0.0796772
1.34997,0.328281
1.33266,0.613512
1.3931,-0.061962
1.38129,0.274942
1.44274,-0.083831
1.37596,0.0787804
1.38179,0.305114
1.30667,0.682024
1.35147,0.230408
1.33156,0.540347
1.33805,0.392651
1.45858,-0.317568
1.3855,0.148157
1.47542,-0.418418
1.33935,0.422197
1.47446,-0.341854
1.479,-0.083487
1.31384,0.523738
1.33864,0.366859
1.34118,0.304548
1.37129,0.327913
1.32673,0.580421
1.35327,0.349169
1.36864,0.227832
1.38681,0.287335
1.39817,-0.0628594
1.32089,0.476719
1.30828,0.651409
1.4048,-0.0147509
1.43742,0.0477723
1.37672,0.232852
1.30786,0.709155
1.34724,0.27221
1.33787,0.476247
1.30796,0.761573
1.32173,0.548954
1.40701,0.199114
1.39398,0.216719
1.41815,0.0917354
1.34904,0.376746
1.43644,-0.157329
1.4212,-0.282465
1.30924,0.558351
1.4377,-0.124882
1.34113,0.328951
1.40426,-0.131793
1.40209,-0.0801368
1.36506,0.209671
1.33299,0.504876
1.4123,0.12391
1.33451,0.531364
1.40143,0.154876
1.38389,0.141745
1.36499,0.234924
1.30384,0.43844
1.2997,0.525427
1.4484,0.0304943
1.30915,0.528702
1.31602,0.616108
1.33533,0.663305
1.33365,0.412064
1.36477,0.316374
1.39322,0.0716374
1.42997,0.146365
1.39616,0.126266
1.42048,0.211998
1.40427,0.183597
1.37676,0.465896
1.32887,0.618163
1.39793,0.174703
1.34294,0.57154
1.43366,-0.176475
1.4077,-0.187496
1.39964,-0.0102467
1.39481,0.113406
1.42254,0.0108611
1.49524,-0.324586
1.29386,0.597902
1.34171,0.518808
1.39078,-0.11995
1.28025,0.696525
1.31069,0.577814
1.38378,-0.160945
1.38922,0.175351
1.36983,0.180052
1.30061,0.666556
1.35571,0.33267
1.37284,0.342044
1.45499,-0.161515
1.4012,0.000760473
1.43483,0.0386147
1.34757,0.314377
1.37012,0.218826
1.43103,-0.00850236
1.36521,0.289475
1.34205,0.50131
1.38876,0.198013
1.34616,0.54165
1.35691,0.323032
1.37982,0.144053
1.41328,-0.0354574
1.42089,0.0112471
1.35321,0.375842
1.39001,0.331555
1.37196,0.248019
1.43286,-0.145947
1.32386,0.736875
1.33171,0.434385
1.31908,0.689342
1.35282,0.347863
1.29161,0.615521
1.33921,0.448121
1.33136,0.289331
1.29423,0.783011
1.43135,0.043807
1.29963,0.694381
1.4623,-0.293172
1.3692,0.22906
1.38589,0.192094
1.40285,0.072019
1.36432,0.280792
1.31054,0.785532
1.36712,0.176333
1.32959,0.4896
1.38383,0.18824
1.44802,-0.402988
1.43158,-0.087895
1.39374,-0.0175521
1.42315,0.071556
1.33957,0.411021
1.42179,0.167902
1.28339,0.801686
1.37623,0.0353928
1.33395,0.440779
1.40711,-0.0790905
1.40701,-0.0202565
1.33405,0.450808
1.40433,0.103455
1.25056,1.05236
1.48047,-0.237867
1.30152,0.677012
1.42728,-0.162784
1.39519,-0.00480922
1.41046,0.12014
1.44226,-0.0398295
1.35071,0.378374
1.33531,0.495663
1.30622,0.551788
1.40618,0.156268
1.32568,0.392792
1.32415,0.706731
1.3958,0.0570431
1.34022,0.340104
1.2989,0.461892
1.3138,0.803407
1.41183,0.019065
1.46334,-0.255877
1.38004,0.356539
1.36662,0.215383
1.31082,0.664728
1.35718,0.508924
1.41918,-0.108665
1.38331,0.324516
1.45886,-0.166421
1.35118,0.442998
1.38383,0.388695
1.4183,0.184548
1.43472,0.133262
1.41347,0.147572
1.3734,0.157011
1.38477,0.0527809
1.40874,0.156113
1.29987,0.42129
1.27158,0.775424
1.38728,0.320423
1.3388,0.407595
1.38915,0.0584663
1.30301,0.740593
1.33943,0.416738
1.41201,0.15262
1.44307,0.0935317
1.34111,0.40387
1.34623,0.35828
1.36327,0.294542
1.44078,0.204819
1.25765,0.955152
1.40726,0.206363
1.33667,0.378486
1.38474,0.104229
1.42593,0.0934102
1.3402,0.399764
1.36271,0.39611
1.2922,0.835775
1.33914,0.477111
1.45003,-0.0255761
1.5019,-0.219706
1.40203,0.244622
1.35501,0.38198
1.31876,0.646804
1.42462,0.0975737
1.36553,-0.138491
1.36611,0.574011
1.34155,0.698426
1.38894,0.225915
1.39202,0.34593
1.34459,0.522442
1.34273,0.448328
1.34789,0.323086
1.42605,-0.0656449
1.45206,-0.12489
1.30657,0.369469
1.34264,0.385069
1.33012,0.638952
1.44452,-0.30281
1.33324,0.377234
1.353,0.457129
1.34094,0.524985
1.33898,0.520135
1.42092,-0.0300453
1.38759,0.333751
1.3394,0.670057
1.35858,0.285367
1.41846,-0.00247978
1.35486,0.478375
1.42372,-0.00756938
1.33241,0.593112
1.30352,0.633058
1.36161,0.583415
1.34002,0.331401
1.32758,0.357938
1.34925,0.452339
1.2985,0.641925
1.3598,0.407124
1.34622,0.385937
1.34862,0.642812
1.42211,0.0376278
1.43075,-0.123562
1.38556,0.127643
1.33659,0.459669
1.29768,0.690027
1.41173,0.349824
1.43522,-0.0537179
1.33573,0.458051
1.42522,-0.0282551
1.34921,0.159723
1.32902,0.594033
1.38467,0.035632
1.37719,0.354414
1.41586,-0.0790268
1.28242,0.509423
1.36939,0.243626
1.36241,0.269598
1.44048,-0.107995
1.41744,0.078801
1.30928,0.362012
1.34535,0.30148
1.43227,-0.127266
1.38163,-0.000864929
1.37725,0.346715
1.32826,0.538856
1.29133,0.778349
1.39879,0.138126
1.39801,-0.0397809
1.37287,0.293401
1.34477,0.496861
1.36139,0.105178
1.41099,-0.0386415
1.33008,0.583389
1.43913,-0.172284
1.36521,0.274471
1.36354,0.15691
1.31842,0.388362
1.43563,-0.113283
1.40945,0.00230467
1.40321,0.198183
1.44007,-0.333335
1.38293,0.47995
1.35861,0.228493
1.32606,0.598179
1.32054,0.368436
1.44532,-0.0763695
1.40056,0.217374
1.35712,0.406102
1.29986,0.650773
1.36787,0.398242
1.41201,-0.0236258
1.37392,0.11678
1.31185,0.365848
1.37459,0.356788
1.41171,0.129031
1.48439,-0.32282
1.45122,-0.104232
1.33735,0.394487
1.35331,0.640223
1.35993,0.154183
1.43463,-0.0792455
1.43383,-0.33701
1.44153,-0.260313
1.4095,0.232947
1.32309,0.498826
1.38373,0.185402
1.41314,0.19745
1.32909,0.524385
1.3936,0.321271
1.46465,-0.248799
1.3458,0.0773288
1.32963,0.440153
1.31809,0.407604
1.39885,0.105025
1.35733,0.438391
1.38528,0.0494409
1.31544,0.681763
1.33109,0.679666
1.43221,0.0428191
1.33779,0.521638
1.28644,0.669572
1.37009,0.313292
1.31247,0.691136
1.31891,0.717778
1.40347,0.285054
1.26236,0.768848
1.40012,0.167092
1.33631,0.508203
1.33343,0.121196
1.34858,0.284183
1.42913,-0.112248
1.38284,0.256288
1.45799,-0.526563
1.35744,0.368893
1.37028,0.44651
1.34924,0.473027
1.44718,-0.23877
1.276,0.717139
1.28691,0.799818
1.38028,0.327843
1.36526,0.339604
1.41884,0.0279614
1.29407,0.627808
1.35569,0.354929
1.33158,0.481785
1.41963,-0.0684261
1.4639,-0.0114203
1.46531,-0.292142
1.3769,0.194084
1.3442,0.724189
1.41938,0.0693448
1.36673,0.483984
1.41063,0.188609
1.37777,0.378008
1.38279,0.199518
1.34151,0.488096
1.38596,0.0692525
1.28527,0.537332
1.49462,-0.371383
1.44237,-0.0287078
1.31695,0.442223
1.3546,0.154017
1.4029,0.165218
1.42798,-0.14331
1.3482,0.536765
1.40543,-0.0917847
1.40893,0.117577
1.38395,0.0745035
1.36794,0.322499
1.3879,0.18316
1.28467,0.547748
1.37396,0.225323
1.35774,0.126358
1.30124,0.970537
1.35343,0.418853
1.39949,0.104518
1.28279,0.884543
1.32076,0.511659
1.28958,0.675071
1.40948,0.236909
1.25138,0.914623
1.29312,0.662703
1.33376,0.412168
1.33608,0.32796
1.33885,0.550723
1.32228,0.558561
1.36825,0.342268
1.35326,0.506209
1.36201,0.166384
1.34125,0.316332
1.2832,0.810835
1.32953,0.40842
1.35726,0.476331
1.39864,0.247149
1.39279,0.184538
1.36524,0.335473
1.36635,0.381378
1.44713,-0.0154015
1.36924,0.288024
1.38775,0.299492
1.40257,0.284258
1.37883,0.372059
1.39533,-0.123847
1.33211,0.711582
1.45186,-0.179771
1.45038,-0.3586
1.3395,0.655346
1.4252,-0.0148677
1.40085,0.0292959
1.29792,0.747283
1.29643,0.786734
1.44864,-0.159549
1.4735,-0.533085
1.32273,0.613686
1.33555,0.443997
1.28957,0.684931
1.33883,0.23171
1.33063,0.590274
1.37747,0.20417
1.31196,0.74164
1.34211,0.401436
1.38544,0.0264772
1.39731,0.281617
1.33854,0.479715
1.39689,0.142782
1.39804,-0.104194
1.31982,0.481562
1.3853,0.12495
1.28507,0.531156
1.36748,0.254743
1.33874,0.656637
1.41623,0.198654
1.40908,0.0575494
1.43157,-0.0991752
1.35861,0.551635
1.39059,0.177343
1.44061,-0.151239
1.42963,0.065654
1.40455,-0.0158292
1.38567,0.0373186
1.3576,0.510994
1.35093,0.419861
1.37599,0.168348
1.35445,0.365531
1.29513,0.659796
1.41686,0.271228
1.35388,0.0642877
1.38881,0.281406
1.39772,-0.00224966
1.3616,0.297536
1.36475,0.312627
1.38433,0.164727
1.429,-0.3094
1.40347,-0.240245
1.41677,0.249199
1.41066,0.17924
1.35687,0.3
1.35546,0.26264
1.37169,0.159668
1.40293,0.22977
1.45695,-0.274229
1.35613,0.174574
1.41712,-0.0686504
1.3691,0.100172
1.36021,0.333889
1.39374,0.21676
1.38594,0.207659
1.43536,0.0424124
1.49971,-0.518848
1.39864,0.269618
1.43471,0.0188473
1.35295,0.4027
1.40614,0.0759127
1.3783,0.220214
1.3885,-0.113551
1.39656,-6.87682e-05
1.32409,0.204109
1.40372,0.411185
1.42162,0.0285575
1.36963,0.0264368
1.32252,0.57359
1.34983,0.202851
1.33234,0.298995
1.38713,-0.011431
1.37148,0.22649
1.3985,-0.0747748
1.35299,0.125835
1.28443,0.519405
1.3991,0.0331356
1.36173,0.245491
1.42216,-0.147954
1.48108,-0.107261
1.34643,0.417439
1.35255,0.396874
1.38742,0.272499
1.33906,0.405277
1.38302,0.0273757
1.29921,0.919703
1.39847,0.182111
1.37839,0.407587
1.43969,-0.186588
1.31929,0.604804
1.41273,0.160943
1.38752,0.213532
1.32646,0.45837
1.42851,-0.0747887
1.39013,0.151699
1.34147,0.220792
1.40205,0.134153
1.27709,0.504497
1.43627,-0.0101013
1.38648,0.181989
1.45428,-0.141533
1.35415,0.229811
1.28081,0.839089
1.29437,0.674577
1.37939,0.144698
1.32407,0.519251
1.33177,0.444536
1.31795,0.496957
1.41495,-0.216224
1.37308,0.252894
1.28137,0.736798
1.44238,-0.120935
1.39767,0.0689668
1.38259,0.219187
1.40298,0.233238
1.34452,0.352213
1.33664,0.595389
1.30776,0.708548
1.36141,0.500564
1.38265,0.132186
1.37472,0.249724
1.35942,0.542828
1.40613,0.0534231
1.45912,-0.324617
1.32162,0.726057
1.38885,0.219317
1.39121,0.00996092
1.43511,-0.159673
1.30575,0.895526
1.34846,0.444788
1.44088,-0.0784536
1.34473,0.413887
1.44818,-0.091804
1.29869,0.624279
1.3364,0.673159
1.46907,-0.514818
1.35108,0.344597
1.35891,0.295451
1.44006,0.102285
1.38215,0.351787
1.33421,0.194393
1.34578,0.672047
1.3251,0.390439
1.32202,0.424479
1.39021,0.0241551
1.30018,0.462242
1.41129,-0.0577093
1.38564,0.529266
1.35193,0.588533
1.33245,0.298106
1.28977,0.810637
1.41723,0.118705
1.44128,-0.168474
1.41933,-0.0851613
1.29877,0.547941
1.30048,0.652024
1.3199,0.371108
1.38565,-0.00882959
1.36897,0.185428
1.39091,0.174146
1.38612,0.150566
1.46554,-0.365996
1.46096,-0.221361
1.30666,0.602402
1.41854,-0.0718522
1.48626,-0.376169
1.42226,-0.0397724
1.31886,0.614306
1.43957,0.108874
1.32885,0.339462
1.37119,0.240276
1.37409,0.327331
1.34222,0.411194
1.35728,0.323928
1.40819,0.390964
1.4488,-0.174164
1.41191,0.179177
1.41188,0.156538
1.4295,-0.00149611
1.31278,0.454256
1.38564,0.323916
1.36596,0.249245
1.31071,0.530401
1.27489,0.757142
1.40648,-0.0565897
1.36082,0.00475336
1.30776,0.469543
1.31551,0.36538
1.3657,0.346648
1.34499,0.386048
1.35558,0.323695
1.38747,-0.0537995
1.37147,0.26682
1.37498,0.164742
1.35755,0.197047
1.49738,-0.554006
1.36086,0.413665
1.36449,0.203202
1.40881,0.0185328
1.37434,0.31289
1.31945,0.668806
1.4875,-0.45074
1.32594,0.427162
1.35256,0.35817
1.47844,-0.502132
1.34937,0.705629
1.28756,0.88757
1.39888,0.179986
1.3801,0.238879
1.44007,-0.0895338
1.428,-0.00308805
1.26903,0.749707
1.37421,0.239878
1.36118,0.469043
1.34965,0.653267
1.39872,0.0669469
1.40258,0.148495
1.37089,0.231057
1.38436,-0.0227754
1.37594,0.263479
1.43961,-0.0113747
1.31831,0.403204
1.41832,-0.168617
1.32434,0.495939
1.38201,0.187881
1.35721,0.219341
1.3025,0.867331
1.41266,0.176041
1.36052,0.449758
1.38573,0.353417
1.36121,0.332416
1.33182,0.58021
1.32706,0.258199
1.4189,0.0350976
1.29125,1.00389
1.31163,0.687513
1.36208,0.450315
1.33419,0.449976
1.32878,0.396555
1.3756,0.191598
1.35907,0.461924
1.477,-0.349912
1.36487,0.110788
1.35002,0.45148
1.37499,0.285149
1.44948,-0.184329
1.36207,0.143239
1.39448,0.0733721
1.35824,0.31337
1.45024,-0.272611
1.38275,0.304549
1.43475,0.0528493
1.32113,0.446827
1.36035,0.57508
1.40591,-0.215447
1.34766,0.280401
1.3476,0.511101
1.43491,-0.115833
1.37945,0.266805
1.3639,0.377288
1.33663,0.538844
1.41052,0.0376259
1.36062,0.12303
1.33698,0.527038
1.30831,0.530218
1.42374,-0.150747
1.4056,0.148707
1.34585,0.406041
1.30526,0.796648
1.40375,0.0210881
1.34067,0.386678
1.38182,-0.0248516
1.35373,0.604437
1.31432,0.596157
1.41344,0.031785
1.4143,0.102591
1.32384,0.635457
1.3069,0.639258
1.36127,0.379636
1.41962,0.104053
1.36088,0.40502
1.38251,0.155283
1.44429,-0.0280249
1.42764,-0.203049
1.28352,0.603214
1.37845,0.515968
1.40025,0.0840907
1.41068,-0.0343447
1.32499,0.519175
1.40403,0.0544741
1.3334,0.41048
1.39778,0.0158598
1.32343,0.543187
1.44876,0.102189
1.24944,0.801116
1.29409,0.926853
1.36839,0.264758
1.41031,0.013217
1.34997,0.413796
1.37024,0.420316
1.29487,0.597561
1.38034,0.129128
1.37613,0.265436
1.33318,0.547708
1.39187,0.114946
1.37608,0.340316
1.39005,0.199696
1.33194,0.402261
1.39202,0.298382
1.31021,0.425514
1.33417,0.322091
1.38816,0.305186
1.43495,0.0984465
1.29558,0.528832
1.37068,0.240756
1.50641,-0.418412
1.34367,0.389244
1.42188,-0.00456211
1.36898,0.242057
1.37025,0.274063
1.365,0.392556
1.49057,-0.369733
1.37904,0.144719
1.32383,0.585336
1.36728,0.355008
1.3825,0.111816
1.33412,0.525114
1.35081,0.365578
1.36103,0.139819
1.392,0.276613
1.43585,-0.128992
1.38072,0.0136918
1.30595,0.534469
1.43629,0.126687
1.41096,0.330685
1.38218,0.384463
1.37432,0.206041
1.40204,0.346973
1.34688,0.559491
1.41939,0.145389
1.40565,-0.0978137
1.39257,0.0649955
1.37794,0.319464
1.42098,-0.0469897
1.36518,-0.00896799
1.37642,0.132531
1.38588,0.431855
1.43198,0.0228792
1.37674,0.255986
1.49449,-0.289303
1.39792,0.217196
1.30804,0.78325
1.34399,0.350183
1.3849,0.322455
1.26953,0.702193
1.32545,0.459739
1.33355,0.556878
1.4589,-0.106731
1.31292,0.657696
1.33825,0.6059
1.32078,0.478516
1.36974,0.293645
1.39021,0.0830694
1.34106,0.39107
1.34803,0.392187
1.28044,0.926942
1.32211,0.60366
1.36379,0.17264
1.34513,0.576334
1.37562,0.183627
1.28036,0.786508
1.42177,0.00506334
1.41188,0.166213
1.37392,0.352095
1.3748,0.290079
1.408,0.20318
1.36243,0.62942
1.37896,0.307828
1.40576,-0.0174478
1.32919,0.491507
1.32573,0.267308
1.34978,0.403815
1.39486,0.433276
1.41495,0.139295
1.30659,0.700296
1.4972,-0.185331
1.34989,0.128278
1.42761,0.0201408
1.3226,0.557775
1.32787,0.423875
1.34446,0.448437
1.39816,0.139493
1.33973,0.322868
1.35307,0.202
1.32083,0.526996
1.36085,0.189189
1.33501,0.43034
1.38132,0.0643143
1.4448,-0.189663
1.37421,-0.0150261
1.42036,-0.210103
1.36647,0.0895743
1.3488,0.333176
1.46042,-0.274489
1.34132,0.246621
1.35209,0.292975
1.33681,0.450479
1.37334,0.0220418
1.36006,0.44726
1.36924,0.330239
1.37001,0.240841
1.35862,0.325861
1.37266,0.302851
1.33235,0.56352
1.36241,0.554301
1.29423,0.447757
1.35306,0.315709
1.33105,0.506233
1.33354,0.588133
1.32039,0.465043
1.37069,0.214843
1.41366,0.0446293
1.30266,0.827695
1.36648,-0.0871068
1.41461,-0.0179432
1.30781,0.518829
1.4104,0.0967259
1.37414,0.411354
1.314,0.555275
1.34961,0.340366
1.25394,0.796137
1.39512,0.162129
1.35078,0.628217
1.36346,0.34244
1.41842,-0.237666
1.39183,0.278729
1.33489,0.59279
1.37894,0.323075
1.48046,-0.418251
1.41189,-0.0443974
1.31153,0.574094
1.38534,0.133989
1.39205,0.167801
1.33182,0.511745
1.38056,0.213141
1.26894,0.704724
1.30671,0.577143
1.28882,0.639464
1.41342,0.0971629
1.31287,0.653579
1.40809,0.0850848
1.33773,0.524594
1.40359,0.179935
1.34435,0.246918
1.31124,0.810905
1.41961,0.0221448
1.35493,0.36819
1.29213,0.716222
1.29245,0.650779
1.37968,0.290327
1.31845,0.426193
1.42779,-0.129822
1.39258,0.374509
1.29701,0.670623
1.37706,0.16028
1.38857,0.0449327
1.42036,0.181244
1.35211,0.395321
1.40356,-0.0610161
1.41235,-0.0495541
1.34719,0.36669
1.42812,0.0993347
1.40289,0.112313
1.34159,0.317391
1.3311,0.483567
1.39806,0.0147799
1.33711,0.706854
1.39036,0.261482
1.35723,0.22307
1.40684,0.11944
1.39375,-0.0238591
1.29505,0.561778
1.41258,0.0318312
1.26274,0.649741
1.37623,0.29673
1.31465,0.525384
1.37587,0.16949
1.37352,0.265003
1.3132,0.695397
1.44387,-0.00348978
1.4355,-0.0904953
1.33967,0.484295
1.37242,0.380455
1.41308,0.106105
1.41732,0.102223
1.3787,0.225667
1.27556,0.978024
1.29672,0.62939
1.34869,0.568836
1.42507,0.00976402
1.3256,0.686932
1.39529,-0.127592
1.34778,0.364286
1.3982,0.024758
1.38313,0.212686
1.35856,0.428727
1.32342,0.511518
1.30411,0.774161
1.29616,0.647841
1.48825,-0.395435
1.29387,0.518739
1.3993,0.0511235
1.32227,0.643636
1.33204,0.555341
1.41285,0.0229571
1.38671,0.163845
1.40039,0.114144
1.38668,0.21618
1.35418,0.314743
1.3439,0.605454
1.37251,0.210935
1.35322,0.325832
1.32539,0.502671
1.35263,0.215015
1.45166,-0.159748
1.39096,-0.184157
1.43212,-0.0460632
1.32788,0.320082
1.48434,-0.343832
1.32318,0.517142
1.30362,0.750838
1.34409,0.360171
1.44399,-0.0416014
1.36195,0.303972
1.30247,0.655559
1.40395,0.164736
1.40899,-0.102759
1.35564,0.108472
1.39693,0.0865962
1.34475,0.338027
1.34338,0.421265
1.32438,0.613962
1.34574,0.308445
1.31822,0.645173
1.25225,0.967791
1.3352,0.319811
1.28551,0.868141
1.34341,0.327321
1.36677,0.434726
1.36976,0.220874
1.42468,-0.00627071
1.39428,-0.050132
1.31472,0.682954
1.37996,0.0806113
1.34379,0.679397
1.38151,0.334586
1.35603,0.331863
1.41519,0.0499719
1.3411,0.513464
1.4302,0.084379
1.34459,0.622687
1.36781,0.365024
1.28236,0.761857
1.33999,0.446865
1.3551,0.36866
1.37295,0.0297772
1.43515,-0.0784785
1.37296,0.486161
1.37208,0.312758
1.32825,0.765304
1.42085,-0.0110513
1.3813,0.133947
1.37586,0.0947738
1.35016,0.441495
1.43859,-0.217906
1.42758,0.135537
1.30442,0.712854
1.36885,0.272329
1.34361,0.429982
1.33339,0.473205
1.33171,0.225378
1.45236,-0.236674
1.42009,0.086098
1.38282,0.165759
1.41358,0.213572
1.39994,0.10537
1.35426,0.295691
1.32629,0.540947
1.39899,0.265864
1.37784,0.336494
1.37973,0.160285
1.28835,0.604616
1.34627,0.323151
1.37176,0.206706
1.32796,0.439486
1.30594,0.621797
1.34316,0.420173
1.34358,0.513707
1.41236,0.035624
1.41675,0.0650401
1.33999,0.214385
1.36545,0.141999
1.43829,-0.138568
1.32785,0.510646
1.34801,0.199753
1.42537,0.317015
1.37895,0.326978
1.32582,0.633151
1.37265,0.310436
1.29583,0.444082
1.35365,0.644323
1.34513,0.312377
1.32009,0.345194
1.31753,0.728615
1.39739,0.0715344
1.29848,0.710077
1.2962,0.592818
1.3986,0.328784
1.38156,0.433924
1.36154,0.38339
1.35273,0.283893
1.40822,0.00900504
1.35917,0.417282
1.37399,0.00815334
1.37434,0.2934
1.3186,0.55771
1.41386,-0.174702
1.33311,0.436041
1.36781,0.321242
1.35325,0.345177
1.37547,0.235185
1.37929,0.388519
1.41127,0.272794
1.31415,0.551427
1.31659,0.587286
1.44521,-0.110677
1.38537,0.109065
1.46909,-0.141061
1.3067,0.51734
1.33602,0.621192
1.31652,0.496473
1.34584,0.43577
1.33246,0.479895
1.30101,0.795148
1.4179,-0.0736585
1.52797,-0.563666
1.41957,-0.00388636
1.36287,0.198278
1.48457,-0.31307
1.33824,0.389061
1.37735,0.199743
1.35282,0.176702
1.3606,0.342478
1.29689,1.16906
1.45327,-0.126079
1.38275,0.291784
1.36159,0.354973
1.35171,0.295222
1.36795,0.428581
1.33278,0.585207
1.36629,0.261369
1.39274,0.257222
1.38235,0.233624
1.37704,0.175214
1.32875,0.364251
1.31824,0.801066
1.40301,0.022591
1.35839,0.136312
1.52932,-0.413163
1.38466,0.259543
1.31987,0.454506
1.33781,0.0909197
1.31644,0.676461
1.41656,0.105413
1.40829,-0.175832
1.37795,0.29326
1.40354,0.0595705
1.41209,0.329266
1.34077,0.568851
1.34168,0.614695
1.45812,-0.0505193
1.32509,0.774482
1.26752,0.909628
1.32907,0.476321
1.35308,0.384479
1.44082,-0.0449849
1.30935,0.686711
1.46897,-0.260263
1.41793,0.0458936
1.36936,0.213871
1.30323,0.736868
1.41062,-0.0344588
1.33313,0.726264
1.38682,0.220927
1.3557,0.522257
1.35806,0.336977
1.36881,0.0187773
1.37759,0.249074
1.41561,0.0840878
1.38319,0.278513
1.41638,-0.020307
1.40156,0.157337
1.34517,0.521523
1.25521,0.873631
1.40149,-0.162969
1.35382,0.439594
1.38309,0.395094
1.38675,0.243132
1.38899,-0.00542999
1.28615,0.776504
1.46004,-0.131814
1.40878,0.00744399
1.45183,-0.161104
1.42624,0.25326
1.35794,0.272925
1.33997,0.759233
1.37319,0.225648
1.40925,-0.0254949
1.34094,0.433126
1.40909,0.192257
1.30089,0.758416
1.40972,0.176973
1.39014,0.186381
1.47393,-0.335019
1.41147,0.108644
1.38883,0.287131
1.37417,0.186563
1.42651,0.0664192
1.39737,0.330142
1.32249,0.445738
1.3,0.656837
1.28582,0.617832
1.43047,-0.220662
1.37521,0.396114
1.35349,0.515998
1.42353,-0.00386656
1.3747,0.34431
1.34958,0.230945
1.32779,0.625025
1.35998,0.22918
1.36318,0.208799
1.41898,-0.0513988
1.37658,0.316112
1.30878,0.558256
1.36981,0.432396
1.27788,0.841474
1.31402,0.558857
1.36161,0.375551
1.43434,0.188596
1.33269,0.310837
1.36774,0.289359
1.43432,-0.307188
1.27088,0.972169
1.40415,-0.00138705
1.37814,-0.0206649
1.33849,0.543281
1.36865,0.515469
1.40833,-0.148649
1.40619,0.0741743
1.33506,0.308851
1.41124,-0.110514
1.35669,0.473185
1.39461,-0.178316
1.35128,0.25974
1.26308,0.673874
1.32881,0.422125
1.37671,-0.218352
1.40271,0.0646765
1.42802,-0.00480767
1.42522,-0.23181
1.43672,-0.0687622
1.39574,0.159208
1.43155,-0.0546906
1.43922,0.04656
1.37816,0.282777
1.34567,0.308318
1.38452,0.186305
1.38593,0.285666
1.26635,0.934368
1.38884,0.436981
1.39729,0.0347643
1.40684,0.141938
1.36612,0.18935
1.51207,-0.813773
1.35976,0.392729
1.32961,0.613261
1.39627,0.391585
1.34474,0.396307
1.31165,0.613888
1.29118,0.784254
1.36331,0.563286
1.2641,0.835233
1.32793,0.445697
1.30755,0.563674
1.43145,0.0818976
1.38374,0.134202
1.45838,-0.152233
1.35909,0.341315
1.41114,-0.0947091
1.37106,0.243196
1.32426,0.648099
1.42457,0.0929813
1.41386,0.291411
1.37953,0.254195
1.37068,0.32519
1.37933,0.296001
1.33624,0.385338
1.35591,0.326484
1.3835,0.169644
1.36683,0.20013
1.39551,0.162097
1.33133,0.385613
1.38041,0.109918
1.4621,-0.258242
1.26517,0.871445
1.31194,0.53604
1.31415,0.5098
1.40047,-0.0800614
1.45329,-0.198947
1.34735,0.280147
1.3958,0.149216
1.3445,0.591005
1.32816,0.173544
1.42775,0.182945
1.3838,0.255091
1.36994,0.167918
1.3569,0.294168
1.35589,0.243939
1.31886,0.645516
1.31359,0.516092
1.42502,0.031219
1.34983,0.380856
1.33732,0.49495
1.35773,0.279134
1.37512,-0.0351185
1.29231,0.784832
1.40216,0.0747761
1.3175,0.581107
1.3172,0.582018
1.38273,0.31115
1.34426,0.321967
1.46068,-0.379084
1.31035,0.314632
1.33351,0.122449
1.33597,0.482923
1.34816,0.605519
1.40784,0.0727444
1.47433,-0.468129
1.39197,-0.00717577
1.38644,0.204058
1.37448,0.249653
1.40026,0.231275
1.37871,-0.0594059
1.38006,0.154512
1.37508,0.220312
1.38376,0.104107
1.41733,-0.105168
1.38784,-0.0335478
1.30014,0.546915
1.42067,-0.0719833
1.37195,0.094456
1.41833,0.138123
1.36602,0.14064
1.26998,0.779101
1.33095,0.587198
1.31474,0.527704
1.34079,0.435411
1.3759,0.276708
1.37467,0.21135
1.39747,0.0281452
1.38889,0.30814
1.34897,0.321138
1.46558,-0.326404
1.37966,0.165798
1.35205,0.464355
1.35436,0.566355
1.38901,0.337842
1.48911,-0.221362
1.35584,0.379529
1.34206,0.280406
1.35132,0.457613
1.39776,0.164836
1.45621,0.0591906
1.36965,0.321462
1.44177,0.0866922
1.33077,0.459426
1.31353,0.420891
1.40306,0.0871989
1.36972,-0.0131984
1.40134,0.0672414
1.43413,-0.162081
1.4279,0.254224
1.48687,-0.416029
1.32017,0.680426
1.35687,0.413145
1.39284,-0.0615892
1.3549,0.247731
1.3564,0.254657
1.40809,0.107865
1.35597,0.487767
1.3169,0.494252
1.38072,0.175518
1.38079,0.0577923
1.38492,0.162747
1.33995,0.397433
1.41158,0.0754387
1.29844,0.630435
1.38224,0.290535
1.42972,0.152006
1.35283,0.258651
1.39482,-0.0256828
1.36622,0.475241
1.40052,0.101208
1.31086,0.471995
1.30115,0.847192
1.29848,0.669672
1.35869,0.316229
1.39369,0.23347
1.40458,0.0850691
1.42191,0.111014
1.38262,0.165153
1.39537,0.139569
1.2995,0.499546
1.40731,0.172107
1.34746,0.467024
1.31831,0.491907
1.31357,0.483548
1.31519,0.569866
1.42936,-0.109805
1.39612,0.0388469
1.31967,0.375622
1.44556,-0.109732
1.41635,-0.230698
1.33912,0.466875
1.41102,0.0329169
1.29731,0.685001
1.38946,0.178836
1.33331,0.561134
1.36701,0.340397
1.40937,0.261747
1.29941,0.629606
1.42556,-0.0401763
1.34994,0.377762
1.30282,0.460682
1.34735,0.538927
1.35599,0.372283
1.33718,0.388723
1.38158,0.167242
1.28699,0.401624
1.34283,0.612819
1.36912,0.241816
1.30404,0.887387
1.44745,-0.528831
1.4295,0.0129775
1.33848,0.545979
1.36402,0.501522
1.33866,0.493664
1.41564,0.222923
1.2784,0.776825
1.34057,0.490963
1.34985,0.665676
1.37705,0.221478
1.37233,0.449857
1.32112,0.282399
1.37218,0.26319
1.29043,0.612882
1.3989,0.0851379
1.46628,-0.243659
1.34225,0.430282
1.37686,0.209844
1.35395,0.166424
1.40494,0.302059
1.42196,0.0115351
1.41017,0.233015
1.37318,0.226472
1.39268,0.278458
1.40458,0.184314
1.35152,0.630756
1.33569,0.0478954
1.46325,-0.207702
1.38587,0.067059
1.33702,0.697146
1.39984,0.155242
1.42036,-0.165174
1.34698,0.454465
1.30296,0.57018
1.35963,0.371297
1.32284,0.203844
1.35251,0.469476
1.36838,0.236785
1.38212,0.126861
1.32178,0.501401
1.32432,0.49957
1.35941,0.367041
1.32343,0.528762
1.3955,0.0301673
1.42636,-0.144281
1.41467,0.0238206
1.38897,0.143305
1.40122,0.151014
1.39494,0.0668626
1.40023,0.0963385
1.2556,0.861385
1.35996,0.106485
1.35,0.573481
1.28842,0.865198
1.33572,0.424463
1.32375,0.513009
1.21475,1.20731
1.47471,-0.282343
1.339,0.352579
1.33639,0.397836
1.37576,0.187282
1.40185,0.144017
1.3477,0.475924
1.31493,0.534536
1.41263,0.0724573
1.40766,0.16371
1.33625,0.493414
1.40553,-0.163651
1.33606,0.512601
1.34082,0.534441
1.36429,0.155373
1.33496,0.443207
1.34282,0.582304
1.32904,0.61707
1.39242,0.00416316
1.41961,-0.0104829
1.38352,0.0200345
1.38353,0.281093
1.37517,0.188455
1.38444,0.326727
1.35859,0.182257
1.36517,0.0599791
1.29072,0.642021
1.29051,0.743278
1.3402,0.435805
1.42111,-0.0857153
1.40696,0.165275
1.34138,0.497322
1.36949,0.119922
1.3426,0.10395
1.4539,-0.127069
1.36944,0.155838
1.40389,0.0192418
1.25659,0.807809
1.34968,0.431111
1.37285,0.402769
1.33445,0.524647
1.4159,0.288433
1.37261,0.34286
1.37098,0.314991
1.45038,-0.113947
1.44076,-0.230165
1.31316,0.590474
1.30622,0.437158
1.40935,0.0561033
1.27075,0.848471
1.29104,0.624024
1.3139,0.624243
1.27404,0.836075
1.36678,0.463267
1.36859,0.074604
1.40734,-0.0788382
1.28965,0.61387
1.29252,0.960537
1.35482,0.4668
1.41496,-0.0811337
1.37777,0.153976
1.37088,0.20456
1.37269,0.484872
1.3913,0.212151
1.3978,-0.0855251
1.3887,0.161889
1.31808,0.75934
1.29544,0.856685
1.34135,0.411449
1.38718,0.337869
1.36419,0.361481
1.36607,-0.0480869
1.50249,-0.407911
1.36174,0.214039
1.35278,0.341432
1.44369,-0.173308
1.33622,0.406394
1.43492,-0.234819
1.35827,0.508122
1.40049,-0.00565843
1.42551,-0.0884269
1.41,0.11352
1.45442,-0.158532
1.41958,-0.116912
1.37483,-0.0100658
1.40112,-0.0240626
1.35843,0.236997
1.3866,0.220225
1.34296,0.366593
1.40865,0.0423678
1.3835,0.0988781
1.3588,0.387165
1.39653,0.0463556
1.43033,0.00516994
1.3166,0.481554
1.43872,-0.0591781
1.39147,0.100537
1.45546,-0.265113
1.41422,0.046306
1.37563,0.152229
1.4428,-0.0311187
1.36805,0.34672
1.34954,0.242956
1.40112,-0.00423926
1.37656,0.0652737
1.42444,-0.101544
1.34285,0.320393
1.34076,0.506978
1.38392,0.140841
1.38219,0.339044
1.40911,0.0789186
1.31584,0.379419
1.40396,0.316985
1.32439,0.605171
1.40232,0.194279
1.39,0.19492
1.33889,0.364048
1.41889,0.148226
1.3553,0.564616
1.33797,0.342713
1.39014,0.108425
1.47739,-0.399977
1.33299,0.387885
1.44207,-0.0549443
1.44002,-0.42316
1.377,0.258039
1.41861,-0.144635
1.34549,0.249943
1.31732,0.567454
1.37021,0.313384
1.36611,0.371582
1.30304,0.601766
1.40492,0.160381
1.35309,0.422805
1.37862,0.21893
1.40116,0.0749087
1.36121,0.392225
1.42681,-0.290773
1.37724,0.179337
1.36601,0.355037
1.41004,-0.0809206
1.36758,0.275699
1.32992,0.504846
1.36502,0.408662
1.36357,0.326152
1.39573,0.107967
1.42688,-0.110744
1.42292,-0.00654047
1.41239,-0.0235676
1.34989,0.23459
1.40128,-0.0642269
1.29303,0.652474
1.39169,0.097058
1.39886,0.129819
1.32857,0.564307
1.34008,0.150559
1.30955,0.568445
1.39143,0.114821
1.42147,-0.02743
1.38111,-0.0511743
1.32809,0.233748
1.38321,0.219241
1.41808,-0.0362809
1.34529,0.545984
1.34241,0.481663
1.37178,0.245707
1.27216,0.931462
1.31706,0.606455
1.30569,0.330744
1.39048,0.171183
1.24398,1.01087
1.29973,0.736116
1.32889,0.541334
1.36545,0.14058
1.36956,0.265419
1.33622,0.623051
1.43196,-0.214185
1.38352,0.103721
1.34679,0.487545
1.40926,0.315357
1.35122,0.540183
1.30912,0.309185
1.37763,0.191863
1.31238,0.332172
1.43458,-0.209142
1.29187,0.822892
1.37574,0.0236157
1.30453,0.863527
1.35364,0.276973
1.30084,0.587362
1.38895,0.137325
1.37709,0.609666
1.31123,0.418472
1.40196,0.284079
1.37775,0.198112
1.3559,0.270218
1.33682,0.282301
1.41818,0.122152
1.36699,0.284447
1.39596,0.284055
1.45041,-0.230854
1.37113,0.504981
1.35194,0.213785
1.31644,0.691061
1.3999,0.0691263
1.39644,0.11051
1.29196,0.797211
1.51134,-0.442193
1.33813,0.34475
1.35233,0.33049
1.27435,0.796542
1.31313,0.330003
1.33473,0.456138
1.31479,0.454545
1.27695,0.773488
1.40263,0.0581624
1.36808,0.351222
1.39776,0.0911808
1.42669,-0.0974969
1.43586,-0.227091
1.3176,0.682814
1.27692,0.965411
1.3712,0.251396
1.26542,0.866345
1.30351,0.579779
1.34094,0.488787
1.40417,-0.0460189
1.472,-0.385225
1.30946,0.609342
1.39598,0.0239808
1.36293,0.444543
1.44663,-0.0575468
1.32235,0.429915
1.40755,0.190514
1.32719,0.795822
1.36318,0.318774
1.41244,-0.0372884
1.32775,0.452897
1.3054,0.419435
1.36064,0.403513
1.34215,0.472226
1.45268,-0.229806
1.34503,0.215252
1.36329,0.334354
1.40876,0.256646
1.31691,0.375248
1.47954,-0.148626
1.37329,0.238513
1.35445,0.511415
1.31432,0.792975
1.31135,0.455973
1.36824,0.151318
1.40952,0.15204
1.28392,0.684172
1.39151,0.117883
1.35142,0.43662
1.41647,0.00628959
1.40145,-0.0596222
1.39808,0.325081
1.28728,0.718879
1.36036,0.183663
1.37481,0.255728
1.40369,0.140789
1.31679,0.617179
1.36657,0.147999
1.38103,0.103881
1.38097,0.211987
1.33175,0.379632
1.38867,0.359048
1.35582,0.261947
1.37927,0.161227
1.3517,0.196953
1.35392,0.57213
1.41506,0.141026
1.31779,0.816909
1.35355,0.311425
1.37186,0.266978
1.38245,0.253412
1.36586,0.359793
1.37091,0.416173
1.37838,0.0970412
1.34521,0.431618
1.37913,0.399512
1.38959,0.0788927
1.29889,0.715089
1.40415,-0.122891
1.35869,0.350685
1.3848,0.198826
1.46152,-0.0768919
1.26962,0.676519
1.38554,0.0527634
1.27603,0.829185
1.40166,0.34924
1.38842,0.137644
1.30826,0.596951
1.46186,-0.0935682
1.24239,1.03766
1.36972,-0.0225453
1.2728,1.05364
1.34976,0.363462
1.36239,0.331618
1.37967,0.140652
1.27087,1.15934
1.36252,0.430833
1.3866,0.0562214
1.31393,0.514333
1.38543,0.150339
1.39153,0.14693
1.42804,0.0787725
1.30923,0.55549
1.38856,0.126349
1.35176,0.487212
1.28842,0.579297
1.34202,0.557109
1.29976,0.670682
1.34295,0.424648
1.40027,0.371481
1.30668,0.241732
1.38561,0.0219187
1.3148,0.530724
1.36584,0.267383
1.48323,-0.548713
1.38112,0.0995518
1.32748,0.500085
1.39759,0.278626
1.32242,0.567051
1.26618,1.23509
1.28008,0.842684
1.42978,-0.264057
1.30442,0.855712
1.36258,0.158474
1.47509,-0.392969
1.43694,0.0346167
1.41003,-0.0699773
1.43014,0.061454
1.33572,0.617968
1.35624,0.341648
1.36101,0.154561
1.39734,0.0799203
1.38679,0.245688
1.33748,0.212729
1.2926,0.630026
1.32487,0.173275
1.38016,0.314469
1.37784,0.372652
1.44965,-0.127601
1.37374,0.110478
1.44622,-0.00945364
1.37274,0.512426
1.35506,0.422286
1.34127,0.645591
1.27769,0.812456
1.30232,0.599229
1.34194,0.422359
1.34436,0.490851
1.38534,0.210316
1.26999,0.848206
1.4278,-0.167763
1.3833,0.158586
1.40377,0.0389931
1.32644,0.294269
1.3804,0.426955
1.36751,0.229355
1.40433,0.413035
1.43428,0.0383961
1.40369,0.0272387
1.35157,0.0447116
1.45853,-0.00731781
1.32314,0.486674
1.32219,0.615848
1.37679,0.406717
1.32698,0.654256
1.38219,0.15796
1.37462,0.314701
1.42073,-0.103349
1.35975,0.187449
1.41227,-0.0276859
1.34072,0.66514
1.33265,0.513507
1.43009,-0.212954
1.3815,0.481599
1.39417,0.318596
1.2928,0.44522
1.40826,-0.0456258
1.439,-0.101573
1.42132,-0.212077
1.32339,0.766991
1.338,0.553249
1.40381,0.034733
1.36859,0.342493
1.33724,0.259844
1.35184,0.317627
1.28614,0.656238
1.43293,-0.19611
1.33784,0.328421
1.36745,0.300243
1.35866,0.389757
1.30134,0.764128
1.37949,0.0932248
1.3784,0.352685
1.3888,-0.0322535
1.34628,0.453519
1.37053,0.244906
1.33031,0.440151
1.32728,0.453443
1.35104,0.452487
1.32731,0.401099
1.32874,0.392642
1.28698,0.864536
1.44015,-0.0890888
1.4011,0.147537
1.37531,0.318513
1.29812,0.605856
1.40772,0.0566627
1.40242,0.308742
1.38457,0.27313
1.35917,0.500943
1.27293,0.805236
1.34864,0.506044
1.427,0.0474584
1.28906,0.862694
1.42875,0.0591225
1.31024,0.564684
1.43886,-0.22516
1.2862,0.68938
1.44875,0.0307904
1.3233,0.367124
1.31313,0.759953
1.3347,0.32811
1.28286,0.824589
1.36447,0.260169
1.38991,0.108719
1.38051,-0.0865653
1.34806,0.405515
1.3922,0.301448
1.34092,0.518781
1.46182,-0.183237
1.36519,0.179834
1.37391,0.211246
1.29977,0.773258
1.36756,0.317036
1.29544,0.836848
1.37837,0.297741
1.42209,-0.0313093
1.37366,0.257088
1.30332,0.627328
1.39485,0.154322
1.28314,0.727972
1.35568,0.390917
1.429,-0.0793743
1.32544,0.495562
1.3391,0.543415
1.42485,-0.23638
1.33863,0.413747
1.39957,-0.0499528
1.40455,-0.0372602
1.4181,-0.0482529
1.34878,0.316713
1.30258,0.537145
1.35585,0.525247
1.38547,0.250194
1.42772,0.215503
1.44189,-0.243145
1.38331,0.0839479
1.3378,0.231294
1.26295,0.676691
1.38121,0.311901
1.45412,-0.120713
1.33208,0.49671
1.37485,0.192423
1.45434,0.0161881
1.38577,0.213228
1.50871,-0.254981
1.29843,0.761924
1.33655,0.448499
1.43041,0.112321
1.33419,0.557577
1.34379,0.498579
1.33302,0.470489
1.35647,0.169375
1.42356,-0.0567911
1.39922,0.216112
1.44912,-0.156742
1.38519,0.0289794
1.41375,0.0425857
1.41533,-0.0968271
1.31233,0.652947
1.41647,-0.16442
1.41431,0.281237
1.37721,0.475638
1.41418,-0.0488254
1.28988,0.576504
1.36803,0.265777
1.43373,-0.214478
1.33674,0.492595
1.35466,0.343964
1.37015,0.371383
1.37755,0.132572
1.31241,0.752975
1.40924,-0.0674061
1.39391,0.0174791
1.37203,0.0164632
1.37499,0.216374
1.28762,0.641991
1.38594,0.292045
1.38841,0.0208302
1.40838,0.123371
1.34246,0.465639
1.30965,0.31641
1.33674,0.580305
1.35681,0.120937
1.33819,0.235715
1.32207,0.510855
1.34606,0.241062
1.42394,-0.0229344
1.42515,0.171505
1.3583,0.292226
1.41273,0.015805
1.39528,0.103297
1.39245,-0.0190258
1.3409,0.50272
1.38199,0.191786
1.2837,0.74294
1.31219,0.717776
1.4119,0.0674655
1.36921,0.203576
1.37103,0.20085
1.34127,0.278654
1.37551,0.301294
1.39494,0.040054
1.38689,0.363658
1.33328,0.726716
1.28745,0.736537
1.3302,0.453226
1.33004,0.517781
1.387,0.23796
1.40061,-0.0654716
1.33859,0.60021
1.39384,0.023065
1.33756,0.862785
1.34022,0.483322
1.42457,-0.0986592
1.35603,0.574675
1.37814,0.375292
1.39287,0.236003
1.44503,-0.137524
1.39056,0.0746264
1.42872,-0.0842114
1.32729,0.617605
1.37162,0.313392
1.39667,0.120775
1.38431,0.173019
1.36781,0.332988
1.37021,0.352845
1.45942,-0.341936
1.43473,-0.183325
1.32086,0.651643
1.40473,0.216853
1.38705,0.0551299
1.44728,-0.399974
1.34936,0.535242
1.36889,0.263823
1.40005,0.212541
1.32391,0.359993
1.35173,0.583505
1.31633,0.551149
1.4061,0.220071
1.40008,0.0966404
1.37133,0.142746
1.4128,-0.133151
1.35438,0.062728
1.34309,0.456381
1.36009,0.245675
1.42194,-0.0234553
1.35615,0.35716
1.37579,0.294016
1.39061,0.100223
1.34106,0.353401
1.38522,0.0616596
1.33981,0.534697
1.34889,0.5121
1.28542,0.599262
1.31071,0.561269
1.41351,0.0651346
1.30957,0.567048
1.37372,0.193482
1.31044,0.607653
1.34502,0.288984
1.34945,0.449287
1.40737,0.0540848
1.30779,0.490919
1.30183,0.578644
1.36697,0.484381
1.36415,0.30422
1.32308,0.582198
1.46291,-0.429375
1.36138,0.227909
1.38898,0.21467
1.39531,0.401939
1.40495,0.0727346
1.36547,0.575285
1.42379,0.0818127
1.36836,0.383104
1.36579,0.488587
1.39816,0.10728
1.39149,0.228598
1.36001,0.499443
1.29599,0.685759
1.36105,0.341083
1.42385,-0.104387
1.3478,0.097092
1.35221,0.588597
1.41578,0.0913342
1.44291,0.0289128
1.41719,0.0836796
1.38782,0.346579
1.41852,-0.159819
1.40738,0.0157135
1.37867,0.278189
1.40298,0.0385439
1.40758,0.1428
1.22006,0.979183
1.32592,0.460481
1.3302,0.550619
1.41321,0.23838
1.37334,0.253416
1.36874,0.365943
1.35502,0.328267
1.35625,0.290882
1.41759,0.0919336
1.3029,0.784056
1.32797,0.476368
1.34142,0.353364
1.33376,0.564446
1.38762,0.0790377
1.37744,0.26076
1.36632,0.240855
1.38493,0.170803
1.37201,0.2858
1.37032,0.0903325
1.44212,-0.00265338
1.43084,0.045697
1.28,0.80054
1.44749,-0.348019
1.41513,0.00335149
1.37847,0.286891
1.34432,0.282678
1.41658,0.147263
1.33665,0.550114
1.3769,0.4872
1.28847,0.485318
1.36448,0.339069
1.37772,0.478042
1.40198,0.0408871
1.34922,0.452397
1.41247,0.0863542
1.30941,0.519567
1.28977,0.808756
1.44151,-0.0372222
1.32779,0.520038
1.39051,0.0792563
1.43147,-0.235038
1.35637,0.490203
1.35926,0.321873
1.41536,-0.066224
1.32182,0.438371
1.39194,0.153049
1.38065,0.220127
1.35103,0.447886
1.40481,0.201487
1.3811,0.164945
1.43226,-0.160976
1.34599,0.291615
1.37375,0.174604
1.38155,0.290832
1.35712,0.402317
1.31909,0.441171
1.4036,-0.193016
1.35236,0.673432
1.42455,-0.166675
1.37645,0.336012
1.41555,-0.121265
1.39966,-0.0010157
1.43022,0.0216682
1.37978,0.117094
1.41337,0.125248
1.38528,0.271909
1.40515,0.319913
1.36647,0.246501
1.3644,0.446008
1.33752,0.354689
1.40682,-0.15127
1.32499,0.307628
1.33942,0.430228
1.41055,-0.00942938
1.40418,-0.00578355
1.3512,0.383343
1.35477,0.316276
1.3724,0.11324
1.36328,0.185975
1.35608,0.288504
1.34769,0.232316
1.37966,0.191023
1.43052,-0.0944012
1.43098,-0.0794259
1.3437,0.500834
1.32233,0.509471
1.35377,0.332118
1.34777,0.419706
1.38161,0.22257
1.30867,0.58206
1.38743,0.324256
1.36625,0.0503738
1.42756,-0.117364
1.42962,-0.376167
1.27277,0.534487
1.35462,0.278941
1.34704,0.522826
1.41813,0.0285418
1.46706,-0.411975
1.39753,0.148055
1.25356,1.03616
1.3608,0.322725
1.35131,0.160897
1.40839,0.337136
1.34113,0.367257
1.29901,0.560277
1.26826,0.642885
1.3152,0.442848
1.41341,-0.0367527
1.39304,0.0962311
1.41325,0.0928621
1.36522,0.295513
1.37481,0.524006
1.3655,0.213313
1.42768,0.106932
1.36221,0.26223
1.43053,-0.0139679
1.43846,-0.0652221
1.46679,-0.191031
1.41659,0.132394
1.4225,-0.117471
1.39477,0.0387068
1.3872,0.204933
1.32792,0.493816
1.41908,-0.0339573
1.41,0.0804411
1.35593,0.252771
1.40151,0.00194877
1.40591,0.176005
1.27681,0.790969
1.33273,0.531427
1.3841,0.163567
1.33176,0.620794
1.39911,0.0679149
1.25441,0.890542
1.39002,0.26509
1.41078,-0.0970161
1.26355,0.872214
1.35383,0.512734
1.38602,0.323107
1.43063,-0.00583509
1.40295,0.107168
1.34594,0.51721
1.33981,0.457818
1.35203,0.433087
1.31193,0.736905
1.36727,0.11572
1.39249,0.163438
1.3179,0.607493
1.31377,0.454443
1.37409,0.187874
1.35568,0.421134
1.4285,-0.0535516
1.45775,-0.213111
1.37237,0.0758559
1.32319,0.533743
1.48318,-0.322346
1.38891,0.221076
1.39615,0.154392
1.33084,0.45739
1.37606,0.335569
1.43514,-0.237
1.36112,0.325128
1.37903,0.269367
1.37444,0.129943
1.38359,0.256299
1.40162,0.175952
1.45135,-0.188795
1.35747,0.181591
1.36589,0.273941
1.39759,0.242601
1.34424,0.36303
1.46547,-0.11345
1.35424,0.468854
1.37268,-0.0153312
1.47323,-0.247899
1.35188,0.282022
1.44468,0.0934584
1.40754,0.0514472
1.47598,-0.317632
1.37576,0.27299
1.36324,0.400997
1.39116,-0.01756
1.34515,0.595078
1.28292,0.851842
1.32673,0.395378
1.43774,-0.109962
1.28514,0.423606
1.31773,0.518212
1.33057,0.509633
1.33734,0.549726
1.29648,0.632187
1.3618,0.268583
1.32581,0.392191
1.42148,0.0384564
1.33231,0.578874
1.32206,0.583665
1.37006,0.215071
1.43109,-0.101882
1.31424,0.481838
1.33358,0.50353
1.41387,-0.103305
1.33793,0.399004
1.31158,0.719492
1.3879,0.108972
1.3295,0.477845
1.41689,0.0755418
1.46305,-0.230675
1.43488,-0.0674901
1.37153,0.0895385
1.34976,0.329361
1.34649,0.470735
1.38513,0.133603
1.36914,0.36086
1.37721,0.0837627
1.36833,0.30998
1.32585,0.267203
1.33556,0.286558
1.2965,0.725009
1.34695,0.624387
1.37989,0.205189
1.32218,0.461506
1.44669,-0.184856
1.39252,0.26244
1.39257,0.0744544
1.3571,0.223835
1.4031,0.123438
1.35735,0.611132
1.41457,0.037413
1.41047,-0.0616763
1.32881,0.420936
1.35046,0.466453
1.3434,0.380784
1.32665,0.190773
1.34321,0.50859
1.42838,0.00978035
1.27385,0.463539
1.42431,-0.248066
1.4023,-0.0268814
1.4188,-0.0287325
1.30704,0.774945
1.32859,0.405113
1.31129,0.604716
1.33759,0.700905
1.39113,0.0831796
1.33832,0.492667
1.406,0.0103229
1.37193,0.26116
1.32937,0.579126
1.37098,0.356143
1.38464,0.0642586
1.40015,-0.109391
1.47112,-0.270767
1.41405,0.00925349
1.36237,0.393121
1.4694,-0.149577
1.3482,0.350813
1.40389,-0.0568712
1.42887,-0.254413
1.45875,-0.0971339
1.32294,0.658911
1.37099,0.0803945
1.44141,0.00159078
1.38718,0.00836018
1.33617,0.475619
1.3667,0.29418
1.39278,0.132336
1.44617,-0.1431
1.35433,0.440863
1.36482,0.219082
1.44155,-0.0807406
1.37374,0.213897
1.38591,0.510617
1.42742,-0.0367078
1.35736,0.217945
1.35667,0.364561
1.369,0.336644
1.35388,0.314849
1.26983,0.770211
1.42687,-0.157225
1.29989,0.865289
1.26333,0.976883
1.39329,0.24711
1.39881,0.198632
1.37127,0.341841
1.33815,0.686721
1.34556,0.35234
1.35545,0.220932
1.29597,0.609244
1.46111,-0.117541
1.35941,0.279189
1.31796,0.601247
1.25587,0.941628
1.37445,0.0799252
1.325,0.690782
1.49887,-0.501184
1.37664,0.36991
1.43103,-0.279321
1.36478,0.301331
1.38294,0.203272
1.35249,0.32541
1.32199,0.62954
1.33448,0.414013
1.39571,0.237528
1.36284,0.0894001
1.3826,0.0853868
1.35412,0.323304
1.3967,0.122958
1.30544,0.525702
1.3998,0.0899085
1.28815,0.702018
1.31717,0.660909
1.35884,0.405721
1.38485,0.42634
1.38711,0.401838
1.47268,-0.0978914
1.3849,0.159872
1.40073,-0.0932319
1.38848,0.000269344
1.4098,0.255794
1.32241,0.326308
1.40269,0.114182
1.31437,0.634843
1.36634,0.228703
1.32899,0.435774
1.40728,0.19447
1.42153,-0.182255
1.30724,0.602085
1.41644,0.0972287
1.42378,-0.0252885
1.43367,-0.146049
1.47161,-0.301359
1.40377,0.201135
1.3725,0.450128
1.37212,0.436463
1.37651,0.0299159
1.33438,0.557931
1.32195,0.510453
1.3039,0.662492
1.33353,0.502001
1.36736,0.172263
1.35624,0.521468
1.38017,0.211103
1.43234,-0.095356
1.32186,0.347074
1.37715,0.133507
1.42119,0.0309407
1.35558,0.402539
1.2898,0.81014
1.35488,0.238205
1.42987,-0.0300585
1.33458,0.439285
1.34123,0.504102
1.45482,0.00939986
1.34836,0.381554
1.38763,0.211757
1.27566,0.57538
1.41496,-0.1203
1.27624,0.736233
1.36747,0.311684
1.40944,-0.0647436
1.38363,0.338239
1.40999,0.0861805
1.35952,0.118346
1.34057,0.614002
1.35961,0.435592
1.36823,0.400853
1.32974,0.332904
1.43311,-0.259046
1.3916,0.171424
1.3316,0.550033
1.2948,0.529391
1.34392,0.480811
1.39761,0.172132
1.32938,0.536576
1.38588,0.0991944
1.38751,-0.0355231
1.38893,0.0939417
1.3431,0.6455
1.38343,-0.0315203
1.33463,0.460488
1.39073,0.14695
1.29954,0.746403
1.27368,0.670095
1.35709,0.482954
1.40029,-0.0031056
1.4477,-0.00689117
1.42024,-0.0516177
1.37642,0.150496
1.41817,-0.0222134
1.43117,-0.0376068
1.41001,0.29025
1.32433,0.582733
1.43739,-0.279853
1.44009,-0.117949
1.3512,0.492641
1.41602,-0.00532247
1.46623,-0.199669
1.4367,-0.0147175
1.37118,-0.0423645
1.39401,0.225104
1.36854,0.0332364
1.35798,0.431437
1.30038,0.652338
1.39009,0.253757
1.36091,0.240756
1.41445,0.158847
1.36268,0.199569
1.31694,0.414988
1.30167,0.543321
1.42427,-0.00771504
1.29868,0.501047
1.40171,-0.0313936
1.38292,0.42187
1.39677,0.0554646
1.38217,0.188132
1.46514,-0.395225
1.40031,0.181884
1.42801,-0.0103289
1.44504,0.084472
1.38527,0.339217
1.39487,0.14923
1.35302,0.319841
1.38019,0.364452
1.40859,0.190499
