slope,intercept
1.2606,-0.803915
1.10467,-0.31261
1.09586,0.285513
1.28811,-0.892574
1.13163,0.0535461
1.32254,-1.40477
1.16572,-0.386169
1.23831,-0.935614
1.20111,-0.589473
1.17095,-0.324582
1.08499,0.0820958
1.28135,-1.1434
1.15437,-0.242258
1.21396,-0.666068
1.21887,-0.765874
1.08549,-0.0307713
1.14516,-0.330945
1.16831,-0.49758
1.24852,-0.973942
1.10404,-0.129691
1.11486,0.0241402
1.17065,-0.331113
1.20672,-0.693854
1.14307,-0.551305
1.09863,0.167454
1.18512,-0.330972
1.21303,-0.468351
1.08867,0.166173
1.22988,-0.892551
1.21485,-0.583265
1.2019,-0.361023
1.13679,-0.222241
1.10107,0.147949
1.13288,-0.166195
1.22283,-0.729901
1.11435,-0.287801
1.17811,-0.449261
1.14794,-0.232027
1.10713,-0.169387
1.18174,-0.282394
1.17481,-0.121259
1.17233,-0.504573
1.10947,0.0554671
1.30567,-1.41837
1.1396,-0.21654
1.16815,-0.528244
1.1974,-0.534171
1.12247,0.0550471
1.1567,-0.613369
1.19635,-0.737594
1.17878,-0.28007
1.14228,-0.508058
1.18119,-0.526656
1.26275,-1.31465
1.17822,-0.487389
1.1664,-0.323213
1.15682,-0.574886
1.11185,-0.0929244
1.25827,-1.35421
1.21341,-0.711357
1.11343,0.0115125
1.27674,-1.12205
1.2695,-0.94998
1.16801,-0.606647
1.24963,-1.20044
1.17217,-0.378638
1.17392,-0.517805
1.23182,-0.79194
1.27241,-1.12874
1.16619,-0.274961
1.24779,-0.761295
1.19629,-0.44354
1.09295,-0.19166
1.17283,-0.821609
1.2042,-0.658108
1.0921,0.151109
1.1713,-0.256847
1.24496,-0.973254
1.2266,-0.833567
1.13717,-0.135657
1.2135,-0.678376
1.21401,-0.546851
1.17336,-0.420083
1.161,-0.342973
1.16585,-0.171514
1.17262,-0.492679
1.20044,-0.706772
1.09019,0.0204276
1.20411,-0.968271
1.2316,-0.56512
1.25063,-0.934409
1.12997,-0.0168267
1.24269,-0.952176
1.17329,-0.381032
1.17145,-0.543236
1.28569,-1.42002
1.21434,-0.493709
1.25726,-0.867266
1.26868,-1.14627
1.07937,0.0763477
1.18507,-0.568953
1.23658,-1.08836
1.11726,-0.0409626
1.1667,-0.308531
1.19357,-0.383274
1.15486,-0.0917934
1.12856,-0.277184
1.14316,-0.416367
1.28719,-1.35009
1.12191,-0.311587
1.27118,-1.01499
1.21968,-1.00522
1.20213,-0.56687
1.23369,-0.694645
1.14754,-0.0255443
1.22274,-0.666859
1.23268,-0.679198
1.19525,-0.781839
1.22992,-0.929386
1.26271,-1.33805
1.23395,-0.481364
1.18345,-0.439998
1.25606,-0.844401
1.20164,-0.859267
1.21511,-0.316943
1.2029,-0.774697
1.15883,-0.129661
1.13212,-0.144453
1.14778,-0.411703
1.28723,-1.16856
1.23492,-0.75278
1.10531,-0.103404
1.29851,-1.39203
1.18655,-0.49955
1.20534,-0.650566
1.18399,-0.588979
1.32781,-1.55081
1.08119,0.0818842
1.24995,-0.838992
1.29595,-1.10722
1.25697,-0.74557
1.18874,-0.44489
1.17945,-0.689007
1.27456,-1.20158
1.21973,-0.664222
1.29961,-1.21709
1.18824,-0.513274
1.1226,-0.241935
1.19823,-0.604766
1.16673,-0.181831
1.22242,-0.470989
1.16703,-0.341665
1.19077,-0.319458
1.14078,-0.509225
1.22686,-0.959542
1.24861,-1.2243
1.1533,-0.200159
1.22304,-0.904519
1.27437,-1.13239
1.23094,-0.888842
1.15459,-0.175917
1.26211,-0.793332
1.16835,-0.772789
1.17948,-0.722224
1.24186,-0.75852
1.17182,-0.424511
1.2198,-0.804481
1.19325,-0.995204
1.11233,-0.170347
1.1938,-0.931854
1.17033,-0.431018
1.1795,-0.514909
1.11512,-0.139488
1.25008,-0.594108
1.26257,-1.17318
1.11288,-0.0741495
1.20215,-0.70073
1.16692,-0.647032
1.14301,-0.541399
1.19983,-0.758234
1.1944,-0.332564
1.1515,-0.242008
1.12203,0.113737
1.13626,-0.00730205
1.21413,-0.908408
1.20503,-0.547967
1.19169,-0.543479
1.20396,-0.491072
1.14124,-0.414385
1.19666,-0.869066
1.12573,0.00180737
1.24413,-1.01813
1.09042,-0.00514512
1.17806,-0.591359
1.21829,-0.867149
1.26388,-1.05453
1.2065,-0.926936
1.11589,-0.284432
1.26363,-1.05198
1.2793,-1.2767
1.22067,-1.07074
1.17131,-0.303714
1.19356,-0.613822
1.14669,-0.360213
1.17145,-0.489888
1.30748,-1.42066
1.24646,-1.12943
1.13338,-0.190192
1.15114,-0.33562
1.24262,-0.841611
1.21245,-0.697907
1.17099,-0.209013
1.10993,-0.00498005
1.23432,-0.509878
1.24249,-0.587135
1.21158,-0.831725
1.21495,-0.732442
1.15005,-0.156087
1.15539,-0.721717
1.26447,-1.22855
1.23654,-1.07876
1.16715,-0.573465
1.18694,-0.527107
1.18442,-0.551491
1.15295,-0.345296
1.1604,-0.418652
1.17017,-0.631017
1.20987,-0.978853
1.24715,-0.918195
1.16286,-0.180371
1.16745,-0.521513
1.23758,-0.60999
1.16495,-0.302437
1.2716,-1.18361
1.20405,-0.6974
1.14303,-0.429996
1.26135,-0.945889
1.27247,-1.20673
1.26895,-1.17171
1.13405,-0.202395
1.09724,-0.0298123
1.16738,-0.361514
1.16486,-0.0673548
1.19549,-0.747256
1.25452,-1.10209
1.10645,-0.269567
1.2051,-0.559733
1.21811,-0.892697
1.24269,-1.07427
1.20862,-1.04416
1.20304,-0.658163
1.32329,-1.28539
1.19094,-0.701085
1.22407,-0.71246
1.30066,-1.1387
1.21644,-0.56874
1.19514,-0.601702
1.28539,-1.24961
1.13352,-0.103065
1.23577,-0.871985
1.25016,-0.790032
1.20721,-0.672949
1.20145,-0.486038
1.17584,-0.392683
1.10089,-0.00523653
1.19387,-0.765373
1.16709,-0.235509
1.26726,-0.801019
1.27676,-1.1511
1.09072,0.0017713
1.14815,-0.374957
1.17811,-0.641277
1.16656,-0.323272
1.10715,0.433435
1.13779,-0.412015
1.23428,-1.00595
1.3273,-1.40404
1.14718,-0.214929
1.13794,-0.419703
1.11347,-0.191425
1.24862,-1.01341
1.18344,-0.369319
1.11444,-0.0264939
1.15563,-0.0715215
1.14605,-0.0745718
1.21845,-0.789337
1.2498,-1.00024
1.1989,-0.793118
1.27705,-1.21455
1.14808,-0.224776
1.25084,-0.87494
1.0514,0.433157
1.24948,-0.840421
1.24351,-0.498376
1.12833,-0.312575
1.17088,-0.441767
1.16721,-0.540147
1.12989,-0.425973
1.17918,-0.705725
1.19465,-0.596581
1.17614,-0.409586
1.16103,-0.57465
1.27066,-1.06935
1.23001,-1.1079
1.15816,-0.378789
1.10516,0.249432
1.18886,-0.406489
1.17993,-0.402337
1.17235,-0.217278
1.19192,-0.798341
1.17351,-0.351897
1.21254,-0.731787
1.07975,0.219188
1.17684,-0.545032
1.22286,-0.555865
1.22271,-1.0016
1.13762,-0.214806
1.21261,-0.399662
1.17303,-0.230702
1.17642,-0.442747
1.12752,-0.208086
1.2103,-0.479973
1.20946,-0.861978
1.23011,-0.775616
1.16594,-0.466243
1.11719,-0.14252
1.1603,-0.192474
1.23037,-0.886536
1.16388,-0.219187
1.20408,-0.805995
1.20609,-0.563467
1.27733,-1.1221
1.19749,-0.576977
1.19436,-0.58782
1.17627,-0.266004
1.18804,-0.429006
1.13461,-0.302971
1.16258,-0.432279
1.08081,0.174361
1.11841,-0.210572
1.16994,-0.126159
1.2414,-0.803771
1.11589,-0.178496
1.1319,-0.018166
1.17479,-0.472039
1.16579,-0.241852
1.23257,-1.08699
1.15917,-0.497794
1.32261,-1.34335
1.12222,-0.114766
1.19066,-0.69135
1.21091,-0.723511
1.19195,-0.415105
1.21774,-0.843478
1.16703,-0.780727
1.15751,-0.300906
1.14325,-0.221312
1.13185,-0.471214
1.15789,-0.517868
1.16519,-0.761907
1.23815,-0.892394
1.07216,-0.208655
1.17715,-0.539388
1.08548,0.0627691
1.09899,1.0587e-05
1.15752,-0.353914
1.11363,-0.170337
1.18332,-0.60214
1.21726,-0.965378
1.11034,0.25765
1.13552,-0.356947
1.13796,-0.163224
1.23002,-0.956761
1.14526,-0.157848
1.15976,-0.423192
1.18861,-0.717078
1.12563,-0.408393
1.17856,-0.44718
1.28759,-1.34306
1.17031,-0.357619
1.23079,-0.76862
1.25805,-0.935678
1.14949,-0.0953492
1.08754,-0.182524
1.29986,-1.49046
1.26417,-0.993445
1.26891,-0.729622
1.06637,0.176791
1.08277,-0.00846676
1.09225,0.108191
1.18718,-0.445517
1.176,-0.43716
1.17175,-0.519311
1.2725,-1.43819
1.23018,-0.858173
1.19513,-0.950362
1.15066,-0.452368
1.16519,-0.443195
1.13003,-0.303785
1.16087,-0.312495
1.13938,-0.34583
1.31606,-1.3466
1.19396,-1.02057
1.27445,-1.04663
1.17609,-0.610143
1.16486,-0.324808
1.207,-0.715875
1.20801,-0.828208
1.12004,-0.39011
1.20091,-0.725427
1.25438,-0.945198
1.24566,-0.924653
1.16738,-0.400788
1.20934,-0.828509
1.21893,-0.882876
1.17836,-0.444432
1.14705,-0.251764
1.29083,-1.13777
1.1837,-0.603537
1.18363,-0.491633
1.23393,-0.843712
1.15378,-0.304567
1.15825,-0.476705
1.12232,-0.118928
1.21937,-0.819888
1.12835,0.0109129
1.23175,-0.844091
1.19396,-0.55315
1.22666,-0.661788
1.23126,-0.421382
1.17297,-0.528429
1.17722,-0.593554
1.20091,-0.634514
1.1264,-0.0532179
1.19039,-0.694778
1.32268,-1.21737
1.20318,-1.0226
1.1391,-0.223178
1.28223,-1.01488
1.26215,-0.867053
1.24591,-0.646414
1.12894,-0.446418
1.19229,-0.501807
1.11074,-0.131892
1.17557,-0.499455
1.25448,-1.0882
1.15742,-0.413767
1.25437,-1.04726
1.20234,-0.841802
1.2113,-0.678156
1.24921,-0.835183
1.2084,-0.763532
1.09166,0.0734555
1.2836,-1.41091
1.25457,-1.2769
1.10733,0.17909
1.19789,-0.646825
1.14197,-0.127717
1.18382,-0.624688
1.19551,-0.72428
1.17776,-0.812762
1.19327,-0.60258
1.17241,-0.563754
1.26657,-1.18835
1.15562,-0.64525
1.25116,-0.797971
1.21089,-0.910172
1.11233,-0.0897939
1.2848,-1.22716
1.18114,-0.420946
1.22513,-0.722393
1.21582,-0.611024
1.11366,-0.0458281
1.20933,-0.755504
1.22523,-0.857951
1.31458,-1.4283
1.19495,-0.585695
1.14152,-0.519634
1.16046,-0.370607
1.04994,0.398251
1.22257,-1.07696
1.24841,-0.992787
1.15092,-0.433692
1.21356,-0.888391
1.22253,-0.476754
1.13786,-0.390113
1.26704,-1.3137
1.27029,-1.22627
1.20881,-0.815908
1.23243,-0.794685
1.27088,-1.36905
1.16437,-0.261774
1.20535,-0.998588
1.16189,-0.592608
1.19085,-0.444709
1.22349,-0.720647
1.17183,-0.429672
1.31031,-1.29449
1.22169,-0.713667
1.25043,-1.0392
1.06536,0.283811
1.18316,-0.69123
1.20889,-0.416494
1.17757,-0.607426
1.14549,-0.185291
1.17645,-0.832859
1.12674,-0.219135
1.11499,-0.3299
1.10764,0.0327222
1.08192,-0.147286
1.20136,-0.257204
1.21914,-0.556884
1.21397,-0.957239
1.24011,-1.23508
1.21702,-0.684464
1.11845,-0.454505
1.13681,0.0716322
1.21407,-0.513926
1.2292,-0.864997
1.10917,-0.0415599
1.12159,-0.404271
1.20316,-0.860316
1.22566,-0.673984
1.14628,-0.209013
1.2176,-0.870911
1.17502,-0.566353
1.24771,-0.832585
1.19868,-0.612127
1.21435,-0.655473
1.12177,-0.0839684
1.11575,-0.312497
1.16848,-0.587097
1.10577,0.0576862
1.22536,-0.656327
1.16232,-0.317091
1.14539,-0.111969
1.07654,0.228962
1.04688,0.427788
1.17357,-0.901882
1.23483,-0.621052
1.24903,-0.700644
1.21683,-0.75768
1.21388,-0.694125
1.24282,-1.02719
1.22137,-0.796664
1.12726,0.157348
1.14001,-0.560866
1.08361,-0.0529391
1.17042,-0.766642
1.22614,-0.84335
1.23095,-0.866583
1.23858,-0.711049
1.18887,-0.543861
1.11359,0.036731
1.21843,-1.09697
1.24356,-1.10725
1.13439,-0.127609
1.17455,-0.42644
1.25429,-1.14787
0.985361,0.772616
1.25225,-1.16575
1.22799,-1.0805
1.10958,0.220582
1.21789,-0.951067
1.21919,-0.60891
1.13223,-0.348513
1.15936,-0.50688
1.13761,-0.301772
1.22765,-0.755456
1.21815,-0.923474
1.21563,-0.725727
1.29542,-1.04738
1.16487,-0.487454
1.26661,-0.855174
1.17048,-0.467573
1.16889,-0.384408
1.18944,-0.0877558
1.20931,-0.653583
1.21314,-0.856329
1.17548,-0.435514
1.18647,-0.890424
1.23239,-0.680711
1.13009,-0.139789
1.16949,-0.256054
1.14651,-0.276075
1.18126,-0.425116
1.25465,-0.580484
1.11811,-0.414244
1.18548,-0.605844
1.1582,-0.486674
1.20337,-0.844592
1.34858,-1.59446
1.30295,-1.53882
1.11358,-0.106538
1.14444,-0.627184
1.13212,-0.232956
1.11159,-0.232916
1.20498,-0.827664
1.24333,-0.862665
1.22457,-0.766767
1.07979,0.354128
1.19193,-0.800551
1.25186,-0.771082
1.19713,-0.520243
1.13989,-0.43295
1.20875,-0.630826
1.27496,-1.26388
1.11914,-0.114991
1.24028,-0.856697
1.14654,-0.499935
1.11937,-0.0305125
1.31691,-1.31464
1.22954,-0.785615
1.13947,-0.595836
1.26628,-0.963495
1.12431,-0.0967967
1.16453,-0.561061
1.1429,-0.225974
1.28677,-1.31208
1.19088,-0.388206
1.17664,-0.543173
1.15699,-0.463024
1.14485,-0.417075
1.18808,-0.666384
1.08606,0.0463829
1.15192,-0.283654
1.2282,-0.970942
1.18039,-0.49942
1.20746,-0.654186
1.11968,-0.271359
1.17606,-0.283124
1.13266,-0.417746
1.18499,-0.588061
1.22821,-0.816742
1.23411,-0.979197
1.11045,0.133552
1.1566,-0.84817
1.26835,-1.0072
1.27617,-0.904403
1.20215,-0.543324
1.21273,-0.476318
1.22496,-0.768314
1.19606,-0.647321
1.24648,-0.773315
1.1423,-0.517762
1.24023,-0.923118
1.20109,-0.742665
1.16445,-0.390841
1.21431,-0.829982
1.19658,-0.635746
1.20935,-0.803831
1.21081,-0.730321
1.25432,-0.998027
1.13902,-0.185655
1.27501,-1.01836
1.29165,-1.42771
1.17775,-0.415775
1.30478,-1.49133
1.14155,-0.333764
1.25532,-0.948639
1.09492,-0.208649
1.15712,-0.243676
1.10244,0.0565352
1.06748,0.450963
1.11298,-0.281066
1.2158,-0.599145
1.28212,-1.51511
1.19399,-0.407753
1.18589,-0.498087
1.08357,0.0988252
1.19191,-0.667775
1.14094,-0.210852
1.16998,-0.465133
1.1289,0.0437531
1.16224,-0.472866
1.19755,-0.605343
1.2163,-0.657439
1.30028,-1.33092
1.11727,-0.0944446
1.12558,-0.277238
1.18723,-0.54394
1.1855,-0.208332
1.15814,-0.342075
1.17576,-0.708423
1.17616,-0.2793
1.19781,-0.33621
1.22305,-0.622903
1.20099,-0.588551
1.30198,-1.70799
1.10024,0.0201193
1.17102,-0.506611
1.23171,-0.643132
1.20836,-0.508689
1.16372,-0.151292
1.16498,-0.520192
1.19509,-0.804958
1.18939,-0.498958
1.26885,-0.882875
1.17341,-0.77683
1.22949,-0.887681
1.21241,-0.751854
1.08052,0.125389
1.22636,-0.737256
1.14965,-0.125139
1.23774,-0.643019
1.2134,-0.921881
1.20677,-0.551722
1.24178,-0.933389
1.10484,-0.121498
1.05588,0.213709
1.0662,0.203915
1.25874,-1.01758
1.23462,-0.729893
1.13654,-0.719863
1.19019,-0.644271
1.13889,-0.332753
1.21122,-1.01626
1.14067,-0.294822
1.28616,-1.19908
1.32236,-1.30952
1.16574,-0.226918
1.12832,0.0722206
1.14571,-0.226615
1.21336,-0.700965
1.15278,-0.273593
1.25955,-1.04776
1.28577,-1.0147
1.20847,-0.55463
1.18012,-0.622037
1.11931,-0.489744
1.13746,-0.0682573
1.23311,-1.09689
1.15369,-0.37567
1.25766,-0.872105
1.20893,-0.661327
1.15979,-0.640235
1.1375,-0.458782
1.0997,0.03859
1.16275,-0.114267
1.24363,-1.02824
1.1973,-0.373042
1.18556,-0.445027
1.21633,-0.819506
1.20926,-0.532369
1.20203,-0.999313
1.25384,-1.04641
1.21154,-0.535338
1.18793,-0.562945
1.14497,-0.307762
1.21805,-0.972059
1.13292,-0.139139
1.23724,-0.847793
1.16174,-0.589969
1.18781,-0.378302
1.20711,-0.610463
1.08457,0.0859526
1.11376,-0.260949
1.14756,-0.385506
1.15594,-0.304375
1.1875,-0.51792
1.15902,-0.478517
1.16114,-0.407915
1.14366,-0.222485
1.22221,-0.793094
1.12954,-0.0388477
1.15492,-0.324718
1.24479,-1.09944
1.25075,-1.05899
1.17861,-0.615864
1.26969,-1.17528
1.12979,-0.18017
1.18979,-0.465735
1.13509,-0.443831
1.32776,-1.68736
1.19988,-0.827606
1.19554,-0.460235
1.13829,-0.267432
1.15456,-0.492914
1.1816,-0.300727
1.1988,-0.609034
1.15508,-0.283553
1.13123,-0.0600051
1.19056,-0.373994
1.2994,-1.14431
1.23041,-0.807502
1.16228,-0.391773
1.16517,-0.0681867
1.13537,-0.30054
1.1666,-0.449872
1.20161,-0.635152
1.15211,-0.379145
1.18833,-0.586047
1.1045,0.0847149
1.13231,-0.0980154
1.11942,-0.195996
1.15676,-0.554155
1.15533,-0.516409
1.19931,-0.485182
1.16694,-0.419765
1.15778,-0.252124
1.09717,0.168441
1.24471,-0.703729
1.22731,-1.11957
1.19743,-0.713302
1.14828,-0.431872
1.09423,-0.0477106
1.04882,0.283966
1.10048,-0.193754
1.05461,0.427688
1.14571,-0.536399
1.19616,-0.673372
1.16594,-0.20922
1.16338,-0.567228
1.16445,-0.549164
1.20116,-0.708959
1.0857,-0.0662415
1.11344,-0.0166666
1.16788,-0.671721
1.10284,0.130319
1.20767,-0.986083
1.13846,-0.038878
1.22487,-0.855009
1.18626,-0.722335
1.03194,0.347479
1.23224,-0.752519
1.18671,-0.507444
1.22813,-1.15032
1.16849,-0.38822
1.17386,-0.236611
1.32569,-1.31564
1.25177,-1.0572
1.11808,-0.182304
1.26116,-1.23908
1.23847,-0.57005
1.22441,-0.68419
1.15826,-0.291271
1.20346,-0.759986
1.27381,-1.01358
1.24919,-0.685998
1.18515,-0.492247
1.08112,0.106132
1.12764,-0.407036
1.20492,-0.690505
1.17117,-0.579757
1.13648,-0.271719
1.16758,-0.597817
1.09676,0.0266156
1.1928,-0.652912
1.23153,-0.775932
1.18931,-0.938487
1.22854,-0.981166
1.24988,-0.780595
1.27892,-0.774498
1.21721,-0.994949
1.07829,0.293027
1.1752,-0.827091
1.23501,-0.886037
1.13621,-0.124879
1.10708,-0.0355375
1.11294,0.100358
1.25344,-1.10047
1.18055,-0.468178
1.24294,-0.983856
1.22172,-0.844758
1.14633,-0.431626
1.15256,-0.174191
1.31447,-1.25425
1.23419,-0.708177
1.12231,-0.241497
1.19396,-0.698864
1.06343,0.186198
1.25209,-1.19138
1.21957,-1.26805
1.14931,-0.411158
1.1983,-0.626053
1.1975,-0.487325
1.26983,-1.09114
1.13182,-0.283258
1.2071,-0.511783
1.13815,-0.384232
1.27995,-1.09651
1.31555,-1.64873
1.13228,0.0324944
1.18546,-0.386296
1.1236,-0.0244834
1.21891,-0.895
1.15964,-0.544698
1.20498,-0.613957
1.14745,-0.00177452
1.16904,-0.473201
1.21643,-0.698454
1.29095,-1.33249
1.18512,-0.660306
1.22572,-0.625591
1.17935,-0.367674
1.19976,-0.616438
1.21935,-0.946491
1.05537,-0.143633
1.34036,-1.43223
1.12204,-0.0899536
1.15502,-0.425674
1.27983,-0.758424
1.28958,-0.962003
1.16452,-0.736027
1.1871,-0.501816
1.29585,-1.00875
1.11463,-0.113827
1.07805,0.133314
1.09613,-0.168322
1.19078,-0.485178
1.11242,0.285573
1.17187,-0.42948
1.11994,0.110217
1.1777,-0.53222
1.23882,-0.74338
1.19353,-0.60795
1.13125,-0.160809
1.16856,-0.410562
1.16049,0.0166499
1.21081,-0.7783
1.16301,-0.458381
1.20611,-0.574793
1.19852,-0.629504
1.15447,-0.231474
1.21681,-0.525561
1.18023,-0.180211
1.17929,-0.636706
1.20717,-0.464556
1.16603,-0.208102
1.18104,-0.802112
1.16521,-0.24048
1.17826,-0.240165
1.16956,-0.363825
1.15595,-0.48358
1.1681,-0.440362
1.15418,-0.178634
1.17032,-0.497373
1.02435,0.353956
1.1897,-0.819383
1.23188,-0.923558
1.16294,-0.483826
1.23768,-0.950558
1.30336,-1.32257
1.1627,-0.367917
1.3008,-1.47339
1.21735,-0.718645
1.09422,-0.12153
1.04452,0.608746
1.28619,-1.17363
1.21696,-0.680767
1.236,-1.03886
1.19254,-0.455393
1.22594,-0.795664
1.21552,-0.877751
1.08277,-0.0114688
1.15678,-0.57289
1.26304,-0.743768
1.08397,0.142231
1.2382,-0.950374
1.20709,-0.902222
0.994005,0.485822
1.25586,-0.903844
1.1593,-0.302759
1.12523,-0.131067
1.20461,-0.987828
1.1444,-0.341338
1.23901,-0.971981
1.10095,0.170999
1.23764,-0.84145
1.18125,-0.611291
1.21713,-0.678292
1.1519,-0.173136
1.10051,-0.0306508
1.12029,-0.220879
1.18557,-0.336988
1.26484,-0.984734
1.17556,-0.36906
1.11478,0.0148035
1.18725,-0.426609
1.2047,-0.754542
1.21932,-0.564178
1.25468,-0.993968
1.15206,-0.511301
1.16002,-0.312582
1.20484,-0.72863
1.12329,-0.238422
1.12853,-0.328818
1.27404,-1.0901
1.06514,0.159144
1.13641,-0.210214
1.13585,-0.348247
1.24406,-1.03012
1.20076,-0.616243
1.26557,-0.925134
1.23713,-0.668179
1.13716,-0.195318
1.15108,-0.486732
1.10041,-0.0135498
1.27567,-1.0202
1.21443,-0.479652
1.14984,-0.248061
1.18638,-0.342089
1.29785,-1.44799
1.18004,-0.647529
1.15894,-0.411847
1.16432,-0.561053
1.08393,0.193576
1.16153,-0.396627
1.14462,0.135349
1.26298,-1.11981
1.10397,0.116067
1.12565,-0.196257
1.21554,-0.628803
1.15495,-0.175118
1.14568,-0.424916
1.21657,-0.87085
1.18906,-0.394731
1.08864,0.0886723
1.1719,-0.623841
1.28789,-1.22087
1.22543,-0.818398
1.16462,-0.317661
1.1734,-0.480522
1.25648,-1.27885
1.2389,-0.872194
1.14615,-0.373252
1.1633,-0.393105
1.20287,-0.75363
1.207,-0.873105
1.10265,0.0219154
1.23808,-0.855842
1.2447,-1.07046
1.20522,-0.593321
1.16118,-0.658508
1.17948,-0.346504
1.23799,-0.88986
1.2503,-0.998896
1.29359,-1.39773
1.26477,-1.06242
1.1592,-0.151176
1.0923,-0.109326
1.2336,-0.918339
1.08435,-0.0401125
1.15702,-0.445631
1.24752,-0.887635
1.2027,-0.755694
1.16036,-0.444529
1.05785,0.519774
1.02166,0.450414
1.23676,-0.532309
1.15053,-0.137393
1.19694,-0.741521
1.34356,-1.51168
1.18849,-0.868933
1.22318,-0.414236
1.17884,-0.538716
1.15768,-0.479148
1.27828,-1.25725
1.18017,-0.274172
1.13242,-0.42277
1.24919,-0.949882
1.17011,-0.483533
1.22543,-0.907251
1.10289,0.118175
1.18375,-0.512129
1.17252,-0.476182
1.27583,-1.14079
1.16323,-0.372782
1.22364,-0.83608
1.27114,-1.12527
1.27783,-1.16388
1.19819,-0.658981
1.07602,0.228541
1.1152,-0.0652146
1.08725,-0.0102244
1.14882,-0.486542
1.21233,-0.809149
1.22076,-0.686547
1.30116,-1.5734
1.21589,-0.621091
1.21619,-0.220597
1.09837,0.255406
1.30506,-1.41994
1.15376,-0.297044
1.22471,-0.633481
1.06848,0.548217
1.20015,-0.514051
1.25631,-0.83593
1.12992,0.0351267
1.23122,-0.917367
1.16065,-0.605974
1.15655,-0.309542
1.2068,-0.473009
1.14953,-0.33573
1.18502,-0.374141
1.07989,0.17587
1.1277,-0.379452
1.22572,-0.780477
1.06167,0.489401
1.10589,-0.13192
1.16378,-0.337998
1.24691,-0.99894
1.27004,-1.10812
1.27891,-0.94045
1.15293,-0.0402555
1.22152,-0.807189
1.19016,-0.789692
1.1661,-0.536838
1.19606,-0.801209
1.12457,0.0455332
1.15175,-0.339443
1.17445,-0.468475
1.11658,-0.184519
1.19338,-0.862728
1.14725,-0.151662
1.32478,-1.51108
1.19341,-0.572452
1.13238,-0.513873
1.1386,-0.218283
1.24818,-1.01636
1.14176,-0.0171792
1.21613,-0.510672
1.181,-0.743071
1.26372,-1.12769
1.15059,-0.365709
1.30558,-1.51572
1.0578,0.526458
1.15159,-0.41413
1.17454,-0.867083
1.15186,-0.198933
1.25626,-0.800904
1.1794,-0.298775
1.25076,-0.925008
1.15604,-0.0942403
1.16651,-0.468239
1.3074,-1.31306
1.19112,-0.33845
1.17631,-0.673718
1.21393,-0.506821
1.22091,-0.707634
1.14331,-0.148345
1.25315,-1.01875
1.1368,0.135345
1.13985,0.0951503
1.17679,-0.467715
1.20335,-0.819017
1.28471,-1.31743
1.18643,-0.982725
1.18911,-0.582397
1.33795,-1.28269
1.16681,-0.600236
1.12972,-0.283865
1.17946,-0.688684
1.13499,-0.119542
1.17175,-0.424622
1.10359,0.190836
1.21392,-0.872268
1.14863,-0.441364
1.13313,-0.258064
1.07496,-0.119355
1.12917,-0.263948
1.14383,-0.115814
1.22427,-0.718425
1.18837,-0.252594
1.1308,-0.275437
1.18884,-0.334441
1.24853,-0.982815
1.024,0.369117
1.12119,-0.118298
1.19442,-0.80699
1.15369,-0.293885
1.1742,-0.269311
1.10982,0.0366518
1.2347,-0.789844
1.11522,-0.191993
1.19731,-1.02887
1.25007,-1.0363
1.21918,-0.524467
1.20759,-0.846877
1.27153,-1.06868
1.0919,-0.00944029
1.15737,0.0570245
1.20478,-0.986637
1.2788,-0.959878
1.17593,-0.374616
1.06803,-0.0198684
1.13763,-0.113588
1.14502,-0.537244
1.14952,-0.278303
1.19505,-0.727357
1.12891,-0.154759
1.21602,-0.658242
1.07775,0.243579
1.10565,0.182987
1.21223,-0.627762
1.14511,-0.45696
1.19292,-0.329035
1.18416,-0.821217
1.25921,-0.97672
1.20129,-0.640659
1.24979,-1.20797
1.15002,-0.213088
1.23974,-0.847702
1.23379,-0.902756
1.2648,-0.959058
1.26094,-0.806069
1.18047,-0.572701
1.12764,-0.456152
1.19972,-0.471236
1.21918,-0.923523
1.14726,-0.224132
1.10311,-0.135907
1.20979,-0.586277
1.18456,-0.332563
1.20666,-0.70871
1.13532,-0.229138
1.18849,-0.508771
1.19282,-0.348229
1.14645,-0.135304
1.1507,-0.400783
1.11597,-0.141027
1.16446,-0.320601
1.21646,-0.883539
1.15327,-0.562294
1.22561,-0.716795
1.1738,-0.637179
1.19863,-0.589909
1.1384,-0.364033
1.10033,-0.137007
1.11111,0.206251
1.13007,-0.0794538
1.23123,-0.919345
1.22104,-0.765777
1.15107,0.0246078
1.24399,-0.776819
1.24352,-0.904777
1.19884,-0.330479
1.10085,0.170159
1.08305,-0.0457412
1.16653,-0.419491
1.23928,-0.538562
1.17268,-0.447351
1.21552,-0.75599
1.30463,-1.24393
1.16009,-0.357841
1.13702,-0.379054
1.30135,-1.10003
1.13005,-0.0969768
1.23097,-0.732161
1.13806,-0.180716
1.10321,-0.477037
1.17836,-0.41744
1.19769,-0.62026
1.14216,-0.242572
1.2858,-1.15974
1.18195,-0.306664
1.15146,-0.182492
1.14674,-0.426929
1.16455,-0.450394
1.21667,-0.604232
1.22715,-0.773845
1.23338,-1.1232
1.28249,-1.16501
1.20913,-0.914221
1.15567,-0.491541
1.20862,-0.57046
1.21323,-0.626522
1.12327,-0.0860838
1.29127,-1.21447
1.208,-0.487937
1.11902,0.107006
1.17684,-0.672757
1.21186,-1.118
1.17104,-0.423375
1.28189,-1.13059
1.19608,-0.301111
1.08295,0.376015
1.10069,-0.0945895
1.15982,-0.206775
1.22154,-0.672265
1.13081,-0.0368278
1.14576,-0.367983
1.25031,-1.06143
1.11445,0.179464
1.22186,-0.750445
1.2504,-1.30454
1.24614,-1.08361
1.22062,-0.877976
1.21801,-0.400647
1.09031,0.102717
1.21654,-0.866058
1.09385,-0.120874
1.26624,-1.28779
1.19573,-0.750077
1.24322,-1.05807
1.20263,-0.531555
1.16725,-0.65806
1.1683,-0.240832
1.16415,-0.119677
1.25453,-0.760013
1.30363,-1.05717
1.15646,-0.278536
1.2154,-0.778874
1.21703,-0.505773
1.07325,0.312702
1.12075,-0.0162249
1.20641,-0.59824
1.18577,-0.376218
1.17503,-0.342142
1.15092,-0.22516
1.17366,-0.12344
1.20556,-0.48214
1.32151,-1.22711
1.2367,-0.887653
1.15771,-0.374692
1.18436,-0.482652
1.14026,-0.309669
1.21501,-0.805732
1.15786,-0.162578
1.0629,0.226449
1.15078,-0.250481
1.25566,-0.880722
1.21137,-0.75582
1.23609,-1.12163
1.1968,-0.707554
1.14649,-0.191603
1.17487,-0.213295
1.20762,-0.379575
1.31536,-1.29404
1.04358,0.259009
1.17831,-0.470754
1.07677,0.154952
1.13248,0.0535871
1.0937,0.231986
1.17928,-0.294437
1.23058,-0.49009
1.20438,-0.533315
1.21701,-0.845336
1.16569,-0.176814
1.20715,-0.633586
1.2004,-0.591279
1.13948,-0.664493
1.22295,-0.739578
1.11836,-0.245209
1.18953,-0.787402
1.22827,-0.913059
1.14389,-0.433701
1.09249,0.147086
1.10223,-0.0365795
1.18876,-0.56794
1.24989,-0.679629
1.14204,-0.41918
1.20601,-0.687431
1.20828,-0.770329
1.17822,-0.501943
1.16156,-0.134643
1.08948,-0.0833826
1.22624,-0.91667
1.16684,-0.409469
1.19221,-0.758442
1.22174,-0.855157
1.15754,-0.681673
1.14297,-0.101519
1.22064,-0.743682
1.14708,-0.650446
1.23091,-1.045
1.15742,-0.324529
1.13424,-0.129778
1.15647,-0.33276
1.16892,-0.288426
1.08092,0.452305
1.09754,0.13474
1.09024,0.121433
1.24035,-0.80731
1.3791,-1.61955
1.13405,-0.173563
1.33028,-1.58008
1.28818,-1.23708
1.23095,-0.858479
1.23887,-0.74548
1.20891,-0.568112
1.27445,-1.28046
1.26784,-0.891291
1.14916,-0.23329
1.26027,-0.865871
1.03015,0.383543
1.02423,0.49944
1.23818,-0.686799
1.174,-0.45811
1.18123,-0.564753
1.2772,-1.20984
1.21847,-0.666874
1.17545,-0.604065
1.30582,-1.18052
1.2218,-0.89362
1.12872,-0.0553354
1.14856,-0.553512
1.18794,-0.520305
1.22723,-0.809051
1.28619,-1.3984
1.18636,-0.553114
1.13679,-0.450942
1.05979,0.546477
1.08101,-0.259843
1.18373,-0.380015
1.29083,-1.19602
1.25877,-1.10882
1.25274,-0.872955
1.23283,-1.01757
1.15411,-0.608646
1.14823,-0.287247
1.12741,-0.20459
1.15253,-0.108302
1.24925,-0.959219
1.1744,-0.334569
1.16216,-0.577816
1.15316,-0.17556
1.18722,-0.787027
1.23909,-1.30157
1.25329,-0.937018
1.14721,-0.126582
1.12039,0.0726689
1.18624,-0.267305
1.11589,-0.482939
1.25555,-0.999423
1.10693,0.020259
1.18581,-0.238586
1.21282,-0.723758
1.21791,-0.984594
1.15348,-0.616295
1.14977,-0.0118909
1.18019,-0.406935
1.13777,-0.112568
1.11648,0.0160048
1.2418,-0.987943
1.27866,-1.31881
1.14887,-0.0830582
1.24565,-0.774166
1.15323,-0.404812
1.09875,-0.160169
1.18396,-0.354003
1.20663,-1.10071
1.3229,-1.33313
1.17856,-0.603988
1.21325,-0.658163
1.23848,-1.07529
1.09866,0.435504
1.22666,-0.905849
1.20276,-0.63311
1.22064,-0.597667
1.08711,0.128515
1.26359,-0.85667
1.17632,-0.807389
1.20052,-0.650258
1.12428,-0.0403782
1.19262,-0.924259
1.32904,-1.67228
1.11973,-0.288543
1.25661,-0.563203
1.17829,-0.646715
1.24012,-0.981572
1.20461,-0.667541
1.21916,-0.765803
1.1404,-0.404219
1.16985,-0.650341
1.38177,-1.73267
1.18022,-0.554918
1.21858,-0.901815
1.21582,-0.730227
1.28162,-1.41171
1.24772,-0.980008
1.17746,-0.653666
1.29732,-1.45733
1.27482,-0.968196
1.24085,-1.08912
1.13599,-0.161441
1.15592,-0.189022
1.24648,-0.9621
1.13642,-0.355985
1.17156,-0.468866
1.15725,-0.506194
1.21704,-0.714459
1.16897,-0.641446
1.19432,-0.717825
1.14696,-0.256299
1.04891,0.00813958
1.20199,-0.417329
1.23066,-0.977681
1.08703,0.112177
1.17962,-0.436118
1.12092,-0.0593084
1.04319,0.380083
1.18982,-0.321441
1.20851,-0.805347
1.15609,-0.430642
1.2276,-1.03617
1.08453,0.0311448
1.24647,-0.871216
1.20437,-0.682
1.21916,-0.827995
1.26134,-0.926127
1.17469,-0.470841
1.22364,-1.13399
1.24112,-1.0844
1.2027,-0.701927
1.23028,-0.906613
1.22212,-0.738386
1.30842,-1.25834
1.28415,-1.30534
1.13881,-0.451172
1.21857,-0.873544
1.1745,-0.395496
1.21761,-1.00215
1.22057,-1.0164
1.19376,-0.872242
1.15542,-0.492203
1.1935,-0.612887
1.17199,-0.378131
1.2197,-0.843367
1.25951,-1.15844
1.14923,-0.379243
1.21158,-0.813037
1.20182,-0.920032
1.21165,-0.582035
1.1728,-0.531341
1.20934,-0.637043
1.23161,-0.660306
1.29104,-1.22654
1.26641,-0.873367
1.22728,-0.582614
1.22221,-0.528275
1.18717,-0.290569
1.30168,-1.45631
1.2404,-1.00749
1.14692,0.0427165
1.17793,-0.722077
1.28106,-1.07249
1.10118,-0.230948
1.27245,-0.664385
1.15616,-0.452578
1.06447,0.199647
1.17365,-0.353683
1.22663,-1.03102
1.10006,0.0278854
1.14075,-0.22689
1.21835,-0.526304
1.14237,-0.347707
1.12387,-0.0261249
1.07801,0.517815
1.22446,-0.532324
1.26286,-0.819827
1.15216,-0.378075
1.15527,-0.430406
1.17215,-0.71195
1.22873,-0.673815
1.16325,-0.127677
1.23462,-1.1911
1.21759,-0.674748
1.23193,-0.581028
1.21481,-0.848407
1.21656,-1.10392
1.11892,0.0715913
1.09504,0.468583
1.23381,-0.805839
1.06381,0.132341
1.29394,-1.05361
1.25754,-1.11068
1.19744,-0.524882
1.16185,-0.327145
1.07579,0.152898
1.25952,-0.997693
1.10876,0.0850616
1.21063,-0.674436
1.13887,-0.455576
1.30121,-1.05786
1.2458,-1.08743
1.15438,-0.524313
1.27423,-0.916409
1.23548,-0.602439
1.15215,-0.737169
1.25941,-1.08049
1.19029,-0.32372
1.22524,-0.832733
1.22054,-0.800047
1.12332,0.0342148
1.2122,-0.626774
1.21839,-0.592728
1.23778,-0.930458
1.26969,-1.16121
1.28935,-1.23943
1.13584,-0.294807
1.22882,-0.703952
1.17469,-0.55939
1.2564,-0.899028
1.23356,-0.752831
1.10666,-0.0558327
1.25872,-1.21819
1.16214,-0.72547
1.22564,-0.858977
1.18545,-0.446557
1.17206,-0.187498
1.14173,-0.0182425
1.21423,-0.904927
1.11769,-0.214474
1.24912,-0.984911
1.13054,-0.127894
1.19914,-0.456488
1.15774,-0.207122
1.2025,-0.538067
1.27831,-1.10375
1.1839,-0.587482
1.12854,0.0333701
1.31141,-1.37646
1.21939,-0.98197
1.17917,-0.642216
1.0923,0.19126
1.21443,-0.44812
1.22361,-0.815037
1.21301,-0.700436
1.26947,-1.10326
1.08614,-0.134576
1.23745,-0.818531
1.20085,-0.719919
1.25201,-0.921554
1.1605,-0.510397
1.17995,-0.503551
1.19894,-0.613122
1.16363,-0.349793
1.16175,-0.442988
1.15217,-0.391014
1.2243,-0.938624
1.12512,-0.0794942
1.19278,-0.314785
1.17192,-0.58611
1.15097,-0.241933
1.24964,-0.932915
1.23681,-0.703296
1.15065,-0.150422
1.16791,-0.267586
1.0985,-0.0585757
1.22459,-0.968734
1.1475,-0.366067
1.26048,-1.15119
1.1617,-0.155804
1.22658,-0.831228
1.20185,-0.846703
1.0653,0.10198
1.14396,-0.435589
1.15973,-0.311472
1.22676,-1.01776
1.17097,-0.588356
1.16955,-0.327426
1.12912,-0.0957925
1.13621,-0.228053
1.18507,-0.781727
1.10819,-0.0710095
1.19423,-0.661231
1.2944,-1.1099
1.16998,-0.454402
1.21158,-0.670131
1.19914,-0.649298
1.24662,-0.986848
1.19184,-0.571644
1.2001,-0.927842
1.10643,0.0593564
1.23445,-0.621627
1.29614,-1.12639
1.17721,-0.539997
1.1246,0.0010019
1.197,-0.922668
1.17244,-0.503717
1.16118,-0.349744
1.1928,-0.292804
1.13211,-0.173721
1.16352,-0.30478
1.16759,-0.426068
1.10667,-0.12056
1.22104,-0.905761
1.29487,-1.1407
1.20511,-0.890123
1.08779,-0.124306
1.1907,-0.249711
1.17767,-0.688162
1.13169,-0.0105179
1.17477,-0.258135
1.18988,-0.365111
1.1497,-0.23015
1.1185,-0.133155
1.19776,-0.753059
1.19614,-0.360371
1.17425,-0.438863
1.1688,-0.438297
1.17585,-0.394922
1.21654,-0.862982
1.13928,-0.175551
1.05577,0.296841
1.17031,-0.222888
1.33947,-1.58088
1.17402,-0.510841
1.13839,-0.403432
1.1306,-0.295459
1.24059,-0.969076
1.22614,-0.940358
1.1578,-0.290344
1.24012,-0.772269
1.30355,-1.25589
1.23326,-0.999427
1.05435,0.348223
1.10178,-0.00291683
1.19402,-0.509874
1.1498,-0.485533
1.2167,-0.743916
1.13343,-0.312859
1.03918,0.635536
1.20382,-0.591445
1.18317,-0.561323
1.25175,-1.03768
1.22863,-0.68525
1.22228,-0.474788
1.11715,0.0681194
1.18384,-0.47695
1.20483,-0.815251
1.27061,-1.27148
1.23882,-1.0614
1.23448,-0.673035
1.33337,-1.84392
1.24398,-1.03901
1.17393,-0.529833
1.21614,-0.970052
1.17326,-0.676619
1.25244,-0.938916
1.19079,-0.770919
1.26706,-1.01694
1.32159,-1.51343
1.21998,-0.634506
1.24941,-0.829532
1.22539,-1.15168
1.25339,-0.981133
1.21912,-0.60479
1.22778,-0.982426
1.1496,-0.358474
1.20445,-0.534536
1.30419,-1.49305
1.17661,-0.632515
1.10628,0.321331
1.20425,-0.788019
1.22902,-1.06651
1.14719,-0.267822
1.23554,-1.12791
1.16998,-0.384941
1.18448,-0.59721
1.21552,-0.578629
1.09711,-0.2958
1.3095,-0.946636
1.22956,-0.662915
1.16802,-0.368398
1.18905,-0.49414
1.22759,-0.901415
1.13617,-0.273349
1.29923,-1.49806
1.15028,-0.669666
1.31331,-1.01997
1.1835,-0.649574
1.17573,-0.362115
1.16515,-0.470482
1.13678,-0.268133
1.17449,-0.218629
1.18871,-0.861086
1.16132,-0.221225
1.16994,-0.628404
1.33028,-1.49252
1.15429,-0.368981
1.08799,0.0445221
1.26063,-1.25638
1.13354,0.0298446
1.21291,-0.75526
1.19066,-0.651851
1.12708,0.214546
1.2192,-0.650855
1.25201,-1.13095
1.17688,-0.70113
1.15427,-0.451209
1.19571,-0.632605
1.17632,-0.373451
1.17602,-0.29037
1.19309,-0.838168
1.12334,-0.0752048
1.15567,-0.251957
1.14889,-0.239914
1.12191,-0.161323
1.27397,-1.08295
1.20269,-0.692184
1.22771,-0.786166
1.08011,-0.303606
1.28856,-1.28076
1.14522,-0.189844
1.14744,-0.267411
1.23222,-0.681306
1.23398,-0.520034
1.24024,-0.744875
1.19654,-0.642876
1.16198,-0.362081
1.2247,-0.922896
1.13154,-0.316904
1.17445,-0.63859
1.15049,-0.339064
1.0725,0.0856314
1.22355,-0.857574
1.24217,-1.02056
1.17963,-0.514316
1.18251,-0.501564
1.13609,-0.365657
1.18992,-0.21954
1.22308,-0.835273
1.22498,-1.31726
1.26627,-1.24666
1.13866,-0.18658
1.16817,-0.514557
1.06159,0.207645
1.22387,-0.878952
1.15359,-0.160915
1.13506,-0.482847
1.12938,-0.0167647
1.23552,-0.802534
1.13177,-0.455174
1.25512,-1.17835
1.20238,-0.537096
1.16222,-0.518903
1.25086,-0.930493
1.11779,-0.0439289
1.08199,-0.185092
1.19872,-0.347245
1.19054,-0.344444
1.07102,0.196589
1.1785,-0.232117
1.15553,-0.329153
1.14432,-0.520869
1.29135,-1.37529
1.26416,-1.0838
1.20354,-0.777656
1.27668,-0.799927
1.18978,-0.525469
1.16506,-0.165003
1.26956,-1.25359
1.25049,-0.969757
1.17087,-0.260195
1.21088,-0.920235
1.06205,0.307505
1.17348,-0.284941
1.12585,0.071514
1.18024,-0.619041
1.23957,-0.667779
1.14902,-0.27125
1.16828,-0.564417
1.17075,-0.20313
1.24098,-1.19885
1.24407,-0.736402
1.18986,-0.51186
1.21177,-0.702902
1.13581,-0.527498
1.15754,-0.316486
1.26039,-1.07316
1.14564,-0.245108
1.15604,-0.430749
1.17033,-0.463189
1.09131,-0.286115
1.11966,0.149852
1.13882,0.0677803
1.18565,-0.32336
1.121,-0.257312
1.15744,-0.329103
1.10503,0.017183
1.14183,-0.214291
1.14078,-0.213359
1.19627,-0.806962
1.22956,-0.710858
1.26698,-1.42941
1.24511,-0.925397
1.20705,-0.624195
1.2048,-0.747528
1.23215,-0.845544
1.20104,-0.67571
1.21757,-0.889384
1.18557,-0.371776
1.12727,-0.392496
1.14857,-0.12497
1.10677,0.0264605
1.26642,-1.32594
1.18181,-0.49185
1.20537,-0.7907
1.1345,-0.464229
1.09397,-0.064422
1.22873,-0.691636
1.11655,-0.100356
1.23841,-0.935995
1.278,-1.37742
1.14464,-0.294372
1.21769,-0.89626
1.13459,-0.343912
1.24514,-0.67111
1.20326,-0.47588
1.11974,0.0301628
1.16264,-0.312344
1.27908,-1.26056
1.2032,-0.835152
1.27434,-0.783273
1.15621,-0.227071
1.13885,-0.206643
1.20175,-0.372595
1.10758,-0.0178642
1.14176,-0.174411
1.07912,-0.137181
1.13856,-0.166941
1.13361,-0.493105
1.17261,-0.0984648
1.10764,0.0976142
1.15113,-0.160865
1.20009,-0.473834
1.22166,-1.07229
1.17295,-0.782059
1.24132,-1.17205
1.13999,-0.0828935
1.23072,-0.50599
1.23449,-0.698476
1.14689,-0.159008
1.17704,-0.36082
1.18184,-0.405051
1.2104,-0.747883
1.28764,-1.2624
1.26804,-1.0838
1.0688,0.107172
1.18816,-0.52438
1.21137,-0.397034
1.16432,-0.62167
1.20671,-0.542432
1.26421,-0.97912
1.18013,-0.525652
1.10487,0.327677
1.19086,-0.72434
1.15875,-0.572746
1.18408,-0.490585
1.11163,-0.194208
1.19223,-0.706796
1.14635,-0.395744
1.12444,-0.0585238
1.08555,0.307749
1.12406,-0.0930184
1.1878,-0.416753
1.26016,-0.920637
1.06895,0.0585566
1.283,-1.29014
1.3007,-1.46273
1.15807,-0.409186
1.2548,-1.4191
1.2298,-0.915076
1.07741,-0.0280983
1.13934,0.200393
1.17552,-0.573134
1.15719,-0.322204
1.26016,-1.07882
1.15431,-0.555639
1.15143,-0.299001
1.16301,-0.524481
1.18018,-0.89522
1.17486,-0.254032
1.13388,-0.23187
1.14248,-0.481542
1.19544,-0.421325
1.22283,-0.749519
1.25081,-0.827802
1.14473,-0.156953
1.23898,-1.152
1.21273,-0.663582
1.19166,-0.699122
1.10842,-0.360465
1.25539,-1.28583
1.22302,-0.688342
1.19616,-0.577205
1.22072,-0.712864
1.21278,-0.709339
1.11413,-0.383338
1.14403,-0.37785
1.13684,-0.0376011
1.34646,-1.66889
1.15697,-0.449787
1.21564,-0.690748
1.26484,-0.89837
1.05309,0.285329
1.22462,-1.03587
1.33615,-1.49967
1.24205,-0.753809
1.23112,-0.675103
1.13791,-0.33753
1.21603,-0.755367
1.14675,-0.281746
1.22845,-0.576248
1.19771,-0.875316
1.23379,-0.810156
1.17324,-0.323256
1.10025,-0.0597782
1.12391,-0.339085
1.21046,-0.476774
1.19254,-0.716357
1.30867,-1.24827
1.17703,-0.440434
1.1481,-0.467713
1.19231,-0.437016
1.17682,-0.315544
1.15341,-0.610932
1.25609,-1.13625
1.1245,0.196625
1.15668,-0.194799
1.29358,-1.25662
1.15883,-0.588592
1.14671,-0.247368
1.13656,-0.359288
1.23116,-0.921837
1.23617,-0.665434
1.17004,-0.670369
1.04077,0.521959
1.2398,-1.04203
1.23219,-0.651164
1.18853,-0.766101
1.17768,-0.405779
1.18574,-0.302464
1.20524,-0.670521
1.14617,-0.15666
1.22562,-0.950568
1.18033,-0.388562
1.18428,-0.544124
1.22153,-0.908744
1.0999,0.160001
1.07663,-0.0573599
1.16132,-0.472714
1.15722,-0.347597
1.15614,-0.379499
1.25657,-1.02612
1.19273,-0.430347
1.20495,-0.697234
1.23587,-0.901131
1.08702,0.245062
1.13101,-0.134775
1.20354,-0.61971
1.20878,-0.689303
1.26611,-0.970895
1.09864,0.00213423
1.12809,-0.314378
1.21334,-1.04149
1.23003,-0.619932
1.2794,-0.9585
1.28117,-1.21372
1.23807,-0.885966
1.13554,-0.0957272
1.11384,-0.43096
1.18245,-0.431708
1.24588,-0.626727
1.24977,-0.913593
1.13328,-0.0121725
1.19162,-0.450547
1.15829,-0.356996
1.22331,-0.893581
1.2597,-0.843555
1.22956,-0.936673
1.22294,-1.38533
1.22835,-1.07194
1.15903,-0.296433
1.20345,-0.762154
1.12768,-0.223942
1.2645,-1.1397
1.19189,-0.874435
1.25483,-1.09501
1.22497,-0.524207
1.20797,-0.736015
1.20996,-0.215647
1.13861,-0.327827
1.19857,-0.601189
1.15687,-0.591074
1.21149,-0.860258
1.17485,-0.623677
1.16776,-0.358491
1.18899,-0.760309
1.13447,-0.148026
1.1762,-0.686314
1.20644,-0.494053
1.21478,-0.82351
1.11844,0.422989
1.19863,-0.774814
1.04385,0.598076
1.1402,-0.378985
1.2196,-0.7942
1.04719,0.705062
1.19351,-0.558071
1.20236,-0.755508
1.20201,-0.469525
1.08418,-0.0224649
1.11848,-0.179418
1.22386,-0.797266
1.08739,0.154356
1.2289,-0.871049
1.16768,-0.479104
1.21191,-0.597148
1.25037,-0.74149
1.09016,0.237449
1.09743,-0.0580831
1.22097,-0.593539
1.22989,-0.678176
1.16678,-0.213195
1.23006,-0.982109
1.17738,-0.396243
1.30436,-1.22564
1.17829,-0.806812
1.08612,-0.141303
1.22634,-0.881363
1.25902,-1.27274
1.20498,-0.70788
1.24223,-1.26049
1.22634,-0.884611
1.14702,-0.429088
1.21414,-0.730838
1.22767,-0.753429
1.20069,-0.78034
1.13992,-0.608049
1.23695,-1.04134
1.16607,-0.430053
1.2842,-1.12349
1.25277,-0.975371
1.24369,-1.29752
1.24263,-0.987273
1.24687,-0.671162
1.17159,-0.496842
1.20239,-0.684991
1.21135,-0.352714
1.13865,-0.287282
1.3258,-1.32758
1.18411,-0.831529
1.24128,-0.858348
1.11964,-0.206671
1.13727,-0.339285
1.22791,-1.00998
1.12828,0.191652
1.23004,-0.83938
1.17333,-0.247709
1.32244,-1.40023
1.23696,-0.720184
1.12683,-0.03389
1.24216,-0.746908
1.30369,-1.32501
1.21923,-0.67796
1.25257,-1.09256
1.1073,-0.170778
1.20027,-0.712087
1.132,-0.225493
1.18841,-0.489655
1.16794,-0.514536
1.15388,0.0628931
1.2422,-0.944622
1.10673,-0.127628
1.18187,-0.511372
1.19953,-0.64645
1.20423,-0.760136
1.19656,-0.805735
1.22375,-0.338605
1.15107,-0.279208
1.1354,-0.234191
1.21754,-0.694954
1.20343,-0.897367
1.2327,-0.925172
1.21252,-0.77363
1.24056,-1.05365
1.22742,-0.69156
1.10957,-0.159114
1.13144,-0.387122
1.17832,-0.284905
1.26801,-1.24405
1.19322,-0.62529
1.2034,-0.707615
1.05769,0.186476
1.15165,-0.170715
1.12905,0.0592727
1.11586,-0.305295
1.16197,-0.244607
1.25072,-0.802781
1.22296,-1.10178
1.21397,-0.813744
1.18786,-0.62406
1.17526,-0.368495
1.08392,-0.169106
1.24785,-0.876694
1.05864,0.300693
1.13173,-0.390822
1.14714,0.00141931
1.19994,-0.67943
1.17091,-0.42646
1.16157,-0.661363
1.06264,0.182905
1.13575,-0.311885
1.19332,-0.850459
1.19192,-0.395643
1.13348,-0.0896437
1.13794,-0.250726
1.1471,-0.440177
1.19241,-0.410657
1.18286,-0.261683
1.19239,-0.641581
1.18018,-0.432046
1.23279,-0.87348
1.17187,-0.294575
1.21828,-0.968877
1.18587,-0.390583
1.24736,-1.17774
1.23624,-1.09665
1.31604,-1.26544
1.08234,0.143913
1.18315,-0.8016
1.03095,0.365967
1.14671,-0.429079
1.18662,-0.651712
1.20565,-0.720258
1.2193,-0.59957
1.08709,0.0914843
1.13734,-0.46862
1.21126,-0.665999
1.15063,-0.368614
1.1812,-0.562408
1.16144,-0.240882
1.16201,-0.285557
1.11674,-0.115048
1.31318,-1.56046
1.16382,-0.268819
1.17633,-0.490014
1.16763,-0.497544
1.10557,0.0268565
1.16293,-0.541903
1.2759,-1.14367
1.19425,-0.68795
1.18627,-0.229321
1.24973,-1.2041
1.27469,-1.12638
1.19474,-0.881855
1.22826,-1.02184
1.13306,-0.149758
1.25804,-1.01559
1.17871,-0.331273
1.17113,-0.399301
1.21847,-0.937774
1.122,0.0241479
1.20269,-0.604802
1.14219,-0.331216
1.24562,-0.816684
1.21245,-0.726891
1.20102,-0.764344
1.36383,-1.78766
1.14823,-0.225797
1.20933,-0.731285
1.21339,-0.594419
1.24074,-1.04515
1.21362,-0.782183
1.18493,-0.398697
1.2344,-0.934054
1.11515,-0.139281
1.21125,-0.646397
1.28831,-1.08533
1.20929,-0.902709
1.21928,-0.843735
1.17536,-0.281205
1.10628,0.203393
1.25324,-0.802853
1.19006,-0.436462
1.15017,-0.190492
1.2507,-0.966647
1.14778,-0.0546264
1.1365,-0.195619
1.22349,-0.957068
1.17637,-0.618748
1.28059,-1.14223
1.14449,-0.195731
1.32353,-1.8792
1.12094,0.16895
1.2446,-0.855183
1.23153,-0.938834
1.25868,-0.880922
1.16243,-0.588293
1.25596,-0.816372
1.21315,-0.420981
1.22836,-0.585807
1.1721,-0.362758
1.17238,-0.752277
1.22236,-0.613696
1.2929,-0.919807
1.1609,-0.501865
1.18418,-0.441435
1.14318,-0.300016
1.05244,0.496011
1.18624,-0.564116
1.13047,0.0693197
1.15702,-0.154256
1.17178,-0.719827
1.14976,-0.316893
1.06502,0.253658
1.19668,-0.523525
1.2491,-0.798542
1.21303,-0.4778
1.22218,-0.746445
1.21497,-0.497137
1.20118,-0.540184
1.10519,-0.213046
1.19137,-0.688152
1.17632,-0.327537
1.11185,-0.0165518
1.1992,-0.403581
1.14413,-0.336066
1.21686,-0.600133
1.12055,-0.00272378
1.18009,-0.69288
1.28141,-0.951083
1.14684,-0.151771
1.06563,0.28258
1.13043,-0.204752
1.13144,-0.326797
1.29391,-1.35269
1.14196,-0.406496
1.17653,-0.163491
1.06344,-0.111612
1.31451,-0.928925
1.22467,-0.98428
1.21548,-0.685592
1.20752,-0.722883
1.15392,-0.151292
1.15019,-0.196704
1.14761,-0.111738
1.21931,-0.793198
1.28804,-1.07779
1.15003,-0.059215
1.13614,-0.2609
1.27084,-1.08779
1.26497,-1.01258
1.17171,-0.350393
1.23399,-0.722605
1.21699,-0.826969
1.1608,-0.225229
1.22876,-0.640226
1.2579,-0.562732
1.12079,-0.281606
1.17827,-0.494635
1.20174,-0.812245
1.25954,-1.22456
1.18844,-0.519276
1.25548,-1.12876
1.09846,-0.21248
1.11781,-0.171023
1.24299,-0.870632
1.26802,-1.11382
1.21043,-0.56232
1.23821,-1.18477
1.18515,-0.498801
1.23678,-0.868726
1.20944,-0.818632
1.23418,-0.982354
1.22813,-0.674689
1.12186,-0.240521
1.16103,-0.237218
1.22679,-0.608684
1.07448,-0.177932
1.25375,-0.993495
1.15586,-0.408884
1.23151,-0.683847
1.23465,-0.700689
1.20637,-0.735901
1.16069,-0.365261
1.17428,-0.689201
1.18558,-0.665857
1.15292,-0.390624
1.20928,-0.586703
1.19316,-0.647168
1.2379,-0.991284
1.09063,-0.024547
1.1904,-0.670664
1.22045,-0.624706
1.15172,-0.636042
1.22308,-0.768613
1.09294,0.295723
1.1385,-0.354344
1.08398,-0.0678776
1.23552,-0.524371
1.21663,-0.877203
1.25439,-0.986198
1.25099,-1.15721
1.19856,-0.516838
1.14924,0.0315351
1.14112,-0.204245
1.14717,-0.140634
1.14193,0.0374859
1.20533,-0.513814
1.22921,-1.1637
1.25648,-1.2894
1.05157,0.0522319
1.20216,-0.511778
1.12102,-0.00784864
1.12617,-0.30133
1.10687,-0.191937
1.18232,-0.693345
1.15057,-0.175784
1.19034,-0.498474
1.15009,-0.0904955
1.19049,-0.432822
1.05804,-0.116231
1.10501,-0.0470157
1.0563,0.371059
1.08906,0.181739
1.12229,-0.0516309
1.19982,-0.675439
1.24619,-1.14511
1.2028,-0.666302
1.26553,-1.1035
1.25554,-0.977857
1.22785,-0.846592
1.20788,-0.592658
1.07666,0.406625
1.17345,-0.267974
1.25854,-1.0084
1.18278,-0.8754
1.27759,-1.12295
1.20873,-0.530702
1.23605,-1.18885
1.16811,-0.0521168
1.23679,-1.06441
1.20329,-0.832534
1.13948,-0.23538
1.28232,-1.19115
1.11368,-0.0819668
1.10125,-0.0081228
1.11351,0.147638
1.12645,-0.25667
1.22626,-0.901772
1.26643,-0.760162
1.17607,-0.468273
1.28073,-1.2442
1.18267,-0.616883
1.17403,-0.0632027
1.17852,-0.337835
1.14518,-0.445985
1.19655,-0.541401
1.24108,-0.687025
1.20752,-0.743453
1.1432,-0.149796
1.23575,-0.997025
1.13147,-0.277394
1.08634,-0.0125697
1.23514,-0.769666
1.24785,-1.02792
1.07852,0.157323
1.08382,-0.0702107
1.21244,-0.618567
1.16502,-0.179282
1.2206,-0.739112
1.15865,-0.237072
1.20552,-0.934707
1.20639,-0.72794
1.27831,-0.921306
1.09519,0.125487
1.08784,-0.293947
1.15255,-0.232965
1.04287,0.458147
1.25361,-1.24822
1.1526,-0.233134
1.2103,-0.719377
1.22109,-1.0589
1.26024,-0.933931
1.19467,-0.527629
1.17756,-0.665496
1.07915,0.0638064
1.12636,-0.021489
1.12935,-0.216653
1.18418,-0.537352
1.21548,-0.675116
1.18449,-0.442261
1.16465,-0.510741
1.13487,-0.0109241
1.14639,-0.446086
1.21523,-0.670027
1.22954,-0.573582
1.17199,-0.392715
1.11295,0.180096
1.19766,-0.671748
1.16579,-0.296016
1.26562,-1.02388
1.16484,-0.0974725
1.22551,-0.867139
1.2425,-0.959954
1.12385,-0.109615
1.23967,-0.833223
1.24892,-1.33483
1.14916,-0.342607
1.18818,-0.833728
1.17494,-0.266225
1.13614,0.0242863
1.21111,-0.95074
1.18979,-0.747931
1.22889,-0.782703
1.14871,-0.471435
1.23889,-0.943579
1.18344,-0.371085
1.16486,-0.393401
1.22819,-0.701258
1.20269,-0.847213
1.14835,-0.231348
1.15161,-0.354229
1.28883,-1.40545
1.18375,-0.441573
1.17056,-0.436476
1.20529,-0.671721
1.15386,-0.307003
1.15453,-0.326743
1.1666,-0.25393
1.09616,-0.141855
1.24426,-1.25118
1.21435,-0.736486
1.19859,-0.396561
1.18087,-0.493962
1.18217,-0.582504
1.20773,-0.915251
1.15483,-0.412669
1.20281,-0.492791
1.13788,0.00187071
1.25738,-1.16327
1.15887,-0.537202
1.22329,-0.733857
1.15987,-0.0321654
1.15583,-0.425965
1.17291,-0.310512
1.18783,-0.505479
1.19686,-0.694222
1.2353,-0.885156
1.14817,-0.269138
1.15516,-0.319461
1.23336,-0.893921
1.20564,-0.457054
1.20921,-0.682722
1.17125,-0.456782
1.24649,-1.0261
1.26871,-0.863274
1.20423,-0.900201
1.18027,-0.534071
1.22483,-1.00673
1.20952,-0.232007
1.15387,-0.269051
1.28609,-1.15678
1.18792,-0.480057
1.2112,-0.926408
1.19465,-0.626142
1.25248,-0.878296
1.13689,0.0176851
1.13451,-0.295967
1.20438,-0.545208
1.18116,-0.332238
1.32629,-1.4619
1.12442,-0.0583763
1.20711,-0.557166
1.20378,-0.559707
1.21454,-0.616822
1.23873,-0.499322
1.16322,-0.304255
1.25338,-1.07906
1.1582,-0.46375
1.19439,-0.220614
1.25652,-0.968743
1.17175,-0.00192177
1.08818,-0.045107
1.2245,-0.725441
1.23348,-0.862554
1.20736,-0.676482
1.24573,-1.01174
1.13755,-0.484914
1.17055,-0.537138
1.07382,-0.0297768
1.243,-0.602366
1.09091,-0.135984
1.12795,-0.316534
1.12059,-0.233818
1.25074,-0.85366
1.26935,-1.01913
1.25289,-1.02162
1.22303,-0.897535
1.08602,-0.150759
1.18404,-0.60183
1.15171,-0.310539
1.08532,0.0455584
1.02412,0.301422
1.16532,-0.411697
1.13521,0.133652
1.11015,-0.166835
1.09035,-0.00649501
1.20592,-0.595257
1.14414,-0.44694
1.10759,-0.120442
1.08191,-0.0826356
1.22649,-0.727234
1.23873,-1.21654
1.2198,-0.890705
1.22581,-0.708395
1.21736,-0.646111
1.15173,-0.252898
1.23341,-0.681653
1.20023,-0.760549
1.27703,-1.14138
1.22678,-0.754887
1.2,-0.564712
1.17677,-0.564244
1.19566,-0.677394
1.11074,-0.185968
1.18294,-0.4238
1.17566,-0.562863
1.22147,-0.865877
1.16011,-0.623157
1.27892,-1.14761
1.15939,-0.412883
1.09914,0.408785
1.27936,-1.13581
1.1341,-0.373573
1.20266,-0.641523
1.11583,-0.339373
1.19935,-0.769155
1.21073,-0.531739
1.11629,0.151286
1.10422,-0.185186
1.16297,-0.689189
1.07645,0.220584
1.15342,-0.112137
1.14685,-0.181235
1.20589,-0.532324
1.19636,-0.533581
1.15527,-0.398781
1.1723,-0.524483
1.118,-0.0492179
1.23912,-0.892301
1.12606,-0.242842
1.18767,-0.650742
1.19649,-0.702078
1.16857,-0.0588186
1.13412,-0.146621
1.1238,-0.256397
1.25045,-0.96825
1.12346,0.159021
1.20573,-0.483073
1.23216,-0.62331
1.13663,-0.48642
1.27904,-1.11108
1.10678,-0.025992
1.26072,-1.05795
1.22918,-0.790291
1.14977,-0.499056
1.14175,-0.0614128
1.16342,-0.570865
1.07262,0.0759365
1.26165,-0.990534
1.22626,-0.56662
1.16138,-0.457555
1.07643,0.205297
1.15108,-0.182411
1.19189,-0.677519
1.19883,-0.654906
1.17604,-0.49653
1.16385,-0.458042
1.30475,-1.23472
1.17264,-0.36766
1.08997,0.304116
1.22533,-1.15931
1.16764,-0.586451
1.20625,-1.06561
1.18223,-0.279376
1.16613,-0.365549
1.16661,-0.0573252
1.25193,-0.838119
1.18563,-0.44482
1.1695,-0.758438
1.18635,-0.347616
1.14926,-0.194378
1.13353,-0.326878
1.19454,-0.545166
1.1482,-0.310129
1.1899,-0.450631
1.1722,-0.563734
1.12593,-0.0823479
1.16373,-0.335861
1.22336,-0.57296
1.34017,-1.8717
1.14735,-0.384873
1.11003,-0.0491435
1.25483,-0.989132
1.0344,0.455437
1.10894,0.012918
1.1386,-0.398985
1.16532,-0.115848
1.06987,0.212575
1.33273,-1.65143
1.22836,-0.596471
1.22567,-0.642951
1.09154,0.00650272
1.1428,-0.234786
1.23124,-0.78769
1.16233,-0.318552
1.23808,-1.16167
1.14548,-0.414409
1.21253,-0.438485
1.18506,-0.52723
1.27323,-1.20723
1.26904,-1.0848
1.1644,-0.256708
1.20582,-0.73925
1.22176,-0.931804
1.21781,-0.792281
1.10281,0.024217
1.19802,-0.482159
1.23476,-1.08843
1.12411,-0.315007
1.2342,-0.802345
1.21185,-1.0355
1.19286,-0.789652
1.2138,-1.1462
1.22967,-0.814243
1.09958,-0.113407
1.13738,0.0373656
1.12592,-0.595318
1.19737,-0.304309
1.27677,-1.09203
1.23675,-0.841609
1.12848,0.00535263
1.23464,-1.04035
1.18407,-0.625609
1.21998,-0.61805
1.19806,-0.610702
1.14101,-0.345094
1.10767,-0.0457185
1.12987,-0.297863
1.14175,0.0217259
1.24154,-0.79515
1.15701,-0.0359574
1.21483,-0.847372
1.13271,-0.409534
1.23205,-0.841468
1.21142,-0.563791
1.14535,-0.451729
1.24839,-0.921946
1.25267,-1.01051
1.21552,-0.979034
1.12755,0.00791354
1.11055,0.0825089
1.19342,-0.585329
1.21187,-0.913226
1.22253,-0.715923
1.13111,-0.0995621
1.07939,0.1241
1.20288,-0.948517
1.17227,-0.591193
1.19733,-0.620976
1.19265,-0.848149
1.26599,-0.92596
1.16674,-0.576533
1.17409,-0.641788
1.09749,0.166047
1.22893,-0.839836
1.19907,-0.612207
1.22872,-1.0175
1.18499,-0.343986
1.25282,-0.998425
1.20185,-0.673936
1.27622,-1.09486
1.08478,-0.0131121
1.06241,0.326955
1.28207,-1.07008
1.17494,-0.188983
1.25217,-0.715034
1.17261,-0.379894
1.21825,-0.986103
1.1557,-0.165433
1.16254,-0.383979
1.14322,-0.0566103
1.21168,-0.673782
1.27431,-1.21345
1.20684,-0.521161
1.17886,-0.440571
1.21856,-0.936799
1.20051,-0.676929
1.15765,-0.468813
1.27233,-1.21671
1.17039,-0.491622
1.23875,-0.712464
1.12522,-0.0169635
1.08725,0.461867
1.20233,-0.564359
1.25194,-0.980496
1.25766,-1.01602
1.14143,-0.293093
1.10127,-0.0653454
1.17599,-0.759226
1.16519,-0.525957
1.1877,-0.896085
1.20776,-0.75484
1.12079,-0.463909
1.23411,-0.798239
1.17972,-0.408654
1.11803,-0.243898
1.18591,-0.439461
1.16058,-0.429064
1.11636,-0.116342
1.12174,-0.105873
1.16107,-0.250631
1.19854,-0.605469
1.13221,-0.324138
1.11309,0.0848348
1.14088,-0.304685
1.2347,-0.755465
1.1655,-0.648648
1.22298,-0.640296
1.20036,-0.695266
1.20518,-0.901402
1.0874,-0.250897
1.13543,-0.311903
1.24457,-1.01134
1.06661,0.305841
1.26069,-0.947842
1.05972,0.166048
1.22318,-0.974432
1.16594,-0.666226
1.26958,-0.970389
1.22596,-1.0193
1.13963,-0.304419
1.14954,-0.494446
1.23165,-0.671941
1.13702,-0.528903
1.13232,0.107077
1.21656,-0.979395
1.18421,-0.783488
1.20166,-0.515523
1.18726,-0.608277
1.24913,-1.03377
1.00998,0.479643
1.16924,-0.374792
1.14022,0.0248942
1.14972,-0.308373
1.27382,-1.20735
1.16138,-0.473091
1.10769,-0.148134
1.16043,-0.298108
1.06209,0.32123
1.27444,-1.15623
1.20221,-0.821091
1.12464,-0.323359
1.24182,-1.03953
1.25547,-0.916948
1.1801,-0.508747
1.3798,-1.89666
1.13972,-0.144325
1.19385,-0.668811
1.30486,-1.53864
1.11881,-0.111766
1.01297,0.227971
1.19303,-0.666523
1.2043,-0.184831
1.07832,0.260637
1.18893,-0.839686
1.19174,-0.350275
1.20114,-0.599711
1.14529,-0.259678
1.21164,-0.775718
1.21095,-0.756336
1.25807,-1.08875
1.1311,-0.228771
1.10373,0.0857613
1.12602,-0.198408
1.21388,-0.724476
1.16209,-0.606777
1.14914,-0.356381
1.2206,-0.707911
1.24883,-0.878347
1.23794,-0.716023
1.19543,-0.638614
1.25494,-0.926519
1.14004,-0.505199
1.09496,0.159871
1.2738,-1.00213
1.13732,-0.0970383
1.18161,-0.624861
1.20154,-0.790115
1.11622,-0.235493
1.14634,-0.190905
1.26406,-0.74045
1.14764,-0.11657
1.15195,-0.423689
1.09273,-0.0117141
1.29244,-1.26558
1.07761,-0.00467079
1.22121,-0.470321
1.15575,-0.48773
1.18007,-0.5281
1.20054,-0.8366
1.14141,-0.314073
1.22766,-0.68206
1.13599,-0.355493
1.17304,-0.55567
1.22957,-0.981582
1.15926,-0.566041
1.12392,-0.24023
1.12239,0.0651413
1.13159,-0.158154
1.21581,-0.619308
1.26976,-0.618496
1.24157,-1.07796
1.2404,-0.903739
1.05599,0.250185
1.28663,-1.12363
1.16196,-0.27696
1.25769,-0.720323
1.21627,-0.652846
1.14342,-0.304656
1.32614,-1.68977
1.20875,-0.447785
1.14702,-0.505043
1.29113,-1.21361
1.20283,-0.486318
1.11254,0.0554692
1.23084,-0.717284
1.10399,-0.265443
1.29014,-0.980221
1.21658,-0.819413
1.19478,-0.377993
1.2216,-0.762058
1.2031,-0.8518
1.21338,-1.04233
1.18335,-0.713818
1.26573,-0.966957
1.16251,-0.181688
1.19078,-0.489711
1.10479,-0.178711
1.2207,-0.982053
1.10202,-0.0958577
1.13241,-0.0689867
1.13194,-0.186391
1.26162,-0.865773
1.24454,-0.999343
1.15088,-0.243263
1.19325,-0.652878
1.17731,-0.309876
1.18802,-0.67028
1.23004,-0.596298
1.27003,-0.877297
1.17772,-0.238474
1.19688,-0.761322
1.17095,-0.439198
1.21885,-0.851596
1.16989,-0.250857
1.2639,-1.06036
1.15424,-0.368594
1.13597,-0.0488092
1.2405,-0.700363
1.16026,-0.575014
1.09132,-0.00575019
1.2772,-1.30782
1.16337,-0.0367136
1.12717,-0.286508
1.17686,-0.69061
1.21357,-0.602982
1.22778,-0.760385
1.25885,-0.912339
1.18289,-0.545061
1.22893,-0.960031
1.21825,-0.498997
1.12331,-0.167105
1.19061,-0.420573
1.13407,-0.246968
1.20766,-0.446257
1.1691,-0.698987
1.06227,0.522025
1.11406,0.029587
1.14723,-0.206591
1.30653,-1.11109
1.20036,-0.809152
1.15832,-0.329435
1.19021,-0.6513
1.24962,-0.99684
1.18193,-0.742827
1.25123,-0.966086
1.32356,-1.39226
1.19705,-0.416291
1.16321,-0.299883
1.20491,-0.514822
1.14271,-0.281669
1.2004,-0.742074
1.20742,-0.518896
1.2118,-0.526113
1.19328,-0.424534
1.18035,-0.470715
1.2633,-0.944672
1.14254,-0.0822146
1.23376,-0.869506
1.16664,-0.325234
1.20626,-0.468684
1.19543,-1.01031
1.19222,-0.514744
1.12334,-0.0521135
1.14775,-0.374935
1.23632,-0.898077
1.24877,-0.867271
1.28913,-1.35148
1.14287,-0.188547
1.15576,-0.395487
1.13622,-0.351261
1.14263,-0.507762
1.19425,-0.557866
1.19895,-0.487362
1.19837,-0.607877
1.17208,-0.34595
1.09641,0.0754146
1.29466,-1.39749
1.25746,-1.00981
1.1004,-0.0757758
1.16508,-0.543028
1.12161,-0.109508
1.13772,-0.0620271
1.17025,-0.595643
1.04546,0.627617
1.09144,-0.0634102
1.17354,-0.50562
1.12199,-0.351905
1.10161,-0.316653
1.21003,-0.774765
1.22607,-0.920837
1.15046,-0.477194
1.18081,-0.396955
1.33006,-1.34158
1.1444,-0.386637
1.21336,-0.583706
1.12936,0.00941081
1.21117,-0.636946
1.09213,0.326056
1.27636,-1.25986
1.19082,-0.622493
1.18156,-0.474079
1.18197,-0.31768
1.18394,-0.142453
1.19674,-0.647017
1.15075,-0.183928
1.16474,-0.203868
1.0842,0.230744
1.09069,0.0288187
1.19858,-0.708269
1.219,-1.16166
1.20042,-0.578063
1.27283,-1.01296
1.08205,0.0961441
1.23012,-0.842815
1.19495,-0.689013
1.1361,-0.152469
1.13944,-0.0423224
1.17302,-0.389413
1.13751,-0.255297
1.15461,-0.506484
1.25193,-0.862704
1.14878,-0.513967
1.15547,-0.074788
1.10816,-0.0373761
1.15418,-0.522088
1.15379,0.0189394
1.14021,-0.0434706
1.24226,-0.67325
1.08314,0.109924
1.14671,-0.481353
1.12781,-0.184942
1.22744,-0.626236
1.1621,-0.176801
1.22071,-0.851281
1.13955,-0.153494
1.17491,-0.512882
1.21692,-0.774651
1.21506,-0.66688
1.14141,-0.180533
1.26047,-1.26636
1.11375,-0.16304
1.21102,-1.04001
1.12558,-0.265128
1.13732,-0.165481
1.15539,-0.0719856
1.13368,-0.263703
1.2079,-0.398173
1.23539,-0.564961
1.12879,-0.106668
1.17048,-0.399522
1.10318,-0.0658693
1.11982,-0.532239
1.21596,-0.559912
1.23449,-0.700551
1.07368,0.0755419
1.24253,-0.921316
1.23171,-0.859523
1.19413,-0.700713
1.17476,-0.48691
1.10191,-0.17199
1.14024,-0.224918
1.10222,0.0644495
1.17098,-0.242059
1.19518,-0.664144
1.16359,-0.364532
1.255,-0.853273
1.18582,-0.416474
1.10339,0.00735619
1.17204,-0.0811576
1.12123,-0.278845
1.1501,-0.222447
1.28736,-1.2641
1.15799,-0.287879
1.14607,-0.436017
1.27084,-1.02587
1.07329,0.0392759
1.10993,-0.102815
1.14453,-0.376016
1.19821,-0.472437
1.18901,-0.629281
1.11771,0.0340522
1.08916,0.055301
1.26319,-1.1956
1.15409,-0.420071
1.13933,-0.409029
1.2245,-0.703063
1.21444,-0.995834
1.14585,-0.491273
1.17869,-0.332162
1.22404,-0.845787
1.18523,-0.460566
1.19079,-0.60691
1.20861,-0.419781
1.25594,-1.29031
1.29203,-1.16528
1.08261,-0.165535
1.14481,-0.183837
1.19805,-0.332622
1.21643,-0.982126
1.26415,-1.27652
1.11523,-0.04658
1.10982,0.27725
1.29394,-1.38881
1.27071,-0.981968
1.2848,-0.953705
1.22527,-0.78785
1.15894,-0.2173
1.17326,-0.227069
1.05782,0.326691
1.24717,-1.31389
1.18787,-0.516756
1.17971,-0.608737
1.29039,-1.15105
1.27928,-0.709059
1.14421,-0.412989
1.16214,-0.417491
1.23546,-0.928684
1.18665,-1.03939
1.26416,-1.17888
1.16866,-0.491791
1.07988,0.0242513
1.21857,-0.457888
1.24312,-0.951877
1.21202,-1.00726
1.21441,-0.810127
1.20121,-0.558404
1.1936,-0.826878
1.23692,-1.08898
1.20912,-0.857513
1.07151,0.0352511
1.27185,-1.16647
1.15928,-0.268277
1.16149,-0.346485
1.20079,-0.531968
1.15259,-0.144886
1.19053,-0.482815
1.20546,-0.82122
1.1495,-0.030313
1.21263,-0.558205
1.26941,-1.29513
1.15608,-0.284767
1.25742,-0.966309
1.14038,-0.356636
1.12298,-0.362681
1.20846,-0.467385
1.16793,-0.494571
1.11232,0.163268
1.1216,-0.127177
1.18522,-0.845472
1.16034,-0.644812
1.21308,-0.629308
1.19921,-0.564216
1.14038,-0.225021
1.22495,-0.780097
1.37006,-1.95521
1.19372,-0.683405
1.21922,-0.580331
1.24922,-0.723709
1.27065,-1.01089
1.13763,-0.1817
1.10974,0.109839
1.20673,-0.870168
1.14859,-0.14598
1.11542,-0.380524
1.15734,-0.167812
1.07645,0.158484
1.2275,-0.964927
1.19841,-0.398841
1.17533,-0.168783
1.1038,-0.104085
1.14313,-0.2236
1.1619,-0.560488
1.1795,-0.595733
1.12958,0.113118
1.23962,-0.893264
1.2325,-0.809102
1.12151,-0.334829
1.251,-0.862086
1.18475,-0.624138
1.22019,-0.850919
1.12278,-0.116484
1.19738,-0.235409
1.19614,-0.596339
1.13646,-0.64286
1.1726,-0.470849
1.21003,-0.776469
1.11436,0.0752228
1.16248,-0.382199
1.22724,-0.973421
1.27206,-1.07582
1.21285,-0.850865
1.20402,-0.685646
1.18791,-0.450392
1.11494,-0.284331
1.20034,-0.38243
1.21476,-0.647093
1.19037,-0.560289
1.22239,-0.79727
1.22716,-0.732189
1.19828,-0.560017
1.21696,-0.941693
1.2039,-0.622843
1.11441,0.0238399
1.08733,0.196336
1.23719,-0.924378
1.2959,-1.43164
1.08338,-0.171868
1.28135,-1.04953
1.09216,-0.165444
1.18495,-0.337329
1.18424,-0.504445
1.31426,-1.54263
1.1935,-0.410023
1.21869,-0.723363
1.23083,-0.873294
1.22792,-1.06737
1.16773,-0.399292
1.15252,-0.0583232
1.16036,-0.656056
1.10267,-0.305836
1.20902,-0.332003
1.21302,-0.720462
1.20165,-0.596042
1.19422,-0.613794
1.25787,-0.716794
1.204,-0.571333
1.18145,-0.565662
1.13025,-0.151835
1.05059,0.493102
1.13179,-0.46571
1.27805,-0.934541
1.22822,-0.818973
1.16065,-0.424643
1.27982,-1.0731
1.24803,-0.841265
1.09826,0.038164
1.27479,-1.1347
1.23265,-0.761049
1.13841,-0.157623
1.19303,-0.48732
1.19629,-0.597494
1.14905,-0.249164
1.16347,-0.367065
1.32428,-1.29684
1.13546,-0.113114
1.20928,-0.687597
1.19208,-0.356367
1.21283,-0.504059
1.16126,-0.503241
1.0733,0.264718
1.21094,-0.679131
1.16723,-0.516892
1.2548,-1.19295
1.19721,-0.753628
1.23363,-0.919006
1.20913,-0.587176
1.17775,-0.552765
1.26041,-0.739191
1.20499,-0.658496
1.23626,-0.774968
1.10786,0.0522363
1.16423,-0.370517
1.20536,-0.930735
1.25,-0.706714
1.08858,0.275486
1.27874,-1.04227
1.13094,-0.0327881
1.12706,-0.126746
1.12736,-0.518168
1.07638,0.118012
1.18914,-0.558835
1.2156,-0.510073
1.23695,-0.484718
1.17741,-0.508522
1.33622,-1.72234
1.16084,-0.343013
1.20879,-0.726347
1.27392,-1.12824
1.1813,-0.883406
1.24739,-0.806452
1.16217,-0.549441
1.16041,-0.42371
1.31054,-1.52846
1.13833,-0.319302
1.2594,-1.04637
1.23124,-1.07134
1.13184,-0.597021
1.27676,-1.1342
1.12778,-0.132514
1.23861,-0.667967
1.20904,-0.484982
1.1484,-0.253004
1.17222,-0.794129
1.12542,0.318244
1.29686,-1.20003
1.30082,-1.17222
1.23316,-0.606982
1.16786,-0.685941
1.09528,0.0298296
1.28458,-1.2055
1.21444,-0.74271
1.17476,-0.552897
1.1806,-0.448213
1.13175,-0.525079
1.27796,-1.07399
1.10319,-0.0864772
1.07939,0.122961
1.05499,0.525742
1.14445,-0.277847
1.31654,-1.51756
1.20346,-0.81866
1.2012,-0.65973
1.2427,-0.813048
1.22208,-0.741291
1.10701,-0.184135
1.32356,-1.34972
1.22474,-0.665593
1.26264,-1.02717
1.1923,-0.643681
1.15398,-0.237549
1.15033,-0.442375
1.16798,-0.378496
1.23505,-0.796748
1.19604,-0.548417
1.2142,-0.898613
1.13816,-0.317086
1.21202,-0.628936
1.37069,-1.39123
1.10116,-0.22654
1.2404,-0.949045
1.23981,-0.847167
1.22625,-0.737842
1.2106,-0.993041
1.23043,-0.668799
1.1776,-0.631231
1.20236,-0.565334
1.20868,-0.996853
1.25254,-1.12602
1.20457,-0.714941
1.22826,-0.716111
1.213,-0.599453
1.19503,-0.278774
1.10506,0.377083
1.2346,-0.771673
1.28133,-1.21352
1.14073,-0.240699
1.18584,-0.616071
1.16604,-0.266096
1.20691,-0.851658
1.21768,-0.733702
1.11544,-0.353593
1.15923,-0.339263
1.14268,-0.265533
1.22728,-0.692048
1.21074,-0.69251
1.18617,-0.506781
1.24897,-1.04664
1.19853,-0.762768
1.22818,-0.743364
1.26579,-1.11902
1.13506,-0.216722
1.19682,-0.784283
1.21685,-0.648426
1.14063,-0.298907
1.17212,-0.405385
1.23188,-0.796525
1.24026,-1.01906
1.18974,-0.496126
1.12525,-0.0310004
1.21367,-0.595524
1.11404,-0.0880899
1.17411,-0.226646
1.17114,-0.495669
1.21748,-0.994175
1.17454,-0.467814
1.21261,-0.669614
1.23289,-0.791509
1.12834,-0.239273
1.2198,-0.849834
1.23469,-0.92536
1.15348,-0.381652
1.17727,-0.533934
1.3122,-1.20728
1.22507,-0.72898
1.25619,-1.14018
1.21459,-1.05693
1.07164,0.377788
1.18168,-0.533832
1.21079,-0.756855
1.24102,-0.950511
1.29353,-1.38989
1.18805,-0.54134
1.13487,-0.406728
1.16112,-0.134013
1.19022,-0.182272
1.20209,-0.618384
1.18102,-0.746464
1.21834,-1.00775
1.1881,-0.559837
1.11428,0.199856
1.16295,-0.651488
1.14079,-0.285196
1.25286,-1.09922
1.11602,0.0426807
1.1197,-0.28548
1.17812,-0.564703
1.14613,-0.319064
1.25357,-1.05071
1.27449,-1.23007
1.18371,-0.716091
1.25982,-1.42728
1.18589,-0.451042
1.10663,-0.010987
1.22974,-0.860449
1.23048,-1.0137
1.21531,-0.792594
1.16085,-0.236212
1.07642,0.0859713
1.12244,-0.0308475
1.13795,-0.13984
1.18455,-0.244337
1.24456,-0.833797
1.12837,-0.00694747
1.17047,-0.588541
1.16897,-0.451606
1.17489,-0.377681
1.20662,-0.48661
1.1358,-0.122849
1.24487,-1.02307
1.19791,-0.757285
1.25685,-0.642088
1.08456,0.239636
1.17751,-0.555064
1.22608,-0.891234
1.21666,-0.764573
1.15723,-0.225447
1.15191,-0.428299
1.18321,-0.493103
1.16679,-0.475227
1.01333,0.414581
1.22919,-0.793755
1.17237,-0.0376294
1.28417,-1.33402
1.21811,-1.08767
1.23765,-0.809391
1.24243,-0.989773
1.10832,0.0412893
1.21585,-0.640949
1.13382,-0.0149737
1.20043,-0.807469
1.11042,-0.145666
1.18838,-0.613139
1.2022,-0.534631
1.18486,-0.362495
1.14772,-0.205525
1.21655,-0.821001
1.202,-0.477735
1.1983,-0.629292
1.18764,-0.282665
1.05945,0.357682
1.19433,-0.602061
1.18393,-0.267916
1.15739,-0.462329
1.18521,-0.359656
1.13668,0.160452
1.08835,0.062994
1.18487,-0.574872
1.0307,0.374304
1.19095,-0.501538
1.26284,-1.17941
1.12117,-0.162664
1.2151,-1.19291
1.19143,-0.565322
1.15928,0.0559147
1.05943,0.663007
1.2084,-0.383957
1.13036,-0.133411
1.23878,-0.895947
1.12411,0.0617269
1.16876,-0.304191
1.13664,-0.267865
1.19103,-0.445652
1.08883,0.216142
1.18803,-0.456573
1.23773,-1.02688
1.12903,-0.280015
1.32162,-1.42265
1.20766,-0.460204
1.36561,-1.66973
1.21006,-1.08728
1.17201,-0.68527
1.11147,0.136546
1.1071,0.0186446
1.15784,-0.367487
1.2705,-1.29818
1.14818,-0.372449
1.18374,-0.591802
1.21441,-0.796636
1.10325,-0.101381
1.19665,-0.556352
1.14438,-0.683498
1.23171,-0.766136
1.1372,-0.132869
1.26122,-1.12033
1.07522,0.472498
1.16992,-0.0788717
1.30297,-1.13269
1.04896,0.122295
1.20683,-0.734516
1.26235,-0.745754
1.05002,0.240647
1.15278,-0.515373
1.17284,-0.389921
1.09346,0.142294
1.2383,-0.871653
1.14935,-0.594671
1.18141,-0.577762
1.09889,-0.0447091
1.18629,-0.725048
1.14555,-0.334305
1.08345,-0.06522
1.21351,-0.871022
1.23694,-0.995738
1.30932,-1.01202
1.23466,-0.425651
1.14797,-0.403329
1.17701,-0.526758
1.26378,-1.00369
1.21802,-0.33141
1.17737,-0.517738
1.1178,-0.238188
1.13106,-0.423945
1.2891,-1.08275
1.13822,-0.0629982
1.17278,-0.527855
1.12704,0.0408382
1.2401,-0.660439
1.15146,-0.19706
1.17806,-0.260532
1.20959,-0.688484
1.14023,-0.408659
1.14411,-0.518738
1.21171,-0.688034
1.09085,0.182231
1.16169,-0.489599
1.10878,-0.351348
1.17699,-0.496383
1.09436,0.007296
1.14955,-0.210188
1.19178,-0.483172
1.07194,0.0826413
1.26007,-1.23926
1.14041,-0.47673
1.20778,-0.930173
1.28439,-1.20088
1.12621,-0.162172
1.17221,-0.226508
1.17728,-0.552184
1.22022,-0.657702
1.24245,-0.848505
1.13305,-0.304334
1.21502,-0.559787
1.17581,-0.390075
1.0813,0.184712
1.11421,0.118182
1.10713,-0.138913
1.2064,-0.461588
1.18549,-0.932654
1.14046,-0.309023
1.12409,0.1672
1.20542,-0.274113
1.12807,-0.306471
1.16507,-0.0372956
1.31267,-1.1097
1.17097,-0.519354
1.23019,-0.848142
1.2162,-1.14651
1.15154,-0.364719
1.14109,-0.0178866
1.16571,-0.34571
1.15719,-0.495547
1.2258,-0.69528
1.15978,-0.0816521
1.16042,-0.404168
1.15256,-0.14317
1.25252,-0.85612
1.1722,-0.381835
1.24419,-0.709753
1.3071,-1.21964
1.24532,-1.00614
1.22262,-0.760703
1.1772,-0.513093
1.14926,-0.415021
1.24802,-0.860505
1.07155,0.0682124
1.18809,-0.301653
1.15692,-0.632811
1.13095,-0.0935159
1.05962,0.281443
1.15539,-0.401031
1.13552,-0.610733
1.11462,0.0637161
1.25374,-0.955497
1.14589,-0.182456
1.19239,-0.534704
1.12654,-0.150573
1.14196,-0.0602648
1.31134,-1.50352
1.18646,-0.550503
1.23625,-0.891529
1.19854,-0.61788
1.22955,-0.983649
1.26161,-1.07175
1.24228,-0.888699
1.19247,-0.654998
1.24613,-0.638502
1.18409,-0.482309
1.17015,-0.300552
1.11481,-0.33889
1.17641,-0.67451
1.1535,-0.455648
1.20286,-0.543126
1.12759,-0.302631
1.1111,0.260677
1.12944,-0.352605
1.20353,-0.470847
1.218,-0.633733
1.17804,-0.501177
1.13582,-0.418734
1.20356,-0.922794
1.20266,-0.598417
1.13904,-0.156047
1.04307,0.488591
1.10006,-0.165882
1.06673,0.0541587
1.17724,0.107323
1.15002,-0.398538
1.19233,-0.484007
1.24207,-1.10243
1.22267,-0.706474
1.23543,-0.79821
1.20255,-0.501726
1.05504,0.000652141
1.1473,-0.20171
1.26384,-0.997554
1.17351,-0.523302
1.15473,-0.438648
1.25375,-1.02413
1.0785,-0.152105
1.17184,-0.33697
1.20013,-0.708866
1.30978,-1.24287
1.1804,-0.596324
1.09516,0.155506
1.19091,-0.617132
1.1281,-0.354494
1.14578,-0.387274
1.18399,-0.457887
1.0743,-0.256088
1.20595,-0.715064
1.20796,-0.552568
1.23965,-1.01298
1.21176,-1.07981
1.15846,-0.321375
1.22696,-0.681757
1.25842,-1.05536
1.17359,-0.513283
1.20327,-0.57367
1.10383,-0.0190588
1.15413,-0.359895
1.13351,0.0674542
1.17668,-0.657958
1.14218,-0.219253
1.1904,-0.808532
1.09857,-0.134538
1.19138,-0.532411
1.19114,-0.890872
1.19035,-0.811937
1.12843,-0.0967954
1.08316,-0.147793
1.12157,-0.0609686
1.16126,-0.423494
1.24517,-0.746378
1.09266,-0.0979005
1.13648,-0.41866
1.26112,-1.11304
1.3134,-0.996392
1.22161,-0.703041
1.24712,-0.775717
1.23404,-0.900364
1.24143,-1.13901
1.24277,-0.940004
1.18907,-0.558976
1.25925,-1.13423
1.22712,-0.864193
1.11439,-0.00371428
1.19753,-0.318778
1.18756,-0.511082
1.15632,0.0582135
1.22783,-1.0104
1.26132,-1.02663
1.24311,-0.824352
1.17792,-0.303574
1.14998,-0.220695
1.25698,-1.26242
1.24279,-0.667938
1.27034,-1.21269
1.20119,-0.828474
1.18374,-0.41685
1.13767,-0.539822
1.20318,-0.40478
1.28391,-1.24898
1.25704,-0.89093
1.07851,0.120487
1.29514,-1.36365
1.36416,-1.64272
1.23115,-0.943274
1.25804,-1.13034
1.36536,-1.8021
1.07724,0.279175
1.18904,-0.49146
1.13297,-0.202281
1.1319,-0.210045
1.17734,-0.52773
1.07354,0.37171
1.11612,-0.459624
1.11103,-0.157641
1.14609,-0.315074
1.25626,-0.8865
1.19704,-0.616673
1.32792,-1.36947
1.15733,-0.249357
1.21612,-0.462708
1.24419,-0.696729
1.26341,-0.821477
1.11503,0.132451
1.2215,-0.727862
1.08754,-0.0188787
1.26008,-0.9674
1.1908,-0.454481
1.21028,-0.847342
1.20491,-0.710582
1.14412,-0.181052
1.3072,-1.31814
1.34075,-1.52128
1.23512,-0.55977
1.2373,-0.976606
1.23528,-1.06952
1.23215,-0.765536
1.2435,-1.22537
1.21804,-1.1046
1.15094,-0.470805
1.14634,-0.149582
1.17399,-0.521574
1.18479,-0.485283
1.16844,-0.471209
1.14252,-0.260904
1.13755,-0.0924895
1.25599,-1.1503
1.19211,-0.463193
1.18818,-0.528474
1.22308,-0.489405
1.19351,-0.703884
1.22338,-0.937018
1.16259,-0.363678
1.16575,-0.669922
1.11829,0.140707
1.22466,-0.853557
1.16384,-0.0770396
1.11793,-0.315619
1.14107,-0.230821
1.17776,-0.253202
1.18304,-0.333597
1.24343,-0.945974
1.24262,-1.03799
1.23359,-0.543201
1.27265,-1.04151
1.19967,-0.808971
1.22368,-0.899185
1.21335,-1.05698
1.17588,-0.258824
1.23188,-0.767281
1.18432,-0.664505
1.25462,-1.15009
1.20531,-0.488385
1.16748,-0.718498
1.11913,-0.168331
1.17255,-0.697242
1.19575,-0.560409
1.19021,-0.993338
1.21509,-0.883425
1.19419,-0.545854
1.31378,-1.21872
1.25658,-1.04467
1.2472,-0.78971
1.26157,-1.00866
1.26734,-1.01105
1.24547,-1.01864
1.1906,-0.730918
1.24831,-1.16253
1.25238,-0.910221
1.17433,-0.477506
1.23208,-0.592544
1.15429,-0.685068
1.19782,-0.537864
1.13584,-0.514722
1.25307,-0.934902
1.15623,-0.51112
1.15164,-0.419427
1.15863,-0.227629
1.14851,-0.0578167
1.23245,-1.11224
1.3193,-1.40532
1.15173,-0.443355
1.11051,0.187881
1.20463,-0.646792
1.13463,-0.170928
1.23794,-0.862275
1.19501,-0.674665
1.31,-1.2133
1.17315,-0.540205
1.1733,-0.633447
1.22097,-0.545872
1.20377,-0.417555
1.20465,-0.747097
1.18653,-0.436253
1.14764,-0.213494
1.13624,-0.393253
1.22764,-0.531229
1.12663,-0.254741
1.17684,-0.813069
1.14661,-0.549188
1.1826,-0.509615
1.18432,-0.770987
1.13197,-0.146966
1.12627,-0.253284
1.22528,-0.731259
1.17092,-0.305658
1.19574,-0.615376
1.13124,-0.24802
1.1604,-0.233928
1.25958,-1.22195
1.13119,-0.281519
1.18771,-0.622886
1.16697,-0.0665349
1.22066,-0.807937
1.19814,-0.591215
1.23522,-0.691357
1.20071,-0.678661
1.18409,-0.503928
1.18215,-0.850797
1.20461,-0.656265
1.25657,-1.04166
1.25838,-0.863083
1.2812,-1.14399
1.2243,-0.631268
1.2271,-0.767959
1.06382,0.16529
1.18222,-0.50104
1.28003,-0.927029
1.23037,-0.80055
1.26695,-1.05898
1.14156,-0.33564
1.06678,0.465291
1.2251,-0.730552
1.19645,-0.731157
1.17449,-0.690847
1.16639,-0.471291
1.20841,-0.473281
1.13063,-0.0997527
1.17992,-0.395019
1.24514,-0.916347
1.08756,-0.0680535
1.2213,-0.938931
1.14043,-0.389661
1.14118,-0.13129
1.19243,-0.729592
1.20839,-0.671808
1.2389,-0.721866
1.12673,-0.239703
1.13665,-0.272369
1.23325,-0.684991
1.15939,-0.280054
1.21627,-0.799158
1.22296,-0.814769
1.11476,-0.0150675
1.11714,-0.1841
1.10532,0.00307894
1.15081,-0.0837069
1.35243,-1.66188
1.22789,-0.855993
1.06586,0.264501
1.25033,-0.782873
1.17852,0.0203173
1.17027,-0.362866
1.27587,-1.07261
1.20323,-0.739581
1.32843,-1.59165
1.22807,-1.12531
1.24232,-0.736825
1.25398,-0.991657
1.21283,-0.863357
1.16065,-0.409458
1.13174,-0.218054
1.0657,0.574337
1.20627,-1.07711
1.32307,-1.46808
1.23159,-0.911074
1.15027,-0.339302
1.14241,-0.0896772
1.194,-0.473242
1.21983,-0.716995
1.18673,-0.557587
1.16842,-0.524464
1.18175,-0.301901
1.21681,-0.942873
1.26183,-0.896778
1.15195,-0.140264
1.25853,-0.769141
1.1061,0.293018
1.16534,-0.40251
1.2582,-1.09691
1.08142,0.316558
1.17226,-0.41131
1.10617,-0.220992
1.21585,-0.384564
1.11427,-0.139658
1.20576,-0.45122
1.27474,-0.994491
1.18434,-0.407964
1.15019,-0.369721
1.19013,-0.576245
1.15504,-0.385621
1.25201,-0.821717
1.18119,-0.572833
1.18426,-0.477835
1.15306,-0.464976
1.24522,-1.1406
1.16143,-0.379994
1.26546,-1.08379
1.19831,-0.405844
1.19809,-0.220471
1.15269,-0.210605
1.22268,-0.851367
1.0519,0.404952
1.14664,-0.305226
1.12625,-0.476685
1.12525,-0.0320489
1.19553,-0.546363
1.18648,-0.571926
1.1573,-0.297244
1.19998,-0.551368
1.1367,-0.407944
1.10938,0.431083
1.08149,0.141116
1.11386,-0.0345025
1.19961,-0.616558
1.19956,-0.665787
1.19115,-0.863247
1.25829,-0.778383
1.20727,-0.768851
1.26391,-0.795068
1.24743,-0.772688
1.1667,-0.211169
1.20264,-0.695484
1.25624,-0.886273
1.20026,-0.58579
1.17431,-0.403913
1.182,-0.404553
1.13908,-0.371075
1.20799,-0.378074
1.22288,-0.932124
1.2175,-0.660657
1.25207,-1.01906
1.12059,-0.0166384
1.21485,-0.567019
1.19823,-0.513601
1.15603,-0.525852
1.22801,-0.953301
1.27794,-1.00382
1.22616,-0.628689
1.1079,0.00369095
1.17914,-0.526604
1.18052,-0.414385
1.09865,0.0692292
1.17172,-0.230202
1.11756,-0.188778
1.19117,-0.439227
1.1859,-0.666495
1.14704,-0.31669
1.24107,-0.680061
1.09998,-0.0472836
1.18485,-0.679893
1.25152,-0.991843
1.1127,-0.105036
1.07406,0.147822
1.14065,-0.352532
1.21187,-0.82437
1.15872,-0.454447
1.26074,-0.925522
1.04981,0.630233
1.19787,-0.585892
1.13353,-0.104948
1.18606,-0.651875
1.20531,-0.644361
1.15451,-0.0853069
1.16091,-0.523126
1.2234,-0.754314
1.13212,-0.0985146
1.24716,-0.894657
1.18157,-0.877679
1.00931,0.424818
1.17981,-0.256379
1.161,-0.482179
1.1382,-0.0401496
1.22662,-0.880246
1.18757,-0.651118
1.07548,-0.19602
1.09904,-0.0247508
1.2197,-0.946864
1.18699,-0.743656
1.13775,-0.348705
1.17929,-0.415276
1.25426,-0.95516
1.26797,-0.998649
1.20842,-1.0738
1.12287,0.0930304
1.14474,0.0141233
1.15829,-0.30415
1.25007,-1.11629
1.09671,0.156642
1.15364,-0.662202
1.17634,-0.427071
1.16264,-0.344597
1.07542,-0.00946981
1.20632,-0.93421
1.24846,-1.06613
1.20375,-0.339141
1.09941,0.0213638
1.2568,-1.07263
1.26604,-1.00738
1.06481,0.314824
1.13839,-0.0897319
1.11283,0.0679735
1.23941,-0.522181
1.17231,-0.425682
1.23914,-0.735693
1.28717,-1.05386
1.15997,-0.289663
1.2188,-0.603858
1.17085,-0.540171
1.25186,-0.883891
1.19971,-0.530745
1.11796,0.0136486
1.10619,-0.039052
1.16744,-0.374817
1.15391,0.00620651
1.13997,-0.284505
1.11648,0.104737
1.17849,-0.604625
1.18551,-0.523695
1.1146,-0.124853
1.15574,-0.682401
1.16153,-0.419419
1.14392,-0.318911
1.11271,-0.332949
1.21776,-0.639989
1.29581,-1.28232
1.19343,-0.314518
1.23542,-0.830906
1.22549,-0.732444
1.21811,-0.606046
1.25407,-1.10833
1.075,-0.0274045
1.14465,-0.31412
1.08904,0.0356167
1.2442,-0.700704
1.08035,0.317795
1.07626,0.226749
1.23744,-1.20794
1.15477,-0.119548
1.09331,-0.0667874
1.09743,0.0588188
1.2214,-0.614567
1.32379,-1.52894
1.20876,-0.674071
1.28453,-1.53986
1.1552,-0.123876
1.21779,-0.71695
1.25828,-1.1334
1.18787,-0.418062
1.22918,-0.81277
1.19855,-0.23522
1.19807,-0.512727
1.20712,-0.752732
1.22128,-0.762214
1.14691,-0.229314
1.18524,-0.597159
1.24218,-0.965881
1.2144,-0.850586
1.12762,-0.267224
1.14498,-0.221658
1.1682,-0.66836
1.17814,-0.73231
1.17584,-0.422394
1.19458,-0.443825
1.30507,-1.0431
1.20523,-1.16876
1.23661,-1.01257
1.15,-0.31476
1.16177,-0.33577
1.08568,0.148183
1.1843,-0.492289
1.11759,0.0679871
1.14597,-0.452052
1.11437,-0.159852
1.16551,-0.219058
1.18819,-0.489815
1.12702,-0.159955
1.13897,-0.478424
1.20172,-0.654209
1.17352,-0.524492
1.2516,-0.879035
1.13699,-0.0986397
1.27894,-1.03405
1.13178,-0.295996
1.18783,-0.234621
1.17092,-0.535219
1.16248,-0.211783
1.20376,-0.675735
1.26692,-1.04668
1.14714,-0.357263
1.25361,-0.734671
1.24874,-0.5221
1.20078,-0.900231
1.23541,-0.911795
1.22751,-0.942476
1.21568,-0.466453
1.24192,-1.11677
1.16248,-0.312327
1.26003,-1.37946
1.15703,-0.367102
1.224,-0.955262
1.12187,-0.320627
1.23305,-0.562795
1.15486,0.00915155
1.20221,-0.779768
1.17258,-0.605948
1.22282,-1.17862
1.0883,0.0268805
1.17553,-0.144915
1.14221,-0.0411177
1.28628,-1.12462
1.16836,-0.531211
1.21985,-0.429503
1.17853,-0.246314
1.17197,-0.555784
1.17172,-0.826198
1.14758,-0.614302
1.18211,-0.427938
1.19506,-0.54668
1.12478,-0.0840437
1.12471,-0.157826
1.12087,-0.0707605
1.26508,-0.789677
1.20174,-0.562959
1.23111,-0.777501
1.17324,-0.25693
1.20292,-0.603501
1.11171,-0.178687
1.22836,-0.707846
1.19719,-0.451691
1.19602,-0.755161
1.19667,-0.615566
1.19434,-0.522923
1.21759,-0.340677
1.30326,-1.63335
1.20708,-1.00454
1.23951,-0.780028
1.14138,-0.317397
1.13888,-0.248036
1.10878,-0.316553
1.25149,-1.00299
1.10381,-0.0899377
1.15086,-0.263848
1.18446,-0.735581
1.19661,-0.696765
1.28626,-0.825489
1.2307,-0.828343
1.15443,-0.59965
1.15748,-0.53236
1.19767,-0.501499
1.14426,-0.21722
1.25868,-0.885716
1.15988,-0.11877
1.18079,-0.521433
1.24509,-0.733392
1.15082,-0.609357
1.19764,-0.438836
1.16282,-0.534518
1.22751,-0.943377
1.20592,-0.835538
1.30721,-1.08535
1.21886,-0.750973
1.11265,-0.098772
1.12008,0.073952
1.18878,-0.469175
1.06061,0.444765
1.18335,-0.571678
1.29662,-1.38533
1.07527,0.31632
1.13495,-0.0876189
1.04917,0.190853
1.26752,-1.16641
1.2235,-0.842062
1.11917,-0.120294
1.13112,-0.191922
1.31789,-1.68608
1.16836,-0.342442
1.22418,-0.808528
1.15891,-0.154457
1.19994,-0.685428
1.16405,-0.802267
1.14211,-0.346253
1.15019,-0.516033
1.17416,-0.426441
1.06173,0.250502
1.16117,-0.809218
1.14559,-0.252883
1.13674,-0.411041
1.10865,-0.382194
1.16687,-0.367962
1.21467,-0.93208
1.20919,-0.916938
1.12945,-0.0154733
1.26341,-1.06586
1.1093,-0.127308
1.11795,-0.115938
1.24794,-0.781918
1.21837,-0.375277
1.13771,-0.391914
1.11643,0.0823586
1.25626,-1.16197
1.18707,-0.619338
1.19117,-0.791655
1.20738,-0.478225
1.17267,-0.261639
1.05789,0.277143
1.19105,-0.604885
1.20335,-0.563004
1.21355,-0.629351
1.17473,-0.295873
1.16367,-0.532586
1.19684,-0.791628
1.23657,-0.576509
1.13376,-0.28082
1.17874,-0.831498
1.2493,-0.764525
1.22149,-0.975304
1.13634,-0.353067
1.1126,-0.620614
1.32838,-1.49986
1.14738,-0.0638783
1.244,-0.974347
1.07406,0.283188
1.18032,-0.56243
1.15726,-0.3668
1.14971,-0.364539
1.2215,-0.645371
1.11106,0.0473879
1.27947,-1.00585
1.26417,-1.18166
1.10454,0.0992073
1.13724,-0.311442
1.11217,-0.240184
1.22768,-0.661609
1.16779,-0.715272
1.04021,0.431855
1.22105,-0.831309
1.10088,0.266709
1.20211,-0.777557
1.13257,-0.215873
1.17996,-0.406966
1.14433,-0.146795
1.20228,-0.495894
1.28612,-1.21887
1.22819,-0.685878
1.1354,-0.439661
1.16503,-0.699201
1.1093,-0.0942443
1.2126,-0.480953
1.21414,-0.584679
1.19351,-0.624354
1.13867,-0.442869
1.18837,-0.590793
1.29954,-0.900904
1.05967,0.454216
1.21145,-0.856454
1.29641,-1.0864
1.21438,-0.62969
1.07694,-0.15241
1.21459,-0.602574
1.19502,-0.838728
1.18571,-0.540089
1.21024,-0.714134
1.17483,-0.539632
1.13875,-0.320009
1.22772,-0.910127
1.18414,-0.694195
1.12292,-0.0662226
1.21844,-0.729617
1.16673,-0.272131
1.18063,-0.266287
1.19963,-0.775803
1.07625,0.0670358
1.09635,0.0722409
1.24095,-1.07706
1.20474,-0.578841
1.07036,0.312054
1.19513,-0.37917
1.15294,-0.596112
1.32879,-1.4136
1.17281,-0.611223
1.17473,-0.264663
1.16134,-0.521729
1.11542,-0.380635
1.13616,-0.115553
1.24123,-0.645874
1.11628,-0.169158
1.193,-0.369874
1.10773,0.0690312
1.07112,0.0806539
1.17888,-0.282732
1.19631,-1.21266
1.12049,-0.15218
1.22992,-0.910621
1.2464,-1.00515
1.14445,0.0367328
1.12688,-0.318193
1.02243,0.586257
1.23229,-0.854166
1.21304,-0.796457
1.12855,0.0543278
1.2345,-0.647228
1.21074,-0.68562
1.14425,-0.23477
1.22991,-0.97799
1.22481,-0.693173
1.1253,-0.247292
1.24949,-0.950126
1.25707,-1.10091
1.27513,-1.2487
1.17733,-0.701997
1.1983,-0.584451
1.20681,-0.668246
1.15333,-0.15287
1.14855,0.0490018
1.12509,-0.394408
1.15439,-0.272471
1.18158,-0.536525
1.09796,-0.0216902
1.12518,-0.350161
1.21076,-0.588649
1.25055,-1.01796
1.21658,-0.408432
1.12713,-0.257858
1.26509,-1.26851
1.20082,-0.749804
1.15418,-0.287076
1.20016,-0.720746
1.15345,-0.651366
1.22203,-0.537793
1.19542,-0.640754
1.16551,-0.293937
1.24688,-0.602698
1.21683,-0.561498
1.1382,-0.0953396
1.13179,-0.20017
1.13877,-0.271436
1.2054,-0.36823
1.20406,-0.654875
1.21689,-0.896397
1.16938,-0.483157
1.16883,-0.392257
1.15313,-0.141465
1.13739,-0.196018
1.14101,-0.161397
1.22973,-0.882171
1.29327,-1.47106
1.20163,-0.649268
1.13107,-0.0881547
1.18398,-0.754051
1.26034,-1.16342
1.13305,-0.224444
1.20673,-0.708054
1.07657,0.361835
1.2194,-0.869989
1.28306,-1.27694
1.21393,-0.815146
1.24564,-1.12511
1.25455,-1.19719
1.12056,-0.152873
1.15383,-0.164828
1.14418,-0.434857
1.15439,-0.511357
1.28933,-1.28641
1.2026,-0.332362
1.16187,-0.355386
1.18432,-0.460581
1.28269,-1.28951
1.14531,-0.29977
1.22297,-0.531177
1.31089,-1.47382
1.2591,-0.861178
1.23487,-0.976053
1.19499,-0.62454
1.24742,-1.08633
1.17615,-0.472367
1.17744,-0.756054
1.17319,-0.566454
1.26254,-1.11294
1.16765,-0.354568
1.10404,-0.147283
1.25914,-1.02338
1.1527,-0.381186
1.18821,-0.383806
1.12388,-0.333968
1.18004,-0.594989
1.17977,-0.751224
1.10148,-0.0662668
1.22587,-0.655031
1.10509,0.0554246
1.19547,-0.665029
1.16816,-0.64866
1.2381,-0.826393
1.20552,-0.862011
1.19949,-0.353926
1.20694,-0.625586
1.17871,-0.497299
1.16181,-0.208884
1.12749,-0.317998
1.08733,0.164132
1.22788,-0.771383
1.17366,-0.540996
1.2114,-0.720209
1.14129,-0.236489
1.29004,-1.48811
1.18024,-0.487535
1.17694,-0.770195
1.21985,-0.665485
1.26425,-0.911832
1.1634,-0.633493
1.16851,-0.156585
1.23508,-0.590274
1.08539,-0.021625
1.12204,-0.0370866
1.25302,-0.805358
1.10506,-0.244843
1.14785,-0.169104
1.31092,-1.48379
1.16832,-0.580799
1.25929,-0.717013
1.24598,-0.676994
1.11828,-0.368794
1.13692,-0.122544
1.17693,-0.393034
1.19315,-0.622647
1.17563,-0.599086
1.2068,-1.01827
1.25269,-1.04788
1.12029,0.0260221
1.04729,0.316962
1.23156,-0.71757
1.24477,-0.950105
1.17663,-0.646142
1.05694,0.107255
1.19362,-0.783493
1.2668,-0.720242
1.26598,-0.929253
1.14518,-0.271333
1.17245,-0.548241
1.22736,-0.834402
1.15397,-0.458868
1.11816,0.0937836
1.16906,-0.491084
1.16043,-0.309977
1.13411,-0.0434808
1.09351,-0.092976
1.19186,-0.549989
1.14504,-0.405395
1.20156,-0.570142
1.15092,-0.398359
1.11093,0.193643
1.16221,-0.385335
1.15068,-0.398113
1.02487,0.513593
1.1474,-0.146131
1.13135,-0.283522
1.23877,-0.791113
1.25317,-0.999816
1.0969,-0.0614958
1.19569,-0.765893
1.19324,-0.673155
1.15467,-0.459917
1.17317,-0.684171
1.12841,-0.18819
1.17488,-0.242767
1.23619,-0.82672
1.19895,-0.65757
1.16617,-0.561831
1.27309,-1.23644
1.16524,-0.579687
1.23135,-0.44972
1.1583,-0.269092
1.17339,-0.461329
1.21301,-0.710464
1.13942,-0.0965116
1.14877,-0.720592
1.11307,-0.30032
1.25442,-0.652279
1.12282,-0.176698
1.13793,-0.345596
1.19926,-0.510548
1.2327,-0.557348
1.18505,-0.688986
1.15589,-0.52185
1.31911,-1.21559
1.18496,-0.362943
1.09543,-0.181869
1.17141,-0.462794
1.18748,-0.689399
1.11741,-0.0564896
1.13945,-0.378334
1.29112,-0.763998
1.31089,-1.52209
1.22145,-0.692564
1.09271,0.0372327
1.10117,0.112873
1.26266,-0.844938
1.18903,-0.387507
1.23613,-0.742261
1.15592,-0.137644
1.18829,-0.648394
1.235,-1.14207
1.17059,-0.731405
1.20282,-0.707467
1.1821,-0.480738
1.21603,-0.272315
1.19663,-0.514406
1.19621,-0.862917
1.18937,-0.605388
1.26204,-0.963656
1.24733,-1.05044
1.2225,-0.732484
1.12257,-0.00197942
1.22028,-0.657686
1.24598,-1.00487
1.22897,-1.05741
1.22385,-0.973534
1.16323,-0.322339
1.19264,-0.477362
1.16493,-0.342312
1.18199,-0.534174
1.19757,-0.389867
1.20616,-0.504736
1.21091,-0.792307
1.17434,-0.631581
1.18043,-0.504635
1.20179,-0.770339
1.16581,-0.577774
1.19807,-0.472737
1.09938,-0.122234
1.11375,0.0212302
1.16016,-0.630788
1.10484,0.403739
1.22318,-0.807097
1.19645,-0.597867
1.21464,-0.649246
1.16658,-0.639262
1.12942,-0.0808611
1.18174,-0.260938
1.10422,-0.163848
1.24393,-0.867763
1.257,-1.06515
1.14464,-0.20459
1.19892,-0.582141
1.11276,-0.143927
1.23685,-0.81243
1.16466,-0.563524
1.2081,-1.29291
1.17768,-0.195914
1.14839,-0.333961
1.101,0.4733
1.16504,-0.185399
1.20903,-0.725296
1.18973,-0.699597
1.14088,-0.400114
1.23807,-1.10736
1.12358,-0.170271
1.26944,-0.992174
1.12251,-0.0302793
1.13112,-0.436675
1.18513,-0.417868
1.22497,-0.785463
1.07492,-0.0213621
1.16027,-0.200302
1.21845,-0.855872
1.21633,-0.631471
1.18256,-0.690674
1.16696,-0.527945
1.13344,-0.244503
1.15083,-0.352529
1.14994,-0.333568
1.11979,-0.215225
1.22338,-0.741368
1.18301,-0.112153
1.20407,-0.293146
1.13943,-0.430913
1.22211,-0.941836
1.12372,-0.357685
1.19496,-1.00681
1.10915,-0.0251362
1.24485,-0.746808
1.14706,-0.197126
1.12195,-0.0344279
1.21651,-0.714715
1.15209,-0.548404
1.21107,-0.568035
1.30148,-0.995221
1.05372,0.354327
1.09564,-0.0094189
1.27253,-1.13601
1.24112,-0.828053
1.15764,-0.166705
1.17532,-0.38222
1.14488,-0.00861177
1.14638,-0.200469
1.11594,-0.26595
1.24993,-1.22276
1.20947,-0.668333
1.2153,-0.531144
1.16932,-0.484182
1.0547,-0.0196088
1.21222,-0.7151
1.14754,-0.3584
1.16535,-0.517485
1.1107,-0.276356
1.11492,-0.336796
1.13467,-0.465546
1.17435,-0.383527
1.14679,-0.519618
1.10628,-0.322408
1.2105,-0.508306
1.15687,-0.422201
1.17071,-0.376095
1.21799,-0.817417
1.20228,-0.957596
1.26138,-0.932487
1.16238,-0.351395
1.04934,0.603354
1.21124,-0.710428
1.16791,-0.528529
1.18759,-0.422885
1.32624,-1.19232
1.17193,-0.747392
1.23582,-1.08045
1.20031,-0.714551
1.18589,-0.316982
1.2107,-0.977316
1.18012,-0.521973
1.18415,-0.342694
1.20829,-0.566434
1.08846,0.0710033
1.25443,-1.1227
1.19549,-0.667437
1.17589,-0.436906
1.16263,-0.479754
1.1384,-0.330175
1.24131,-0.873008
1.26863,-1.18938
1.18996,-0.669895
1.18445,-0.633411
1.11557,-0.293173
1.25128,-0.941019
1.13548,0.0331091
1.16301,-0.533086
1.16318,-0.390496
1.21377,-0.483354
1.27911,-0.908025
1.16858,-0.481792
1.13114,-0.254863
1.16126,-0.407215
1.08126,0.23239
1.18722,-0.542207
1.16958,-0.344496
1.18385,-0.289948
1.16229,-0.661343
1.22585,-0.860558
1.2817,-1.27603
1.14409,-0.471427
1.21262,-0.682474
1.13413,-0.481939
1.16512,-0.6484
1.19537,-0.428303
1.22931,-1.02225
1.14083,-0.70438
1.24699,-1.01995
1.24569,-1.06503
1.17299,-0.291055
1.1371,-0.216083
1.30683,-1.19006
1.1143,-0.119806
1.12601,-0.370031
1.12169,-0.259984
1.21283,-0.452389
1.05885,0.242184
1.08967,-0.219285
1.12472,-0.157087
1.20661,-0.60473
1.16538,-0.400765
1.21997,-0.835815
1.24728,-1.02136
1.14508,-0.208903
1.18853,-0.664483
1.18732,-0.672664
1.16342,-0.554666
1.1725,-0.277216
1.28837,-1.39434
1.16564,-0.530265
1.13752,-0.355017
1.10122,-0.252402
1.11827,-0.207999
1.23475,-0.905229
1.1716,-0.441914
1.19534,-0.262162
1.14708,-0.478766
1.19843,-0.58413
1.29687,-1.36143
1.18515,-0.528509
1.18497,-0.53695
1.01924,0.352045
1.16737,-0.607734
1.14862,-0.408773
1.25046,-1.19
1.19241,-0.589855
1.22542,-0.549004
1.24446,-0.879853
1.22287,-0.417301
1.16997,-0.295082
1.21355,-0.704058
1.13177,-0.411253
1.21548,-0.41338
1.23919,-0.838363
1.21215,-0.73067
1.19438,-0.579855
1.15976,-0.341501
1.13258,-0.149695
1.24074,-1.04528
1.20435,-0.801051
1.15665,-0.492888
1.12962,-0.195974
1.18026,-0.454351
1.07224,0.541366
1.14283,-0.239038
1.17136,-0.564279
1.12329,-0.260292
1.1467,-0.330257
1.17978,-0.346168
1.22592,-1.2324
1.21669,-0.8052
1.23566,-1.08928
1.17657,-0.604306
1.21319,-0.507161
1.22245,-1.13242
1.22314,-0.775255
1.12211,-0.148628
1.16322,-0.200088
1.099,-0.0655443
1.2193,-0.554899
1.1482,-0.0763161
1.23116,-1.08194
1.1925,-0.648854
1.13914,-0.151223
1.27699,-1.02436
1.20877,-0.59561
1.22219,-0.773019
1.11247,-0.0150048
1.11878,-0.0682
1.20717,-0.705496
1.19816,-0.581998
1.26277,-0.87774
1.3174,-1.14535
1.17456,-0.411622
1.20875,-0.976821
1.08702,0.248484
1.30357,-1.2425
1.16838,-0.293177
1.14117,-0.363374
1.30493,-1.1591
1.20671,-0.704679
1.24116,-1.06128
1.27271,-1.20028
1.1385,-0.186068
1.15477,-0.391978
1.12139,-0.390718
1.27437,-1.01608
1.15356,-0.777578
1.22266,-1.02368
1.29037,-0.84279
1.16631,-0.409265
1.12195,-0.122378
1.07607,0.110834
1.16301,-0.16336
1.22146,-0.707034
1.05485,0.238554
1.18891,-0.895864
1.21777,-0.738926
1.0893,0.246418
1.19605,-0.646483
1.10252,-0.0437992
1.17068,-0.408916
1.21116,-0.959527
1.14074,-0.429719
1.12691,-0.183453
1.09364,0.0331497
1.16397,-0.775851
1.18288,-0.555688
1.16947,-0.27612
1.17873,-0.553263
1.19,-0.572401
1.2233,-0.762615
1.25801,-0.866138
1.19952,-0.575226
1.20786,-0.751674
1.22461,-0.672151
1.18546,-0.900134
1.15588,-0.389542
1.30255,-1.33206
1.10415,0.0514835
1.2355,-0.850206
1.14955,-0.36996
1.20208,-0.836283
1.20717,-0.744622
1.0727,0.20263
1.21745,-0.439889
1.15496,-0.624061
1.19988,-0.967337
1.18515,-0.241358
1.10483,0.121583
1.15467,-0.457953
1.15792,-0.504182
1.15875,-0.167803
1.27712,-1.12145
1.23309,-0.932148
1.21392,-0.772665
1.16033,-0.58172
1.12225,-0.1322
1.18558,-0.228107
1.23153,-0.903538
1.14804,-0.301866
1.18196,-0.64779
1.16082,-0.282825
1.13986,-0.265034
1.17553,-0.386233
1.18848,-0.534459
1.13185,-0.173551
1.18661,-0.756685
1.18821,-0.852843
1.1188,-0.107504
1.20184,-0.773874
1.13704,-0.238514
1.11969,-0.0210211
1.20255,-0.624942
1.17659,-0.499863
1.08837,0.113121
1.15141,-0.53352
1.256,-0.674084
1.21867,-0.746005
1.19659,-0.617001
1.2398,-0.977384
1.15901,-0.367359
1.1754,-0.317302
1.23027,-0.938182
1.23402,-1.09243
1.19775,-0.714118
1.16379,-0.469314
1.19855,-0.653211
1.15524,-0.245723
1.28444,-1.39983
1.12969,-0.23422
1.11998,-0.0289234
1.1326,-0.337932
1.11736,0.0446837
1.10344,-0.200322
1.20518,-0.688796
1.17146,-0.355663
1.32409,-1.36184
1.1937,-0.786252
1.22134,-0.88675
1.20472,-0.956707
1.24132,-0.711875
1.24807,-0.979526
1.20858,-0.326628
1.23348,-0.870533
1.17116,-0.751257
1.1307,-0.297891
1.13218,-0.143006
1.09666,-0.181581
1.11597,0.0188937
1.19649,-0.612715
1.12532,0.0506785
1.12366,-0.301091
1.18624,-0.301298
1.14244,-0.31532
1.26585,-1.14588
1.14196,-0.390634
1.2358,-0.828233
1.2391,-0.783823
1.22979,-0.768625
1.1701,-0.289542
1.30112,-1.27333
1.15885,-0.556052
1.18966,-0.744004
1.24334,-0.854895
1.19735,-0.598138
1.26042,-0.941498
1.10499,-0.116929
1.21852,-0.838598
1.2162,-0.793128
1.19782,-0.585047
1.24473,-0.995901
1.17758,-0.321356
1.24942,-1.25055
1.22163,-0.831
1.16665,-0.460807
1.1594,-0.627355
1.16845,-0.10492
1.10391,-0.0376315
1.20514,-0.645617
1.10792,0.0122835
1.18803,-0.269432
1.22547,-0.970673
1.13189,-0.263903
1.14754,-0.242145
1.16808,-0.312164
1.15097,-0.287148
1.10907,0.185097
1.2125,-0.597048
1.28505,-0.975911
1.1511,-0.184631
1.11211,0.0555261
1.18062,-0.385068
1.1057,-0.122503
1.11609,-0.059124
1.10072,0.21736
1.13465,-0.169152
1.29263,-1.36116
1.1689,-0.355383
1.14648,-0.29899
1.21855,-0.270663
1.18768,-0.358298
1.2407,-0.957529
1.19298,-0.533436
1.17518,-0.305192
1.08137,0.0632901
1.20041,-0.979541
1.18312,-0.269953
1.23408,-1.09167
1.2255,-0.553192
1.22466,-1.05484
1.19085,-0.618948
1.24007,-0.715044
1.23152,-0.63424
1.16016,-0.0645712
1.17622,-0.507615
1.17611,-0.388536
1.11728,-0.456418
1.12484,-0.184709
1.11118,-0.294935
1.1786,-0.495008
1.22699,-1.01266
1.2832,-0.91587
1.22918,-0.776874
1.19625,-0.345077
1.21203,-0.695921
1.18151,-0.254474
1.27661,-0.94579
1.29327,-1.32426
1.187,-0.786405
1.30092,-1.05827
1.18763,-0.342043
1.04729,0.283282
1.11589,-0.0405884
1.14941,-0.270238
1.17121,-0.319871
1.25164,-0.812098
1.24668,-1.08729
1.27222,-0.95523
1.24535,-0.973764
1.10275,-0.190043
1.25304,-0.880507
1.13988,-0.243643
1.17832,-0.568708
1.20884,-0.886933
1.23863,-1.0497
1.18455,-0.34548
1.19644,-0.494053
1.15722,-0.394881
1.10942,-0.207519
1.24281,-0.611775
1.22048,-0.962987
1.1437,-0.349233
1.25664,-1.15215
1.18477,-0.692708
1.15722,-0.318755
1.23279,-0.765016
1.18488,-0.56339
1.15439,-0.602575
1.20653,-0.65403
1.26835,-1.09396
1.23766,-0.889809
1.15964,-0.157078
1.13933,-0.488237
1.18076,-0.55884
1.17376,-0.162655
1.17172,-0.533638
1.20664,-0.585459
1.13024,-0.32723
1.2087,-0.835207
1.22853,-0.814169
1.25844,-1.07623
1.10798,-0.114181
1.17358,-0.457367
1.21121,-0.727057
1.19716,-0.670589
1.11243,-0.195702
1.14896,-0.36771
1.13049,-0.417754
1.12911,-0.36039
1.16258,-0.129088
1.15816,-0.992662
1.26415,-0.798184
1.20042,-0.526065
1.1028,0.163498
1.3278,-1.21765
1.29747,-1.18845
1.21752,-0.716442
1.19864,-0.260257
1.07109,-0.03348
1.06581,0.201031
1.21593,-0.665099
1.11941,0.202594
1.161,-0.0605347
1.21971,-0.668971
1.19074,-0.601241
1.12039,-0.0986154
1.27361,-0.983164
1.02125,0.486894
1.22194,-0.52701
1.18386,-0.35768
1.12287,-0.407046
1.12684,-0.0986254
1.19626,-0.725428
1.15575,-0.371066
1.19344,-0.809609
1.13019,-0.309477
1.16769,-0.716113
1.12543,-0.103419
1.25663,-1.00527
1.19866,-0.478335
1.19309,-0.378593
1.17311,-0.537456
1.1827,-0.401809
1.28937,-1.45781
1.26515,-1.12545
1.15883,-0.425962
1.23884,-0.923879
1.26242,-0.784314
1.17341,-0.499922
1.21344,-0.845953
1.19827,-0.296837
1.16791,-0.227133
1.22665,-0.859952
1.25045,-0.940936
1.22111,-0.916185
1.23272,-0.844622
1.22553,-1.00554
1.22781,-0.964411
1.2038,-0.820003
1.20998,-0.644742
1.17144,-0.358914
1.16862,-0.555762
1.28651,-1.04015
1.09384,-0.0207306
1.15023,-0.15198
1.28305,-1.14624
1.22905,-0.724559
1.25268,-0.987643
1.15839,-0.16008
1.12654,0.0814311
1.22887,-0.709449
1.10474,-0.0242972
1.04188,0.40631
1.12958,-0.163619
1.17788,-0.318555
1.20873,-0.96342
1.22109,-0.734722
1.23643,-0.838666
1.20536,-0.644532
1.22149,-0.665969
1.18354,-0.555112
1.13432,-0.350499
1.14222,0.116037
1.17115,-0.541914
1.14968,-0.563985
1.24706,-0.893873
1.14552,-0.107953
1.25159,-1.14722
1.23616,-0.963138
1.12208,-0.0587426
1.19217,-0.262659
1.22105,-0.605883
1.11654,-0.110061
1.11052,0.00220275
1.19256,-0.398362
1.19273,-0.681753
1.21653,-0.775151
1.11951,-0.277057
1.15384,-0.479007
1.18766,-0.478609
1.09723,-0.126047
1.12478,-0.31131
1.27095,-1.09472
1.1494,-0.29265
1.15094,-0.507005
1.18313,-0.164294
1.11564,-0.0354904
1.2439,-0.624444
1.19879,-0.56809
1.13468,-0.132271
1.18766,-0.339413
1.18047,-0.702468
1.26078,-0.714448
1.2315,-0.579128
1.23475,-0.881922
1.21098,-0.567289
1.18822,-0.63672
1.20284,-0.918993
1.15167,-0.371585
1.10602,-0.245016
1.16772,-0.340678
1.17189,-0.610749
1.17208,-0.489358
1.14576,-0.404138
1.19569,-0.660652
1.31084,-1.30944
1.17874,-0.428368
1.15755,-0.622258
1.32186,-1.57001
1.18689,-0.584731
1.28689,-1.20621
1.18676,-0.460819
1.16812,-0.364961
1.20843,-0.534536
1.19181,-0.466545
1.10295,0.193758
1.22571,-0.790265
1.2651,-1.11315
1.20312,-0.802696
1.22057,-0.815191
1.27389,-0.815121
1.19053,-0.435822
1.17562,-0.271145
1.26244,-1.17423
1.12617,0.0588448
1.07653,0.378005
1.27546,-1.28483
1.08098,0.0958417
1.14998,-0.458204
1.10456,-0.14928
1.15826,-0.480577
1.14941,-0.372233
1.17967,-0.628056
1.27102,-1.01389
1.25993,-0.917337
1.07153,0.145493
1.11358,0.113405
1.21238,-0.483289
1.14643,-0.509555
1.21328,-0.924951
1.17568,-0.514574
1.17516,-0.910639
1.21917,-0.899773
1.16152,-0.348
1.25057,-1.00607
1.23801,-1.04658
1.22501,-0.804552
1.09296,0.108799
1.13136,-0.0475134
1.22164,-0.705095
1.24347,-0.544489
1.12096,-0.0680611
1.24265,-0.843434
1.21449,-0.683758
1.19018,-0.610468
1.16235,-0.665781
1.14771,-0.300779
1.19914,-0.791714
1.16489,-0.607686
1.17461,-0.306439
1.17929,-0.209794
1.15671,-0.279022
1.24864,-0.998752
1.08497,-0.0955949
1.24649,-0.844229
1.14617,-0.438991
1.28427,-1.09201
1.15249,-0.164539
1.1921,-0.532389
1.18588,-0.508245
1.17189,-0.349906
1.17697,-0.404513
1.06205,0.278923
1.17455,-0.688417
1.22042,-0.471405
1.08275,0.219316
1.21382,-0.667949
1.11247,0.0216266
1.33663,-1.62505
1.23484,-0.703671
1.17808,-0.495891
1.19745,-0.467489
1.18992,-0.477685
1.04022,0.373528
1.19915,-0.300442
1.18268,-0.369094
1.18882,-0.672669
1.19836,-0.5176
1.2047,-0.832253
1.19645,-0.533227
1.10511,0.127884
1.16661,-0.225699
1.24181,-0.820909
1.34027,-1.30307
1.17879,-0.667742
1.16949,-0.12703
1.05298,0.0130776
1.21533,-0.549466
1.18076,-0.74561
1.12401,-0.18087
1.22674,-0.525089
1.108,0.0676107
1.31145,-1.31452
1.1102,-0.0059012
1.22605,-0.703756
1.29378,-1.26332
1.14626,0.00316836
1.22,-0.53114
1.20801,-0.859633
1.21971,-0.745992
1.17762,-0.615605
1.13728,-0.461418
1.25466,-0.724616
1.26706,-1.23459
1.31771,-1.30289
1.22392,-0.462965
1.16195,-0.373483
1.11172,-0.278774
1.21567,-0.627886
1.20921,-0.805731
1.19116,-0.39242
1.14712,-0.0918201
1.20382,-0.539474
1.16449,-0.324028
1.239,-0.783787
1.17103,-0.557734
1.19183,-0.640687
1.33478,-1.48929
1.23796,-0.772725
1.20588,-0.807169
1.21006,-0.713606
1.24792,-0.807936
1.21419,-0.693679
1.09005,0.0858904
1.20984,-0.696213
1.17338,-0.526541
1.17615,-0.480595
1.20125,-0.590885
1.07858,0.199569
1.14446,-0.365513
1.25753,-0.888089
1.22317,-0.593291
1.22025,-0.890584
1.06645,0.268072
1.23073,-0.961976
1.24094,-0.701823
1.05045,0.397643
1.17288,-0.489534
1.14136,-0.191545
1.17442,-0.758658
1.28608,-1.14449
1.23142,-0.8268
1.26582,-1.51766
1.08936,0.0639684
1.28087,-1.04661
1.19357,-0.503407
1.23917,-0.815993
1.1734,-0.457042
1.28301,-1.05963
1.11033,-0.141671
1.15666,-0.539946
1.17479,-0.574729
1.2345,-0.908237
1.17925,-0.778359
1.20581,-0.461717
1.20505,-0.745214
1.13917,-0.222038
1.13098,-0.0952492
1.30524,-1.1066
1.19638,-0.645336
1.19951,-0.579742
1.16048,-0.418892
1.18978,-0.75735
1.16633,-0.612429
1.16899,-0.454239
1.12108,0.0194399
1.10236,0.234754
1.22349,-0.910001
1.16808,-0.315237
1.16944,-0.438724
1.20231,-0.74481
1.155,-0.42513
1.19855,-0.728531
1.21233,-0.665529
1.05536,0.113256
1.23085,-0.649355
1.13989,-0.555152
1.22014,-0.786707
1.21023,-0.605044
1.20674,-0.762047
1.17821,-0.431257
1.20659,-0.775825
1.18921,-0.596405
1.15347,-0.14822
1.15873,-0.441763
1.2239,-0.819766
1.08997,0.0937379
1.17601,-0.256746
1.17798,-0.289786
1.15259,-0.31816
1.14188,-0.0618177
1.21591,-0.690736
1.25461,-0.873012
1.26063,-0.816349
1.30253,-1.12397
1.18577,-0.619205
1.23437,-0.996687
1.21786,-0.876869
1.15675,-0.488096
1.19319,-0.50167
1.221,-0.747302
1.33886,-1.39509
1.2424,-1.03761
1.17445,-0.337174
1.15506,-0.512987
1.14034,-0.272449
1.19663,-0.819825
1.25187,-1.16521
1.19764,-0.691252
1.24044,-1.2057
1.06055,0.244725
1.24898,-0.874115
1.13735,-0.0951539
1.08158,0.0611448
1.18509,-0.254972
1.12928,-0.259913
1.07079,0.403782
1.24352,-0.894318
1.24628,-0.942851
1.15338,-0.112666
1.07463,0.230664
1.17805,-0.340102
1.22623,-0.742559
1.21366,-0.931933
1.10714,-0.490784
1.30728,-1.37844
1.22825,-1.04967
1.14965,-0.381216
1.19326,-0.837101
1.24468,-0.520371
1.16117,-0.12184
1.25823,-1.06947
1.27993,-1.19183
1.18319,-0.681878
1.16213,-0.70656
1.19155,-0.415351
1.22002,-0.755103
1.18996,-0.390475
1.21062,-0.914891
1.25531,-1.03449
1.1644,-0.279383
1.22808,-0.870236
1.28117,-0.928572
1.29261,-1.4083
1.22658,-0.906404
1.16342,-0.550723
1.23529,-1.01565
1.13686,-0.228355
1.171,-0.424019
1.19806,-0.709179
1.08655,0.0680795
1.20983,-0.989517
1.21791,-0.600877
1.26462,-0.932139
1.21563,-0.758614
1.1658,-0.455616
1.20582,-0.515101
1.17651,-0.557871
1.12356,-0.036992
1.16008,-0.244589
1.11096,0.000630635
1.24925,-0.567392
1.22931,-0.595184
1.15551,-0.39243
1.19413,-0.438144
1.19219,-0.652467
1.08425,0.361774
1.12412,-0.233313
1.05866,0.176049
1.17145,-0.696457
1.17197,-0.521575
1.15684,-0.612887
1.24191,-0.718967
1.23911,-0.865518
1.16009,-0.627764
1.09002,0.097291
1.16142,-0.603653
1.29747,-1.36679
1.25677,-0.760089
1.17912,-0.758894
1.09376,-0.156652
1.20458,-0.574515
1.19483,-0.710834
1.18346,-0.702135
1.17205,-0.506686
1.16914,-0.302252
1.15558,-0.152306
1.18746,-0.579069
1.25835,-1.02237
1.22925,-0.708387
1.14643,-0.405163
1.11405,0.0656319
1.26123,-0.867924
1.25975,-1.0382
1.19682,-0.648659
1.13834,-0.217111
1.08199,-0.0153653
1.11633,0.0941649
1.2375,-0.978173
1.10717,-0.10928
1.17076,-0.0650233
1.36785,-1.60998
1.17039,-0.573326
1.20548,-0.411766
1.1675,-0.453851
1.25707,-1.04894
1.2718,-1.03598
1.17019,-0.281272
1.23063,-0.873169
1.10741,-0.202047
1.26287,-1.09226
1.25165,-0.71869
1.24107,-1.07641
1.1413,-0.372961
1.22757,-0.721787
1.24324,-1.04738
1.12881,-0.0470052
1.08428,-0.0927269
1.1889,-0.511356
1.23828,-0.918018
1.02692,0.576389
1.14312,-0.578415
1.26165,-1.17568
1.23632,-0.889655
1.1504,-0.345091
1.12528,-0.260991
1.16686,-0.433976
1.23171,-0.923224
1.09949,-0.234959
1.18731,-0.419619
1.20482,-0.430308
1.27003,-1.1947
1.1621,-0.340732
1.21257,-0.483495
1.21532,-0.772783
1.09652,-0.265128
1.07419,0.112232
1.15545,-0.286943
1.26891,-1.22842
1.1158,0.0829071
1.26445,-1.29782
1.13697,-0.15995
1.16843,-0.525111
1.23073,-0.353176
1.2621,-0.843563
1.12389,-0.422549
1.22254,-0.664283
1.28899,-0.896796
1.27204,-0.951733
1.2704,-1.34875
1.11189,0.089693
1.2812,-1.07629
1.13674,-0.0912233
1.11477,0.35893
1.16494,-0.274008
1.22364,-1.00755
1.16199,-0.367939
1.19588,-0.573547
1.24442,-0.798707
1.12814,-0.361756
1.20515,-0.555418
1.10755,0.0175247
1.25737,-0.84832
1.21655,-0.721503
1.20272,-0.453698
1.23657,-1.01088
1.18383,-0.594766
1.13307,-0.036635
1.21738,-0.736535
1.11421,-0.158738
1.24162,-0.84925
1.11482,0.120641
1.18299,-0.528918
1.05182,0.304475
1.17556,-0.282651
1.09718,-0.338901
1.26045,-0.666365
1.2341,-0.792465
1.13995,-0.139281
1.24347,-0.958649
1.24611,-0.898768
1.1243,-0.481684
1.21759,-0.865838
1.09111,0.17393
1.14355,-0.0887844
1.1563,-0.599132
1.15295,-0.57867
1.27477,-0.917681
1.16625,-0.154225
1.06612,0.291523
1.07975,0.0822221
1.18759,-0.383509
1.18813,-0.364229
1.20952,-0.272668
1.14936,-0.459014
1.18324,-0.390498
1.23848,-0.739991
1.21559,-0.746102
1.13759,-0.427011
1.24296,-1.02586
1.12302,-0.15778
1.19605,-0.240022
1.09316,0.0391102
1.08574,0.188109
1.1274,-0.0628778
1.14101,-0.0904065
1.15944,-0.558222
1.2282,-0.738713
1.19297,-0.832453
1.13463,-0.48085
1.14293,-0.374464
1.24011,-1.03623
1.19078,-0.479024
1.25324,-0.981659
1.16822,-0.465191
1.1905,-0.636502
1.20235,-0.838088
1.22384,-1.14917
1.21366,-1.07502
1.24077,-1.00351
1.16513,-0.661108
1.23956,-1.11819
1.11543,-0.040123
1.18969,-0.282178
1.20598,-0.74689
1.06755,0.402358
1.16633,-0.717549
1.13481,-0.0702649
1.12037,-0.0423322
1.08713,0.0259787
1.09599,-0.209932
1.20683,-0.294991
1.23352,-0.921847
1.20008,-0.735662
1.16955,-0.434181
1.13784,-0.360377
1.20945,-0.998877
1.32071,-1.49442
1.17742,-0.498043
1.19042,-0.69441
1.23462,-0.673071
1.19754,-0.534238
1.20534,-0.653718
1.1809,-0.451842
1.274,-1.19723
1.19101,-0.643817
1.11623,0.0773022
1.16916,-0.242789
1.22476,-0.82539
1.17921,-0.633171
1.17762,-0.56188
1.24051,-0.5563
1.12964,0.0858036
1.34253,-1.3927
1.19546,-0.649952
1.22418,-0.634208
1.12363,-0.223288
1.13829,-0.110942
1.14781,-0.538614
1.16653,-0.151184
1.16304,-0.201299
1.17063,-0.375638
1.20489,-0.612508
1.21272,-0.80405
1.25842,-0.496689
1.16821,-0.733996
1.21307,-0.837333
1.30526,-1.65951
1.20386,-0.342228
1.1335,-0.276101
1.15969,-0.268552
1.13176,-0.214979
1.22266,-0.771148
1.1991,-0.275336
1.20785,-0.367129
1.22593,-0.673477
1.12287,-0.593675
1.15047,-0.55258
1.2062,-0.752468
1.20228,-0.236328
1.15754,-0.306833
1.18627,-0.552052
1.18423,-0.462474
1.15899,-0.048335
1.30379,-1.2304
1.24654,-0.895266
1.22712,-0.875094
1.16833,-0.376881
1.22594,-0.781849
1.22286,-0.915979
1.17133,-0.238781
1.22411,-0.625894
1.13748,-0.690031
1.17997,-0.469159
1.27491,-1.03736
1.2584,-1.17137
1.20673,-0.775868
1.14089,-0.141726
1.22177,-0.708617
1.19638,-0.573507
1.22964,-0.953767
1.34871,-1.70067
1.21098,-0.803459
1.21548,-0.651573
1.20072,-0.73065
1.25439,-0.872714
1.17157,-0.562705
1.20832,-0.792557
1.1561,-0.502486
1.14114,-0.0975708
1.18013,-0.566309
1.24363,-0.954292
1.16187,-0.492336
1.29186,-0.931994
1.16514,-0.487678
1.25869,-1.04283
1.09346,0.117105
1.24944,-0.856005
1.1303,-0.294047
1.25617,-1.18751
1.14659,-0.371728
1.28692,-1.20942
1.17865,-0.598997
1.14124,-0.25748
1.23683,-1.11578
1.15705,-0.29744
1.21914,-0.517467
1.21336,-0.85079
1.13006,-0.190961
1.1326,-0.275082
1.13759,-0.352577
1.24874,-0.770958
1.14028,-0.267793
1.17695,-0.236713
1.19951,-0.765767
1.15892,-0.468157
1.09719,-0.309257
1.15673,-0.860995
1.26514,-0.852511
1.14504,-0.542419
1.20852,-0.767502
1.17733,-0.716592
1.16429,-0.464328
1.18447,-0.507934
1.17219,-0.859182
1.24132,-0.718859
1.13828,-0.210938
1.2349,-0.957504
1.1856,-0.3773
1.24663,-1.27987
1.21943,-0.589475
1.16556,-0.489586
1.16459,-0.721178
1.11666,-0.178606
1.33166,-1.3654
1.22627,-0.604951
1.2412,-1.04135
1.1381,0.0370986
1.34737,-1.48404
1.10441,-0.0108507
1.2416,-0.917341
1.15472,-0.501339
1.18755,-0.747936
1.20705,-0.732538
1.25938,-1.12649
1.18272,-0.490409
1.13443,-0.336467
1.17982,-0.323337
1.12817,0.0119424
1.2165,-0.502601
1.19694,-0.868125
1.14013,-0.375027
1.22238,-0.651336
1.05881,0.445264
1.10229,-0.184183
1.25743,-1.05959
1.21121,-0.688903
1.1365,-0.158993
1.1539,-0.576897
1.15259,-0.127966
1.13161,-0.146281
1.26815,-0.887368
1.22596,-0.503261
1.14776,-0.428808
1.27467,-1.07235
1.2187,-0.649442
1.20718,-0.507201
1.14305,-0.318455
1.10329,-0.155755
1.23355,-0.935733
1.12162,-0.169391
1.25845,-0.994527
1.21788,-0.150853
1.19328,-0.892608
1.30959,-1.30775
1.24567,-0.985765
1.17808,-0.322657
1.24158,-0.530809
1.1562,-0.339151
1.18594,-0.593601
1.17133,-0.300937
1.11188,0.0764931
1.26553,-0.985192
1.16819,-0.54616
1.11329,-0.423252
1.14505,-0.267728
1.19137,-0.472924
1.19456,-0.596026
1.19803,-0.61741
1.24552,-1.08597
1.21137,-0.694147
1.13523,-0.0809591
1.15873,-0.249466
1.12004,0.0456906
1.16512,-0.16927
1.19582,-0.566414
1.22824,-0.771325
1.17262,-0.147118
1.23644,-1.04612
1.19209,-0.65202
1.19073,-0.601279
1.11722,-0.184021
1.25768,-0.761095
1.19696,-0.600604
1.11688,-0.278664
1.2384,-0.953662
1.11933,-0.268713
1.20649,-0.639714
1.26365,-0.958194
1.23827,-0.798747
1.20607,-0.712474
1.12405,-0.273256
1.1673,-0.419696
1.26288,-0.88149
1.23643,-1.08141
1.15444,-0.805812
1.19344,-0.620331
1.1131,-0.201411
1.19824,-0.357055
1.13908,-0.0486321
1.10547,-0.176559
1.13099,-0.35875
1.25055,-0.951171
1.2131,-0.643306
1.22832,-0.527415
1.23599,-0.949745
1.23322,-0.763088
1.12296,-0.131076
1.15545,-0.178831
1.22468,-0.552342
1.16214,-0.152003
1.26373,-1.16557
1.10638,0.0528885
1.07583,0.285022
1.23518,-0.762513
1.27233,-1.20607
1.14522,-0.201498
1.12235,-0.0954173
1.21232,-0.9682
1.09635,-0.108457
1.13131,-0.0649392
1.23629,-0.92192
1.16836,-0.479492
1.21156,-1.04788
1.25031,-0.922631
1.17468,-0.400953
1.14843,0.088034
1.21367,-0.572297
1.18135,-0.491516
1.17621,-0.491399
1.23741,-0.804434
1.2737,-1.00932
1.11005,0.197576
1.20881,-0.505384
1.25314,-1.05511
1.18683,-0.489605
1.2217,-0.328528
1.10772,0.206682
1.19559,-0.594082
1.22683,-0.551031
1.17077,-0.476104
1.21836,-0.523946
1.11681,-0.0253307
1.23948,-1.04349
1.14851,-0.369732
1.14794,-0.34648
1.21194,-0.792021
1.22011,-0.62025
1.23827,-0.789851
1.23862,-0.937268
1.28608,-1.24347
1.23742,-0.629191
1.24371,-0.94043
1.26156,-0.910395
1.20048,-0.728882
1.23664,-0.969464
1.13655,-0.249211
1.1432,-0.161891
1.37749,-1.63131
1.32622,-1.39833
1.14446,-0.283057
1.22625,-0.818134
1.22232,-0.742968
1.18457,-0.729138
1.10928,-0.202484
1.24782,-1.30837
1.18952,-0.338768
1.08731,0.340861
1.13029,0.0409445
1.0909,0.281796
1.27083,-1.12793
1.21617,-0.747502
1.16171,-0.557352
1.14232,-0.460051
1.26288,-1.12677
1.22061,-0.572124
1.16015,-0.376447
1.21376,-0.570633
1.2116,-0.614903
1.24367,-0.915151
1.23277,-0.978442
1.22482,-0.989648
1.25469,-0.888868
1.09621,0.142383
1.1544,-0.317907
1.03657,0.336631
1.12034,0.0286997
1.1647,-0.342508
1.21082,-0.611738
1.21265,-0.905252
1.29114,-1.23453
1.10699,-0.0747378
1.2071,-0.708886
1.21019,-0.81556
1.2629,-1.0331
1.09779,-0.00305906
1.29221,-0.875948
1.17584,-0.715538
1.17195,-0.543604
1.25211,-1.30198
1.18407,-0.726697
1.27772,-1.23328
1.16523,-0.337464
1.21448,-0.527733
1.23959,-1.19619
1.19046,-0.432545
1.25599,-0.830349
1.29494,-0.995781
1.15916,-0.184207
1.2912,-1.3824
1.19947,-0.55345
1.12001,0.330068
1.20251,-0.420073
1.19924,-0.607093
1.0781,0.103915
1.15028,-0.213393
1.15307,-0.374127
1.20776,-0.743631
1.21091,-0.686286
1.32454,-1.31902
1.19502,-0.518955
1.18975,-0.725521
1.28449,-1.14479
1.22624,-0.925288
1.04212,0.283114
1.10001,-0.138623
1.29775,-1.46034
1.09838,-0.0899849
1.2022,-0.601502
1.14748,-0.466675
1.24357,-0.856809
1.11913,-0.158021
1.19501,-0.843425
1.2039,-1.04958
1.22084,-0.905929
1.22356,-0.879214
1.07112,-0.0498908
1.1261,-0.156902
1.18227,-0.713835
1.18969,-0.505524
1.11037,-0.149798
1.24915,-0.927007
1.28515,-1.39486
1.16108,-0.325369
1.22516,-0.833642
1.08696,-0.038059
1.25792,-0.923857
1.17972,-0.585119
1.15384,-0.278928
1.15712,-0.285739
1.20219,-0.766708
1.25291,-1.27325
1.23699,-0.964579
1.1935,-0.791891
1.15478,-0.525147
1.10842,0.231342
1.18869,-0.909612
1.13039,-0.200452
1.33031,-1.4358
1.16563,-0.710043
1.14035,-0.291969
1.15879,-0.102939
1.17022,-0.532669
