slope,intercept
1.2356,0.2625
1.19183,0.752396
1.20501,0.698322
1.20944,0.814563
1.25438,0.356147
1.23385,0.56729
1.21716,0.57073
1.10931,0.951765
1.20226,0.764463
1.25587,0.301248
1.23051,0.79017
1.18098,0.654059
1.28771,0.182229
1.23719,0.679876
1.28246,0.194794
1.17553,1.01792
1.23818,0.628378
1.22287,0.426286
1.25558,-0.0139679
1.22884,0.409268
1.19333,0.540592
1.27156,0.277324
1.21671,0.484005
1.27215,0.10509
1.21668,0.560652
1.21009,0.747971
1.10439,1.23677
1.23635,0.536177
1.30906,0.15436
1.21355,0.669283
1.21733,0.497241
1.23668,0.604815
1.22385,0.673125
1.25482,0.452371
1.19868,0.642216
1.19306,0.713017
1.25181,0.676531
1.22185,0.501754
1.25543,0.468261
1.2421,0.312504
1.22916,0.348763
1.20068,0.711628
1.27311,0.139416
1.18175,0.602179
1.187,0.740048
1.19801,0.648314
1.26658,0.467844
1.22178,0.538171
1.26566,0.517461
1.27678,0.214487
1.25637,0.470665
1.26094,0.183484
1.19339,0.744061
1.2568,0.445446
1.20957,0.557918
1.26456,0.350955
1.3243,-0.0698352
1.25399,0.57383
1.23305,0.584171
1.28723,0.143707
1.16122,0.831456
1.27632,0.110809
1.2809,0.356074
1.2472,0.38784
1.25577,0.279911
1.19765,0.656212
1.2168,0.464369
1.22637,0.573733
1.24967,0.383052
1.20104,0.582013
1.2398,0.532229
1.28651,0.224319
1.22222,0.602519
1.1828,0.748051
1.25617,0.362214
1.17163,0.536033
1.18725,0.8572
1.28451,0.302182
1.2334,0.379409
1.20017,0.805859
1.26618,0.592365
1.14901,1.13126
1.27015,0.459298
1.2669,0.219335
1.19705,0.734509
1.21842,0.484968
1.21129,0.616461
1.16494,0.941212
1.22002,0.498027
1.22533,0.571127
1.20171,0.580133
1.2001,0.614995
1.20644,0.484809
1.20911,0.636051
1.22572,0.519412
1.24886,0.620826
1.26001,0.367119
1.23229,0.361679
1.31406,0.187775
1.23072,0.507146
1.19459,0.618922
1.19528,0.476548
1.27581,0.282698
1.24237,0.493565
1.23812,0.209586
1.23572,0.663603
1.21867,0.496701
1.2084,0.651557
1.26676,0.331883
1.21078,0.751315
1.17074,0.861576
1.24171,0.399683
1.24872,0.106721
1.24043,0.586772
1.18289,0.777664
1.17748,0.725813
1.25405,0.39164
1.21256,0.733601
1.22359,0.641991
1.23753,0.453868
1.24417,0.49265
1.27696,0.280339
1.22544,0.703747
1.23333,0.427314
1.21192,0.462004
1.31198,0.187594
1.16669,0.916874
1.30056,0.252926
1.27574,0.336958
1.17423,0.828179
1.2339,0.558663
1.22222,0.641989
1.28366,0.18413
1.22624,0.525436
1.23591,0.568146
1.32431,0.198892
1.30516,0.309604
1.20919,0.613087
1.16142,0.763293
1.29981,0.350647
1.26108,0.375939
1.25859,0.545993
1.19898,0.930434
1.30344,0.186755
1.2135,0.532739
1.2567,0.456534
1.18212,0.724299
1.20645,0.207905
1.23189,0.374448
1.19222,0.896881
1.27964,0.496491
1.19997,0.762881
1.24471,0.507152
1.15696,1.04079
1.19576,0.828486
1.26912,0.447995
1.24459,0.46326
1.24893,0.592019
1.22023,0.369437
1.25568,0.309152
1.24378,0.446244
1.24633,0.46408
1.21988,0.637092
1.25362,0.711444
1.18636,0.579459
1.22676,0.403461
1.26124,0.255641
1.17953,0.82496
1.28807,0.206881
1.2833,0.112711
1.24469,0.566375
1.24697,0.355795
1.23501,0.300556
1.27429,0.146256
1.1822,0.8184
1.21557,0.48222
1.23854,0.596586
1.33108,0.0404222
1.15289,0.693362
1.24168,0.493624
1.30406,0.249296
1.21664,0.933479
1.19895,0.500915
1.20258,0.449411
1.25449,0.557693
1.20931,0.549897
1.24989,0.45146
1.23226,0.612944
1.21253,0.563187
1.28048,0.170719
1.24501,0.445482
1.20212,0.72724
1.19361,0.491343
1.23489,0.646576
1.19102,0.889293
1.27278,0.457857
1.18379,0.698616
1.26645,0.17486
1.20671,0.503712
1.19291,0.948991
1.17752,0.862893
1.21304,0.617227
1.22218,0.584892
1.25994,0.407182
1.25858,0.233239
1.20141,0.431154
1.24018,0.614209
1.23542,0.618021
1.29286,-0.0286647
1.20299,0.662898
1.17189,0.775556
1.21495,0.585711
1.20991,0.693749
1.24618,0.606049
1.26319,0.323761
1.20984,0.616924
1.25497,0.465568
1.25568,0.322949
1.21975,0.685468
1.27058,0.138899
1.26129,0.364059
1.31248,0.173331
1.22537,0.467505
1.27897,0.323261
1.20496,0.601352
1.23049,0.894378
1.27145,0.254017
1.1733,0.685364
1.18174,0.760888
1.22156,0.445438
1.22735,0.531912
1.21523,0.518368
1.25114,0.433516
1.25531,0.444829
1.25236,0.48522
1.22412,0.447161
1.21683,0.681495
1.20348,0.756052
1.19886,0.47659
1.27422,0.336255
1.27512,0.335087
1.20801,0.476229
1.22862,0.578711
1.33076,0.017696
1.11744,1.05114
1.21225,0.503933
1.1755,0.641032
1.26324,0.321314
1.18017,0.787022
1.2137,0.704151
1.18169,0.743004
1.22039,0.424524
1.20138,0.525258
1.24941,0.363566
1.28761,0.229591
1.18556,0.788402
1.22196,0.520531
1.23393,0.489057
1.25075,0.268346
1.21717,0.573261
1.21568,0.750907
1.16001,0.733953
1.24122,0.311078
1.23481,0.305012
1.24811,0.568159
1.19993,0.623866
1.31982,0.0231184
1.18076,0.459515
1.28835,0.225611
1.20371,0.428005
1.2343,0.563807
1.19249,0.714611
1.11793,1.23402
1.26785,0.416852
1.18771,0.622157
1.19921,0.706236
1.2766,0.158553
1.15803,0.79728
1.22399,0.469883
1.21914,0.613943
1.18671,0.512683
1.1838,0.711678
1.28501,0.220568
1.24015,0.427252
1.23878,0.191509
1.26803,0.321743
1.20692,0.49779
1.23616,0.620189
1.2418,0.289193
1.24722,0.311254
1.2044,0.620437
1.22474,0.564338
1.22313,0.480217
1.24657,0.469272
1.25755,0.418534
1.23391,0.556521
1.26674,0.318555
1.26496,0.357532
1.27882,0.135074
1.20772,0.741679
1.23187,0.503601
1.24661,0.606525
1.23474,0.508696
1.27528,0.618993
1.22134,0.938877
1.24313,0.479889
1.24701,0.0377511
1.25144,0.646371
1.16883,1.07316
1.28304,0.0271125
1.25946,0.282942
1.26192,0.64223
1.24133,0.32334
1.2626,0.570831
1.25201,0.664841
1.25924,0.566725
1.24637,0.651713
1.25558,0.489568
1.20446,0.533943
1.21671,0.570885
1.2751,0.123178
1.22042,0.49075
1.20471,0.39998
1.2106,0.618656
1.2579,0.325706
1.22855,0.320954
1.31144,-0.017832
1.27928,0.136604
1.21367,0.528751
1.22721,0.457649
1.23396,0.474457
1.17879,0.73103
1.29128,0.462892
1.23003,0.770113
1.2237,0.622969
1.22474,0.699542
1.26453,0.27448
1.25185,0.407492
1.18822,0.733351
1.29603,0.372816
1.24739,0.250105
1.22983,0.552452
1.29694,0.197981
1.24357,0.375465
1.23904,0.55083
1.2696,0.340931
1.22498,0.446156
1.19269,0.684167
1.23452,0.713408
1.16596,0.683354
1.27739,0.344749
1.27106,0.330924
1.15834,0.922967
1.25556,0.298813
1.10881,1.2451
1.19938,0.737133
1.14895,0.83809
1.25412,0.201013
1.16809,0.911178
1.24706,0.222274
1.24497,0.302081
1.3115,0.148135
1.17753,0.909266
1.21247,0.602474
1.2297,0.529698
1.14084,1.15388
1.24473,0.642748
1.22105,0.383685
1.26324,0.334404
1.26763,0.530993
1.24365,0.648815
1.20086,0.563629
1.17612,0.822919
1.21948,0.600437
1.18854,0.870097
1.25343,0.321704
1.24371,0.0186492
1.24663,0.385085
1.22486,0.674776
1.28252,0.309069
1.23101,0.594481
1.23611,0.367505
1.24716,0.348225
1.31824,0.0622907
1.21275,0.697938
1.18645,0.788622
1.22868,0.411338
1.20847,0.623823
1.19323,0.655476
1.28873,0.321293
1.23916,0.660237
1.25813,0.355828
1.21154,0.502564
1.19298,0.908701
1.22087,0.772333
1.17486,0.928752
1.20267,0.74452
1.27544,0.437313
1.22405,0.600285
1.17108,1.02105
1.2861,0.224544
1.27727,0.265003
1.24231,0.34261
1.24565,0.209952
1.24034,0.532664
1.1751,0.791365
1.26491,0.318253
1.30705,0.0630371
1.22588,0.604812
1.20308,0.732878
1.25591,0.285112
1.21091,0.735887
1.26158,0.244528
1.20686,0.610626
1.32208,-0.048491
1.15086,1.0656
1.28247,0.189248
1.25053,0.307581
1.17894,0.804567
1.29566,0.0953101
1.17077,0.754722
1.22366,0.539619
1.19579,0.637919
1.24545,0.120577
1.12467,0.93101
1.22044,0.588388
1.15733,0.871288
1.21223,0.454932
1.16971,0.87982
1.19587,0.640755
1.21103,0.513824
1.18868,0.707812
1.19587,0.779151
1.20596,0.522871
1.2816,0.364873
1.23446,0.591773
1.20527,0.853244
1.17744,0.754788
1.21935,0.335628
1.28543,0.406351
1.31575,0.0387762
1.24151,0.259362
1.23641,0.497098
1.24779,0.315421
1.22053,0.467458
1.23477,0.409101
1.1478,1.20027
1.24643,0.342704
1.23584,0.403974
1.23764,0.366298
1.25025,0.399988
1.19079,0.822558
1.1761,0.837901
1.19581,0.675144
1.23986,0.219851
1.16886,1.0084
1.24963,0.418165
1.21759,0.294769
1.22854,0.601287
1.27644,0.406386
1.23992,0.6195
1.30647,0.0818789
1.27429,0.300863
1.17715,0.602764
1.25039,0.29576
1.26649,0.302532
1.19849,0.641424
1.29021,0.317646
1.25777,0.378593
1.24836,0.794093
1.31448,0.0866726
1.14188,0.903697
1.25549,0.372354
1.1563,0.997106
1.22861,0.435515
1.24075,0.432036
1.24389,0.360486
1.25331,0.640535
1.26922,0.138102
1.19315,0.768515
1.23487,0.819185
1.20016,0.546263
1.21831,0.397473
1.26769,0.297877
1.3207,-0.0936002
1.23453,0.270451
1.19692,0.824266
1.21146,0.574588
1.20175,0.580327
1.24499,0.364492
1.19004,0.67161
1.14275,0.932212
1.25199,0.332939
1.16953,0.734632
1.19253,0.532773
1.20762,0.349588
1.20061,0.618896
1.24518,0.546334
1.2176,0.731144
1.28686,0.464777
1.19992,0.601455
1.20613,0.763873
1.20842,0.796374
1.2777,0.368707
1.21208,0.541657
1.28671,0.327596
1.27344,0.43837
1.18625,0.500822
1.25631,0.444544
1.24239,0.447749
1.24536,0.353013
1.24685,0.416223
1.27416,0.556565
1.23945,0.660181
1.17972,0.762292
1.25631,0.404622
1.26824,0.112544
1.19474,0.789626
1.23666,0.727164
1.20482,0.607001
1.22927,0.51476
1.22067,0.681211
1.21984,0.568966
1.21229,0.500877
1.21863,0.496268
1.19078,0.81383
1.20519,0.564223
1.18739,0.658763
1.20853,0.407851
1.26286,0.318073
1.23228,0.500024
1.30539,0.212527
1.20969,0.560289
1.23237,0.597562
1.23759,0.364176
1.29783,0.181839
1.23325,0.532076
1.2388,0.577639
1.24829,0.24317
1.30226,0.33349
1.25304,0.259573
1.27237,0.288266
1.34413,-0.0559451
1.27413,0.322528
1.21746,0.688627
1.17629,0.927109
1.24597,0.258556
1.23001,0.341985
1.23051,0.383429
1.23442,0.458342
1.19081,0.578876
1.25718,0.442632
1.23655,0.468488
1.22663,0.686135
1.24669,0.480522
1.23556,0.46434
1.23645,0.257253
1.20503,0.5379
1.29449,0.146383
1.16744,0.909091
1.17589,0.453992
1.22845,0.59194
1.22045,0.576416
1.20737,0.299462
1.23289,0.553841
1.1728,0.796439
1.22608,0.582727
1.22502,0.557822
1.183,0.873774
1.23438,0.48995
1.25624,0.38324
1.27537,0.214564
1.21,0.750461
1.18681,0.777598
1.21844,0.577822
1.19615,0.93515
1.25899,0.295219
1.20198,0.82262
1.22412,0.546939
1.29587,0.386156
1.26569,0.242888
1.22393,0.679302
1.2641,0.540093
1.25471,0.611415
1.23006,0.82465
1.24122,0.52248
1.23303,0.648223
1.27079,0.438035
1.23115,0.647493
1.19791,0.955199
1.25769,0.33154
1.10931,1.07769
1.18994,0.770728
1.18881,0.730472
1.26236,0.312754
1.17381,0.779481
1.2149,0.476992
1.22165,0.463243
1.21996,0.500031
1.15518,1.04228
1.23589,0.488665
1.21816,0.43055
1.25904,0.213373
1.21599,0.523039
1.27127,0.230482
1.27843,0.548497
1.19738,0.812281
1.20166,0.569794
1.21122,0.80345
1.20886,0.713495
1.23237,0.310275
1.19811,0.486296
1.27777,0.417207
1.22375,0.630176
1.22628,0.602105
1.20795,0.602213
1.13716,1.03864
1.23499,0.469845
1.28346,0.206982
1.21664,0.558505
1.18119,0.690469
1.30255,0.124572
1.19031,0.353178
1.2391,0.478772
1.19757,0.626191
1.166,0.782173
1.22235,0.595844
1.25304,0.425862
1.22446,0.596029
1.20924,0.259772
1.17704,0.855031
1.14576,0.902131
1.14617,1.2099
1.1637,0.911758
1.26372,0.329241
1.22818,0.694934
1.26882,0.279411
1.24053,0.511979
1.20283,0.671652
1.24147,0.471548
1.22898,0.420776
1.21904,0.453353
1.25968,0.328613
1.2291,0.613713
1.21368,0.332523
1.19477,0.91993
1.24012,0.291241
1.21236,0.414513
1.22999,0.444035
1.1313,0.797487
1.2361,0.435138
1.20733,0.540188
1.21879,0.457712
1.20725,0.569424
1.20146,0.817735
1.30258,0.169872
1.3214,0.177425
1.30707,0.229752
1.25708,0.420651
1.28751,0.154064
1.18058,0.701598
1.22855,0.483821
1.21463,0.610833
1.25535,0.371812
1.21842,0.567648
1.22969,0.691858
1.23294,0.465012
1.21129,0.509634
1.26204,0.485582
1.28336,0.278401
1.17848,0.62462
1.1633,0.890925
1.2413,0.723848
1.21683,0.549911
1.26167,0.497295
1.26545,0.266414
1.22098,0.636382
1.23121,0.64645
1.2553,0.459898
1.19698,0.571287
1.27757,0.168704
1.20993,0.517558
1.31219,0.05187
1.23236,0.548706
1.19078,0.629802
1.27553,0.322985
1.24281,0.448323
1.26617,0.669533
1.2472,0.53683
1.25347,0.418186
1.23207,0.510074
1.16958,0.788713
1.25377,0.435216
1.2393,0.546768
1.25901,0.37627
1.19208,0.644191
1.19608,0.853695
1.16383,0.791935
1.24471,0.317859
1.32032,-0.0155699
1.19186,0.997182
1.21651,0.488148
1.22621,0.600311
1.20809,0.624364
1.1328,1.02535
1.18094,0.687513
1.21074,0.856167
1.29698,0.249236
1.16963,0.647113
1.21871,0.538252
1.20712,0.477769
1.28252,0.5353
1.20764,0.499204
1.24428,0.419549
1.30415,0.0506863
1.26819,0.191093
1.20005,0.756122
1.25436,0.254504
1.19705,0.750539
1.23148,0.628801
1.25281,0.474459
1.20555,0.433494
1.20479,0.671534
1.16603,0.812864
1.20937,0.620491
1.25069,0.495978
1.31663,0.146704
1.23942,0.492614
1.1915,0.618488
1.1913,0.641272
1.271,0.319515
1.19207,0.644788
1.20034,0.722707
1.27655,0.243324
1.23164,0.499224
1.19655,0.59306
1.27499,0.209406
1.15802,0.976261
1.16277,0.961489
1.22709,0.765389
1.26904,0.401355
1.18947,0.655417
1.21471,0.509946
1.2032,0.534406
1.26275,0.359636
1.16878,0.900106
1.17445,0.600966
1.27508,0.405246
1.31128,0.0574521
1.2479,0.472597
1.20173,0.53811
1.25017,0.259261
1.2929,0.359437
1.24021,0.599679
1.18271,0.730815
1.22563,0.476112
1.2777,0.261332
1.23749,0.51353
1.2699,0.148048
1.17138,0.995119
1.22177,0.573905
1.15125,0.960796
1.25122,0.361829
1.19147,0.636561
1.20434,0.526897
1.20414,0.829782
1.1908,0.740058
1.17537,0.789912
1.21063,0.551487
1.23607,0.37041
1.20191,0.495513
1.28311,0.419636
1.25394,0.405468
1.21028,0.542014
1.22997,0.51197
1.20878,0.254551
1.19802,0.570793
1.20307,0.792344
1.22739,0.540831
1.21137,0.52827
1.22015,0.623306
1.25861,0.471604
1.22956,0.435383
1.17133,0.714134
1.20184,0.845548
1.18268,0.510797
1.17707,0.964124
1.24578,0.740154
1.25975,0.387591
1.21914,0.403705
1.18565,0.685347
1.24722,0.269971
1.31467,0.143708
1.22123,0.692623
1.23402,0.515763
1.22021,0.423665
1.2484,0.627477
1.23181,0.580443
1.19758,0.796375
1.18513,0.738599
1.26441,0.231624
1.16813,0.935648
1.2103,0.720165
1.26361,0.36222
1.13528,0.892885
1.24813,0.556299
1.27654,0.333938
1.22541,0.795078
1.17488,0.83247
1.21426,0.274362
1.24553,0.29308
1.27965,0.345522
1.14703,0.794257
1.23374,0.367628
1.19793,0.50432
1.25113,0.460132
1.2044,0.830286
1.20293,0.568603
1.21283,0.459112
1.18318,0.711215
1.18191,0.725779
1.2141,0.682301
1.24448,0.48916
1.24718,0.189352
1.23887,0.509066
1.16179,0.955425
1.23656,0.684353
1.21049,0.577543
1.28364,0.252263
1.23204,0.606509
1.24056,0.386615
1.22118,0.494336
1.15426,0.826083
1.17767,0.902318
1.18137,0.752933
1.25342,0.351572
1.23651,0.685413
1.23156,0.62085
1.22451,0.465484
1.26352,0.359807
1.27352,0.39085
1.23261,0.46612
1.19811,0.926007
1.26839,0.46364
1.20313,0.539715
1.30697,0.0494131
1.19754,0.557609
1.18124,0.867996
1.18017,0.776478
1.28076,0.392109
1.19413,0.850749
1.1791,0.801154
1.26065,0.295238
1.22898,0.434538
1.13363,0.943496
1.23635,0.661479
1.19798,0.640621
1.2339,0.419901
1.20648,0.619217
1.16104,0.871585
1.20853,0.58613
1.21206,0.889501
1.2459,0.40393
1.23046,0.76822
1.24688,0.702584
1.20297,0.500251
1.28936,0.162073
1.21114,0.768838
1.22444,0.425742
1.2827,0.21147
1.25108,0.312093
1.2617,0.360628
1.26646,0.440839
1.24558,0.608408
1.18636,0.643664
1.22842,0.538778
1.24171,0.498746
1.22379,0.423948
1.28102,0.426689
1.20576,0.721478
1.25857,0.508774
1.29859,0.139929
1.20276,0.722328
1.25223,0.653121
1.18851,0.656208
1.24736,0.252697
1.25948,0.196603
1.20055,0.681249
1.22449,0.403711
1.24889,0.320941
1.20484,0.751239
1.22213,0.47173
1.20059,0.468852
1.20763,0.456455
1.17183,0.98121
1.20512,0.540019
1.26294,0.30994
1.20453,0.673904
1.30061,-0.0578056
1.27524,0.27561
1.28699,0.268558
1.22902,0.565961
1.20255,0.715543
1.23566,0.362093
1.31499,0.139208
1.19445,0.66565
1.19701,0.743341
1.25374,0.439243
1.30019,-0.0980607
1.22128,0.560145
1.30316,0.248532
1.30017,0.150908
1.24213,0.459265
1.18982,0.81057
1.24337,0.536124
1.28528,-0.0186098
1.18522,0.716998
1.1826,0.775467
1.21491,0.714717
1.28655,0.226863
1.19865,0.574063
1.27994,0.574936
1.24298,0.486276
1.20956,0.451705
1.22944,0.760363
1.24458,0.505151
1.23977,0.510947
1.17871,0.974364
1.20384,0.501815
1.20612,0.707526
1.14415,0.994076
1.20118,0.448426
1.20329,0.79165
1.22857,0.499913
1.27785,0.536619
1.31018,0.143615
1.30393,0.239776
1.25949,0.422053
1.18305,0.753666
1.25522,0.716438
1.1629,0.954544
1.32661,-0.221018
1.18863,0.687967
1.18945,0.772239
1.18737,0.55922
1.33028,-0.226091
1.20481,0.487459
1.23852,0.444892
1.17275,0.947278
1.16599,1.03423
1.20357,0.899348
1.23018,0.555437
1.22613,0.727614
1.21564,0.573747
1.21087,0.62101
1.19413,0.754008
1.24574,0.435606
1.20944,0.798338
1.2293,0.43378
1.17279,0.850104
1.24966,0.306369
1.1997,0.763986
1.1839,0.833081
1.23828,0.493107
1.27564,0.431512
1.28541,0.334168
1.23483,0.558584
1.29968,0.124298
1.22278,0.535468
1.11374,1.04498
1.24385,0.268411
1.19352,0.64195
1.23954,0.513949
1.2087,0.512849
1.2126,0.838964
1.2169,0.705461
1.25501,0.409928
1.23966,0.398093
1.26097,0.104746
1.25388,0.487932
1.23843,0.49397
1.23979,0.439988
1.09887,1.18047
1.29106,0.0553064
1.2486,0.266865
1.24182,0.477491
1.22349,0.30227
1.20917,0.740418
1.30825,0.0648692
1.30216,0.151283
1.28968,0.581701
1.22296,0.542323
1.2207,0.522986
1.20948,0.497621
1.18045,0.890265
1.17164,0.782486
1.1745,0.994361
1.24326,0.486587
1.24847,0.370102
1.25366,0.254247
1.25747,0.705483
1.15078,0.901438
1.29348,0.23065
1.20831,0.853038
1.25094,0.621903
1.26761,0.216472
1.24087,0.722642
1.20233,0.814429
1.24656,0.404356
1.24051,0.392492
1.27774,0.254857
1.2648,0.405111
1.24289,0.520871
1.23194,0.399341
1.24916,0.485328
1.26794,0.362423
1.27375,0.241531
1.30194,0.387443
1.20633,0.530243
1.30091,-0.0624857
1.22241,0.346179
1.29371,0.319147
1.24769,0.390681
1.2655,0.289297
1.21755,0.640312
1.24096,0.499341
1.25258,0.447488
1.21097,0.616086
1.17747,0.635342
1.26294,0.345507
1.21093,0.876802
1.25378,0.225693
1.25355,0.34148
1.23492,0.527285
1.13432,0.991482
1.24398,0.487093
1.23259,0.137349
1.26099,0.166164
1.12323,0.921709
1.18981,0.821825
1.25669,0.689561
1.1805,0.542515
1.17602,0.981125
1.22056,0.325834
1.32964,-0.0551713
1.2139,0.575935
1.2199,0.447711
1.22612,0.395317
1.23597,0.582533
1.27502,0.252639
1.24913,0.462574
1.20546,0.543728
1.2214,0.420539
1.21051,0.798686
1.16768,0.539945
1.28989,0.18238
1.22794,0.392657
1.2129,0.741797
1.23316,0.52465
1.27014,0.359001
1.29695,0.0243612
1.27442,0.249353
1.19127,0.943136
1.21956,0.392596
1.28521,0.321789
1.2406,0.384119
1.27906,0.0296092
1.30164,-0.0122985
1.18646,0.58993
1.25141,0.51772
1.25604,0.368122
1.24179,0.817176
1.14794,1.09101
1.20272,0.605496
1.21422,0.690022
1.17276,0.838763
1.30196,0.322428
1.21646,0.47648
1.28726,0.373259
1.25789,0.368029
1.2054,0.878961
1.22055,0.440795
1.30123,0.285271
1.27177,0.5007
1.21105,0.422154
1.29526,0.124366
1.28893,0.133747
1.27613,0.18828
1.1789,0.835221
1.26152,0.365895
1.20158,0.806554
1.22186,0.325478
1.29424,0.1535
1.22105,0.587712
1.18277,0.473756
1.20727,0.64911
1.20342,0.486703
1.25178,0.310241
1.22043,0.465621
1.26099,0.27167
1.23775,0.665388
1.13812,0.746597
1.2069,0.590417
1.28037,0.114578
1.28845,0.195995
1.31656,0.437675
1.25664,0.538734
1.20921,0.748536
1.31417,-0.151141
1.29714,0.268937
1.16888,0.61133
1.19816,0.827376
1.23221,0.763899
1.25887,0.131328
1.1881,0.928361
1.31995,0.326909
1.21186,0.728629
1.21034,0.41463
1.25775,0.380414
1.22077,0.668886
1.28669,0.258808
1.26232,0.351971
1.16684,0.60683
1.17853,0.907477
1.28025,0.349924
1.2385,0.634828
1.21202,0.841004
1.29254,0.0467204
1.26123,0.288432
1.21928,0.391432
1.24319,0.39831
1.20045,0.616747
1.21964,0.703814
1.20382,0.555604
1.17831,0.757469
1.21512,0.449837
1.23643,0.515141
1.1574,0.866144
1.25214,0.380354
1.2292,0.494798
1.15853,0.886622
1.21085,0.533793
1.22551,0.665691
1.18407,0.673658
1.24511,0.544205
1.12512,1.40276
1.14218,0.938015
1.18059,0.497164
1.18864,0.478287
1.20319,0.573085
1.20429,0.61275
1.16944,0.930497
1.21956,0.62766
1.20825,0.69461
1.2645,0.261079
1.29024,0.43711
1.17966,0.883411
1.25452,0.32277
1.24676,0.587743
1.27569,0.273517
1.26722,0.573579
1.24527,0.31174
1.23252,0.550608
1.22694,0.389962
1.29253,0.314259
1.25126,0.425171
1.24279,0.347766
1.19125,0.538894
1.25235,0.399302
1.25909,0.385077
1.26157,0.538608
1.26394,0.326839
1.25418,0.69461
1.2068,0.612339
1.26679,0.349734
1.22514,0.785553
1.22488,0.729617
1.25666,0.371766
1.18897,0.66682
1.22222,0.420051
1.246,0.623617
1.2154,0.787456
1.2094,0.653554
1.26306,0.462206
1.26498,0.431423
1.18727,0.482865
1.25545,0.514212
1.16892,0.787781
1.23751,0.470339
1.25033,0.369047
1.19302,0.669516
1.2109,0.577284
1.26576,0.382489
1.26485,0.34143
1.1585,0.974312
1.3627,-0.181113
1.21768,0.548829
1.20474,0.654333
1.21491,0.472191
1.27645,0.548301
1.20465,0.774837
1.21669,0.460631
1.3073,-0.0943614
1.25032,0.406715
1.22715,0.586076
1.24527,0.565194
1.31687,0.385517
1.19326,0.743718
1.27758,0.259869
1.227,0.440617
1.27533,0.181098
1.2783,0.297764
1.24846,0.61928
1.25757,0.437548
1.19193,0.666165
1.25319,0.442777
1.20353,0.630788
1.19594,0.472011
1.15809,0.536362
1.26296,0.559954
1.28155,0.264816
1.26463,0.0498103
1.25685,0.380803
1.20591,0.893713
1.23532,0.493258
1.21281,0.642214
1.29469,0.164555
1.22553,0.591611
1.23269,0.4148
1.23473,0.639236
1.17574,0.701735
1.25215,0.395922
1.18001,0.648676
1.19554,0.966855
1.2973,0.414352
1.20675,0.561056
1.26801,0.358894
1.28655,0.309472
1.23682,0.691218
1.24049,0.292401
1.10092,1.22478
1.24252,0.336261
1.32766,0.258729
1.18428,0.42508
1.14141,1.18654
1.26355,0.293105
1.18528,0.606649
1.23777,0.539491
1.26282,0.338614
1.23492,0.715003
1.2339,0.569281
1.2598,0.390427
1.27469,0.231092
1.20419,0.696073
1.19919,0.638747
1.21952,0.362408
1.19258,0.724115
1.20511,0.733997
1.28319,0.242765
1.21068,0.627076
1.24178,0.407991
1.24332,0.322381
1.23037,0.489566
1.14569,1.03376
1.17896,0.822638
1.20242,0.725269
1.20836,0.706425
1.18041,0.887128
1.19715,0.749329
1.1576,0.885614
1.26111,0.327359
1.28079,0.377946
1.22887,0.54566
1.30456,0.145564
1.26701,0.446894
1.21345,0.257139
1.21284,0.677852
1.22548,0.679974
1.20323,0.731544
1.19084,0.525798
1.27904,0.36195
1.23069,0.426074
1.23528,0.36721
1.28155,0.105067
1.2443,0.560977
1.23928,0.516526
1.20049,0.493949
1.19855,0.638326
1.24365,0.369479
1.19809,0.873055
1.29538,-0.0292937
1.21346,0.695024
1.28825,0.161196
1.20623,0.710898
1.21885,0.372323
1.25312,0.562201
1.23724,0.532345
1.18464,0.844887
1.25716,0.498454
1.2343,0.318103
1.28186,0.0620033
1.18573,0.806483
1.23942,0.894301
1.21765,0.713128
1.25911,0.591259
1.28913,0.236524
1.2574,0.383154
1.26433,0.379663
1.22536,0.508428
1.20949,0.701184
1.26469,0.427788
1.24478,0.653343
1.19777,0.80397
1.19279,0.664812
1.22686,0.606602
1.22613,0.532524
1.30977,0.276172
1.27851,0.282092
1.19644,0.631209
1.20014,0.594172
1.22248,0.282669
1.16164,0.55689
1.25717,0.272519
1.23436,0.763884
1.26057,0.353088
1.21926,0.605359
1.2427,0.431203
1.23859,0.389005
1.24271,0.42453
1.36023,-0.00351463
1.26985,0.340522
1.29122,0.283538
1.21549,0.450899
1.20966,0.429522
1.21272,0.383932
1.22415,0.61383
1.23031,0.451686
1.27492,0.141173
1.27609,0.432222
1.29963,0.233006
1.25295,0.57706
1.18007,0.872816
1.22113,0.416934
1.22433,0.612098
1.25712,0.277108
1.22684,0.348098
1.21007,0.662364
1.27323,0.14056
1.24701,0.401746
1.23796,0.274053
1.24777,0.354966
1.28302,0.246139
1.22375,0.784194
1.25604,0.35427
1.20429,0.482893
1.27392,0.445528
1.1987,0.689421
1.19064,0.475379
1.21146,0.386714
1.24586,0.301206
1.20823,0.681685
1.21162,0.719995
1.19779,0.648944
1.2549,0.291751
1.15244,0.947762
1.17934,0.456172
1.18918,0.625102
1.16579,0.653648
1.31435,-0.0444684
1.22328,0.402336
1.24514,0.636172
1.23294,0.47516
1.22508,0.448808
1.22359,0.637372
1.25989,0.198919
1.22541,0.570903
1.1836,0.840292
1.21567,0.503626
1.23113,0.595258
1.1495,0.857957
1.17683,0.683778
1.15565,1.15888
1.23617,0.462972
1.27258,0.322934
1.18837,0.821201
1.2416,0.471822
1.28235,0.122412
1.18799,0.759715
1.26485,0.529012
1.27544,0.355658
1.17583,0.744388
1.23437,0.661753
1.2472,0.335091
1.25521,0.427151
1.19163,0.740478
1.20678,0.675786
1.29066,0.29132
1.26299,0.479593
1.20255,0.724332
1.21881,0.722597
1.33804,0.242531
1.24056,0.533169
1.28825,0.258097
1.249,0.36484
1.19089,0.673999
1.25695,0.425366
1.22094,0.479347
1.30277,0.117236
1.19623,0.768674
1.21386,0.486573
1.16769,0.887143
1.18511,0.644119
1.29029,0.208336
1.2197,0.60472
1.31554,-0.108075
1.25424,0.38828
1.21,0.658214
1.27068,0.344931
1.14743,0.93854
1.1919,0.512843
1.23097,0.702044
1.22196,0.671358
1.20529,0.823454
1.18467,0.551638
1.22077,0.43632
1.28195,0.196547
1.19878,0.695958
1.25665,0.429214
1.22766,0.608524
1.27636,0.329256
1.16674,0.815177
1.1978,0.918695
1.17917,0.798662
1.23189,0.639823
1.17216,0.614029
1.25488,0.5023
1.21185,0.519666
1.26068,0.267838
1.18002,0.553184
1.2699,0.514109
1.23875,0.383944
1.30452,0.16393
1.32298,0.180282
1.26983,0.270007
1.29309,0.161318
1.17862,0.643994
1.14223,0.736738
1.21643,0.458898
1.27356,0.260523
1.26565,0.549424
1.22771,0.321594
1.22702,0.39587
1.24694,0.379441
1.17925,0.771956
1.18292,0.83936
1.14917,0.823434
1.15366,0.649628
1.18615,1.00222
1.16178,0.906313
1.25806,0.115108
1.16843,1.20747
1.2834,0.41752
1.26478,0.253656
1.24745,0.178299
1.32915,0.0548446
1.31443,0.0668799
1.23944,0.662563
1.21486,0.443399
1.30221,0.137445
1.21398,0.570733
1.23434,0.441846
1.23918,0.359346
1.22941,0.723666
1.21486,0.453798
1.14146,1.10773
1.26342,0.362191
1.25939,0.383563
1.20671,0.69113
1.24859,0.491275
1.30082,0.233614
1.28283,0.366007
1.25346,0.322306
1.32221,0.241672
1.11853,1.22305
1.29149,0.399449
1.19784,0.575919
1.24133,0.474227
1.21409,0.816684
1.21831,0.397956
1.23585,0.912504
1.20404,0.686057
1.21353,0.634874
1.2425,0.463868
1.26991,0.302944
1.16839,0.72827
1.24917,-0.0089629
1.17486,1.01184
1.24865,0.359304
1.22627,0.697308
1.20276,0.508352
1.13168,0.924926
1.1937,0.863797
1.20494,0.566106
1.17896,0.777776
1.17971,0.696919
1.26658,0.173814
1.28082,0.179426
1.27542,0.0933316
1.18487,0.809789
1.2081,0.572609
1.24527,0.345159
1.2856,0.237552
1.23719,0.410794
1.24679,0.536706
1.19803,0.711414
1.19426,0.65152
1.26732,0.400277
1.30259,0.252188
1.23669,0.374597
1.2136,0.782453
1.2348,0.425461
1.23307,0.47974
1.25347,0.318324
1.20731,0.637104
1.22466,0.556509
1.21269,0.731985
1.19479,0.670584
1.23486,0.524691
1.1341,1.11539
1.24564,0.242991
1.28857,0.163734
1.1972,0.620307
1.27263,0.361976
1.27881,0.591969
1.14128,0.965025
1.1907,0.501415
1.27014,0.337351
1.17988,0.726188
1.14095,0.867613
1.27202,0.397616
1.26824,0.301505
1.24453,0.417787
1.23626,0.526484
1.1805,0.71269
1.27175,0.187714
1.22831,0.520476
1.19654,0.837498
1.1832,0.972032
1.2484,0.511188
1.21419,0.632147
1.27056,0.429258
1.22336,0.357477
1.16544,0.833312
1.2328,0.534982
1.28128,0.284939
1.3097,0.223115
1.22939,0.721981
1.18366,0.658248
1.26521,0.507235
1.1536,0.905163
1.23234,0.710373
1.21876,0.554785
1.22373,0.789885
1.2022,0.45389
1.19309,0.845486
1.22935,0.447433
1.17808,1.02646
1.27532,0.354972
1.18144,0.845395
1.1716,0.957381
1.26466,0.47532
1.21926,0.624056
1.21262,0.78303
1.26803,0.455155
1.26866,0.476689
1.23523,0.246001
1.23019,0.475369
1.20996,0.769222
1.2131,0.589694
1.11453,1.0728
1.23346,0.580968
1.19225,0.741507
1.22604,0.464735
1.18805,0.60782
1.32787,0.0589117
1.21,0.544973
1.2089,0.477059
1.23993,0.596312
1.24241,0.335264
1.25143,0.578693
1.2687,0.493526
1.27408,0.462892
1.23845,0.569678
1.23024,0.674196
1.23041,0.676529
1.2544,0.348389
1.25985,0.513802
1.24744,0.524657
1.22857,0.384615
1.24472,0.507813
1.25645,0.330457
1.18369,0.837488
1.20397,0.794281
1.16326,0.864398
1.24708,0.469427
1.15983,1.0325
1.26438,0.476924
1.24994,0.360188
1.24544,0.438834
1.29894,0.348095
1.26854,0.488493
1.24426,0.536637
1.18625,0.703978
1.22132,0.382184
1.26304,0.350762
1.25499,0.649838
1.31175,0.104339
1.19781,0.583155
1.20239,0.840885
1.23084,0.346051
1.20498,0.694848
1.20872,0.517591
1.16572,0.862271
1.2872,-0.0355815
1.24587,0.725564
1.23597,0.611639
1.26508,0.601552
1.25842,0.572858
1.23836,0.470491
1.23269,0.297637
1.24576,0.312556
1.2831,0.321161
1.19737,0.767504
1.22517,0.413464
1.19804,0.638142
1.27982,0.24445
1.21074,0.405844
1.20163,0.680669
1.23907,0.596378
1.20331,0.782195
1.25298,0.517119
1.16777,0.772875
1.24329,0.502444
1.17956,0.574308
1.26166,0.219972
1.21488,0.503918
1.24283,0.491361
1.2604,0.449499
1.19394,0.712642
1.27336,0.213204
1.24683,0.191627
1.18627,0.896131
1.20335,0.595343
1.24824,0.297317
1.27682,0.291658
1.24417,0.55338
1.21926,0.770365
1.19654,0.641137
1.2313,0.917542
1.17796,0.960092
1.20748,0.587915
1.27396,0.175047
1.25575,0.420683
1.18281,0.882694
1.25625,0.509632
1.24938,0.283015
1.27773,0.00924387
1.31429,0.140226
1.1726,0.9103
1.152,0.8147
1.20049,0.501115
1.24708,0.614769
1.13744,0.958485
1.28503,0.106489
1.15243,0.940856
1.15329,0.943885
1.2742,0.334728
1.25057,0.40341
1.31259,-0.22509
1.31033,-0.00656796
1.233,0.800296
1.18005,0.947611
1.23192,0.670251
1.21895,0.834031
1.25916,0.397261
1.22535,0.61602
1.27186,0.205162
1.16412,0.839866
1.25045,0.273862
1.21578,0.631399
1.26222,0.376263
1.16541,0.60474
1.21402,0.73089
1.27368,0.261803
1.28686,0.0878024
1.26494,0.350182
1.23929,0.373132
1.18517,0.787402
1.24221,0.527201
1.17006,0.702834
1.2421,0.591221
1.26075,0.282387
1.23472,0.438095
1.21929,0.656926
1.26119,0.40732
1.25455,0.516815
1.17933,0.792871
1.26801,0.227422
1.1991,0.609102
1.22131,0.382081
1.22185,0.676267
1.28387,0.309282
1.20087,0.4581
1.2724,0.40783
1.24537,0.503173
1.16011,0.779483
1.22705,0.380186
1.23626,0.32428
1.19182,0.674075
1.25071,0.378567
1.28247,0.315254
1.26915,0.215172
1.21041,0.556797
1.24764,0.437477
1.2253,0.469318
1.21565,0.556892
1.22224,0.620784
1.23285,0.510837
1.23691,0.676062
1.19268,0.864519
1.24368,0.361877
1.22365,0.35392
1.2748,0.329239
1.19114,0.642048
1.29368,0.342302
1.15927,1.01295
1.2537,0.545273
1.23196,0.562488
1.16867,0.881524
1.27592,0.394402
1.27106,0.351642
1.2658,0.529734
1.17216,0.838266
1.26849,0.332423
1.25913,0.301674
1.13852,0.847466
1.28924,0.350809
1.23567,0.36741
1.21381,0.590378
1.18855,0.62799
1.32243,0.0853531
1.20272,0.711898
1.29794,0.450078
1.34189,-0.198445
1.26512,0.229304
1.21404,0.864412
1.12994,1.02413
1.18746,0.674051
1.24983,0.600321
1.23619,0.404014
1.19458,0.744909
1.19324,0.762296
1.26342,0.419831
1.24442,0.268293
1.17725,0.849105
1.18474,0.916388
1.20961,0.778614
1.23437,0.378907
1.25577,0.231274
1.24341,0.245286
1.28589,0.515657
1.22233,0.356586
1.18906,0.605948
1.24751,0.324229
1.23972,0.587518
1.19588,0.686499
1.21895,0.482031
1.17175,0.772328
1.20229,0.789855
1.31519,-0.0232577
1.16252,0.894653
1.30865,0.173794
1.17592,0.865096
1.18289,0.892486
1.30383,0.331714
1.22973,0.520079
1.14967,0.987034
1.19948,0.794409
1.2425,0.291398
1.19462,0.924972
1.3182,0.00545594
1.26109,0.321849
1.23605,0.6605
1.23368,0.301932
1.20688,0.640549
1.19641,0.808553
1.19519,0.81162
1.24553,0.45232
1.21204,0.62325
1.27075,0.317495
1.31765,-0.182837
1.34681,-0.306911
1.23896,0.389805
1.24823,0.56659
1.21767,0.583007
1.23812,0.532559
1.32013,-0.222944
1.22209,0.733125
1.18941,0.567826
1.27801,0.212731
1.22443,0.280738
1.17963,0.878725
1.20146,0.738292
1.2199,0.474219
1.21502,0.603943
1.19823,0.356176
1.22973,0.529453
1.29556,0.147446
1.20658,0.768804
1.20801,0.480065
1.23406,0.447371
1.21774,0.833706
1.22727,0.65445
1.2135,0.524532
1.27901,0.389658
1.23249,0.35467
1.21142,0.525716
1.2079,0.440633
1.24132,0.554125
1.19796,0.523831
1.25523,0.201183
1.19467,0.857598
1.23016,0.440875
1.18588,0.670917
1.27084,0.327795
1.27392,0.567808
1.21076,0.616702
1.22563,0.620831
1.1396,1.0273
1.14517,0.85582
1.22113,0.407777
1.27122,0.461807
1.20954,0.616679
1.25005,0.166295
1.25216,0.288497
1.25527,0.214053
1.18466,0.646369
1.1894,0.591685
1.25737,0.238846
1.16693,0.870131
1.30921,0.17367
1.20045,0.688377
1.22228,0.662418
1.22513,0.634265
1.21905,0.440662
1.24452,0.332753
1.21905,0.52089
1.25517,0.459141
1.20271,0.679354
1.23647,0.339677
1.27076,0.450642
1.1925,0.806048
1.1912,0.862517
1.23314,0.49238
1.22769,0.535524
1.25596,0.217556
1.21092,0.848318
1.24605,0.399018
1.19058,0.705436
1.24256,0.825847
1.18515,0.739204
1.21466,0.59385
1.26006,0.441585
1.2662,0.305932
1.34235,0.0185038
1.1717,0.721405
1.19391,0.618398
1.193,0.623414
1.2012,0.534834
1.25487,0.254142
1.30223,0.386733
1.2087,0.642239
1.19287,0.640448
1.21783,0.326381
1.20475,0.631337
1.28467,0.398437
1.19783,0.739523
1.21626,0.639449
1.26517,0.252982
1.24483,0.500033
1.24055,0.419812
1.27148,-0.0448728
1.30341,0.198473
1.23337,0.339097
1.15709,0.700008
1.17889,0.718838
1.26614,0.341497
1.2348,0.521045
1.18185,0.998886
1.17775,0.62602
1.25476,0.280652
1.21146,0.755398
1.28299,0.562677
1.27298,0.299796
1.22249,0.455701
1.23256,0.609568
1.20062,0.329632
1.2792,0.408087
1.22577,0.568734
1.23363,0.746262
1.24067,0.494066
1.31171,-0.0416845
1.24939,0.648714
1.21502,0.584473
1.23997,0.422821
1.22967,0.585128
1.20226,0.47563
1.26018,0.444739
1.16421,1.06277
1.18261,0.798191
1.30522,0.188489
1.17808,0.835806
1.21937,0.873906
1.21683,0.622974
1.26295,0.405965
1.22102,0.612751
1.22234,0.664662
1.13904,1.03264
1.21781,0.512386
1.15754,1.10688
1.23557,0.344657
1.25624,0.291335
1.17362,0.981987
1.17529,1.03533
1.17338,0.727388
1.26085,0.376468
1.31194,0.103107
1.24492,0.452638
1.24086,0.71775
1.21131,0.655615
1.16452,0.998142
1.27002,0.43229
1.32409,0.410259
1.19042,0.609498
1.12881,0.914446
1.27674,0.494703
1.30051,0.254421
1.16264,0.932843
1.26816,0.224578
1.21818,0.649637
1.28083,0.0898205
1.16091,0.824755
1.20482,0.812757
1.20906,0.500076
1.14617,1.02197
1.11131,1.31957
1.20266,0.767559
1.26225,0.309053
1.12716,1.06461
1.29271,0.159005
1.17327,0.754296
1.22084,0.447546
1.15739,0.759437
1.24716,0.541337
1.19016,0.838073
1.21606,0.676647
1.21668,0.46108
1.16621,0.8077
1.23055,0.572132
1.26294,0.221655
1.21511,0.523315
1.25147,0.521823
1.25414,0.544474
1.20322,0.734408
1.14446,0.953395
1.20886,0.725672
1.19771,0.71312
1.13002,0.920878
1.28402,0.269803
1.25423,0.44956
1.25527,0.363
1.18132,1.06217
1.20801,0.879039
1.33076,-0.101568
1.2509,0.282305
1.1878,0.602414
1.26038,0.460512
1.24356,0.467453
1.2352,0.421219
1.2341,0.425722
1.24023,0.519632
1.15662,0.97352
1.20674,0.605388
1.18319,0.996524
1.25133,0.191777
1.24815,0.355059
1.1552,1.00182
1.20977,0.678737
1.2049,0.75003
1.24606,0.62856
1.17527,0.887648
1.31724,-0.260501
1.19899,0.711394
1.2048,1.00444
1.24287,0.471271
1.24724,0.418805
1.20734,0.413058
1.30554,0.106278
1.17247,0.635293
1.16816,0.767732
1.24049,0.383542
1.18588,0.707436
1.19747,0.994565
1.21275,0.728846
1.36225,0.0435551
1.27782,0.493943
1.27919,0.289406
1.23369,0.295028
1.20746,0.673023
1.2942,0.00254519
1.27821,0.203149
1.28119,0.278597
1.23351,0.535421
1.15304,0.972594
1.28779,-0.0453089
1.20908,0.429525
1.2333,0.603214
1.21205,0.351819
1.19228,0.911251
1.22349,0.571683
1.2112,0.512295
1.2299,0.579819
1.24115,0.636617
1.28511,-0.0333243
1.2284,0.559544
1.27403,0.31722
1.28197,0.105247
1.20882,0.548419
1.32583,0.109362
1.22852,0.394928
1.22009,0.522735
1.18631,0.815339
1.24118,0.764811
1.1971,0.739668
1.23708,0.717742
1.19827,0.491621
1.1511,0.758032
1.21666,0.45113
1.23609,0.566513
1.22755,0.473067
1.22997,0.702718
1.2946,0.179943
1.28531,0.0648178
1.17729,0.821611
1.20531,0.790328
1.18142,0.850879
1.19377,0.816214
1.23864,0.48242
1.18099,0.779798
1.17591,0.721676
1.26505,0.446718
1.14386,0.875356
1.2806,0.143234
1.18313,0.682872
1.2307,0.544205
1.25713,0.315462
1.24172,0.204069
1.20754,0.566244
1.24797,0.539219
1.21023,0.407267
1.23422,0.396711
1.24388,0.323729
1.33856,-0.168718
1.21901,0.853096
1.25024,0.459007
1.23543,0.260075
1.2764,0.165205
1.18037,0.978028
1.22014,0.492582
1.23033,0.585654
1.22756,0.44953
1.24455,0.581166
1.21843,0.555155
1.15644,0.706033
1.20101,0.715459
1.21207,0.623077
1.15843,0.970966
1.2466,0.510461
1.27872,0.255663
1.20636,0.6594
1.18791,0.898523
1.17007,0.787642
1.23302,0.48878
1.24838,0.33216
1.19206,0.651948
1.23913,0.463317
1.20571,0.460887
1.22126,0.385523
1.29323,0.245083
1.19233,0.746295
1.22457,0.845067
1.23238,0.570026
1.31169,0.0452507
1.21409,0.675152
1.28204,0.409978
1.26951,0.403153
1.20703,0.529984
1.25755,0.471443
1.27925,0.10151
1.22458,0.463602
1.20073,0.679008
1.22806,0.673413
1.23997,0.738106
1.22398,0.522671
1.24156,0.469249
1.28368,0.144468
1.2236,0.602757
1.29326,0.321935
1.24767,0.353204
1.23335,0.533792
1.24866,0.389325
1.17928,0.654884
1.22354,0.862801
1.22066,0.639728
1.29103,0.130254
1.2467,0.488914
1.27438,0.423684
1.20545,0.438045
1.22673,0.373634
1.24022,0.6002
1.24496,0.635936
1.22608,0.5184
1.26805,0.308169
1.26464,0.437596
1.2423,0.33006
1.22852,0.663389
1.15854,0.913777
1.1543,1.01541
1.20379,0.710233
1.20589,0.694052
1.2699,0.176338
1.21196,0.806438
1.30793,-0.136534
1.27077,0.443488
1.24281,0.52341
1.22677,0.557058
1.23597,0.474946
1.24523,0.583963
1.1802,0.57649
1.24342,0.538288
1.24129,0.361532
1.27071,0.429654
1.24557,0.313887
1.26381,0.302575
1.21051,0.628059
1.15967,0.969113
1.17208,0.637782
1.13641,1.00386
1.26218,0.255445
1.28391,0.0787244
1.20741,0.648486
1.22825,0.309166
1.23244,0.578715
1.18269,0.846676
1.25992,0.279868
1.16256,0.896957
1.28227,0.172704
1.19312,0.535896
1.24924,0.50029
1.18217,0.534002
1.26523,0.254108
1.19622,0.73121
1.21227,0.762591
1.20388,0.448133
1.22228,0.699057
1.28002,0.288982
1.19207,0.619718
1.21073,0.36626
1.23629,0.703463
1.23323,0.856337
1.21322,0.484454
1.23493,0.541941
1.23303,0.614743
1.24324,0.26699
1.21244,0.425184
1.19454,0.639702
1.23148,0.420137
1.29432,0.274976
1.201,0.888307
1.16799,0.81091
1.16185,0.854029
1.26118,0.406961
1.15987,1.08601
1.1822,0.768834
1.23583,0.490591
1.23902,0.446222
1.20989,0.570473
1.24803,0.227115
1.20445,0.720289
1.17491,0.763953
1.24622,0.356601
1.20944,0.713472
1.24736,0.386396
1.19952,0.829618
1.19767,0.496342
1.24643,0.425254
1.17973,0.70644
1.30436,0.0905057
1.23648,0.454788
1.20482,0.70071
1.20493,0.8657
1.22757,0.376044
1.19949,0.790821
1.1864,0.66975
1.24565,0.156062
1.24733,0.486539
1.23937,0.669397
1.28929,0.212565
1.24236,0.472581
1.24302,0.746639
1.27388,0.257746
1.22867,0.254961
1.2562,0.22858
1.25448,0.457085
1.24541,0.511256
1.2365,0.376667
1.22912,0.800181
1.21625,0.578953
1.22052,0.521427
1.22432,0.39911
1.2673,0.253531
1.2199,0.54374
1.20995,0.556732
1.24457,0.367906
1.24505,0.510332
1.27724,0.121795
1.29024,0.288057
1.2056,0.562738
1.25452,0.408209
1.21013,0.597167
1.23392,0.570477
1.25369,0.575899
1.23231,0.79293
1.25048,0.446522
1.23941,0.478812
1.2448,0.49435
1.18856,0.669786
1.21029,0.581458
1.25594,0.426826
1.26848,0.24494
1.25568,0.382767
1.26257,0.284097
1.25434,0.418161
1.2875,0.175335
1.20476,0.503519
1.28044,0.150702
1.23475,0.325853
1.28212,0.324034
1.16672,0.733908
1.21679,0.729279
1.191,0.526869
1.2152,0.563822
1.21779,0.63576
1.20741,0.597287
1.26314,0.400364
1.18263,0.803875
1.22104,0.340444
1.19168,0.749277
1.17635,0.778414
1.26932,0.198595
1.21081,0.850546
1.22288,0.795679
1.26626,0.323826
1.22802,0.661572
1.27216,0.224396
1.20987,0.742274
1.2631,0.475736
1.19283,0.806456
1.23254,0.321065
1.19012,0.631725
1.1729,1.00831
1.21153,0.707872
1.28136,0.137658
1.18985,0.728547
1.21935,0.616771
1.22646,0.581883
1.12217,1.16859
1.26709,0.365073
1.18203,0.732406
1.21641,0.658708
1.24995,0.489319
1.26682,0.523354
1.20298,0.447405
1.24984,0.478386
1.17466,0.770167
1.15326,0.493903
1.19936,0.642929
1.21713,0.678193
1.21317,0.471324
1.16476,0.924862
1.28251,0.150592
1.28502,-0.0552862
1.24395,0.404516
1.21122,0.479501
1.24173,0.356084
1.21097,0.914223
1.27433,0.459711
1.29624,0.220142
1.21965,0.184427
1.13846,1.04432
1.25933,0.374439
1.17647,0.664143
1.2261,0.664253
1.1991,0.713018
1.14573,1.10126
1.26505,0.349009
1.26569,0.190656
1.29039,-0.0439801
1.19344,0.576881
1.21051,0.531598
1.24113,0.661495
1.15104,1.07536
1.16043,0.817823
1.21691,0.536018
1.19444,0.925638
1.23576,0.678232
1.24355,0.320487
1.2905,0.326782
1.23332,0.536507
1.25235,0.413402
1.231,0.38702
1.31992,0.197367
1.2315,0.461832
1.18548,0.718122
1.19188,0.869896
1.22638,0.622364
1.29887,0.161278
1.19198,0.722759
1.23301,0.388371
1.23644,0.47275
1.24363,0.667361
1.17945,0.616105
1.16329,0.861728
1.21192,0.645912
1.23859,0.517286
1.28083,0.33964
1.18883,0.595672
1.22445,0.702902
1.24737,0.67251
1.18158,0.771358
1.30029,0.210721
1.25016,0.714155
1.25506,0.466418
1.24014,0.405473
1.2595,0.555244
1.24661,0.469631
1.26952,0.384068
1.19469,0.718131
1.21374,0.624645
1.29363,0.334863
1.14568,1.00913
1.1707,0.955045
1.23812,0.568073
1.2581,0.420434
1.25825,0.309207
1.2061,0.506649
1.24854,0.250547
1.1947,0.722674
1.21664,0.481206
1.18561,0.745826
1.17835,0.969737
1.19211,0.773089
1.30745,0.162928
1.24656,0.663791
1.20919,0.439278
1.21169,0.679837
1.29238,-0.12059
1.20542,0.699458
1.21594,0.747925
1.27659,0.219434
1.27514,0.368838
1.2468,0.59239
1.22912,0.425134
1.2324,0.483159
1.1915,0.693461
1.19573,0.69386
1.18702,0.437859
1.24062,0.616446
1.22898,0.64834
1.20964,0.562235
1.22673,0.599395
1.20282,0.801612
1.24692,0.456686
1.25935,0.391012
1.25713,0.340747
1.22401,0.75131
1.27754,0.301725
1.22856,0.525892
1.22048,0.538889
1.23253,0.440145
1.28082,0.171021
1.23063,0.417953
1.21765,0.584843
1.28985,0.476371
1.18877,0.614184
1.21536,0.435813
1.22766,0.699363
1.18323,0.983437
1.21679,0.494121
1.25663,0.525262
1.24443,0.501525
1.15805,0.898894
1.2569,0.380643
1.21696,0.529134
1.27972,0.585426
1.20759,0.625703
1.18012,0.657278
1.24146,0.655693
1.26235,0.134509
1.23142,0.741493
1.2708,0.387842
1.22233,0.679058
1.20372,0.658285
1.20725,0.563113
1.21896,0.447136
1.21524,0.645451
1.14457,1.03467
1.19855,0.772288
1.19401,0.838142
1.24376,0.416478
1.22806,0.530212
1.19628,0.515886
1.28843,0.254353
1.22422,0.767775
1.26803,0.381879
1.25019,0.202005
1.26694,0.130584
1.19241,0.729804
1.26005,0.644426
1.24658,0.365149
1.23285,0.458014
1.27254,0.348807
1.209,0.560606
1.21281,0.680299
1.24208,0.522879
1.25268,0.611905
1.23301,0.521556
1.23662,0.39283
1.1638,0.905707
1.20509,0.509113
1.21531,0.655911
1.26736,0.314104
1.20392,0.635022
1.21985,0.58462
1.12007,1.19588
1.21054,0.604411
1.23846,0.483692
1.24858,0.479977
1.15772,1.08922
1.23671,0.646581
1.25802,0.249232
1.20622,0.570358
1.17128,0.875893
1.25537,0.3542
1.16381,0.80036
1.28353,0.262937
1.32374,0.0540737
1.13602,0.98285
1.2598,0.313918
1.2675,0.186198
1.22951,0.645094
1.23879,0.460257
1.24006,0.342384
1.21268,0.450644
1.29867,0.122212
1.17851,0.818928
1.27726,0.0111789
1.23752,0.451418
1.2283,0.656523
1.25085,0.317797
1.27003,0.396259
1.22873,0.49831
1.24634,0.633746
1.19564,1.01912
1.329,0.225106
1.16898,1.01002
1.21776,0.922249
1.21701,0.593747
1.13255,1.18451
1.21886,0.531773
1.22008,0.707106
1.16041,0.897845
1.21354,0.660087
1.20929,0.78314
1.21422,0.692138
1.22715,0.646215
1.17727,0.87803
1.2452,0.246521
1.27096,0.559468
1.261,0.497896
1.22659,0.684621
1.24585,0.474234
1.20787,0.536052
1.17769,0.598982
1.22196,0.590106
1.17285,0.743256
1.24065,0.610463
1.24321,0.4851
1.21972,0.718151
1.19717,0.73679
1.31361,0.326431
1.24334,0.609165
1.24976,0.579092
1.21588,0.657423
1.21046,0.797212
1.2543,0.398798
1.29412,0.209047
1.3357,-0.00819282
1.28623,0.0406748
1.23116,0.560359
1.13643,0.824641
1.23328,0.240802
1.23163,0.515424
1.2648,0.530908
1.29438,0.0903272
1.16786,0.855184
1.26133,0.398506
1.22885,0.473422
1.20678,0.669702
1.19133,0.633518
1.29571,0.298404
1.26691,0.414549
1.20391,0.742044
1.29661,0.237162
1.27024,0.0768904
1.20377,0.868503
1.1825,0.848599
1.20073,0.741796
1.18285,0.70727
1.20917,0.671194
1.1589,0.586185
1.19304,0.639349
1.22725,0.676772
1.27874,0.264089
1.1784,0.841165
1.21406,0.608455
1.22436,0.352546
1.23243,0.441197
1.24448,0.765401
1.18039,0.836425
1.21044,0.756457
1.23997,0.575084
1.19317,0.843157
1.2508,0.239969
1.23579,0.632287
1.28984,-0.089972
1.23677,0.39838
1.21398,0.572476
1.27279,0.276473
1.19048,0.830538
1.20371,0.833888
1.26215,0.321724
1.21979,0.575644
1.2543,0.416281
1.17765,0.777576
1.13253,1.22552
1.25311,0.226446
1.23059,0.460766
1.27773,0.183519
1.19601,0.591968
1.11823,0.908875
1.25406,0.254569
1.25386,0.589132
1.18731,0.727953
1.24923,0.307988
1.26858,0.509417
1.19534,0.917609
1.21001,0.655122
1.2946,0.164743
1.21171,0.583513
1.1992,0.66268
1.23011,0.42968
1.24602,0.301776
1.24282,0.555213
1.23205,0.698969
1.23605,0.829466
1.18952,0.834603
1.16655,0.801687
1.20428,0.326269
1.22049,0.626307
1.26641,0.503921
1.24347,0.421249
1.2801,0.358098
1.196,0.674925
1.21968,0.705951
1.16875,0.906149
1.25185,0.490347
1.23607,0.546349
1.20539,0.704613
1.26698,0.140369
1.28463,0.032914
1.22431,0.530249
1.19378,0.74524
1.25245,0.38259
1.17022,0.750106
1.30414,0.412736
1.12684,1.20357
1.26989,0.272621
1.19442,0.804777
1.1924,0.707671
1.20275,0.691613
1.26338,0.0718712
1.23391,0.425217
1.21715,0.459441
1.2817,0.370553
1.20856,0.714229
1.25,0.514904
1.2303,0.418664
1.22299,0.67553
1.17573,0.782316
1.20202,0.617643
1.26197,0.504273
1.21545,0.654244
1.29791,-0.130243
1.24934,0.352508
1.25254,0.504379
1.25293,0.589042
1.14538,0.899535
1.22228,0.354264
1.20279,0.877611
1.21118,0.649116
1.23968,0.559088
1.23839,0.42343
1.23728,0.449394
1.20169,0.620017
1.17302,0.615845
1.22985,0.551455
1.20956,0.647889
1.26123,0.359173
1.21603,0.743464
1.28943,0.381196
1.2592,0.156397
1.23595,0.502333
1.1504,0.926878
1.20708,0.958032
1.27427,0.591809
1.23814,0.793833
1.26133,0.424225
1.15957,0.540043
1.29176,0.259001
1.21683,0.570773
1.17292,0.637724
1.18599,0.71693
1.27885,0.181547
1.20891,0.672182
1.1533,0.895561
1.17726,0.878923
1.25968,0.22943
1.27544,0.231551
1.3068,0.238688
1.18339,0.779432
1.2497,0.376819
1.28573,0.233947
1.25593,0.221848
1.25662,0.682528
1.22626,0.585056
1.23649,0.440336
1.26533,0.365966
1.18551,0.765484
1.19162,0.841521
1.25002,0.34477
1.30755,0.183687
1.16306,0.889854
1.26258,0.567274
1.2647,0.334819
1.19548,0.808006
1.17529,0.957705
1.23849,0.584476
1.30804,0.106403
1.22579,0.471645
1.1711,0.729634
1.19021,0.513642
1.32171,0.183083
1.25577,0.503436
1.24071,0.403859
1.21066,0.436637
1.23504,0.580329
1.27266,0.417572
1.20186,0.473197
1.21507,0.353681
1.32685,-0.0709164
1.16023,0.753602
1.28197,0.426762
1.24402,0.447205
1.259,0.343
1.17488,1.12185
1.24394,0.140541
1.25119,0.377298
1.20757,0.602701
1.2763,0.183543
1.20551,0.477062
1.26409,0.610517
1.1918,0.566965
1.1489,1.10447
1.14325,1.02215
1.24257,0.621107
1.20054,0.758535
1.29398,0.255081
1.24517,0.246117
1.22712,0.538222
1.19498,0.66931
1.28831,0.397164
1.17596,0.492903
1.25229,0.0709416
1.24084,0.413579
1.24182,0.354365
1.25655,0.506818
1.23986,0.150866
1.27565,0.208284
1.21396,0.458063
1.21055,0.582166
1.24348,0.397163
1.29153,0.231904
1.18816,0.621798
1.18588,0.706242
1.25152,0.609681
1.18321,0.735909
1.27233,0.298592
1.2783,0.0439636
1.211,0.995366
1.22238,0.597842
1.25962,0.433566
1.24356,0.468496
1.24048,0.488348
1.2673,0.249306
1.17678,0.871699
1.22224,0.758083
1.25852,0.312821
1.25172,0.516769
1.23158,0.379181
1.32364,0.136934
1.18348,0.885537
1.17143,0.872485
1.31257,0.11932
1.24419,0.293687
1.22408,0.555248
1.23573,0.834171
1.24971,0.53371
1.22475,0.261813
1.22184,0.58357
1.30754,0.213172
1.17867,0.987387
1.23062,0.368724
1.21401,0.722577
1.19539,0.475797
1.19337,0.856428
1.27808,0.238896
1.2837,0.166813
1.19467,0.908158
1.21035,0.58103
1.25164,0.315626
1.20024,0.661348
1.21983,0.410853
1.21505,0.44638
1.18084,0.480993
1.23568,0.578492
1.21404,0.418933
1.23796,0.50548
1.21699,0.37877
1.2348,0.624673
1.16645,0.919608
1.24297,0.405961
1.2984,0.223906
1.28801,-0.0652913
1.23419,0.265946
1.17843,0.929934
1.23491,0.680211
1.25352,0.620356
1.28412,0.272646
1.20556,0.484205
1.22287,0.563603
1.30983,0.166904
1.18952,0.769788
1.22686,0.561282
1.23952,0.574005
1.29135,0.180644
1.22315,0.469107
1.25631,0.672651
1.21637,0.804152
1.1648,0.959497
1.23936,0.467899
1.2687,0.128286
1.26348,0.282652
1.2417,0.467504
1.28266,0.27233
1.22188,0.395448
1.25538,0.431801
1.24935,0.347897
1.19133,0.583889
1.26303,0.522417
1.167,0.909168
1.21937,0.55015
1.23223,0.578603
1.20699,0.616534
1.18731,0.986115
1.26137,0.388882
1.23269,0.657305
1.09324,1.22571
1.19995,0.575299
1.25385,0.512392
1.30309,0.218913
1.15738,0.96895
1.16347,0.991738
1.25938,0.38462
1.28743,0.230541
1.23624,0.529252
1.19667,0.639354
1.23114,0.453668
1.25201,0.371267
1.24698,0.349815
1.23393,0.574117
1.28362,0.220775
1.21111,0.834538
1.2029,0.601127
1.24483,0.318587
1.23626,0.669294
1.18084,0.90772
1.17116,0.970178
1.19952,0.596003
1.22683,0.63921
1.20899,0.71684
1.22903,0.655829
1.16146,0.718913
1.21761,0.368697
1.13,0.83619
1.3226,0.126216
1.26393,0.326227
1.22207,0.776205
1.20175,0.50683
1.19557,0.640651
1.20927,0.812396
1.22991,0.463722
1.25202,0.557213
1.18713,0.722282
1.22968,0.645906
1.21274,0.750028
1.26048,0.528886
1.22777,0.494951
1.20254,0.818571
1.17489,0.829929
1.20737,0.478467
1.22864,0.478109
1.22956,0.480575
1.21857,0.308085
1.2217,0.384575
1.14717,0.770599
1.19213,0.688222
1.28612,0.24741
1.23908,0.540339
1.2316,0.598365
1.33135,0.02277
1.2956,0.15562
1.27268,0.0529009
1.26297,0.294795
1.18846,0.913836
1.19685,0.743442
1.26877,0.31315
1.19912,0.570768
1.22137,0.699136
1.24044,0.616971
1.26484,0.327566
1.2032,0.67933
1.21951,0.77018
1.27505,0.48645
1.22043,0.592632
1.30027,0.0717689
1.26723,0.344585
1.34508,0.183601
1.19187,0.820691
1.24761,0.393536
1.24492,0.196551
1.16017,0.766064
1.2773,0.268977
1.22792,0.393694
1.22598,0.52404
1.22436,0.581726
1.31255,-0.168781
1.16807,0.843988
1.287,0.405127
1.22934,0.495145
1.23963,0.457819
1.22591,0.504667
1.28408,0.103101
1.23775,0.153477
1.20956,0.751308
1.22613,0.533467
1.25689,0.434212
1.20451,0.695006
1.24261,0.438943
1.25508,0.494812
1.24048,0.599712
1.23334,0.498701
1.19648,0.843885
1.24939,0.423256
1.22365,0.597208
1.23587,0.5229
1.23114,0.354941
1.2089,0.625791
1.24594,0.394728
1.25463,0.566912
1.22378,0.415495
1.26658,0.170866
1.16988,0.487105
1.24119,0.504899
1.21433,0.616239
1.24306,0.387665
1.19847,0.723721
1.1994,0.608478
1.23847,0.458097
1.18882,0.956453
1.25715,0.607178
1.24582,0.35105
1.28159,0.192315
1.2069,0.430943
1.23371,0.702677
1.23007,0.580177
1.12307,1.17397
1.22796,0.650252
1.2356,0.389533
1.19253,0.734219
1.25397,0.497934
1.21984,0.690743
1.20587,0.58179
1.20056,0.524192
1.23334,0.58351
1.24021,0.449681
1.27405,0.273336
1.23409,0.726405
1.19209,0.784659
1.23777,0.516973
1.15415,0.937661
1.14023,1.0938
1.24872,0.215576
1.18607,0.719947
1.14558,0.993215
1.26414,0.601652
1.18355,0.653133
1.22275,0.476898
1.1664,0.911668
1.23589,0.339964
1.25063,0.469837
1.24165,0.634807
1.25275,0.262548
1.14972,1.19537
1.2175,0.649029
1.23844,0.30276
1.24673,0.416034
1.2484,0.223475
1.26369,0.27007
1.18281,0.881222
1.24445,0.2069
1.22451,0.594964
1.21044,0.558092
1.23396,0.616322
1.15366,1.00142
1.24435,0.621227
1.1995,0.752516
1.18431,0.868301
1.21465,0.780921
1.1434,0.82158
1.24262,0.611412
1.23754,0.128575
1.23284,0.475963
1.19675,0.702446
1.18805,0.75406
1.17952,0.726472
1.26472,0.357362
1.29158,0.194977
1.24373,0.327016
1.17672,0.818214
1.33132,0.00253383
1.23172,0.669842
1.18089,0.788468
1.27235,0.0668049
1.22334,0.51976
1.26832,0.211507
1.22595,0.371394
1.20616,0.694818
1.18763,0.59621
1.20302,0.775779
1.21615,0.550166
1.23128,0.566078
1.23529,0.53219
1.29084,0.471179
1.277,0.602697
1.224,0.406885
1.20055,0.801654
1.30773,0.0022204
1.24274,0.707137
1.19345,0.63346
1.20548,0.567361
1.18136,0.818351
1.26627,0.4109
1.22749,0.409091
1.30313,0.235862
1.2349,0.531065
1.19284,0.763316
1.24418,0.566401
1.21945,0.482838
1.26736,0.260892
1.20627,0.755779
1.27966,0.301103
1.20984,0.556594
1.24693,0.463904
1.3292,0.0111373
1.26874,0.502509
1.27374,0.207897
1.18888,0.532418
1.22609,0.668246
1.27314,0.0535808
1.2389,0.268575
1.20914,0.713937
1.29618,0.260457
1.19291,0.366923
1.31413,0.107792
1.21286,0.700149
1.23753,0.523186
1.24871,0.553789
1.18002,0.697961
1.241,0.533186
1.26372,0.310924
1.22216,0.553246
1.19759,0.700274
1.25365,0.278636
1.17957,0.542359
1.16113,1.20588
1.21374,0.473172
1.23461,0.600685
1.2765,0.438878
1.29211,0.199124
1.25793,0.449253
1.20763,0.564541
1.22891,0.211218
1.17726,0.729852
1.26068,0.394121
1.26037,0.292631
1.20302,0.759174
1.22964,0.225184
1.17524,1.03993
1.1934,0.584995
1.23538,0.308569
1.21941,0.611696
1.171,0.886332
1.22793,0.395397
1.32864,0.204022
1.21027,0.408763
1.27932,0.400739
1.2301,0.510877
1.19575,0.480477
1.25419,0.0456856
1.24361,0.427935
1.22777,0.477002
1.25389,0.315719
1.28692,0.168792
1.21122,0.302392
1.24728,0.302394
1.23757,0.230044
1.25853,0.467797
1.23704,0.423326
1.32801,0.0451228
1.23154,0.488834
1.20527,0.537639
1.19233,0.753983
1.21239,0.865136
1.25312,0.390597
1.27383,0.384673
1.18207,0.8301
1.24424,0.512219
1.24067,0.327168
1.24587,0.421684
1.18867,0.680336
1.18682,0.711308
1.25398,0.379534
1.24021,0.692084
1.24381,0.382601
1.31847,-0.305779
1.21738,0.515737
1.25509,0.327075
1.20425,0.633541
1.30917,0.0201015
1.27867,0.270725
1.2484,0.473727
1.24067,0.501508
1.27422,0.558748
1.27533,0.325704
1.24342,0.466672
1.17713,0.681346
1.26072,0.367876
1.23829,0.530779
1.18666,0.726915
1.2083,0.489686
1.24758,0.152739
1.17378,0.751081
1.25374,0.409228
1.20966,0.565654
1.24101,0.526995
1.25238,0.57818
1.23537,0.492078
1.27316,0.384324
1.2867,0.173576
1.22545,0.614301
1.26454,0.428933
1.2032,0.506376
1.16578,0.767847
1.28573,0.206258
1.27037,0.429571
1.22482,0.6417
1.23325,0.357488
1.18106,0.696981
1.221,0.507129
1.2632,0.642379
1.21152,0.425359
1.1614,0.850123
1.16676,0.853931
1.18428,0.690742
1.18102,0.749057
1.27033,0.24876
1.20637,0.510696
1.19016,0.843071
1.21827,0.716348
1.22678,0.592695
1.22309,0.646979
1.19156,0.506969
1.20238,0.70339
1.28535,0.0432868
1.2422,0.456199
1.26556,0.387518
1.26639,0.153552
1.2394,0.343068
1.24797,0.306324
1.19484,0.885832
1.25052,0.463958
1.24584,0.379915
1.24985,0.446464
1.2869,0.33854
1.21312,0.745664
1.22044,0.516271
1.21771,0.465603
1.2494,0.305217
1.16049,0.947242
1.1874,0.907047
1.24149,0.0993545
1.24492,0.582727
1.21697,0.673249
1.20164,0.628563
1.19054,0.717355
1.24813,0.518053
1.21794,0.643752
1.28556,0.409663
1.18222,0.750572
1.18747,0.563736
1.32618,0.284749
1.2262,0.687157
1.24802,0.429469
1.25612,0.351747
1.2001,0.712656
1.2052,0.602526
1.20439,0.520663
1.27614,0.248759
1.23317,0.682822
1.17831,0.96689
1.17608,0.831759
1.23217,0.559198
1.23557,0.601608
1.2802,0.294649
1.17684,1.03457
1.18682,0.835056
1.22616,0.464668
1.21393,0.661853
1.30227,0.230983
1.18739,0.554167
1.22151,0.529757
1.17794,0.951156
1.17103,0.880504
1.28725,-0.0179017
1.22368,0.816802
1.20737,0.809772
1.27295,0.231943
1.23723,0.482224
1.21226,0.816218
1.23883,0.619418
1.22956,0.429007
1.31996,0.121876
1.22627,0.617699
1.20441,0.811886
1.23814,0.180976
1.2388,0.524204
1.21749,0.497157
1.20229,0.385554
1.22783,0.549221
1.15586,0.752902
1.2169,0.585776
1.24535,0.500659
1.26549,0.324395
1.25716,0.22064
1.18215,0.810464
1.21767,0.430209
1.30835,-0.0569608
1.26062,0.328847
1.21106,0.448549
1.23898,0.721667
1.24706,0.659945
1.21903,0.660836
1.18814,0.89625
1.18529,0.846755
1.29912,0.406184
1.22249,0.511325
1.29065,0.209883
1.25418,0.393274
1.24051,0.319281
1.23809,0.512903
1.26465,0.3133
1.20409,0.482157
1.22786,0.556874
1.17959,0.775629
1.23232,0.547203
1.14208,0.932973
1.29548,0.123871
1.20274,0.667669
1.19219,0.800683
1.24722,0.321366
1.24373,0.262247
1.25395,0.35162
1.22786,0.551974
1.21147,0.633956
1.25224,0.633563
1.17535,0.649233
1.23024,0.493927
1.17955,0.865007
1.27541,0.411461
1.19211,0.351836
1.22102,0.526302
1.23697,0.315153
1.20772,0.543644
1.21119,0.498422
1.26804,0.311828
1.23051,0.761408
1.18945,0.7707
1.24121,0.476646
1.24358,0.206605
1.22164,0.69072
1.30791,0.13567
1.29162,0.243877
1.25256,0.473114
1.3217,0.101231
1.22708,0.620527
1.23234,0.686858
1.22606,0.592818
1.23061,0.44276
1.2732,0.436887
1.21812,0.522248
1.25195,0.305446
1.29854,0.136672
1.20675,0.723069
1.30508,-0.0213531
1.23554,0.653819
1.23184,0.620639
1.25066,0.358008
1.22029,0.5569
1.22031,0.732701
1.26787,0.523202
1.19451,1.01503
1.22965,0.565547
1.26786,0.347417
1.23194,0.504452
1.21778,0.630768
1.18302,0.53245
1.23219,0.4363
1.25637,0.377
1.22831,0.493571
1.21165,0.486819
1.18267,0.648277
1.25115,0.262175
1.27058,0.444137
1.21763,0.822289
1.2465,0.350601
1.23136,0.337833
1.2175,0.42841
1.31139,0.127109
1.19561,0.527634
1.19343,0.907401
1.27024,0.25945
1.24605,0.455179
1.19805,0.709279
1.17408,0.777153
1.19317,0.686058
1.16987,0.727993
1.27471,0.272156
1.14322,1.21547
1.25485,0.273885
1.15052,0.916163
1.24234,0.458376
1.21078,0.58095
1.2373,0.296328
1.21289,0.560746
1.19099,0.743337
1.21543,0.744576
1.24887,0.284053
1.2645,0.32571
1.22182,0.499622
1.22373,0.551589
1.20163,0.681553
1.23647,0.740796
1.26899,0.418356
1.26538,0.258762
1.22387,0.585957
1.18851,0.540779
1.2443,0.21866
1.23882,0.460274
1.21314,0.776818
1.23925,0.618846
1.20151,0.441041
1.26974,0.390639
1.21813,0.606973
1.27799,0.306451
1.23158,0.453172
1.28831,0.334001
1.20685,0.781675
1.21722,0.775632
1.23522,0.833355
1.25017,0.168539
1.29924,-0.00313652
1.18393,0.949647
1.14818,0.880945
1.28262,0.330407
1.18084,0.491032
1.23624,0.506468
1.22517,0.625118
1.28855,0.192675
1.19473,0.776078
1.20963,0.571408
1.23724,0.526863
1.21307,0.738733
1.26248,0.15045
1.22762,0.498285
1.166,0.582441
1.26673,0.325481
1.22886,0.65821
1.29394,0.187031
1.24133,0.493053
1.21141,0.648222
1.1739,0.969129
1.19418,0.717
1.23845,0.333895
1.25824,0.400892
1.17448,1.0582
1.17264,0.700395
1.23051,0.439617
1.20392,0.54568
1.26683,0.538631
1.22666,0.470372
1.26523,0.558942
1.19868,0.701328
1.21668,0.685314
1.28215,0.291515
1.24379,0.620057
1.28297,0.150054
1.24436,0.438485
1.22319,0.682868
1.21596,0.392299
1.24873,0.0943988
1.17704,0.873726
1.16774,0.724507
1.27915,0.484785
1.2646,0.502907
1.19283,0.814324
1.26124,0.170198
1.22883,0.3994
1.26314,0.264848
1.23142,0.443386
1.19624,0.721969
1.13978,1.1884
1.15143,0.820272
1.27646,0.463278
1.14087,0.893771
1.30432,0.235279
1.20064,0.697069
1.26049,0.202872
1.20199,0.810405
1.27271,0.126912
1.26922,0.40179
1.26779,0.242723
1.23366,0.35754
1.23221,0.478246
1.25415,0.357027
1.2961,0.239973
1.23668,0.607299
1.29261,0.231353
1.22999,0.544958
1.2565,0.179181
1.24714,0.3678
1.25044,0.637578
1.21167,0.567335
1.20337,0.689767
1.23608,0.314114
1.22785,0.239994
1.27713,0.140087
1.23068,0.514614
1.12885,0.878933
1.16437,0.799619
1.24229,0.339771
1.31624,0.0384574
1.20308,0.47181
1.23259,0.338453
1.1735,0.755634
1.2926,0.36137
1.23534,0.417439
1.12221,1.15388
1.23323,0.486453
1.19674,0.697999
1.21306,0.785792
1.17121,0.925555
1.25424,0.407666
1.28595,0.505924
1.22265,0.543579
1.19676,0.587402
1.18766,0.759927
1.20919,0.615436
1.24866,0.257104
1.21548,0.650623
1.18518,0.742115
1.26388,0.498284
1.26994,0.223906
1.20601,0.547391
1.28714,0.308696
1.2164,0.676358
1.25956,0.289071
1.18367,0.707661
1.26426,0.36233
1.23935,0.384447
1.2258,0.611666
1.24235,0.575142
1.32501,0.186649
1.29452,0.153075
1.22938,0.432134
1.15825,0.733106
1.21609,0.500317
1.2371,0.589147
1.27764,0.298626
1.23677,0.562033
1.21262,0.529562
1.18132,0.875625
1.19874,0.61782
1.28089,0.296783
1.21085,0.778316
1.1823,0.975299
1.18697,0.756034
1.2756,0.178878
1.22209,0.494059
1.1799,0.686434
1.21815,0.465162
1.30925,0.261009
1.18224,0.922458
1.19975,0.842518
1.25936,0.426767
1.24058,0.715149
1.22607,0.335492
1.24545,0.481831
1.30662,0.240367
1.18755,0.827201
1.19929,0.665257
1.24758,0.673186
1.22881,0.650732
1.28504,0.25676
1.16338,0.635932
1.23615,0.453322
1.19051,0.560792
1.26972,0.265132
1.22911,0.683355
1.27747,0.118257
1.25421,0.365648
1.3292,0.152121
1.25616,0.324057
1.30086,-0.0643079
1.26775,0.47691
1.189,0.632772
1.24279,0.30561
1.19343,0.843709
1.20265,0.780825
1.26839,0.117613
1.24851,0.484236
1.19475,0.834276
1.24898,0.334092
1.23087,0.657966
1.25704,0.521047
1.27083,0.358842
1.22476,0.660005
1.21297,0.498959
1.15365,1.10704
1.2609,0.57638
1.15317,0.954751
1.18999,0.936022
1.2219,0.615094
1.23316,0.526547
1.20173,0.80826
1.29546,0.2322
1.2751,0.453725
1.15371,0.764278
1.21787,0.68128
1.20601,0.606778
1.17592,0.751523
1.27669,0.407983
1.25968,0.460464
1.25961,0.423687
1.23393,0.542329
1.27444,0.433927
1.20818,0.571534
1.23341,0.276572
1.23575,0.57966
1.24832,0.274261
1.24033,0.767179
1.1805,0.697386
1.30671,0.176577
1.22357,0.389046
1.26501,0.408384
1.17326,0.862844
1.19654,0.51563
1.16333,0.946099
1.28179,0.386605
1.19549,0.85303
1.27157,0.345242
1.21011,0.745849
1.19963,0.624688
1.27832,0.242015
1.232,0.712717
1.23491,0.65415
1.23026,0.465272
1.22707,0.409131
1.28393,0.257115
1.24364,0.478597
1.20965,0.615093
1.25335,0.308686
1.30467,0.0113662
1.28139,0.447224
1.18766,0.582618
1.20286,0.473219
1.21387,0.427704
1.19592,0.678383
1.20125,0.663327
1.21176,0.643158
1.26294,0.389156
1.26885,0.345953
1.2186,0.51078
1.27999,0.377525
1.1529,0.656832
1.27236,0.363868
1.17548,0.689232
1.23796,0.617537
1.19991,0.521221
1.27344,0.284003
1.24417,0.571118
1.17584,0.660689
1.16802,0.753641
1.25425,0.449274
1.19428,0.797006
1.24549,0.550147
1.23149,0.6029
1.20232,0.528118
1.11782,1.143
1.26127,0.511941
1.22626,0.568657
1.21033,0.578353
1.21608,0.630149
1.26466,0.219939
1.1822,0.677799
1.22772,0.411852
1.22763,0.457654
1.18577,0.704796
1.2824,0.325397
1.25098,0.475804
1.23138,0.570834
1.23609,0.261879
1.23063,0.70613
1.2754,0.215231
1.22752,0.427324
1.20677,0.533672
1.13871,0.914833
1.26546,0.296494
1.23806,0.270274
1.265,0.598412
1.2286,0.706057
1.22569,0.464582
1.30368,0.136728
1.20773,0.861372
1.19029,0.650753
1.21004,0.604697
1.1779,0.725867
1.25139,0.217392
1.23684,0.354015
1.22233,0.721888
1.261,0.389009
1.19383,0.66566
1.23352,0.53064
1.18852,0.577159
1.16668,0.79363
1.17455,0.739297
1.24947,0.424772
1.31415,0.108836
1.22542,0.697438
1.23725,0.353789
1.19125,0.920718
1.23133,0.583708
1.19981,0.907213
1.25909,0.417816
1.20325,0.861252
1.26763,0.449892
1.23391,0.628728
1.22359,0.433165
1.26828,0.146938
1.25357,0.519631
1.25356,0.311416
1.28416,0.0220012
1.19192,0.748505
1.15203,0.952526
1.23569,0.655018
1.23068,0.380346
1.21783,0.4553
1.22873,0.616066
1.2336,0.351209
1.28354,0.271934
1.17566,0.873044
1.21232,0.771512
1.224,0.720165
1.24435,0.352364
1.25587,0.720812
1.2376,0.605303
1.21593,0.702797
1.29801,0.178237
1.25633,0.168884
1.17604,0.874585
1.25271,0.524628
1.255,0.346371
1.24432,0.346862
1.1711,0.611735
1.1523,1.05864
1.28686,0.188528
1.19506,0.607583
1.25101,0.336282
1.21448,0.504993
1.14483,0.85926
1.31185,0.17944
1.22558,0.429052
1.16894,0.976099
1.28036,0.314944
1.23969,0.424776
1.2642,0.365068
1.27408,0.497288
1.19834,0.667208
1.31641,0.125793
1.25882,0.603111
1.2682,0.308488
1.17825,0.585176
1.19997,0.782145
1.29976,0.353343
1.25493,0.566425
1.25537,0.63919
1.19891,0.612205
1.2921,0.24009
1.24031,0.312328
1.20903,0.622408
1.14986,0.828511
1.2279,0.456814
1.20316,0.637735
1.20365,0.713259
1.25727,0.53139
1.25943,0.332736
1.14685,0.927921
1.29775,0.113829
1.24092,0.47442
1.16585,0.806385
1.28167,0.117007
1.19738,0.777978
1.23241,0.433108
1.19737,0.675994
1.20408,0.884613
1.18238,0.96016
1.23622,0.171616
1.21474,0.642498
1.33265,0.0969942
1.26381,0.344704
1.20016,0.576416
1.26099,0.526292
1.24991,0.464103
1.2145,0.487492
1.27709,0.406712
1.19658,0.64916
1.22106,0.650482
1.21231,0.676615
1.273,0.481682
1.20557,0.749814
1.24587,0.604514
1.27073,0.0773827
1.16181,0.595684
1.16068,0.871408
1.23262,0.479659
1.1379,1.03645
1.22539,0.491812
1.26771,0.206698
1.25039,0.393384
1.25633,0.315569
1.21652,0.526386
1.25716,0.574943
1.1645,0.770716
1.22596,0.393549
1.20979,0.583111
1.27077,0.0676515
1.20667,0.724181
1.22113,0.750344
1.2883,0.25612
1.18303,0.686431
1.17044,0.736157
1.23517,0.305273
1.21392,0.590956
1.14072,1.0731
1.13285,1.19777
1.22736,0.477508
1.23324,0.480314
1.32798,-0.247447
1.17693,0.861188
1.22701,0.634056
1.14829,0.898461
1.19921,0.661369
1.22762,0.68311
1.17245,0.760293
1.23272,0.508202
1.1695,0.855703
1.23992,0.365245
1.22847,0.584958
1.24664,0.576219
1.22988,0.383493
1.20646,0.607335
1.19463,0.460645
1.21904,0.298155
1.23394,0.686477
1.24943,0.317636
1.16861,0.995841
1.31612,0.0348867
1.20968,0.601492
1.23482,0.540828
1.22483,0.361392
1.26101,0.315571
1.23691,0.674742
1.22552,0.510725
1.19733,0.651085
1.27146,0.409984
1.24029,0.258255
1.24562,0.290568
1.10944,0.840776
1.24195,0.592361
1.16759,0.803559
1.23321,0.22593
1.24331,0.675431
1.2521,0.315671
1.22184,0.714067
1.22269,0.609434
1.16361,0.885619
1.2068,0.913067
1.20896,0.751244
1.23648,0.671583
1.21668,0.25602
1.26504,0.331278
1.24868,0.548674
1.2226,0.487166
1.16638,0.618185
1.18839,0.66912
1.20041,0.566006
1.17718,0.623782
1.158,0.872132
1.23768,0.687258
1.16938,0.787128
1.33577,0.0920036
1.22378,0.810304
1.22153,0.436731
1.18277,0.874261
1.2448,0.439065
1.21387,0.724343
1.23728,0.598901
1.24342,0.556877
1.22529,0.671072
1.22846,0.397436
1.2951,0.343819
1.25622,0.351718
1.16434,0.775907
1.22496,0.530812
1.30226,0.199294
1.21428,0.789086
1.23656,0.758343
1.23182,0.611112
1.27432,0.0584025
1.28394,0.147001
1.26517,0.0741754
1.27774,0.280173
1.223,0.557771
1.19986,0.483149
1.28731,0.462847
1.23274,0.347469
1.24017,0.399404
1.32277,-0.0442091
1.23007,0.497933
1.21809,0.795312
1.253,0.311289
1.26512,0.256368
1.22421,0.607361
1.17805,0.545442
1.25571,0.313062
1.21344,0.729095
1.22673,0.548608
1.17566,0.768321
1.2339,0.505582
1.14823,1.1702
1.15332,0.919707
1.18673,0.898656
1.18974,0.830071
1.1894,0.720431
1.22549,0.512903
1.26226,0.310786
1.24109,0.621702
1.15581,0.576411
1.25094,0.352832
1.17758,0.844831
1.26477,0.171238
1.26846,0.523998
1.2234,0.925114
1.18814,1.01324
1.25192,0.318853
1.16604,1.00394
1.22521,0.647838
1.23793,0.423443
1.2237,0.567978
1.28785,0.249571
1.19747,0.579246
1.20129,0.640279
1.20338,0.873718
1.20324,0.470978
1.21784,0.47752
1.18941,0.844632
1.26773,0.296777
1.25172,0.497613
1.22931,0.515175
1.21718,0.794507
1.22148,0.482564
1.19974,0.787041
1.24055,0.764362
1.24815,0.387917
1.18477,0.554036
1.22468,0.580667
1.20393,0.594915
1.19323,0.734042
1.21617,0.452718
1.22173,0.698082
1.17669,0.491887
1.27576,0.236148
1.19763,0.516978
1.24155,0.406458
1.19078,0.512515
1.19239,0.548594
1.21152,0.605891
1.19016,0.727802
1.17047,0.693894
1.23161,0.567767
1.26632,0.229851
1.17038,0.965412
1.29975,-0.0162312
1.27007,0.480439
1.2379,0.420627
1.26839,0.545644
1.22982,0.390923
1.23602,0.344436
1.20363,0.640407
1.19993,0.907727
1.18189,0.515101
1.12821,1.09134
1.2819,0.267316
1.21616,0.646944
1.25955,0.526297
1.18267,0.569557
1.23331,0.516172
1.27576,0.162568
1.17868,0.803885
1.24112,0.320885
1.25568,0.431001
1.23647,0.713234
1.19351,0.545086
1.23146,0.367892
1.19023,0.711316
1.23488,0.49055
1.2567,0.34301
1.18728,0.598236
1.29893,0.250035
1.18717,0.715757
1.21627,0.593576
1.19035,0.74981
1.2188,0.529708
1.18559,0.679718
1.21655,0.39068
1.14794,0.943045
1.22385,0.467452
1.22723,0.662092
1.18215,0.620746
1.20653,0.367793
1.19778,1.0762
1.2474,0.403581
1.19193,0.781726
1.26213,0.434605
1.18454,0.975092
1.21358,0.577746
1.21764,0.766912
1.23067,0.444742
1.23441,0.44453
1.2332,0.44135
1.21506,0.66381
1.23885,0.355103
1.23687,0.583124
1.23547,0.536171
1.26631,0.200144
1.2669,0.46998
1.24395,0.592527
1.26763,0.267153
1.25325,0.246504
1.23811,0.386028
1.21756,0.675948
1.24648,0.149273
1.25281,0.338688
1.16445,1.00439
1.22944,0.458891
1.22948,0.373338
1.20007,0.424862
1.27478,0.0296206
1.31627,0.348426
1.29468,0.018586
1.23026,0.536391
1.20908,0.510467
1.21281,0.660025
1.22412,0.59093
1.23049,0.568724
1.23334,0.439208
1.26854,0.296023
1.25432,0.428169
1.1953,0.496786
1.26503,0.119732
1.20857,0.840654
1.21188,0.771547
1.30172,-0.0126808
1.23985,0.349799
1.19297,0.736682
1.27533,0.263013
1.14546,1.10587
1.29925,0.197239
1.31719,0.128949
1.26161,0.419767
1.20559,0.779898
1.29586,0.247237
1.2331,0.284201
1.18339,0.722699
1.21218,0.546626
1.21251,0.610592
1.19792,0.626325
1.24622,0.714566
1.17717,0.750511
1.23718,0.438484
1.21719,0.714976
1.17999,0.813494
1.25445,0.313296
1.25688,0.409494
1.25087,0.567476
1.21711,0.818233
1.16736,0.720207
1.24562,0.51074
1.21862,0.590463
1.31002,0.20816
1.19478,0.732909
1.25592,0.349259
1.24098,0.558033
1.23219,0.364008
1.24108,0.382671
1.15985,0.826413
1.30227,0.14893
1.26968,0.36727
1.19129,0.769448
1.20808,0.813278
1.24572,0.519385
1.29023,0.186815
1.31476,0.116515
1.17396,0.804929
1.16202,0.698905
1.17799,0.686141
1.18209,0.607554
1.27481,0.172289
1.312,0.117979
1.29043,0.164811
1.23525,0.581933
1.25944,0.305171
1.32471,-0.0339924
1.26887,0.210529
1.20424,0.536566
1.21311,0.600715
1.22323,0.467032
1.23608,0.671414
1.22923,0.553383
1.17792,0.890105
1.25313,0.639294
1.20029,0.73387
1.23325,0.480663
1.20007,0.790794
1.24456,0.516741
1.29259,0.117348
1.33632,-0.0900514
1.24668,0.275909
1.23652,0.258882
1.22902,0.573059
1.29815,0.0547867
1.20415,0.67089
1.20842,0.914351
1.18862,0.571728
1.23008,0.415024
1.20761,0.674072
1.25019,0.458051
1.24174,0.462048
1.20666,0.771026
1.25007,0.49772
1.2321,0.599376
1.23232,0.621984
1.20107,0.744216
1.23496,0.685539
1.21782,0.600291
1.18577,0.592523
1.27665,0.375058
1.19276,0.840665
1.20058,0.62556
1.23397,0.161611
1.20293,0.564673
1.20666,0.673025
1.19774,0.600758
1.23549,0.403993
1.24294,0.462353
1.24729,0.432869
1.21207,0.762244
1.17578,0.83109
1.18628,0.433768
1.18673,0.716463
1.21573,0.622972
1.24341,0.614666
1.26431,0.406225
1.23362,0.505642
1.23359,0.54814
1.21803,0.724482
1.1769,0.995814
1.21118,0.449849
1.27302,0.158967
1.24626,0.61054
1.23037,0.331366
1.19432,0.457595
1.21517,0.753594
1.26366,0.374616
1.22378,0.554478
1.25834,0.413282
1.19112,0.753957
1.16948,0.983178
1.25468,0.570043
1.16835,0.949628
1.24052,0.570623
1.30985,0.0435265
1.18947,0.548775
1.1572,0.871021
1.21092,0.508364
1.23548,0.640853
1.2457,0.573033
1.2279,0.459214
1.26853,0.306714
1.25934,0.497324
1.27625,0.157985
1.28342,0.229655
1.25296,0.0500784
1.20967,0.728911
1.19828,0.746051
1.22138,0.537496
1.12132,0.881485
1.25738,0.318306
1.26245,0.529607
1.27038,0.456967
1.24673,0.519619
1.21031,0.558159
1.24658,0.647211
1.21988,0.763989
1.16343,0.908157
1.19258,0.6447
1.24494,0.246139
1.22566,0.600678
1.24207,0.650098
1.17741,0.573037
1.1806,0.699721
1.18345,0.776118
1.19498,0.958008
1.23417,0.543099
1.20785,0.848843
1.24227,0.384716
1.18994,0.561593
1.21283,0.578266
1.20976,0.555072
1.29498,0.174369
1.22183,0.803319
1.2494,0.42715
1.25907,0.313316
1.26692,0.395852
1.21056,0.613326
1.24782,0.548801
1.1966,0.845464
1.29411,0.110001
1.21331,0.46697
1.22724,0.423004
1.28419,0.276204
1.19175,0.701411
1.21787,0.713299
1.23131,0.615955
1.17961,0.762955
1.23475,0.46293
1.2696,0.276933
1.22252,0.536119
1.18662,0.649746
1.23641,0.130767
1.24435,0.542585
1.21301,0.539599
1.22577,0.709464
1.22471,0.486901
1.26601,0.30153
1.17709,1.07293
1.18351,0.709399
1.28519,0.283115
1.22883,0.460294
1.21979,0.849279
1.25373,0.259241
1.23077,0.484758
1.2438,0.243454
1.18648,0.669335
1.27158,0.158737
1.22604,0.439016
1.25672,0.435913
1.21374,0.489459
1.27345,0.163154
1.2229,0.593655
1.29263,0.344467
1.21884,0.652995
1.27978,0.359519
1.22095,0.895963
1.23476,0.673092
1.22918,0.640866
1.25184,0.367529
1.17469,0.82866
1.23083,0.716136
1.14346,1.0822
1.15362,0.895818
1.27447,0.164664
1.27655,0.187482
1.25727,0.264467
1.26327,0.363182
1.2406,0.448958
1.21195,0.778406
1.20929,0.579771
1.18635,0.781276
1.24201,0.540847
1.22796,0.581404
1.2378,0.728554
1.19442,0.741814
1.19395,0.788557
1.19036,0.721662
1.25704,0.0640476
1.23829,0.468576
1.22206,0.639787
1.25384,0.493073
1.2553,0.274442
1.20469,0.770571
1.18615,0.742588
1.21721,0.525609
1.22898,0.617535
1.24065,0.420164
1.27257,0.371965
1.23244,0.638007
1.26113,0.415827
1.19087,0.65754
1.22722,0.749887
1.20602,0.614285
1.23227,0.330635
1.19658,0.824437
1.20269,0.634583
1.23201,0.523206
1.22446,0.469317
1.24375,0.65485
1.24712,0.312365
1.23624,0.418054
1.26464,0.511613
1.24368,0.373465
1.20767,0.79812
1.22993,0.598555
1.21107,0.631621
1.20645,0.644748
1.30134,0.0768388
1.29708,0.15085
1.29013,0.263503
1.20103,0.651898
1.17746,0.740551
1.32044,0.146158
1.23383,0.473107
1.26285,0.510789
1.20878,0.513869
1.30323,0.242439
1.16499,0.932792
1.2736,0.484161
1.22163,0.50155
1.25855,0.462885
1.24981,0.163863
1.25142,0.612716
1.18051,0.690381
1.28329,0.35125
1.20338,0.567248
1.28983,0.248605
1.33989,0.210885
1.28668,0.0881683
1.21013,0.286624
1.24016,0.512336
1.27144,0.179562
1.25075,0.523461
1.24762,0.445231
1.2394,0.261972
1.18973,0.746915
1.24384,0.422797
1.19627,0.882915
1.24722,0.501074
1.28156,0.485475
1.32773,-0.0772159
1.23317,0.716311
1.24208,0.26516
1.17964,0.591029
1.21133,0.533138
1.10243,1.12448
1.27698,0.31909
1.25927,0.374706
1.23449,0.54337
1.20814,0.635228
1.24684,0.444022
1.23095,0.559721
1.26733,0.475706
1.27082,0.21656
1.13042,0.879345
1.18046,0.673559
1.22909,0.670976
1.31322,0.0368196
1.17351,0.876059
1.25182,0.487039
1.25464,0.320292
1.26102,0.375215
1.19467,0.762929
1.14777,0.896649
1.2178,0.742886
1.2019,0.734531
1.17229,0.821187
1.20848,0.819181
1.18132,0.974201
1.26933,0.393106
1.26257,0.37851
1.25789,0.350698
1.26198,0.226785
1.20818,0.640311
1.17505,0.867387
1.29077,0.268918
1.25003,0.317849
1.17922,0.519091
1.19175,0.675884
1.20688,0.754367
1.23341,0.416882
1.18909,0.889415
1.18045,0.754347
1.23072,0.531652
1.19805,0.832104
1.27786,0.0569246
1.18864,0.504077
1.15309,0.777136
1.33099,0.201854
1.23196,0.426584
1.16789,0.93624
1.2338,0.374528
1.21493,0.484558
1.20437,0.556464
1.26714,0.2797
1.23063,0.473999
1.20569,0.547549
1.28065,0.379107
1.29576,0.0817867
1.27053,0.347453
1.24087,0.668742
1.26752,0.297692
1.14598,0.989697
1.28125,0.510957
1.2464,0.435748
1.16394,0.743128
1.24562,0.428404
1.23571,0.339789
1.22612,0.443096
1.24498,0.487358
1.21736,0.666267
1.2025,0.578736
1.20612,0.655698
1.27666,0.190157
1.20851,0.543917
1.26073,0.410028
1.22516,0.527321
1.19794,0.82648
1.2111,0.573619
1.2501,0.501368
1.19259,0.58063
1.28057,0.322747
1.27157,0.38281
1.25883,0.361649
1.28281,0.236029
1.26458,0.433607
1.22302,0.513459
1.30541,0.0355181
1.25811,0.564011
1.14449,0.814865
1.2081,0.795509
1.1763,0.872009
1.26386,0.353016
1.26487,0.271486
1.26345,0.217603
1.33766,0.0357033
1.16884,0.892109
1.23074,0.773747
1.2427,0.615356
1.31651,0.0138389
1.18473,0.553812
1.19138,0.908368
1.25713,0.544886
1.16506,0.770568
1.25234,0.338927
1.25324,0.167607
1.27303,0.493577
1.27521,0.476093
1.13888,1.09345
1.26029,0.227333
1.22376,0.4943
1.20039,0.63181
1.16674,0.902868
1.2269,0.526696
1.24076,0.699451
1.14243,0.898187
1.23346,0.630413
1.19948,0.739507
1.19825,0.567984
1.22214,0.595249
1.34519,0.0304689
1.23535,0.237276
1.19517,0.707742
1.20278,0.503506
1.19282,0.724738
1.19158,0.876372
1.21717,0.544885
1.21703,0.566209
1.20555,0.611324
1.29986,0.314838
1.22504,0.459421
1.25155,0.371828
1.18433,0.739878
1.23244,0.411193
1.16931,0.87046
1.24839,0.288366
1.32478,0.0743498
1.19177,0.636557
1.19521,0.818221
1.16049,0.982431
1.2432,0.57467
1.26128,0.307993
1.23322,0.605979
1.24869,0.507028
1.22817,0.577765
1.30414,-0.00771852
1.21544,0.469594
1.23851,0.597653
1.29204,0.0823357
1.14812,0.84573
1.26516,0.462519
1.21253,0.691097
1.26313,0.452242
1.30609,0.108664
1.24497,0.347458
1.23569,0.447167
1.28553,0.21291
1.28187,0.256325
1.21614,0.838444
1.25567,0.275713
1.21837,0.650144
1.23528,0.549424
1.23782,0.345889
1.22644,0.481569
1.23495,0.215775
1.22004,0.547179
1.18371,0.743013
1.18125,0.829925
1.15558,0.756675
1.258,0.274186
1.21303,0.449807
1.19446,0.782544
1.23436,0.745774
1.21229,0.645773
1.25532,0.591675
1.21985,0.541888
1.23877,0.650294
1.27137,0.163894
1.29954,0.429228
1.24336,0.59709
1.1914,0.674042
1.2336,0.698059
1.2415,0.51534
1.17022,1.0261
1.20983,0.677507
1.23353,0.467653
1.25494,0.51082
1.20988,0.830124
1.25948,0.206021
1.29455,0.302831
1.21668,0.706763
1.2102,0.567586
1.27093,0.246618
1.19662,0.499504
1.17816,0.668004
1.27026,0.357822
1.18214,0.859264
1.19225,0.628001
1.21577,0.749362
1.19979,0.666108
1.1863,0.462355
1.26967,0.331508
1.21037,0.672127
1.24494,0.629781
1.25203,0.557884
1.24144,0.313636
1.22361,0.41087
1.18067,0.912894
1.24947,0.41411
1.23417,0.65396
1.24473,0.463464
1.25868,0.618579
1.1909,0.783377
1.1505,0.990774
1.24278,0.549422
1.17269,0.76768
1.25225,0.168925
1.19328,0.569846
1.15554,0.96624
1.24795,0.150662
1.24022,0.681313
1.13577,0.954634
1.20233,0.781387
1.28774,0.293045
1.29667,0.189373
1.21929,0.529242
1.24076,0.515137
1.28311,0.0979179
1.22472,0.518241
1.26754,0.379885
1.25378,0.231187
1.19224,0.738055
1.19964,0.939502
1.20835,0.722831
1.18576,0.914261
1.1706,0.724644
1.32102,0.119092
1.33298,0.190376
1.18816,0.692947
1.1822,0.748062
1.20086,0.652342
1.16778,0.996418
1.26153,0.336507
1.17744,0.578529
1.18065,0.812264
1.1807,0.773951
1.21182,0.647328
1.22463,0.538908
1.27651,0.245592
1.28654,0.148607
1.20177,0.722208
1.23455,0.502831
1.26795,0.256474
1.21138,0.390529
1.18678,0.625569
1.33299,0.221023
1.19488,0.635425
1.14531,1.13207
1.26464,0.331896
1.2507,0.355796
1.15292,0.943268
1.15044,1.0008
1.1902,0.654034
1.25334,0.398229
1.25464,0.694576
1.2115,0.78057
1.25374,0.543128
1.20291,0.696196
1.25315,0.581722
1.18268,0.627006
1.17419,0.776942
1.25509,0.573367
1.20252,0.573121
1.16868,0.769529
1.18955,0.60676
1.20004,0.901582
1.27883,0.250656
1.26907,0.336463
1.29448,0.180263
1.28056,0.373098
1.22118,0.729519
1.21757,0.500728
1.18563,0.878773
1.27953,0.234083
1.22726,0.579188
1.21491,0.85916
1.25512,0.335521
1.2821,0.272173
1.27354,0.435688
1.21442,0.756714
1.21252,0.630199
1.24778,0.593519
1.16499,0.913238
1.21391,0.636232
1.26282,0.299779
1.24374,0.457967
1.20994,0.396936
1.20776,0.443318
1.18005,0.460962
1.2468,0.399257
1.20424,0.604598
1.26491,0.518668
1.2684,0.481264
1.18558,0.645445
1.1725,0.757694
1.26056,0.154916
1.27706,0.262719
1.25994,0.320879
1.23602,0.579113
1.25161,0.330144
1.23514,0.452097
1.30107,0.217868
1.23601,0.398132
1.1823,0.50762
1.21003,0.483018
1.24938,0.376583
1.1951,0.591348
1.2551,0.432486
1.25212,0.564919
1.20894,0.583388
1.21893,0.645726
1.25099,0.455045
1.2361,0.733279
1.18657,0.789364
1.22698,0.442989
1.23712,0.664703
1.29451,0.33109
1.17792,0.684324
1.24947,0.00770047
1.20618,0.588964
1.20081,0.788742
1.1547,0.890153
1.22365,0.518709
1.23566,0.3147
1.25364,0.620424
1.17039,0.647938
1.17166,0.870797
1.17694,0.602933
1.22397,0.543515
1.25492,0.674305
1.21839,0.518336
1.14513,0.789286
1.21806,0.622941
1.27371,0.578692
1.15506,1.12117
1.17018,0.911837
1.17786,0.80863
1.1747,0.929247
1.21218,0.743161
1.13773,0.908852
1.23623,0.707134
1.22787,0.69137
1.23546,0.485785
1.21283,0.733468
1.21573,0.555428
1.19316,0.689609
1.23557,0.364421
1.25108,0.178814
1.21561,0.65447
1.23676,0.539183
1.21822,0.678121
1.27803,0.219825
1.21274,0.51737
1.24859,0.293985
1.17779,0.706673
1.26069,0.353327
1.27349,0.466626
1.29705,0.286052
1.26525,0.452688
1.17995,0.810649
1.26675,0.173232
1.18763,0.3866
1.21009,0.500158
1.30528,0.43265
1.25449,0.417039
1.13559,1.15856
1.20679,0.817078
1.25924,0.568366
1.28751,0.147139
1.20129,0.805253
1.26382,0.38844
1.20414,0.760418
1.2412,0.582812
1.20909,0.659448
1.25533,0.420627
1.21614,0.557736
1.17998,0.715191
1.19759,0.676643
1.19063,0.482276
1.23756,0.150949
1.23441,0.635794
1.24848,0.389232
1.26334,0.295599
1.2508,0.343586
1.23816,0.435074
1.25145,0.251241
1.23501,0.399036
1.2098,0.328537
1.22395,0.409504
1.23848,0.342458
1.19766,0.843394
1.26689,0.332148
1.19222,0.574286
1.26086,0.315954
1.20341,0.660269
1.27439,0.34965
1.20358,0.571804
1.303,0.145655
1.17804,0.724452
1.21962,0.50605
1.17495,0.791622
1.27146,0.331881
1.23968,0.326662
1.12889,1.16827
1.17464,0.947193
1.23599,0.471948
1.18357,0.541885
1.30468,0.118818
1.25788,0.335993
1.23796,0.505191
1.26267,0.397012
1.24697,0.2947
1.29903,0.0216005
1.25667,0.550586
1.21172,0.43743
1.25665,0.67424
1.21894,0.497351
1.24586,0.640946
1.22858,0.483603
1.2335,0.666681
1.30138,0.039501
1.26207,0.315589
1.23632,0.553208
1.28269,0.128354
1.21664,0.491718
1.16861,0.99147
1.21538,0.447386
1.27506,0.279972
1.26159,0.289401
1.1753,0.735767
1.24217,0.51889
1.22041,0.503806
1.23987,0.592836
1.21649,0.534751
1.13261,0.909467
1.22281,0.762237
1.14641,0.963826
1.25102,0.321872
1.17728,1.06182
1.21166,0.628629
1.25997,0.322448
1.25469,0.500923
1.222,0.511747
1.17468,0.75301
1.28958,0.0103409
1.20671,0.505334
1.1968,0.898129
1.1928,0.564807
1.26258,0.456157
1.26405,0.418965
1.21528,0.525361
1.33488,-0.0921043
1.19364,0.808009
1.17313,0.909057
1.22648,0.624081
1.23224,0.481686
1.16895,0.795819
1.2564,0.547178
1.26037,0.552507
1.2069,0.754839
1.25409,0.362702
1.21609,0.395725
1.19855,0.7306
1.19671,0.708126
1.20425,0.780851
1.2629,0.452527
1.17979,1.0307
1.21606,0.61467
1.20535,0.414621
1.24854,0.607586
1.17595,0.773124
1.20758,0.794351
1.22756,0.340027
1.19355,0.646458
1.15295,0.880518
1.25631,0.551784
1.18908,0.78338
1.22417,0.496209
1.22032,0.497681
1.2563,0.428824
1.23347,0.502347
1.22751,0.529246
1.26402,0.330505
1.21242,0.48361
1.20576,0.599014
1.22001,0.404676
1.20577,0.60649
1.22969,0.715229
1.2564,0.531954
1.21821,0.521915
1.27883,0.447884
1.25446,0.274122
1.23319,0.459375
1.30548,0.136913
1.23032,0.180215
1.28349,0.347876
1.22925,0.350106
1.28899,0.0619763
1.24897,0.264006
1.19622,0.686127
1.14219,0.8338
1.19866,0.706157
1.22759,0.438197
1.1917,0.753194
1.19947,0.395033
1.28086,0.118926
1.2219,0.725574
1.26273,0.407659
1.2264,0.242931
1.18775,0.48981
1.15394,0.741158
1.28019,0.228849
1.1653,0.887008
1.23318,0.754603
1.29078,0.491319
1.22461,0.504838
1.22912,0.446565
1.14732,0.963024
1.28966,0.0662565
1.2076,0.627195
1.23259,0.280758
1.2296,0.31016
1.24554,0.373352
1.22372,0.696234
1.17631,0.826927
1.28409,0.325394
1.24601,0.538799
1.2497,0.439775
1.31819,0.194612
1.26473,0.688453
1.13636,0.764821
1.27073,0.368844
1.23226,0.530427
1.20069,0.693442
1.14719,0.890733
1.28468,0.24954
1.23847,0.627264
1.2044,0.627031
1.22347,0.699708
1.29496,0.194009
1.17628,0.867327
1.17056,0.525008
1.22828,0.393213
1.21016,0.668833
1.2427,0.510735
1.26052,0.384826
1.21575,0.775447
1.24732,0.517026
1.24529,0.562286
1.23484,0.635652
1.22778,0.619624
1.23652,0.395558
1.21873,0.741856
1.21415,0.938152
1.22593,0.549737
1.18643,0.857945
1.20441,0.751447
1.24498,0.396311
1.22283,0.663558
1.2283,0.462873
1.2388,0.501796
1.35437,-0.195356
1.30038,0.43095
1.25232,0.392458
1.30299,0.0239193
1.26505,0.476733
1.24495,0.515354
1.248,0.538951
1.19365,0.687912
1.24205,0.364317
1.25558,0.317147
1.2432,0.42189
1.23715,0.436972
1.14876,0.866699
1.21927,0.394304
1.24419,0.289385
1.21148,0.62764
1.3044,-0.0235917
1.22191,0.261846
1.23448,0.553172
1.17846,0.660406
1.27358,0.19098
1.17668,0.857852
1.34235,0.116087
1.24968,0.276895
1.25151,0.341182
1.24365,0.519998
1.17983,0.616587
1.28144,0.310627
1.28307,0.439312
1.26455,0.32304
1.22986,0.47434
1.30692,0.43014
1.25099,0.446161
1.26882,0.367416
1.22772,0.49835
1.22566,0.447907
1.23218,0.309662
1.25063,0.538569
1.26571,0.304678
1.30035,0.395481
1.20668,0.660521
1.16624,0.87782
1.32612,-0.0971154
1.26022,0.447092
1.24978,0.744023
1.26261,0.287542
1.23454,0.413711
1.22087,0.370519
1.21214,0.699738
1.29829,0.185247
1.1654,0.674818
1.24935,0.461632
1.19703,0.450945
1.25752,0.306791
1.13221,0.72163
1.32245,-0.16511
1.22301,0.226751
1.21229,0.793029
1.22188,0.639346
1.18164,0.693724
1.27428,0.27757
1.19468,0.624185
1.28472,0.264847
1.13025,0.957008
1.23857,0.662619
1.22958,0.652799
1.22674,0.665102
1.22013,0.677341
1.23452,0.601557
1.18576,0.645463
1.20854,0.545328
1.29118,0.14586
1.26776,0.47359
1.28288,0.449802
1.20025,0.740389
1.24928,0.320023
1.25071,0.583676
1.17636,0.86803
1.17997,0.678389
1.21005,0.631967
1.2294,0.587534
1.19957,0.685733
1.20808,0.617658
1.26063,0.412316
1.18347,1.03969
1.17284,0.815141
1.2093,0.594811
1.24553,0.566663
1.27227,0.348692
1.31155,-0.0724297
1.18696,1.0828
1.27161,0.221411
1.22419,0.480145
1.24738,0.643387
1.25674,0.287712
1.25966,0.484838
1.20437,0.721048
1.23086,0.4297
1.25253,0.168441
1.21452,0.990882
1.24109,0.485119
1.22303,0.630193
1.20614,0.653978
1.33247,-0.0534011
1.2428,0.415117
1.3083,0.215094
1.21535,0.462276
1.24146,0.419928
1.26249,0.479501
1.21661,0.600788
1.25915,0.419145
1.18013,0.756269
1.25847,0.410682
1.18521,0.684845
1.23443,0.508777
1.25303,0.731187
1.25431,0.426521
1.25236,0.519665
1.18473,0.482253
1.22916,0.783542
1.18564,0.842917
1.22436,0.688327
1.25575,0.499569
1.33161,0.306977
1.2436,0.563214
1.2709,0.0566326
1.20083,0.624983
1.19675,0.580636
1.26045,0.280555
1.13821,1.07843
1.18964,0.936463
1.26816,0.438944
1.24463,0.312016
1.20278,0.659923
1.25711,0.472755
1.21289,0.839806
1.33567,0.137378
1.25923,0.417715
1.23559,0.391836
1.3076,0.159119
1.21733,0.545178
1.23378,0.421963
1.24276,0.529914
1.29809,0.198073
1.22526,0.57426
1.14561,0.985591
1.25302,0.152105
1.24907,0.477615
1.24685,0.610011
1.22163,0.435641
1.20539,0.637813
1.24568,0.321039
1.22783,0.707111
1.24795,0.272506
1.23546,0.565937
1.24038,0.287733
1.21712,0.590061
1.25784,0.563985
1.28719,0.322583
1.17354,0.886344
1.21903,0.862496
1.22876,0.350438
1.27019,0.350225
1.22795,0.67417
1.25681,0.340636
1.19711,0.83608
1.27359,0.0902742
1.2124,0.502282
1.29032,-0.0552816
1.23326,0.431658
1.18593,0.903632
1.2253,0.42634
1.18788,0.750422
1.23269,0.479857
1.27754,0.274515
1.20069,0.410917
1.2423,0.229016
1.28534,0.389333
1.20227,0.824226
1.26525,0.0775743
1.32724,0.0610801
1.20081,0.77541
1.19966,0.573799
1.20375,0.771828
1.1645,0.683323
1.23639,0.575459
1.20995,0.785663
1.24428,0.41347
1.18821,0.671827
1.23067,0.629236
1.27074,0.325843
1.27356,0.195261
1.24461,0.598882
1.18166,0.796865
1.21167,0.842205
1.21362,0.612989
1.19004,0.711206
1.17009,0.697255
1.27073,0.434568
1.22237,0.612036
1.23182,0.490823
1.2322,0.66023
1.17239,0.910018
1.23017,0.720887
1.2057,0.746829
1.22,0.691284
1.20491,0.953207
1.17968,0.818122
1.25371,0.320706
1.24727,0.673542
1.22209,0.600294
1.2638,0.54151
1.24853,0.414015
1.25276,0.185494
1.17174,0.912477
1.26441,-0.0492946
1.2416,0.523399
1.28466,0.0131118
1.23897,0.59328
1.24213,0.607291
1.2668,0.278583
1.22253,0.471432
1.24777,0.458568
1.19038,0.645684
1.14859,0.913456
1.16102,0.709726
1.2957,0.220476
1.21594,0.672944
1.18045,0.74654
1.28963,0.415903
1.19532,0.796798
1.18942,0.716199
1.28175,0.293424
1.20714,0.528249
1.21874,0.481208
1.23367,0.681043
1.22214,0.383344
1.16918,0.88805
1.2293,0.33906
1.14834,0.992047
1.17686,0.572491
1.24862,0.463876
1.29881,0.216072
1.29435,-0.14208
1.21155,0.63978
1.24425,0.436906
1.2617,0.409084
1.27085,0.256929
1.21531,0.780608
1.17524,1.02823
1.22959,0.450986
1.22452,0.569382
1.18395,0.806506
1.16075,0.856342
1.23475,0.720453
1.16767,0.93759
1.24307,0.519807
1.21015,0.419523
1.22072,0.568716
1.21777,0.744289
1.26076,0.335055
1.27009,0.253516
1.2762,-0.0197482
1.27998,0.340479
1.21347,0.429003
1.22866,0.597494
1.22594,0.355641
1.23715,0.451532
1.2298,0.620881
1.3003,0.36634
1.29779,0.465069
1.24713,0.523069
1.21779,0.693484
1.21927,0.610644
1.21237,0.714599
1.17887,0.822417
1.14776,1.18363
1.27966,0.371858
1.18561,0.603278
1.2604,0.416853
1.25344,0.187389
1.20668,0.699032
1.29602,0.276444
1.22255,0.668976
1.21279,0.68001
1.16492,0.888945
1.3152,-0.039868
1.27769,0.228961
1.26726,0.331592
1.26808,0.304439
1.22148,0.608105
1.25055,0.461963
1.30012,0.0615964
1.17624,0.504724
1.17302,0.883181
1.23621,0.336515
1.27195,0.178957
1.20654,0.463839
1.25024,0.31291
1.21969,0.523693
1.21924,0.357313
1.20601,0.664527
1.21778,0.575585
1.25624,0.326474
1.22343,0.350509
1.23099,0.363374
1.23111,0.69995
1.3046,0.337446
1.2316,0.571431
1.20332,0.574785
1.14904,0.92115
1.17965,0.9039
1.17685,0.867926
1.19078,0.817344
1.20623,0.867199
1.19363,1.01704
1.22063,0.532634
1.24497,0.499825
1.25407,0.612902
1.17082,1.0445
1.16984,1.01829
1.21403,0.621427
1.16093,0.777042
1.28943,0.104618
1.22542,0.506578
1.27977,0.25958
1.23874,0.237497
1.30859,0.273474
1.22248,0.414579
1.18489,1.0166
1.22831,0.708747
1.3093,0.368419
1.18506,0.596629
1.2407,0.551276
1.25268,0.284476
1.25806,0.421684
1.22851,0.321742
1.21869,0.555022
1.24957,0.246505
1.21474,0.496811
1.2196,0.668142
1.27399,0.574502
1.22952,0.671682
1.22523,0.717263
1.25501,0.19326
1.17175,0.814628
1.2053,0.73928
1.20565,0.545997
1.21236,0.512093
1.27126,0.212097
1.15984,1.0172
1.24575,0.57782
1.21939,0.742163
1.23487,0.41782
1.24854,0.743193
1.24552,0.669422
1.21586,0.732182
1.20805,0.644817
1.23373,0.653476
1.19232,0.908481
1.21785,0.50952
1.21393,0.459314
1.25695,0.641322
1.18546,1.22455
1.20449,0.654864
1.24508,0.553207
1.20562,0.690776
1.24169,0.432473
1.1554,0.730521
1.28843,0.310703
1.31673,-0.0439736
1.25848,0.395159
1.16983,0.929541
1.24083,0.311776
1.20791,0.477485
1.24946,0.569274
1.20628,0.554313
1.22162,0.383635
1.20708,0.618865
1.26587,0.536012
1.26479,0.433698
1.22177,0.587706
1.28912,0.0203032
1.25778,0.302049
1.24358,0.46121
1.23726,0.438572
1.26258,0.164122
1.30198,0.29925
1.26735,0.38586
1.17269,0.398938
1.19315,0.704924
1.27552,0.459843
1.21533,0.533242
1.25957,0.250918
1.20589,0.709774
1.21658,0.608694
1.23501,0.498416
1.24322,0.544546
1.2806,0.371981
1.22021,0.783468
1.23983,0.484045
1.22765,0.412
1.29557,0.101505
1.23095,0.712095
1.22634,0.64141
1.25224,0.418135
1.22269,0.496809
1.21452,0.669564
1.23753,0.194701
1.20926,0.642757
1.27877,0.44237
1.26207,0.480177
1.30618,0.148751
1.17835,1.0354
1.33025,0.0856071
1.28559,0.235615
1.22606,0.437053
1.2733,0.284381
1.2883,0.401346
1.17239,0.725146
1.20911,0.69538
1.16682,0.728425
1.27238,0.342828
1.22139,0.488032
1.23939,0.430783
1.17826,0.685839
1.2526,0.443325
1.24318,0.53926
1.26926,0.341158
1.21889,0.633638
1.24487,0.422446
1.29584,0.134686
1.21734,0.352514
1.26845,0.43213
1.17458,0.75233
1.28481,0.15926
1.19612,0.678073
1.24298,0.446074
1.27759,0.228172
1.24725,0.556297
1.24347,0.602685
1.26634,0.229676
1.23476,0.461914
1.25921,0.227086
1.2245,0.588337
1.20972,0.717608
1.25139,0.444136
1.26393,0.265566
1.2061,0.811969
1.2535,0.395383
1.17119,0.823121
1.2583,0.450849
1.25453,0.314715
1.19968,0.701596
1.20646,0.513592
1.16055,0.958451
1.26457,0.348527
1.25958,0.46812
1.23293,0.528068
1.28218,0.238234
1.20834,0.789595
1.25546,0.435562
1.30016,0.137136
1.25703,0.395702
1.21338,0.688619
1.21699,0.811552
1.23999,0.447902
1.23743,0.372756
1.28116,0.0924012
1.22592,0.219906
1.18907,0.625754
1.27118,0.210385
1.26347,0.396533
1.20766,0.304363
1.2804,0.13865
1.20654,0.681872
1.26928,0.127104
1.28596,0.434099
1.17037,0.698877
1.28824,0.173682
1.23001,0.409387
1.23427,0.484079
1.25433,0.398373
1.27404,0.227828
1.23079,0.486269
1.26676,0.373866
1.14668,0.942603
1.14784,1.02228
1.2678,0.161459
1.24488,0.357545
1.2686,0.256767
1.25915,0.286364
1.23019,0.42968
1.22987,0.498595
1.26584,0.404035
1.21126,0.937412
1.17531,1.08099
1.16004,0.943778
1.17385,0.740142
1.23008,0.583697
1.22758,0.542263
1.28506,0.231375
1.25542,0.426578
1.29382,0.381967
1.27133,0.191486
1.12605,1.14612
1.29192,0.229375
1.1457,0.949472
1.20022,0.289292
1.29726,0.0241733
1.1847,0.613663
1.24167,0.407364
1.21954,0.521688
1.20764,0.647375
1.1824,0.779074
1.19511,0.876987
1.25617,0.253063
1.24882,0.448662
1.25598,0.544273
1.18867,0.908719
1.23745,0.320695
1.20421,0.552324
1.26447,0.552848
1.27267,0.0917463
1.24945,0.215668
1.25804,0.561133
1.27198,0.382951
1.22292,0.760456
1.22421,0.324729
1.24526,0.297369
1.29417,0.319962
1.20856,0.584281
1.22283,0.656521
1.19327,0.590862
1.23073,0.440978
1.36495,0.0331202
1.31892,0.104941
1.17013,0.880358
1.3072,0.16116
1.20281,0.654879
1.29407,0.348293
1.13507,0.951468
1.25395,0.439446
1.15015,0.874166
1.22777,0.691474
1.22818,0.552678
1.26156,0.520464
1.12995,1.04698
1.1823,0.763405
1.15667,0.978779
1.22741,0.673064
1.28722,0.272656
1.16623,0.823604
1.22423,0.670685
1.15911,1.07612
1.25832,0.336192
1.21964,0.783723
1.26462,0.22606
1.19263,0.754487
1.23006,0.481154
1.25247,0.300087
1.24388,0.569906
1.281,0.0591222
1.24924,0.12607
1.22823,0.49036
1.27194,0.195668
1.2511,0.495143
1.28438,0.288097
1.22364,0.43961
1.32726,-0.148255
1.23796,0.640787
1.22112,0.599727
1.19041,0.676435
1.22932,0.506799
1.27724,0.242825
1.18518,0.726611
1.23402,0.550753
1.17334,0.622256
1.2401,0.568132
1.21058,0.547458
1.19373,0.523148
1.24726,0.400838
1.27317,0.439203
1.2181,0.834888
1.21966,0.395108
1.19724,0.746252
1.21911,0.643705
1.18443,0.712494
1.32206,0.125197
1.27174,0.426691
1.21818,0.719805
1.17451,0.818671
1.19986,0.836161
1.28215,0.246352
1.24432,0.294043
1.25761,0.52177
1.17903,0.630186
1.20012,0.570045
1.2197,0.461057
1.19915,0.906132
1.24037,0.601546
1.20989,0.597669
1.14742,1.07818
1.25153,0.451813
1.25258,0.444729
1.17227,0.85642
1.22492,0.57726
1.17751,0.708081
1.20521,0.541761
1.25753,0.459735
1.15914,0.541052
1.26034,0.369064
1.2117,0.461683
1.29802,0.00644019
1.21366,0.565551
1.19905,0.699195
1.24073,0.390322
1.28633,0.228968
1.18058,0.69616
1.22094,0.545631
1.24057,0.390989
1.17761,0.576563
1.29152,0.0742014
1.16218,0.678588
1.26721,0.349258
1.2611,0.365596
1.27478,-0.0132664
1.20082,0.461531
1.24493,0.267524
1.20231,0.693918
1.22963,0.532998
1.19551,0.749464
1.20646,0.485749
1.20892,0.612012
1.16061,1.04308
1.21736,0.462584
1.26691,0.317576
1.15956,0.851202
1.19826,0.766771
1.22242,0.603352
1.24723,0.51474
1.19196,0.475904
1.21762,0.58081
1.2838,0.00964065
1.12221,1.33147
1.31186,0.229777
1.27125,0.595484
1.14146,0.989211
1.24045,0.463462
1.21752,0.699913
1.26494,0.31043
1.24693,0.479086
1.28266,0.0755233
1.24655,0.227973
1.29366,0.121555
1.24689,0.355473
1.16543,0.935784
1.31892,0.0528218
1.22541,0.624324
1.34472,-0.265476
1.29756,0.148502
1.23165,0.462239
1.29742,0.333061
1.22958,0.572528
1.22675,0.460981
1.2152,0.478704
1.26091,0.46928
1.24434,0.434571
1.21486,0.565499
1.21884,0.874911
1.19337,0.95319
1.2427,0.448933
1.20173,0.664415
1.27398,0.093276
1.26694,0.10856
1.30247,-0.0150466
1.2488,0.530983
1.16335,0.818355
1.15479,0.820198
1.23418,0.440602
1.20149,0.726107
1.22207,0.404524
1.17059,1.01435
1.22144,0.500986
1.21186,0.645416
1.23597,0.239448
1.20316,0.640742
1.2047,0.84612
1.24105,0.452738
1.29554,0.182268
1.30358,0.316853
1.24851,0.452723
1.25262,0.17774
1.20042,0.607901
1.21022,0.751956
1.32509,-0.080175
1.14904,0.8769
1.24924,0.476273
1.24869,0.398536
1.16489,0.703604
1.32327,0.139224
1.19253,0.611188
1.22847,0.911376
1.20006,0.500333
1.25029,0.488606
1.2703,0.198735
1.19084,0.730861
1.20247,0.688205
1.19539,0.701118
1.20362,0.449897
1.19448,0.536336
1.16261,0.878165
1.22323,0.645402
1.32474,0.0192798
1.28528,0.256417
1.28769,0.138858
1.2122,0.788961
1.28181,0.272481
1.27577,0.297995
1.14319,0.72597
1.24998,0.622022
1.21228,0.369608
1.23487,0.477979
1.27288,0.354248
1.27065,0.331641
1.19025,0.963342
1.23854,0.431371
1.24127,0.193451
1.18735,0.596208
1.21126,0.779945
1.19736,0.634136
1.27541,0.293636
1.21551,0.551377
1.21272,0.570058
1.23249,0.615089
1.1977,0.788002
1.19755,0.445718
1.15798,0.813606
1.16573,0.79394
1.15398,0.911617
1.18006,0.695255
1.23789,0.631032
1.25533,0.370926
1.22576,0.601607
1.21013,0.603748
1.18639,0.642656
1.14607,1.06161
1.24211,0.330578
1.22104,0.633682
1.23311,0.467201
1.21338,0.55891
1.21502,0.589416
1.19839,0.638795
1.29232,0.0482176
1.25554,0.447256
1.20539,0.570452
1.21698,0.542723
1.23482,0.594607
1.25866,0.310758
1.27063,0.282454
1.19434,0.456069
1.23788,0.402416
1.27513,0.401228
1.23952,0.415744
1.21564,0.613059
1.18001,0.684993
1.29216,0.144179
1.14743,1.07279
1.27753,0.327114
1.25028,0.346238
1.27968,0.101453
1.26274,0.261633
1.2657,0.215673
1.20345,0.772553
1.28428,-0.032145
1.25898,0.679194
1.18414,0.776917
1.21392,0.795761
1.22869,0.592404
1.19848,0.538267
1.31135,0.0814893
1.23085,0.719246
1.21405,0.725499
1.20187,0.585838
1.31725,0.114111
1.27884,0.267497
1.27803,0.333963
1.18673,0.781616
1.16477,0.766364
1.25732,0.493719
1.29842,0.258203
1.27161,0.031501
1.26462,0.540209
1.25698,0.218723
1.23844,0.465039
1.275,0.295092
1.20327,0.742509
1.20524,0.643822
1.18051,0.605079
1.16671,0.893073
1.26421,0.444792
1.21688,0.59829
1.3188,0.236543
1.24295,0.56444
1.25095,0.353865
1.28848,0.248501
1.2062,0.792191
1.25762,0.403345
1.21938,0.418642
1.18326,0.63835
1.20035,0.566654
1.19424,0.883085
1.2458,0.511086
1.18538,0.702428
1.21016,0.5905
1.24444,0.290778
1.18851,0.947978
1.20138,0.458497
1.22085,0.473481
1.27218,0.355703
1.27929,0.445319
1.24203,0.574337
1.17649,0.681445
1.2252,0.466442
1.20234,0.449158
1.30201,0.0726623
1.24116,0.473415
1.29912,0.223366
1.23063,0.454664
1.20828,0.659099
1.23105,0.523851
1.24148,0.47288
1.23923,0.525457
1.22718,0.527889
1.23563,0.662972
1.18353,0.690019
1.19607,0.739313
1.21827,0.655598
1.28643,0.350864
1.23633,0.600904
1.17206,0.782175
1.21773,0.725163
1.26124,0.485242
1.15805,0.938948
1.31373,0.241064
1.28483,0.0653368
1.18663,0.787936
1.26196,0.474063
1.22072,0.535281
1.17651,0.662252
1.15095,0.856246
1.22239,0.73317
1.21989,0.651071
1.26966,0.158717
1.2116,0.657376
1.18731,0.649303
1.222,0.71367
1.25748,0.229707
1.2559,0.339693
1.27603,0.335054
1.24551,0.577632
1.22461,0.541733
1.24736,0.441176
1.22941,0.62367
1.24951,0.21219
1.27615,0.233744
1.21564,0.642386
1.25848,0.301762
1.18769,0.723283
1.25056,0.238059
1.20727,0.618049
1.23349,0.49418
1.24695,0.377528
1.20589,0.681896
1.21677,0.619071
1.19129,0.736091
1.27402,0.420261
1.23297,0.488401
1.25035,0.330595
1.23586,0.666452
1.27272,0.164516
1.33155,-0.0331042
1.25042,0.271751
1.22441,0.48632
1.21157,0.415342
1.27224,0.630185
1.23031,0.412582
1.27564,0.273641
1.25949,0.264076
1.29149,0.203123
1.22074,0.560845
1.18651,0.756043
1.20005,0.715996
1.21805,0.611448
1.24328,0.586826
1.24498,0.687111
1.1683,0.827869
1.21286,0.820995
1.22217,0.538567
1.21319,0.566111
1.20082,0.566531
1.26684,0.317789
1.22033,0.499325
1.19199,0.759006
1.25399,0.504682
1.28833,0.10997
1.21763,0.66954
1.20874,0.618951
1.16817,0.857982
1.21771,0.653511
1.23138,0.421835
1.20439,0.49748
1.23199,0.559155
1.20345,0.672058
1.27947,0.168651
1.23223,0.61963
1.26351,0.456975
1.2655,0.324549
1.23899,0.536737
1.26556,0.388585
1.21479,0.539031
1.19839,0.802438
1.18268,0.748341
1.18234,0.821846
1.18341,0.625746
1.26104,0.3879
1.22656,0.535887
1.24481,0.418283
1.19802,0.784589
1.26324,0.0705912
1.23205,0.547511
1.24944,0.262378
1.21047,0.630074
1.21964,0.67561
1.24245,0.504278
1.21365,0.39256
1.21087,0.715588
1.26809,0.42613
1.27384,0.295358
1.28242,0.387696
1.2593,0.414533
1.16042,0.851064
1.27458,0.313503
1.23816,0.569704
1.21491,0.514856
1.19538,0.921546
1.22182,0.580697
1.25027,0.839978
1.26126,0.26201
1.21413,0.481626
1.27433,-0.0119062
1.26707,0.192358
1.17044,0.732166
1.20545,0.925017
1.17448,0.754732
1.20289,0.872301
1.24861,0.512028
1.26207,0.252023
1.22179,0.408754
1.19308,0.809193
1.20488,0.695102
1.24693,0.333843
1.19321,0.63035
1.23649,0.440648
1.18737,0.895649
1.21229,0.485456
1.22005,0.602825
1.23694,0.59065
1.3068,-0.000680348
1.21618,0.620016
1.22409,0.565997
1.24435,0.567761
1.18569,0.651465
1.24599,0.382791
1.22897,0.371635
1.19425,0.875989
1.26437,0.383374
1.24811,0.469777
1.23774,0.585748
1.22926,0.56589
1.22231,0.542899
1.23787,0.547908
1.20378,0.615063
1.18254,0.619803
1.25753,0.328338
1.22526,0.575144
1.2376,0.213545
1.27987,0.358308
1.23987,0.537061
1.2244,0.338606
1.25796,0.250056
1.22614,0.603358
1.19645,0.673582
1.27366,0.21713
1.27882,0.0804192
1.23549,0.447573
1.26873,0.290102
1.21528,0.565939
1.29637,0.306643
1.21534,0.813265
1.18377,0.9766
1.18228,0.761315
1.25981,0.30159
1.17876,0.596625
1.2415,0.5151
1.28554,0.387169
1.23491,0.701838
1.21978,0.342512
1.26929,0.40871
1.20616,0.778638
1.27629,0.280756
1.18996,0.748959
1.27931,0.230569
1.23964,0.311791
1.25339,0.291392
1.27908,0.265783
1.17574,0.659406
1.13545,1.02531
1.20851,0.405128
1.16124,0.836558
1.24302,0.505443
1.20315,0.471604
1.19281,0.514356
1.23002,0.585791
1.2597,0.31985
1.17274,0.548078
1.21153,0.617192
1.23585,0.623405
1.21541,0.547681
1.23083,0.650155
1.16441,0.870294
1.2154,0.423977
1.2279,0.623276
1.27478,0.402435
1.26472,0.232501
1.21571,0.80044
1.1859,0.727987
1.27099,0.224011
1.15566,1.04255
1.25662,0.603065
1.35046,-0.18933
1.26217,0.322428
1.21271,0.555386
1.27172,0.529737
1.25788,0.0646659
1.34103,-0.0361513
1.14045,1.05664
1.21534,0.669647
1.27234,0.383343
1.21037,0.62322
1.16834,0.627147
1.25151,0.122233
1.31867,0.221843
1.22575,0.405447
1.23548,0.298517
1.22544,0.691035
1.21553,0.708963
1.22615,0.536034
1.20202,0.751444
1.23725,0.566638
1.28617,0.212502
1.24106,0.58024
1.23528,0.341575
1.24471,0.794168
1.23943,0.655937
1.24742,0.611535
1.16587,1.03693
1.25437,0.237759
1.21,0.553433
1.20004,0.501058
1.21276,0.660708
1.21637,0.6874
1.25838,0.338225
1.24111,0.405431
1.24081,0.303723
1.17073,0.660708
1.28582,0.285514
1.26796,0.159611
1.15591,0.884018
1.27581,0.0319707
1.2491,0.497693
1.2496,0.440173
1.2289,0.54856
1.25156,0.338493
1.23321,0.715419
1.24881,0.412903
1.22858,0.351753
1.2056,0.852132
1.23942,0.569504
1.25889,0.499282
1.18835,0.88045
1.27925,0.290541
1.27829,0.2876
1.26165,0.438452
1.12887,1.07955
1.23652,0.407195
1.25613,0.159789
1.19203,0.78514
1.2559,0.390915
1.2132,0.60044
1.20984,0.811374
1.17934,0.849363
1.23688,0.442848
1.26717,0.484038
1.26391,0.411751
1.17509,0.920617
1.22821,0.397527
1.21068,0.691313
1.25745,0.35412
1.28159,-0.0213172
1.31765,0.0556079
1.23691,0.347415
1.23319,0.644354
1.2599,0.169331
1.2153,0.717815
1.23222,0.625444
1.23099,0.394925
1.2111,0.702009
1.28073,0.0237897
1.15572,1.04426
1.21477,0.704138
1.27616,0.531838
1.23486,0.31508
1.25056,0.467491
1.19321,0.819805
1.23559,0.414682
1.23526,0.402237
1.23224,0.602643
1.20816,0.490103
1.14523,0.850093
1.17785,1.00288
1.21904,0.537799
1.20766,0.503232
1.23278,0.52378
1.19398,0.438796
1.20593,0.391645
1.28215,0.359897
1.20231,0.785998
1.22163,0.493526
1.23335,0.536439
1.2711,0.330565
1.2473,0.584506
1.19528,0.517609
1.17879,0.90132
1.26027,0.477168
1.28538,-0.0211786
1.17905,0.732946
1.21498,0.546216
1.22824,0.500552
1.24915,0.246438
1.23118,0.492968
1.28151,0.23405
1.24094,0.57604
1.23087,0.462876
1.30619,0.0471518
1.24813,0.416399
1.17958,1.10455
1.20681,0.732177
1.26411,0.424237
1.15498,0.716025
1.20042,0.46424
1.20675,0.719374
1.27095,0.520505
1.21779,0.442657
1.21048,0.522549
1.24225,0.589982
1.22045,0.751879
1.29172,0.247504
1.24963,0.46281
1.25092,0.34124
1.2497,0.677378
1.25649,0.397321
1.21962,0.749894
1.26461,0.103323
1.19285,0.723647
1.20816,0.653058
1.19683,0.732122
1.28357,0.0147895
1.21844,0.470945
1.25537,0.287342
1.21666,0.58282
1.19492,0.674398
1.18868,0.608718
1.18724,0.543341
1.17859,0.967967
1.18078,0.679861
1.25304,0.352355
1.25599,0.522188
1.26723,0.256051
1.23119,0.307217
1.25792,0.423903
