slope,intercept
0.985451,-0.590713
0.967981,-0.990853
0.973649,-0.570927
0.91209,0.419081
0.971603,-0.526758
0.949709,-0.366345
0.947853,-0.90376
0.9299,-0.112035
0.922179,0.61536
0.903405,-0.00637356
0.939562,-0.65884
0.895042,0.291186
0.983892,-0.940879
1.01186,-1.20859
0.917914,0.0554006
0.958537,-0.554201
0.938974,-0.350115
1.01043,-1.70345
0.908627,0.213921
0.957239,-0.378675
0.897453,0.637628
0.936596,-0.429154
0.97226,-0.594434
0.904472,0.397088
0.938112,-0.460621
0.942462,-0.114903
0.937392,-0.846666
0.900811,0.297174
0.892661,0.224185
0.92903,-0.468103
0.952713,-0.134425
0.925568,-0.0461642
0.919909,-0.251356
0.942082,-0.284093
0.934912,-0.101284
0.91911,-0.250696
0.947591,-0.582237
0.9369,0.0914136
0.93949,-0.425167
0.942978,-0.320681
0.899574,0.28353
0.971741,-0.0052363
0.97103,-0.665532
0.980788,-0.828122
0.954823,-1.06771
0.952363,-0.279323
0.977121,-0.417939
0.948209,-0.223838
0.927697,0.173904
0.928537,-0.197356
0.93539,-0.390542
0.947681,-0.354998
0.945059,-0.381794
0.921174,0.133536
0.967267,-0.783
0.939754,-0.0945525
0.988102,-0.492681
0.966249,-0.775807
0.91977,0.173417
0.957913,-1.23526
0.948317,-0.638909
0.94938,-0.273574
0.983633,-0.529769
0.936067,-0.604722
0.998404,-0.670845
0.977413,-0.244463
0.918199,-0.121354
0.942574,0.202141
0.980269,-0.518993
0.937796,-0.517417
0.964334,-0.803373
0.939976,-0.752622
0.93539,-0.359702
0.912576,0.378693
0.932471,-0.591344
0.942684,-0.233804
0.965386,-0.491915
0.911415,0.831929
0.943329,0.0444734
0.949677,-0.234133
0.937972,-0.044163
0.974555,-0.589729
0.961763,-0.490892
0.96555,-0.249779
0.960641,-0.299893
0.960223,-0.351776
0.969177,-0.655
0.932859,-0.202333
0.987287,-0.771562
0.962074,-0.333589
0.942623,-0.178571
0.984296,-0.984264
0.991587,-1.1577
0.958662,-0.325722
0.936438,-0.0609942
0.953137,-0.648936
0.918772,0.122944
0.982678,-0.81799
0.944701,-0.254794
0.942914,-0.286286
0.963642,-0.161521
0.937732,-0.265164
0.975208,-0.861869
0.986456,-0.777954
0.966526,-1.02772
0.906736,0.265765
0.935687,-0.680009
0.967747,-0.238851
0.905175,0.186412
0.946251,0.0124039
0.935149,-0.161075
0.963889,-0.865065
0.938197,-0.0183161
0.928779,-0.702998
0.960129,-0.528885
0.952157,-0.381744
0.939492,0.0307474
0.960335,-0.455463
0.896196,0.677483
0.944263,-0.187836
0.937146,-0.453367
0.969177,-0.64215
0.962924,-0.370426
0.919668,0.343105
0.974875,-0.75881
0.98792,-1.21779
0.914406,-0.118953
0.984232,-0.448881
0.8757,0.571246
0.944278,-0.183558
0.967693,-0.293631
0.934527,-0.201608
0.914987,0.384515
0.94477,-0.71545
0.977026,-0.988743
0.886711,0.457656
0.897469,0.614395
0.976782,-0.553364
0.916503,0.167158
0.957684,-0.356513
0.946625,-0.624642
0.947483,-0.574622
0.946645,0.180846
0.894241,0.267574
0.974222,-0.896916
0.951138,-0.412025
0.947722,-0.155642
0.96821,-0.523004
0.931883,-0.00760307
0.995305,-1.18783
0.900729,0.579058
0.93783,-0.746113
0.904843,0.000858905
0.905251,0.345633
0.945141,-0.660788
0.89523,0.770649
0.930381,-0.088804
0.961595,-0.579426
0.95176,-0.155268
1.02194,-1.53369
0.910098,0.367435
0.906827,-0.0477508
0.956113,-0.306662
0.961793,-0.252095
0.941754,-0.279032
0.964636,-0.497141
0.965468,-0.442541
0.930819,-0.0224117
0.936893,0.239697
0.955415,-0.94722
0.925933,-0.113808
0.930266,-0.15576
0.980545,-0.84581
0.955012,-0.410016
0.883587,0.42464
0.951468,-0.333826
0.922987,0.228076
0.942648,0.140231
0.957315,-0.212056
0.931266,-0.0689153
0.968798,-0.107433
0.948692,-0.487517
0.936022,-0.146676
0.997651,-1.13886
0.907029,0.0912352
0.954886,-0.253297
0.924486,-0.0950719
0.956499,-0.248712
0.955332,-0.684497
0.922802,-0.531868
0.938525,-0.383499
0.973959,-0.76959
0.974819,-0.243853
0.957969,-0.0859259
0.907007,0.0769578
0.946191,-0.116923
0.943654,-0.614524
1.00818,-0.83367
0.946555,-0.433826
0.982417,-1.25437
0.93682,-0.490386
0.898281,0.37558
0.944361,-0.262067
0.991291,-0.866842
0.939703,-0.270209
1.01451,-1.52736
0.91181,-0.118456
0.969046,-0.583226
0.985544,-0.762952
0.968092,-0.573397
0.987216,-0.852958
0.935988,-0.0970996
0.941261,-0.214726
0.989613,-0.795998
0.961857,-0.422038
0.920562,-0.410733
0.911156,0.490082
0.901127,0.361345
0.94898,-0.331845
0.92485,-0.0976116
0.940572,-0.524892
1.00081,-1.16901
0.965247,-0.619808
0.901473,0.729648
0.96937,-0.414222
0.948927,-0.300653
0.942947,-0.18931
0.962851,-0.753999
0.956366,-0.525173
0.953124,-0.620013
0.999231,-1.02042
0.908879,0.689661
0.926753,0.142814
0.998917,-0.714637
0.955682,-0.300334
0.923511,0.219641
0.943726,-0.550302
0.925574,-0.252652
0.975901,-0.591907
0.923474,-0.0542277
0.953226,-0.579326
0.91847,0.665225
0.941806,-0.360703
0.9852,-0.728488
0.901766,0.381874
0.906827,0.411705
0.985115,-0.624983
0.94895,0.222882
0.875409,0.774155
0.925907,-0.226204
0.951653,-0.768525
0.96284,-0.346601
0.9434,-0.454591
0.93712,-0.094101
0.999548,-0.926885
0.960959,-0.432862
0.951605,-0.391706
0.946272,-0.596155
0.943598,-0.816498
0.940982,-0.261212
0.952317,-0.0650557
0.930864,-0.0875774
0.912608,0.167368
0.953945,-0.76922
0.988408,-1.2034
0.955245,-0.589305
0.919557,0.147937
0.966561,-0.0966808
0.9789,-0.682299
0.966827,-0.472551
0.952811,-0.404
0.94918,-0.239471
0.954806,-0.189831
0.933343,-0.348657
0.92644,-0.0327339
0.893011,0.587634
0.941358,-0.285188
0.968658,-0.447827
0.943207,0.25853
0.903315,0.42258
0.950647,-0.572881
0.902344,0.668991
0.97044,-0.062959
0.951637,0.0505962
0.978021,-1.24737
0.953316,0.130239
0.946635,-0.24904
0.951879,0.0643044
0.895442,0.549775
0.99768,-0.83256
0.951983,-0.145417
0.946494,-0.565053
0.958154,0.364606
0.970588,-0.900352
0.924491,-0.299866
0.934582,0.286339
0.926813,0.301917
0.951915,-0.518131
0.941013,-0.216861
0.905081,1.00545
0.947268,-0.207581
0.914342,0.104431
0.964372,-0.866008
0.983896,-0.536034
0.963251,-0.890406
0.972459,-0.370004
0.965748,-0.941308
0.988446,-1.16039
0.959012,-0.270188
0.911107,-0.0526565
0.900725,0.45563
0.89959,0.58468
0.915214,0.109527
0.957834,-0.255653
0.966303,-1.20524
0.939747,0.0997157
0.922074,0.27501
0.902824,0.274267
0.973538,-0.810714
0.963151,-0.108563
0.918312,-0.155061
0.921715,0.0473576
0.965512,-0.0701567
0.945994,-0.49115
0.980416,-1.01764
0.956067,-0.36199
0.921725,0.230082
0.924616,-0.283766
0.930058,-0.0764081
0.944092,-0.350664
0.97986,-0.214378
0.905846,0.340078
0.959659,-0.0192766
0.995815,-1.01013
0.974855,-0.294967
0.873138,0.215311
0.940502,-0.563419
0.923119,-0.264916
0.937518,-0.479551
0.979008,-0.37267
0.944556,-0.5807
0.939933,-0.426765
0.911078,-0.252299
0.986242,-0.902015
0.94714,-0.493311
0.949538,-0.330972
0.937083,-0.0115841
0.961856,-0.424028
0.944746,-0.105141
0.944529,-0.181707
0.87222,0.35505
0.937458,0.0904353
0.961932,-0.547584
0.942457,-0.0687916
0.952053,-0.261867
0.964836,-0.599777
1.00643,-1.35247
1.02467,-1.36166
0.912933,0.211259
0.913334,0.140951
0.928799,-0.0183699
0.995312,-0.981319
0.985456,-0.577145
0.956181,-0.252275
0.950214,-0.0569867
0.938896,-0.674201
0.937696,-0.428361
0.945665,0.0576094
0.929183,0.0380495
0.964061,-0.389624
0.946864,-0.563016
0.977151,-1.07334
1.00882,-0.668633
0.889761,0.0380248
0.936312,-0.0790907
0.963298,-0.65952
0.921621,-0.508831
0.950993,-0.115256
0.91194,-0.203112
0.941947,-0.149509
0.959884,-0.328837
0.924147,0.477139
0.955205,-0.834514
0.948912,-0.505925
0.924631,0.459452
0.960854,-0.30275
0.958915,-0.814643
0.966506,0.167805
0.957572,-0.201915
0.922782,-0.0466558
0.987944,-0.325503
0.968379,-0.516018
0.924962,0.0251773
0.974607,-0.350051
0.956618,-0.214006
0.989318,-0.877423
0.90393,0.498303
0.9554,-0.0472695
0.951552,-0.00156183
0.940405,-0.205314
0.941932,-0.410803
0.911014,0.42541
0.939849,-0.288415
0.974886,-0.546464
0.954299,-0.146596
0.930724,-0.553386
0.993873,-1.02275
0.945771,0.0491852
0.929676,-0.262653
0.954787,-0.516497
0.923841,0.0756974
0.929816,-0.514469
0.941921,0.146866
0.982113,-0.833928
0.958709,-0.461998
0.983506,-0.838988
0.912356,-0.307798
0.961884,-0.72089
0.992665,-1.20511
0.986595,-1.1025
1.0061,-1.40474
0.92286,-0.540078
0.935569,-0.174731
0.955034,-0.211134
0.948754,-0.529534
0.977237,-0.509676
0.961346,-0.481357
0.927346,-0.0183528
0.910318,0.474952
0.98647,-0.985048
0.867123,1.05306
0.930871,-0.00152998
0.985967,-0.791541
0.974094,-0.691848
0.898446,-0.160149
0.987577,-0.893987
1.0092,-1.04493
1.02133,-1.04115
0.916503,0.420215
0.976612,-0.197662
1.00682,-1.14053
0.930771,0.0269621
0.941982,-0.449563
0.962525,-0.298634
0.948522,-0.0255049
0.919289,0.230172
0.988019,-0.846484
0.975021,-0.924624
0.925472,0.00747754
0.965003,-0.300272
0.963156,0.0247469
0.926121,0.0560056
0.93128,0.107896
0.973342,-0.991686
0.907149,0.451157
0.950984,-0.627045
1.04111,-1.73272
0.945394,-0.49019
0.973328,-0.423678
0.970373,-1.10115
0.980659,-0.626297
0.957244,-0.558598
0.95493,-1.20396
0.967297,-0.489312
0.908086,0.226915
0.972682,-0.948325
0.896389,0.0284304
0.964363,-0.00901496
0.997573,-0.784765
0.992159,-0.940107
0.918957,0.225245
0.892298,0.50696
0.968498,-0.264767
0.958865,-0.0976742
1.00734,-1.05749
0.919911,0.381234
0.952308,-0.717233
0.936261,-0.589587
0.962648,-0.520765
0.923771,0.0451164
0.950634,-0.449716
0.925609,0.00801474
0.910602,0.468932
0.917872,-0.329494
0.939632,-0.212004
0.90151,0.579879
0.932844,0.235638
0.94987,-0.494077
0.937673,-0.579236
0.952055,0.260846
0.971697,-0.464041
0.932965,-0.0622153
0.958952,-0.265335
0.967044,-0.958007
0.913678,0.0854537
0.976891,-0.404269
0.940737,-0.067886
0.968017,-0.837706
0.967512,-0.0225876
0.931235,-0.176931
0.938804,0.0477365
0.948916,-0.196658
0.956097,-0.0743954
0.940258,-0.614091
0.932502,-0.37264
0.945823,0.0747442
0.970945,-0.577021
0.983882,-1.21837
0.942222,-0.149954
0.965344,-0.783826
0.968068,-0.555943
0.966748,-0.750114
0.928874,0.345825
0.907923,0.211418
0.996483,-0.674513
0.940739,-0.319058
0.919909,0.155785
0.936811,0.0905035
0.944896,-0.225171
0.916881,0.189555
0.946313,-0.497498
1.0013,-0.64794
0.962068,-0.734716
0.937019,-0.132569
0.915454,0.154555
0.954749,-0.357439
0.948215,-0.333205
0.944055,-0.266834
0.938044,-0.198973
0.913663,-0.0099977
0.946794,0.245391
0.923911,-0.217681
0.960713,-0.435587
0.970238,-0.631459
0.950756,-0.41167
0.915027,-0.0182808
0.959657,-0.755737
0.923379,-0.053357
0.969601,-0.186853
0.946109,-0.357763
0.953699,0.101843
0.964658,-0.382423
0.910177,0.00849804
0.948708,-0.43208
0.937459,-0.135066
0.970165,-0.852449
0.979634,-1.05039
0.970909,-0.440939
0.901117,0.404123
0.986706,-0.600802
0.97432,-0.716062
0.942229,-0.439544
0.919087,0.488633
0.93404,-0.123848
1.00244,-1.11
0.94147,-0.677704
0.944261,-0.173175
0.91581,0.197222
0.94243,-0.432322
0.980272,-0.551801
0.962239,0.331055
0.983536,-1.2275
0.943016,-0.187798
0.98108,-0.785539
0.977149,-0.759674
0.950294,-0.202455
0.955421,-0.962239
0.947441,-0.562273
0.987511,-0.703139
0.962336,-0.497035
0.945427,-0.277119
0.946688,-0.487744
0.941655,-0.403339
0.885107,0.639043
0.896321,0.260855
0.9709,-0.485095
0.94867,-0.208618
0.936688,-0.301769
0.921373,-0.19989
0.978327,-0.556978
0.991851,-0.237687
0.929838,0.00914109
0.971121,-0.238163
0.905113,0.471443
0.936558,-0.426661
0.929721,-0.388894
0.929914,-0.307287
1.02166,-1.18064
0.930653,-0.202874
0.932514,-0.0548813
0.918287,0.204978
0.911764,0.63177
0.920803,0.2755
0.932434,-0.101145
0.978117,-0.807911
0.996726,-1.09825
0.931912,-0.0910188
0.960245,-0.768649
0.932743,-0.331469
0.941095,-0.186642
0.962195,-0.555361
0.998312,-1.20329
0.989037,-0.830105
0.971321,-0.517039
0.874183,0.256889
0.959944,-0.625737
0.991779,-0.701986
0.905562,0.0184472
0.929503,-0.0298056
0.91324,0.757653
0.971777,-0.81045
0.956306,0.245079
0.952581,-0.412839
0.94096,-0.276487
0.972877,-0.263724
0.913838,0.341811
0.89185,0.185895
0.955584,-0.70819
0.960644,-0.291581
0.959464,-0.0528818
0.908589,0.153499
0.922243,0.231666
0.918106,0.0984809
0.980263,-0.932785
0.974034,-0.472803
0.921087,0.00562831
0.954459,0.00114138
0.909201,0.127097
0.927522,-0.0597854
0.942721,-0.491163
0.941444,-0.478635
0.959504,-0.433014
0.95894,-0.0222182
0.926598,0.241173
0.966322,-0.497157
0.947092,-0.289034
0.933969,-0.0376321
0.955467,-0.161482
0.960915,-0.387249
0.932024,-0.168051
0.934406,0.425326
0.952624,-0.49368
0.965539,-0.650159
0.994566,-0.587259
0.93841,-0.102694
0.940929,0.0118797
1.00968,-1.14055
0.98937,-0.953338
0.947136,-0.314556
0.974434,-0.62441
0.928058,0.246864
0.901379,0.277756
0.940921,0.37297
0.97626,-0.604432
0.945471,-0.40434
0.923919,-0.246492
0.936102,0.262593
0.885326,0.530285
0.923153,0.0143292
0.979726,-0.246977
0.925312,0.0659635
0.98809,-0.821281
0.983691,-0.929747
0.904502,-0.0926841
0.892926,0.345952
0.939058,-0.495876
0.958208,-0.725183
0.898993,0.0540687
0.946648,-0.730482
0.905033,-0.14139
0.894601,0.320452
0.947747,0.167848
0.94794,-0.164933
0.994708,-1.06028
0.980857,-1.04687
0.98597,-0.876515
0.975868,-0.597623
0.945715,-0.0142659
0.992126,-0.607004
0.932675,-0.374801
0.947252,0.285239
0.978295,-0.567198
0.996985,-0.331502
0.902608,0.521775
0.959125,-0.113875
0.939917,-0.169933
0.934026,0.0594544
0.977595,-0.726436
0.905293,0.207058
1.00653,-1.76971
0.924078,-0.206619
0.924077,-0.0450334
0.966364,0.044739
0.899889,0.632172
0.904089,0.164258
0.956666,0.0600013
0.944753,-0.337677
0.929385,-0.0712269
0.900569,0.379049
0.91757,-0.0517751
0.943519,0.514553
0.963411,-0.629113
0.926558,0.14352
0.947054,0.55226
0.953054,-0.31012
0.967159,-0.217851
0.95482,-0.352972
0.955212,-0.61066
0.976771,-0.798498
0.925128,-0.788331
0.899698,0.018769
0.956573,-0.389888
0.939298,-0.622137
0.99741,-1.33822
0.922917,-0.109634
0.90676,0.415162
0.966754,-0.765543
0.942012,-0.302311
0.923276,-0.250285
0.89551,0.55738
0.930204,-0.235912
0.911076,0.196757
0.943061,0.139634
0.985727,-1.00551
0.973491,-1.08127
0.925026,-0.304566
0.950431,-0.79367
0.918925,0.0683032
0.955734,-0.446902
0.900072,0.27814
0.936131,0.00207826
0.911275,0.105614
0.91121,0.100387
1.05652,-2.16097
0.923539,0.294083
0.925462,0.213243
0.988867,-0.800276
0.940794,-0.305426
0.972718,-0.536244
0.9353,-0.0360679
0.950531,-0.615372
0.952957,-0.529456
0.96791,-0.174798
0.962906,-0.468027
0.943202,-0.348378
0.922198,0.0314034
0.941228,-0.0964597
0.897482,0.556694
0.929948,-0.0778831
0.971976,-0.618087
0.973421,-0.412064
0.918678,-0.236661
0.895786,0.156917
0.946866,-0.0843423
0.980583,-1.12312
0.966933,-0.585109
0.95163,-0.139535
0.971269,-0.987644
0.945496,-0.735957
0.93572,0.24138
0.93811,0.0378546
0.940596,-0.739388
0.918658,-0.202496
0.980615,-0.825374
0.947957,-0.118747
0.941988,-0.178652
0.962076,-0.438887
0.935466,-0.67574
0.891832,0.718527
0.95999,-0.59259
0.933331,-0.135963
0.927004,-0.143777
0.925837,-0.388411
0.921089,0.451429
0.944733,-0.0334988
0.893641,0.504182
0.922371,0.0110028
0.867719,0.630649
0.9155,0.205314
0.986353,-0.664805
0.933956,0.228648
0.906726,0.30496
0.972036,-0.949772
0.932923,0.319956
1.01395,-1.5158
0.963958,-0.378803
0.966047,-0.626051
1.02659,-1.0016
0.93232,-0.210077
0.95459,-0.574712
0.969103,-1.16405
0.98594,-0.908464
0.973778,-0.511429
0.928527,0.0990764
0.917841,0.693089
0.938666,0.236584
0.938553,-0.193533
0.959565,0.0787713
0.918543,-0.0961088
0.973055,-1.16965
0.939906,-0.241025
1.01443,-0.997344
0.964465,-0.861096
0.9098,-0.319911
0.906504,0.476572
0.936131,-0.181386
0.937562,0.306259
0.9899,-0.467421
0.969863,-0.447488
0.905586,0.398677
0.93128,0.000380395
0.980712,-0.338283
0.90279,0.537007
0.938702,0.0906333
0.925293,-0.390407
1.01091,-0.920486
0.939745,0.0178614
0.940427,-0.380779
0.994394,-1.19935
0.902395,0.673705
1.01095,-0.828259
0.960207,-0.151381
0.944215,-0.552415
0.942828,-0.165257
0.964038,-0.523384
0.933409,-0.36045
0.954006,-0.602643
0.957988,-0.415171
0.932194,0.0134541
0.921981,-0.0965763
0.923423,0.0906813
0.917843,0.21529
0.924879,-0.184811
0.9802,-1.03323
0.927544,0.0167212
0.965725,-0.90581
0.953787,-0.328243
0.934291,0.018015
0.915014,0.187647
0.895612,0.339314
0.930129,0.302663
0.957335,-0.849264
0.955805,-0.180855
0.915552,-0.0558742
0.960688,-0.138534
0.957762,-0.294864
0.983408,-0.60742
0.954623,-0.377947
0.970329,-0.276056
0.906167,0.557804
0.986063,-0.918186
0.902324,0.67825
0.949072,-0.397043
0.957104,-0.75506
0.934047,0.0269189
0.920387,0.627561
0.961954,-0.572674
0.970237,-0.703019
0.946396,-0.420489
0.941306,0.277475
0.977354,-1.08883
0.955713,-0.0675602
0.924115,0.197914
0.990566,-0.693305
0.936864,-0.185209
0.905136,0.912687
0.882179,0.45736
0.932441,0.0335825
0.928507,-0.00626955
0.948509,0.109489
0.932359,-0.291674
0.951946,-0.509825
0.948614,-0.234186
0.96214,-0.80862
0.946268,-0.255479
0.94488,-0.500915
0.920955,-0.118454
0.959175,-0.404358
0.968267,-0.739199
0.89448,1.03435
0.989768,-0.882002
0.980672,-0.626047
0.951593,0.223135
0.884914,0.36242
0.968076,0.0899043
0.993192,-0.815414
0.93922,-0.0944351
0.947736,-0.0644822
0.945366,-0.00260538
0.978103,-0.318583
0.909595,0.116758
0.901742,0.476026
0.917187,0.132815
0.935953,0.14821
0.922023,0.351145
0.967237,-0.780697
0.97142,-0.945474
0.980115,-1.12239
0.960669,-0.417781
0.956453,-0.227754
1.00355,-1.29446
0.973663,-0.666821
0.954831,-0.158881
0.971054,-0.706413
0.964205,-0.600952
0.916535,-0.0697691
0.934195,-0.225557
0.943976,0.190925
0.932864,0.241979
0.916991,-0.00820432
0.905006,0.633891
0.919261,0.0856433
0.957167,-0.646016
0.902719,0.194412
0.954296,-0.55206
0.865314,0.90723
0.968772,-0.64662
0.943468,-0.0933314
0.923447,-0.12555
0.928175,-0.0514098
0.942875,-0.232055
0.946417,-0.71266
0.933805,-0.272726
0.962507,-0.544601
0.939916,-0.31613
0.982301,-0.526216
0.909081,-0.0626018
0.894657,0.554772
0.933492,-0.0911999
0.901238,0.828671
0.960395,-0.316072
0.937447,-0.0353632
0.93877,-0.441179
0.924989,-0.148091
0.931555,-0.449725
0.920884,-0.202145
0.918231,0.470541
0.947455,-0.654199
0.925196,0.669773
0.949949,-0.0278285
0.955413,-0.450739
0.930163,0.0938071
0.940035,0.133622
0.966115,-0.59453
0.941071,0.0502156
0.927608,0.321779
1.00246,-0.732484
0.94353,-0.389933
0.996876,-0.868342
0.969655,-0.202762
0.952618,-0.304502
0.914025,0.2372
0.990612,-0.325925
0.983065,-0.71457
0.943975,-0.433934
0.93109,0.235531
0.983299,-0.790027
0.970787,-0.791791
0.946201,-0.0156534
0.962818,-0.57298
0.954053,-0.189723
0.989713,-0.730423
0.958132,-0.336246
0.917497,0.249262
0.971449,-1.1178
0.936135,-0.0176814
0.964425,-0.0747676
0.905312,0.358438
0.955918,-0.711286
0.992389,-1.05986
0.984084,-0.387035
0.933331,-0.293662
0.931236,-0.508532
0.943911,-0.207361
0.941701,-0.786146
0.883289,0.635521
0.980383,-0.470705
0.910535,-0.0741313
1.00562,-0.70186
0.973713,-1.10327
0.943996,-0.302527
0.924159,-0.130351
0.938295,-0.459307
0.90898,0.598341
0.981106,-0.815818
0.939552,-0.370602
0.962877,-0.373805
0.944173,-0.284794
0.949196,-0.706768
1.00006,-1.15953
0.95476,-0.411496
0.969114,-0.651584
0.964787,-0.858483
0.978119,-0.487919
0.920824,0.381919
0.950214,0.115981
0.998152,-0.444686
0.936695,-0.269842
0.912487,0.278078
0.972219,-0.234019
0.945049,0.102404
0.893886,0.512083
0.930667,0.365959
0.949971,-0.357158
0.958487,-0.547636
0.936337,-0.390124
0.970772,-0.299506
0.905715,0.157543
0.952091,-0.562649
0.92901,-0.0357246
0.935046,-0.149003
0.993374,-1.03866
0.958153,-0.643127
0.997416,-1.00119
0.954012,-0.341166
0.915993,0.655645
0.991948,-0.899198
0.921763,-0.442158
0.967889,-0.730296
0.958325,-0.448802
0.918189,-0.393924
0.943526,-0.345501
0.952025,-0.078171
0.917876,0.0232257
0.910265,0.281209
0.939378,-0.202974
0.923311,-0.155089
0.970964,-0.839727
0.978753,-1.04189
0.955093,-0.393561
0.932647,-0.314833
0.998854,-1.18104
0.957949,-0.19608
1.0387,-1.86199
0.960314,-0.230037
0.932641,-0.481609
0.922269,-0.295197
0.981975,-0.709005
0.937245,-0.149194
0.985867,-0.363921
0.93532,0.0827077
0.998639,-1.33739
0.945521,-0.227955
1.02133,-1.34549
0.920012,0.0719051
0.948652,0.106938
0.956921,-0.0608349
0.988803,-1.01995
0.913808,0.420962
0.950397,-0.353495
0.952811,-0.467382
0.973511,-0.415073
0.995963,-0.823476
0.977368,-0.553365
0.939407,-0.347725
0.93091,-0.397035
0.947406,-0.609328
0.951604,-0.18745
0.967412,-0.827819
0.908954,-0.345394
0.973469,-0.451308
0.886962,0.729437
0.959033,-0.446427
0.908463,-0.0151677
0.899537,0.29595
0.959428,-0.64956
0.970045,-0.317621
0.950112,-0.677593
0.937723,0.0443017
0.910136,0.100943
0.974742,-0.569713
0.951289,-0.329105
0.961518,-0.345422
0.974219,-1.02465
0.96813,-1.05676
0.955971,-0.677695
0.929405,-0.413923
0.929648,-0.117926
0.948402,0.231003
0.954363,-0.518042
0.927851,0.0228984
0.987711,-0.768091
0.928867,0.146573
0.985703,-0.804371
0.924388,0.002823
0.90192,0.215475
0.952326,-0.466747
0.924287,0.135502
0.929694,-0.285131
0.973182,-0.779231
0.944453,-0.0235383
0.937046,-0.198464
0.927846,0.227609
0.923138,0.319073
0.96682,-1.15887
0.928298,0.564143
0.922478,-0.279743
0.903784,0.171965
0.966472,-0.531454
0.929871,-0.00257083
0.945038,-0.226848
0.880764,0.0238648
0.995114,-0.834519
0.965478,-0.334535
0.984713,-0.128579
0.982113,-0.655628
0.98836,-0.540275
0.94507,-0.256313
0.978606,-0.611378
0.958404,-0.496944
0.896516,0.289164
0.964062,-0.418113
0.891485,0.481284
0.915217,0.0061495
0.9352,-0.0915329
0.963483,-0.245248
0.930644,-0.346011
0.959017,-0.202979
0.946971,-0.39382
0.932379,-0.0812138
0.90699,0.335961
0.927816,-0.175267
0.915221,-0.155367
0.952204,-0.546999
0.942267,-0.122472
0.959451,-0.632268
0.90958,0.283832
0.966601,-0.652421
0.905308,0.444272
0.969322,-0.574615
0.933957,0.0945719
0.871846,0.53548
0.966997,-0.716125
0.967063,-0.0178053
1.02476,-0.96583
0.995517,-1.21303
0.9452,-0.0403434
0.94828,0.0976986
0.914049,0.0497099
0.990417,-0.684424
0.963393,-0.13183
0.961106,-0.542604
0.938907,-0.147421
0.94071,-0.210199
0.97228,-0.586113
0.969591,-0.457691
0.916851,0.7678
0.91095,-0.133964
1.03429,-1.46394
0.958194,-0.42832
0.977262,-0.824515
0.963498,-0.411669
0.94815,0.284381
0.960947,-0.524563
0.972671,-0.713472
0.925086,0.0955257
0.901227,0.584021
0.955005,-0.359676
0.933564,-0.0197707
0.929851,-0.416754
0.966895,-0.565631
0.915808,0.116073
0.974913,-0.936271
0.945947,-0.381957
0.964767,-0.648856
0.956118,-0.0433638
0.954345,0.200901
0.973125,-0.50729
0.976227,-0.567062
0.993825,-1.26851
0.934981,-0.565977
0.936068,-0.368938
0.978448,-0.726329
0.93805,-0.00195322
0.993478,-0.545164
0.978675,-0.733
0.997408,-0.735837
0.991469,-0.651091
0.963758,-0.851675
0.984584,-0.74023
0.972314,-0.498379
0.9847,-0.900103
0.962853,-0.428102
0.94967,-0.373637
0.922382,0.0842777
0.965938,-0.387515
0.957367,-0.0452634
0.942758,-0.488824
0.934016,-0.180956
0.940292,-0.349233
0.943098,0.184213
0.955219,-0.990691
0.979831,-0.847218
0.946668,-0.350602
0.998881,-1.51027
0.91034,0.144864
0.955863,-0.407361
0.986965,-0.740977
0.950889,-0.44309
0.959424,-0.257495
0.966203,-0.451935
0.921837,-0.507031
0.990996,-0.739312
0.891532,0.591857
0.940934,0.275574
0.907694,0.513674
0.960827,-0.833292
0.934504,-0.274429
0.905682,0.512233
0.916897,0.253197
0.946435,-0.200272
0.986284,-1.51925
0.940528,-0.181406
0.968204,-0.627989
0.943542,-0.578659
0.928681,-0.145494
0.926937,0.0081614
0.937408,0.0479091
0.916546,0.413047
1.00119,-0.937305
0.926608,0.157878
0.905447,0.434637
0.913568,0.435642
0.925765,0.226272
0.918057,0.0489141
0.94323,-0.529114
0.925007,0.0191351
0.96787,-0.810155
0.9444,-0.125673
0.945438,-0.30308
0.88907,0.70426
0.978271,-0.722015
0.94143,-0.0239575
0.951853,-0.662162
0.952265,-0.488815
1.00766,-1.37083
0.949551,-0.441758
0.971555,-0.626667
0.988446,-0.896175
0.952684,-0.239727
0.951688,-0.163223
0.957267,-0.399238
0.967114,-0.482118
1.00949,-1.46147
0.923468,0.188238
0.971938,-0.346787
0.944053,-0.378733
0.945671,-0.0146619
0.93417,-0.843536
0.965231,-0.479312
0.930801,-0.222964
0.916486,0.0447433
0.979353,-0.555136
0.956646,-0.49254
0.985562,-0.800575
0.939689,-0.890866
0.881132,0.759296
0.951572,0.00822901
0.944349,-0.91342
0.852156,0.887158
0.966307,-0.42785
0.984305,-0.685475
0.913303,0.145114
0.906588,0.452906
0.927882,-0.198778
0.908503,0.530161
0.957971,-0.274962
0.965756,-0.205346
0.933185,-0.1301
0.944156,-0.604229
0.98585,-0.832222
0.970747,-0.647551
0.964001,-0.225055
0.932884,-0.0189557
0.90144,0.993596
0.900812,0.251572
0.941259,-0.176267
0.95995,-0.717278
0.956561,-0.871387
0.963652,-0.38159
0.955253,-0.345649
0.992072,-0.656727
0.951242,-0.475618
0.982059,-0.829442
0.921005,-0.192241
0.968847,-0.526693
0.95622,-0.655618
0.940875,-0.329263
0.956311,-0.410193
0.950133,-0.0759587
0.98197,-0.744697
0.887296,0.705135
0.899066,0.586063
0.947036,-0.964777
0.920889,-0.256418
0.958572,-0.45811
0.939005,0.251185
0.907178,0.00514078
0.961826,-0.937496
0.975242,-0.58632
0.932125,-0.313906
0.990768,-1.1354
0.928925,0.12625
0.941574,-0.439506
0.977462,-0.911506
0.933471,-0.208275
0.954598,-0.426487
0.932519,-0.383712
0.957943,-0.554034
0.981681,-0.723881
0.969458,-0.519586
0.94675,-0.577982
0.944498,-0.406391
0.952027,-0.32548
0.919102,-0.242614
0.939762,-0.299994
0.951449,0.015478
0.998744,-0.730918
0.970834,-0.241961
0.948185,-0.264453
0.957316,-0.249726
0.937845,0.29366
0.920586,0.11646
0.975041,-0.310532
0.905197,0.58311
0.913803,0.47829
0.95312,-0.503014
0.984613,-0.748613
0.92235,0.0415238
0.918915,0.4624
0.907506,-0.120403
0.968777,-0.65746
0.972176,-0.591378
0.959711,-0.503506
0.973294,-0.644261
0.954471,0.0717303
0.968008,-0.0884895
0.977759,-0.748927
0.971878,-0.726281
0.937898,-0.156868
0.988899,-1.00321
0.98796,-0.993967
0.942209,0.08282
0.943745,-0.649884
0.931168,0.136718
1.01143,-1.18873
0.942862,0.183334
0.986691,-0.601123
0.943301,-0.290809
0.934617,-0.253077
0.985736,-0.712156
0.956598,-0.748572
0.929273,0.229138
0.982083,-1.00139
0.954229,-0.966022
0.943536,-0.24068
0.984717,-0.337409
0.976863,-0.503151
0.950652,-0.460996
0.952736,-0.0396244
0.934451,-0.295661
1.03408,-0.906734
0.956416,-0.525781
0.908337,0.0744043
0.948839,-0.312937
0.953856,-0.178524
0.921578,-0.287081
0.948457,-0.0397985
0.952367,-0.241623
0.953274,-0.167856
0.923738,-0.0296682
0.937978,0.0878546
0.953351,-0.439974
0.948181,-0.380729
0.990977,-0.618468
0.949913,-0.438579
0.946148,-0.0902916
0.944998,-0.352488
0.969091,-0.46026
0.920436,-0.180394
0.928111,0.129513
0.927105,0.0577987
0.973922,-0.251761
0.948231,-0.0264114
0.924193,0.419038
0.961868,-0.845515
0.952086,-0.24116
0.899642,0.259231
0.909576,0.200708
0.937033,0.193585
0.924083,-0.222898
0.981812,-0.604262
0.955302,-0.624339
0.940842,-0.47556
0.95474,-0.710301
0.929051,0.178563
0.937789,0.0969535
0.932742,-0.350793
0.94535,-0.570719
0.916079,0.181598
0.971434,-0.646323
0.959903,-0.768182
0.992547,-1.05061
0.980473,-0.727929
0.932147,-0.212856
0.91438,0.238866
0.98916,-0.59696
0.967188,0.1471
0.958045,-0.158053
0.965235,-0.798876
0.960043,-0.689249
0.975298,-0.788319
0.924851,-0.438298
0.988731,-1.03557
0.937303,-0.35678
0.986761,-0.636637
0.891115,0.233956
0.941563,0.237277
0.958742,-0.649977
0.939011,-0.766975
0.930371,0.196475
0.969276,-0.641608
0.946687,-0.559131
0.971045,-0.5
0.934205,-0.29316
0.935872,-0.0739304
0.942775,-0.412144
0.974996,-0.693318
0.928485,-0.470984
0.953286,-0.282005
0.958481,-0.237037
0.923319,-0.11633
0.972265,-0.789497
0.925548,-0.36091
0.951183,-0.344771
0.96586,-0.298593
1.01041,-1.17658
0.952348,-0.607581
0.96911,-0.0887052
0.968503,-0.991474
1.0026,-0.860979
0.910715,-0.00882258
0.937448,-0.466351
0.969678,-0.442692
0.927432,0.0749784
0.943578,-0.207181
0.96501,-0.396236
0.965019,-0.487029
0.941074,-0.188103
0.88553,0.992871
0.953606,-0.604324
0.967208,0.029083
0.941139,-0.288628
0.916107,0.133314
0.968258,-0.531034
0.980264,-1.0169
0.944288,-0.196632
0.96992,-0.582185
0.979058,-0.882228
0.961237,-0.388859
0.977166,-0.333283
0.941191,-0.496937
0.977918,-0.881565
0.970008,-0.572773
0.923112,-0.319911
0.932908,0.240629
0.877771,1.18198
0.904346,0.120114
0.948878,-0.962964
0.93269,0.0138988
0.949227,-0.362381
0.977095,-0.595161
0.97178,-1.18176
0.882037,0.241994
0.948861,-0.443634
0.941808,0.241071
0.942058,-0.45986
0.941155,-0.0527642
0.940295,0.192443
1.00253,-1.30717
0.919372,-0.19867
0.958068,-0.591813
0.96722,-0.474916
0.898014,0.0277835
0.971757,-0.526614
0.9212,0.186458
0.999601,-0.820683
0.971435,-0.604082
0.933613,-0.375611
0.956762,-0.568655
0.950745,-0.0636967
0.963822,-0.327935
0.958263,-0.784778
0.937832,0.0301008
0.920705,0.233191
0.981306,-0.349518
0.9313,0.28145
0.976958,-0.671334
0.952747,-0.521052
0.989818,-0.823846
0.938787,-0.0111853
0.99955,-0.820867
0.952802,-0.790064
0.964912,-0.835551
0.906732,0.18963
0.961965,-0.31635
0.974349,-0.603977
0.96409,-0.244704
0.9335,0.22138
0.938841,-0.0423597
0.926985,-0.2289
0.925472,-0.066831
0.972384,-0.303719
0.995817,-0.710533
0.944332,-0.590727
0.95758,-0.192418
0.975714,-0.993161
0.944619,-0.123257
0.950991,-0.307975
0.907418,-0.101387
0.981969,-0.727435
0.951114,-0.075792
0.951575,-0.252246
0.972236,-0.28749
0.959436,-0.569671
0.948304,0.0964292
0.922964,0.360957
0.884274,0.227464
1.02388,-0.793733
0.934055,0.0536315
0.970682,-0.51099
0.936798,-0.0483185
0.904284,0.362018
0.909796,0.427128
0.913725,0.00641378
0.962796,-0.512309
0.939061,-0.54927
0.94532,-0.41645
0.966953,-0.435812
0.948985,-0.34185
0.959585,-0.439327
0.926914,-0.13471
0.919506,0.327591
0.973855,-0.530992
0.947367,-0.234286
0.990716,-0.91383
0.951269,-0.0201717
0.935796,-0.172469
0.950184,-0.32247
0.920385,0.34261
0.947622,-0.421373
0.993665,-0.804586
0.946315,-0.26515
0.979708,-1.14127
0.951731,-0.285268
0.949548,-0.920656
0.899034,0.596054
0.949179,-0.634547
0.967079,-0.711013
0.970646,-0.568617
0.932442,-0.216989
0.938953,-0.295426
0.937192,-0.173879
0.948817,-0.174535
0.918735,-0.161785
0.914404,0.402087
0.985486,-0.656986
0.943499,-0.0731375
0.980973,-0.605605
0.970139,-0.700693
0.970514,-0.583504
1.00188,-0.871974
0.924198,-0.33083
1.00262,-1.43767
0.953318,-0.10557
0.959333,-0.873024
0.93334,0.0625128
0.965228,-0.749111
0.926411,-0.22132
0.994803,-1.25906
0.889617,0.814508
0.969097,-0.442695
0.992543,-0.93301
0.943707,-0.312446
0.949119,-0.711621
0.917669,0.289501
0.935649,-0.474059
0.980533,-0.185164
0.933862,-0.242211
0.931655,-0.155745
0.985235,-1.01369
0.936852,-0.474572
0.97331,-0.720128
0.96574,-0.674126
0.957385,-0.699058
0.992408,-1.10491
0.983531,-1.01722
0.968974,-0.59023
0.976566,-0.826093
0.955857,-0.658499
0.948388,-0.301132
0.936956,0.0101976
0.945359,-0.92986
0.966445,-0.552367
0.903253,0.303844
0.959652,-0.455464
0.971855,-0.804493
0.892752,0.407657
0.98827,-0.833003
0.949301,0.0119415
1.00041,-1.09813
0.97003,-0.0873162
0.909001,0.626334
0.976319,-0.551675
0.93943,0.0846998
0.975306,-0.588441
0.929573,-0.502218
0.943212,-0.11841
0.9712,-1.06702
0.968428,-1.30579
0.955518,-0.156386
0.949464,-0.267541
0.913863,0.130006
0.94153,0.129543
0.983558,-0.453225
0.939626,-0.372657
0.933478,-0.367849
0.967474,-0.725792
0.970159,-0.663723
0.924825,-0.276673
0.915566,0.0976206
0.97067,-0.334175
0.918177,0.228719
0.949479,-0.118743
0.965659,-0.8533
0.914099,0.231506
0.960112,-0.0874957
0.960931,-0.441516
0.994412,-0.850243
0.964894,-0.532938
0.91618,-0.188789
0.941238,-0.117145
0.971684,-0.355861
0.974975,-0.646151
0.940505,-0.288066
0.988415,-0.651742
0.978544,-0.694013
0.948832,-0.50892
0.977877,-0.141214
0.990097,-1.33696
0.927076,0.0409989
0.983916,-0.820338
0.946086,-0.393232
0.95734,-0.859368
0.936876,-0.0278322
0.876619,0.421198
0.958496,-0.188804
0.891784,0.305445
0.963548,-0.0510108
0.953985,-0.611922
0.925756,-0.101178
0.928013,-0.0616944
0.993027,-1.08442
0.907446,0.503195
0.912267,0.344383
0.974866,-0.732658
0.87637,0.99065
0.933253,0.0508062
0.960515,-0.157524
0.975506,-0.572883
0.927243,-0.0741312
0.94668,-0.732664
0.979596,-0.21376
0.893429,0.290563
0.888226,0.735152
0.925434,-0.485247
0.933391,-0.354471
0.943876,-0.321219
0.932924,-0.222679
0.92802,0.132048
0.944875,0.12763
0.913479,-0.275303
0.881166,0.329438
0.967209,-0.821019
0.951871,-0.575253
0.935421,-0.58159
0.947085,-0.488984
0.948022,-0.389222
0.977544,-0.627078
1.00664,-1.16073
0.900165,-0.0337409
0.952669,-0.497051
0.941856,-0.408755
0.976016,-0.226309
0.940823,-0.0490205
0.917502,-0.163803
0.932283,0.194583
0.929058,-0.257423
0.934329,-0.0486817
0.947073,-0.119357
0.931971,0.211913
0.950826,0.241042
1.00013,-1.49495
0.978436,-0.179302
0.947747,-0.0639548
0.917826,0.376087
0.974755,-0.536272
0.945936,-0.489414
0.954459,-0.402556
0.923792,-0.208335
0.98371,-0.460388
0.957489,-0.564714
0.959822,-0.0759989
1.00056,-0.737297
0.980295,-0.2241
0.950714,-0.30378
0.961205,-0.381559
0.954028,-0.607587
1.01693,-1.33544
0.909134,0.844438
0.965916,-0.376748
0.964595,-0.56435
0.922143,0.103076
0.927719,0.0717249
0.96927,-0.321653
0.934224,-0.124733
0.909841,0.153155
0.991397,-1.24901
0.904713,0.30793
0.94097,-0.382242
0.99241,-1.27682
0.900693,0.46153
0.919034,0.325038
0.948106,-0.272366
0.923356,0.339322
0.904886,0.528297
0.940686,0.199825
0.958128,0.0899837
0.934295,-0.958263
0.958017,-0.570128
0.937742,-0.293086
0.94677,0.0668248
0.930835,-0.473085
0.929316,-0.352793
0.937084,-0.191306
0.957083,-0.568079
0.968473,-0.689833
0.952284,-0.373677
0.96127,-0.372419
0.964912,-0.507515
0.921352,-0.167061
0.942153,-0.0975507
0.94281,-0.52334
0.981383,-0.794631
1.02416,-1.36068
0.911695,-0.38572
0.947404,-0.335936
0.981311,-1.10651
0.974218,-0.661263
0.9013,0.143709
0.925569,0.0517398
0.946422,-0.788469
0.951277,-0.181562
0.93643,0.339977
0.919412,-0.372058
0.919738,0.0875511
1.02315,-1.35687
0.967093,-0.931676
0.957607,-0.752527
0.983244,-0.168847
0.964958,-0.353039
0.965259,-0.717793
0.989533,-0.631217
0.891023,0.523555
0.912206,-0.235675
1.00094,-0.85971
0.957896,-0.354636
0.92793,0.0908374
0.93063,0.107225
0.907807,0.458619
0.910135,-0.301185
0.940635,-0.141899
0.955532,-0.594266
1.00261,-0.819627
0.987724,-0.948308
0.957786,-0.522464
0.94345,-0.318029
0.950085,-0.505999
0.954003,0.0310807
0.944537,-0.198519
0.947934,0.226415
0.901103,-0.214176
0.913733,0.137367
0.960046,-0.325135
0.949021,-0.432583
0.980799,-0.591517
0.942117,0.126652
0.923894,0.147587
0.904117,0.207758
0.973847,-0.62958
0.935785,-0.374796
0.946923,-0.221333
0.9703,-0.515694
0.979367,-0.570165
0.933187,0.185253
0.928612,-0.189533
0.967386,-0.329048
0.972998,-0.538745
0.95996,-0.129661
0.936168,-0.264651
0.999231,-0.589978
0.950137,0.356599
0.939592,-0.601153
0.918463,0.00912427
0.973139,-0.676343
0.92523,0.142585
0.942184,-0.323233
0.919566,0.034487
0.969367,-0.928958
0.977335,-1.15202
0.958308,-0.468542
0.991265,-0.682589
0.964583,-0.311415
0.983482,-0.886665
0.969582,0.0237122
0.932975,0.236502
0.988844,-1.36092
0.856206,0.837609
0.956542,-0.46087
0.972058,-0.714161
0.924582,0.134283
0.986526,-0.373289
0.937791,-0.448935
0.961325,-0.216978
0.938459,0.0426465
0.997846,-0.84079
0.909191,0.541081
0.93365,-0.11413
0.904846,0.417792
0.947596,0.380006
1.00176,-1.09425
0.890764,0.16107
0.956384,-0.579426
0.925577,-0.260591
0.92903,-0.188153
0.979974,-0.405892
0.952494,0.181883
0.999459,-0.614937
0.909,-0.649326
0.95218,-0.175527
0.939274,-0.78997
0.964742,-0.958765
0.980824,-0.317528
0.925598,0.20885
0.964532,-0.296592
0.923999,-0.325357
0.921692,0.0356616
0.958232,-0.287952
0.967313,-0.747149
0.952873,-0.695851
0.930785,-0.193569
0.923319,0.216671
0.978948,-0.492569
0.93709,0.0342819
0.919425,0.340468
0.94927,-0.260861
0.92745,-0.331589
0.97214,-0.564777
0.916975,0.207084
0.944163,-0.280318
0.980144,-0.978435
1.0024,-0.936548
0.977672,-1.09704
0.969637,-0.502327
0.947655,-0.346559
0.964425,-0.446901
0.983527,-1.02755
0.93901,-0.526397
0.936357,-0.0675198
0.925701,0.14596
0.93749,-0.0502759
0.934346,0.194892
0.975866,-0.816108
0.967053,-0.317971
0.925958,0.241103
0.931773,-0.13802
0.938523,-0.0324391
0.975916,-0.579986
0.95242,-0.244228
0.954355,-0.42044
0.934379,-0.472837
0.945726,-0.274573
0.92197,0.0809186
0.917485,0.213907
0.948389,-0.57221
0.956319,-0.526753
0.974241,-1.07337
0.970383,-0.894723
0.950023,-0.263248
0.928577,-0.388938
0.941235,-0.302327
0.932588,0.207557
0.997625,-1.501
0.954279,-0.535304
0.942599,-0.301687
0.973512,-0.333728
0.932166,-0.427331
0.937487,0.404079
0.949661,0.0432207
0.997899,-1.38441
0.977655,-1.19258
0.986244,-0.934411
0.945391,-0.123995
0.964861,-0.724466
0.9307,0.0780833
0.914853,-0.0674357
0.925542,0.219338
0.927377,0.233497
0.950394,-0.558865
0.95403,0.0800937
0.915807,-0.240875
0.952619,-0.252591
0.977734,-0.744982
0.918832,0.420499
0.92061,0.141373
1.02867,-1.31972
0.974269,-0.486874
0.942063,0.367117
0.94617,-0.238633
0.989326,-0.547974
0.932798,-0.155069
0.934582,-0.0955059
0.943023,-0.170395
0.910241,0.245454
0.964044,-1.04952
0.969837,-0.51468
0.941022,-0.533472
0.987485,-0.971264
1.01443,-0.59574
0.956772,-0.340208
0.963417,-0.82038
1.01283,-0.70932
0.935935,-0.10684
0.988031,-1.00179
0.983201,-0.664677
0.959439,-0.654111
0.978194,-0.555649
0.964775,-0.550004
0.923338,0.330186
1.00918,-1.16235
0.939328,0.2347
0.904702,0.57741
0.923529,-0.222756
0.986164,-1.20255
0.91544,0.365963
0.98957,-1.11234
0.952394,-0.254684
0.899162,0.382823
0.941164,-0.256958
0.937768,0.288902
0.944754,-0.503553
0.985202,-0.923727
0.928055,-0.120649
0.927676,0.190051
0.882452,0.101675
0.931696,-0.354023
0.959623,-0.354968
0.892973,0.307433
0.925942,0.110759
0.945393,-0.418277
0.964531,-0.473193
0.963229,-0.482577
0.889032,0.323595
0.944402,-0.360509
0.965828,-0.653734
0.942129,0.217713
0.941959,0.209784
0.950043,0.181843
0.954654,-0.640808
0.936128,-0.248049
0.912752,0.413644
0.924764,0.0281005
0.93174,-0.321769
0.959113,-0.556448
0.909476,-0.0833828
0.93002,0.17985
0.973444,-0.478526
0.942047,-0.159926
0.973781,-0.659784
0.908148,0.101925
1.02779,-1.27759
0.973303,-0.999626
0.94598,-0.523296
0.912764,0.298708
0.998257,-1.2618
0.991066,-0.0397084
0.906439,0.124787
0.938593,-0.214661
0.932963,-0.213439
0.928427,-0.0845088
0.938476,-0.458087
0.973676,-0.740595
0.875816,0.542785
0.905848,0.12318
0.886892,0.658354
0.956523,-0.199723
0.933111,0.0542608
0.934654,0.318312
0.870447,0.646491
0.983816,-0.703268
0.931498,0.116909
0.978976,-1.13043
0.922837,-0.298708
0.938366,-0.282984
0.952167,-0.513988
0.949814,-0.573762
0.955567,-0.805459
0.963467,-0.128547
0.9779,-0.52862
0.952587,-0.115212
0.942088,-0.192144
0.964381,-0.721095
0.963225,-0.78783
0.930299,-0.618424
0.963437,-0.48237
0.972068,-0.490865
0.985196,-0.712873
0.989535,-0.234744
0.944627,-0.422091
0.976192,-0.644536
0.931019,-0.134423
0.929223,-0.299307
0.925933,0.119894
0.932592,-0.128611
0.902635,0.0483114
0.942633,-0.160807
0.960971,-0.813124
0.953289,-0.348151
0.969602,-0.283471
0.960717,-0.465747
0.932182,-0.173497
0.983267,-0.967192
0.911019,0.124371
0.929437,0.193263
0.918967,-0.12896
1.00735,-0.918585
0.873126,0.598998
0.900972,0.286796
0.895033,0.0514571
0.928513,-0.149857
1.02427,-0.928985
0.939277,-0.777714
0.960559,-0.539666
0.993084,-0.540826
0.910104,0.66194
0.93436,-0.717445
0.950783,-0.605267
0.959642,-0.25903
0.935353,-0.189266
0.949534,0.139774
0.966661,-0.683676
0.960646,-0.467452
0.929002,-0.260702
0.951388,-0.212764
0.930671,0.0694805
0.988327,-0.620611
0.930313,-0.0288259
0.948267,-0.525641
0.99341,-1.02951
0.924077,0.0383567
0.951011,-0.603367
0.907243,-0.120646
0.959302,-0.590698
0.942823,-0.067483
0.965332,-0.41757
0.995694,-0.94978
0.98656,-0.691962
0.994091,-0.879671
0.922845,0.288432
0.965096,-0.36114
0.921258,0.54916
0.988293,-0.90542
0.972732,-0.873824
0.985249,-0.434832
0.950299,-0.236587
0.963347,-0.453176
0.947654,-0.802646
0.919648,0.411519
0.900572,0.258519
0.970045,-0.525848
0.966708,-0.582059
0.931561,0.198539
0.988042,-0.697556
0.925873,-0.102342
0.972146,-0.726085
0.938097,0.00359765
0.910001,-0.23127
0.943321,-0.506634
0.894867,0.609553
0.938902,-0.105513
0.942006,-0.0432052
0.957538,-0.486805
0.946876,-0.469804
0.943727,0.301536
0.967894,-0.732419
0.928478,-0.370196
0.946899,-0.690405
0.962961,-0.632291
0.943856,-0.648809
0.970454,-0.348607
0.924016,0.170763
0.953463,0.0572333
0.967719,0.03883
0.9233,0.0146147
0.943926,-0.19395
0.960767,-0.52311
0.936626,-0.530458
0.900506,0.523311
0.916065,0.261185
1.00112,-1.08168
0.95506,-0.372662
0.934459,0.00901437
0.973772,-0.60311
0.991504,-0.928153
0.988696,-0.833968
0.922109,-0.184672
0.915196,0.305354
0.969069,-0.708524
0.95242,-0.661666
0.921875,-0.222749
0.939924,0.276739
0.918186,-0.384887
0.901773,0.161141
0.937766,-0.385077
0.918346,0.140995
0.960623,-0.0807952
0.973682,-0.65732
0.988269,-0.791906
0.925004,-0.38436
0.950772,-0.201869
0.946724,-0.302666
0.940917,-0.121732
0.959534,-0.585702
0.963732,-0.156069
0.88906,0.272298
0.945466,-0.397768
0.899367,-0.221503
0.886134,1.27203
0.941139,-0.214226
0.972995,-0.531299
0.907754,0.408457
0.911415,0.297919
0.910436,0.0527639
0.959601,-0.735601
0.940987,-0.499956
0.945477,0.00303309
0.90035,0.400249
0.934846,-0.332325
0.933269,0.0583824
0.8808,0.704355
0.940764,-0.494943
0.972059,-0.925888
0.986919,-0.391322
0.988081,-0.867538
0.912068,0.243631
0.962216,-0.239897
0.950172,-0.134668
0.935674,-0.433498
0.938371,-0.126251
0.937523,-0.056979
0.948141,-0.207624
0.970782,-1.01841
0.952966,-0.229692
0.957801,-0.320668
0.917463,0.305299
0.917648,0.299757
0.964155,-0.386797
0.986037,-0.958395
0.896198,0.641022
0.926729,-0.258382
0.958422,-0.230862
0.993022,-0.61919
0.932718,-0.198793
0.957927,-0.564616
0.98428,-0.502186
0.932463,0.130003
0.979095,-0.307793
0.971076,-0.413907
0.989308,-0.717338
0.956013,-0.921628
0.947286,-0.00769699
0.92804,-0.159386
0.942963,-0.176663
0.947779,-0.41383
0.948428,-0.312174
0.937629,0.507851
0.95233,-0.211288
0.950462,-0.68003
0.960197,-0.36254
0.908038,0.400926
0.958837,-0.303394
0.928378,0.042424
1.00131,-0.97406
0.9757,-0.323234
0.92626,0.0178855
0.91583,-0.314188
0.916382,0.0486124
0.90908,0.179542
0.956334,-0.248755
0.933435,-0.35245
0.903551,0.220913
0.920921,0.420915
0.905552,-0.0887766
0.925128,0.0991945
0.925355,0.180386
0.955313,-0.394423
0.938055,0.0940874
0.879194,0.662403
0.98192,-0.59545
0.897274,0.122552
0.948717,-0.0312183
0.966322,-0.278522
0.926461,0.15018
0.928413,0.0430777
0.959978,-0.490205
0.995393,-1.07393
1.00274,-1.22097
0.929491,-0.394899
0.963704,-0.465811
0.927678,-0.102421
0.959079,-0.630295
0.931968,0.142479
0.993142,-0.235446
0.951564,-0.432012
0.947635,0.159939
0.918186,0.247809
0.911766,0.233908
0.984166,-1.14598
0.938203,-0.427088
0.904282,0.358358
0.869818,0.609819
0.977335,-0.614763
0.883179,0.876528
0.92865,-0.0393693
0.930119,-0.418594
0.965307,-0.342786
0.951428,-0.404955
0.909867,0.574741
0.985848,-0.609751
0.939364,-0.561382
0.961576,-0.619321
0.933911,-0.250866
0.93242,-0.312833
0.909565,0.28991
0.977362,-0.873766
0.947378,-0.268256
0.951629,-0.0939027
0.922996,0.0399977
1.00394,-0.493869
0.93127,0.341584
0.979536,-0.548169
0.976332,-0.418548
0.973901,-0.433056
0.903413,-0.0541352
0.953821,-0.428447
0.967048,-0.0165446
0.927141,0.142779
0.944921,-0.614192
0.999839,-0.928416
0.922372,0.311892
0.923222,-0.27335
0.923829,0.81132
0.983784,-0.877164
0.944139,-0.432769
0.927809,-0.355601
0.977684,-0.451182
0.938297,-0.0690411
0.942218,-0.661229
0.930204,0.170961
0.938879,-0.199217
0.986011,-0.519906
0.98205,-0.315974
0.93957,-0.245959
0.931817,0.0114181
0.943516,-0.276923
0.967586,-0.5919
0.972112,-0.785979
0.934563,0.142247
0.938833,-0.544413
0.910465,0.0385184
0.895507,0.0673651
0.930853,0.167297
0.907231,-0.363647
0.952153,0.193875
0.931191,-0.167414
0.996103,-0.633501
0.928273,-0.210878
0.975286,-1.24729
0.953553,-0.531166
0.914991,0.142468
0.915161,-0.00197801
0.959388,-0.146091
0.925537,0.192463
0.928824,-0.0533893
1.01173,-0.988763
0.865761,0.762374
0.933843,-0.207797
1.0304,-1.14933
0.924285,0.0720577
0.941407,0.0796789
0.921174,0.175819
0.952167,-0.159446
0.97386,-0.692929
0.918751,-0.212321
0.985156,-0.509277
0.911456,0.479411
0.963005,-0.522584
0.925896,-0.0996884
0.93299,-0.04827
0.931784,0.144664
0.936793,-0.645867
0.943315,0.202486
0.892498,0.700898
1.0093,-0.969986
0.916877,0.136688
0.874857,0.578718
0.922866,-0.0181448
0.912627,0.0852329
0.971266,-0.830721
0.89928,0.361387
0.953004,-0.303483
0.936374,-0.342333
0.995315,-1.06657
0.943457,-0.488115
0.913171,0.459165
0.89981,0.081751
0.937354,0.415562
0.974704,-0.647267
0.999575,-0.943807
0.935983,-0.105689
0.906155,0.229015
0.968469,-0.64863
0.857958,0.871545
0.938294,-0.0356303
0.962138,-0.250615
0.925789,-0.242685
0.940501,-0.49553
0.882197,0.558967
0.92687,0.0859151
0.956998,-0.35387
0.94768,-0.431391
0.963025,-0.714505
0.995714,-1.53641
0.92433,-0.0933353
0.92444,0.183736
0.878876,0.404146
0.893059,0.589281
0.918736,-0.0797388
0.975508,-0.248949
0.94275,-0.593298
0.936244,0.437833
0.955896,-0.205455
0.957879,-0.98012
0.972236,-0.288642
0.95681,-0.229513
0.94409,-0.00399625
0.962635,-0.623518
0.95071,-0.277935
0.957079,-0.780547
0.896108,0.145118
0.934892,0.167039
0.973956,-1.08184
0.89326,0.251904
0.941896,-0.196899
0.945704,-0.000423695
0.953551,-0.291196
0.939702,-0.303033
0.981664,-1.19775
0.928442,0.38142
1.00319,-1.28067
0.990722,-0.621961
0.95829,-0.284568
0.880061,0.683555
0.961386,-0.626516
0.957285,-0.0766693
1.00996,-1.37626
0.92561,0.225252
1.00037,-0.42063
0.958277,-0.822526
0.965861,-0.288593
0.944536,-0.38374
0.978833,-0.528166
0.971802,-0.588121
0.929293,-0.405486
0.955951,-0.207865
0.920251,0.15322
0.942981,-0.539748
0.966297,-0.488538
0.951379,-0.267833
0.968913,-1.13485
0.876972,0.855091
0.918198,0.0606334
0.994081,-0.33655
0.924157,0.056223
0.90628,0.711089
0.93812,-0.104626
0.901767,-0.163965
0.953142,-0.358849
0.985582,-1.03514
0.956842,-0.34941
0.944823,-0.0269373
0.92797,0.164601
0.927774,0.408675
0.977347,-0.765977
0.941769,-0.0393049
0.998685,-0.731103
0.915672,-0.309529
0.928541,0.0587218
0.95019,-0.319322
0.979843,-0.435015
0.955024,0.162207
0.933718,-0.154913
0.948697,0.0116145
0.979233,-0.624361
0.908414,0.382547
0.953864,-0.270596
0.996076,-0.761058
0.917891,0.101885
0.897398,0.326273
0.938972,-0.735785
0.933846,-0.403331
0.947154,-0.0926094
0.974848,-0.746594
0.963484,-0.923689
0.93634,0.0810201
0.92523,-0.123304
0.871798,0.757883
0.966794,-0.503169
0.970329,-0.78411
0.917499,0.222751
0.980622,-0.691047
0.923683,0.211247
0.958415,-0.911873
0.981519,-1.03357
0.913699,0.447334
0.950266,-0.527367
0.942191,-0.354389
0.953609,-0.768019
0.965982,-0.750382
0.94913,-0.39007
0.972839,-0.532743
0.950093,-0.0168551
0.971375,-0.723645
0.963867,-0.57203
0.977491,-0.771239
0.918709,-0.118615
0.941999,0.247495
0.914168,-0.223264
0.961496,-0.605162
0.95284,-0.335348
0.885679,0.349951
0.978778,-0.339712
0.911351,-0.192619
0.926,0.13893
0.953374,-0.0467823
0.965457,-0.21481
0.989442,-1.04574
0.967504,-0.729405
0.956111,-0.270964
0.971857,-0.756729
0.949898,-0.191767
0.96272,-0.232939
0.969342,-0.511714
0.96162,-0.230676
0.948994,0.0521928
0.977214,-0.672153
0.939147,0.176643
0.924373,0.130421
0.932261,0.0172491
0.883149,0.779906
0.960311,-0.769336
0.95377,-0.259028
0.982957,-0.489743
0.979194,-0.698669
0.963551,-0.675433
0.918836,-0.421115
0.935526,-0.199255
0.931953,-0.481578
0.963603,-0.0280888
0.975783,-0.821736
0.923647,0.320031
0.950402,-0.499128
0.983393,-1.06
0.93674,-0.0474783
0.983775,-0.344184
0.958195,-0.291936
0.95246,-0.606183
0.974716,-0.370599
0.928903,-0.47836
0.995424,-0.968819
0.969604,-0.271068
0.932724,-0.134269
0.917037,0.222105
0.933768,-0.278458
0.983395,-0.717502
0.986153,-0.79108
0.951758,-0.714763
0.967857,-0.985192
0.966244,-0.491987
0.956875,-0.565124
0.995719,-0.667861
0.957021,-0.547135
0.943916,-0.308959
0.944537,-0.851787
0.934421,0.0624299
0.979347,-0.991794
0.909008,0.278812
0.947683,-0.0329857
0.863844,0.903404
0.939285,-0.0373003
0.920281,-0.526822
0.895516,0.245883
0.925345,-0.287774
0.948168,-0.271229
0.994658,-1.00367
0.925506,-0.0803022
0.934818,-0.276631
0.97014,-0.762285
0.973739,-0.519889
0.930993,-0.119326
0.929749,0.103009
0.972716,-0.644669
0.979531,-0.429976
0.942626,-0.231964
0.970475,-0.590554
0.913656,-0.255622
0.995463,-1.28238
0.950679,-0.469023
0.954829,-0.0753501
0.939675,-0.101597
0.992263,-0.6772
1.0029,-0.954544
0.967561,-0.823126
0.927509,-0.0823722
0.946791,-0.30108
0.938198,-0.516517
0.967271,-1.04598
0.961358,-0.358889
0.991455,-1.16815
0.907746,0.119047
0.929011,0.202447
0.95474,-0.0491547
0.942098,-0.328486
0.963938,-0.561246
0.972059,-0.569769
0.894404,0.231658
0.904094,0.0236474
0.935728,-0.314823
0.990627,-0.893505
0.97677,-0.696881
0.959491,-0.744342
0.981153,-0.541373
0.94334,-0.444594
0.911513,0.417572
0.914955,-0.0237496
0.95897,-0.212171
0.93854,-0.323974
0.963186,-0.829259
0.944749,-0.39507
0.948013,-0.161249
0.953704,-0.296954
0.953866,0.0258352
0.955127,-0.179246
1.00535,-0.708113
0.944598,-0.197199
0.92181,0.160033
0.932086,-0.468279
0.958995,-0.406127
0.90817,0.650802
0.988156,-0.445255
0.902224,0.362397
1.03407,-1.24401
0.912584,-0.15927
0.900673,0.333166
0.94999,-0.0516186
0.989992,-0.560889
0.937488,0.134872
0.897512,0.511423
0.951439,-0.344054
0.943248,-0.268896
0.977699,-0.853532
0.975635,-0.751736
0.980152,-0.5486
0.905552,0.155763
0.903568,0.183928
0.961492,-0.256623
0.972109,-0.606021
0.959365,-0.587322
0.93727,-0.00923842
0.937077,0.0397769
0.949207,-0.737722
0.931419,-0.245847
0.939515,-0.388004
0.959849,-0.522079
0.962521,-0.44287
0.953208,-0.537897
0.924881,0.136126
0.945293,-0.248423
0.963733,-1.00467
0.951043,0.224637
0.988067,-1.27209
0.892099,0.453709
0.970733,-0.466897
0.901067,-0.140504
0.976885,-0.543095
0.976369,-1.05578
0.920756,-0.0659284
0.996884,-0.908852
0.966652,-1.08876
0.941717,-0.315836
0.949674,-0.273965
0.957264,-0.255518
0.97833,-0.568464
0.976119,-0.320983
0.918395,0.345639
0.945975,-0.0970462
0.955558,-0.224842
0.965768,-0.694662
0.943033,-0.104313
0.894793,0.409527
0.921634,-0.189398
0.93361,0.340479
0.995087,-0.74139
0.948332,-0.525037
0.859703,0.744742
0.94758,-0.450856
0.92775,0.26674
0.895049,0.82113
0.948651,-0.624573
0.897065,0.405272
0.978447,0.0905057
0.909597,0.482931
0.974183,-0.401559
0.938762,0.0254669
0.955541,-0.565845
0.904806,0.225412
0.926888,-0.425972
0.962354,-0.67136
0.904548,-0.148478
0.934252,0.209103
0.895387,0.254958
0.9509,-0.399541
0.97766,-0.692941
0.945729,-0.309993
0.936164,0.280335
1.0094,-1.69331
0.943465,0.103207
0.973146,-0.664037
0.905162,0.401363
0.905742,0.61358
0.959001,-0.721742
0.910965,0.378698
0.883407,0.63516
0.92205,0.290436
0.91594,0.109685
0.93527,-0.133892
0.956326,-0.59456
0.960859,-0.488189
0.955356,-0.192973
0.908555,0.064161
0.961291,-0.499349
0.950399,-0.543414
0.956222,-0.258084
0.943844,0.066348
0.943177,-0.197721
0.972789,-0.75496
0.972223,-0.512329
0.965997,-0.758587
0.928893,0.275064
0.972479,-0.434505
0.902883,0.302525
0.947448,-0.441155
0.949283,-0.191128
0.89606,0.69156
0.957219,-0.99552
0.887092,0.888092
0.948862,-0.340244
0.926077,-0.464803
0.992131,-0.298766
0.914944,-0.0204597
0.945206,-0.215187
0.92576,-0.0758362
0.978662,-0.969864
0.928399,-0.134753
0.950691,-0.592091
0.930983,0.128189
0.961617,-0.547581
0.991946,-0.923476
0.978316,-0.536964
0.942487,-0.162259
0.886909,0.453353
0.983766,-1.1618
0.984215,-1.18097
0.940906,-0.349232
0.904651,0.429423
0.935316,-0.232551
0.951674,-0.569291
0.932584,-0.235195
0.999487,-0.970369
0.956836,-0.550563
0.973339,-0.771856
0.959575,-0.0739128
0.985214,-0.602522
0.930816,-0.00766427
0.89527,0.333888
0.944049,0.30329
0.925333,-0.351223
0.955869,-0.697691
0.93076,0.276587
0.921075,-0.205668
0.94267,0.0977341
0.926092,0.0218548
0.908827,0.0751848
0.942482,-0.214348
0.95443,-0.379626
0.928348,0.263634
0.9215,0.427335
0.974449,-0.492973
0.949485,-0.544586
0.907363,-0.0470438
0.961126,-0.435363
0.91881,-0.131107
1.00926,-0.897411
0.997395,-0.794575
0.923891,0.152284
0.944197,-0.00730347
0.910961,-0.130197
0.954494,-0.328352
0.966322,-0.564593
0.96342,-0.312132
0.931755,-0.187977
0.975158,-0.244272
0.927951,-0.129484
0.935673,-0.526274
0.940868,-0.121601
0.978285,-0.763023
0.928446,0.100991
0.907009,0.0220821
0.92339,0.464302
0.931623,-0.0995384
0.994298,-1.02356
0.94569,-0.0192626
0.920885,-0.10058
0.928419,-0.163755
0.948826,-0.260923
0.99284,-0.814115
0.978343,-0.770076
0.949951,-0.160033
0.964498,-0.816184
0.970899,-0.975429
0.9348,0.0929268
0.912827,0.0120812
0.92036,0.49312
0.950664,-0.0372209
0.948812,-0.286673
0.969763,-0.491155
0.947652,-0.434031
0.926935,-0.515812
0.973939,-0.292446
0.970677,-1.08449
1.00697,-1.53563
0.958756,-0.812568
0.954688,0.0550248
0.920874,0.331212
0.947865,-0.421513
0.92209,-0.20376
0.96308,-0.165267
0.969603,-1.25322
0.975529,-0.487523
0.924982,-0.713225
0.986392,-0.938915
0.95252,0.0505123
1.00133,-1.00288
0.906389,0.106142
0.920994,0.326518
0.995042,-1.07124
0.961149,-0.529511
0.904379,0.369439
0.950171,-0.258565
1.01136,-0.52446
0.944549,-0.330111
0.91724,-0.224352
0.947033,-0.349581
0.935949,-0.133709
0.919571,0.539751
0.942907,0.0932545
0.944986,-0.533123
0.962891,-0.474176
0.952334,-0.981092
0.925823,-0.273998
0.940354,-0.217881
0.923117,-0.142819
0.949755,-0.529804
0.969539,-0.782345
0.89976,-0.00695771
0.922471,-0.0376838
0.972359,0.0294121
0.902874,0.0534606
0.934627,0.211014
0.936077,-0.208967
0.929812,-0.681453
0.949236,-0.492547
0.916487,0.603922
0.919179,0.037719
0.990307,-0.978566
0.883131,0.597194
0.918264,-0.318917
0.950359,-0.212719
0.982353,-0.608429
0.979674,-0.79521
0.956214,-0.823019
0.913066,-0.0884135
0.979955,-0.514914
0.95864,-0.826379
0.97098,-0.651983
0.940485,-0.638377
1.0301,-1.36724
0.934146,0.0316622
0.926248,-0.223848
0.982717,-0.900468
0.950531,-0.355781
0.957628,-0.460713
0.947121,-0.29505
0.945305,-0.00194673
0.915714,0.139798
0.957526,-0.634794
0.962721,-0.469725
0.981509,-0.381323
0.963915,-0.223262
0.922318,0.596254
0.957389,-0.352525
0.940806,0.315662
0.956706,-0.591305
0.976718,-0.355412
0.945795,-0.556392
0.953721,-0.291351
0.99352,-0.649557
0.957515,-0.236014
0.938497,-0.0988195
0.897884,0.17498
1.01689,-1.00943
0.903241,0.437112
0.912364,0.0440179
0.966465,-0.403041
0.964359,-0.299195
0.990932,-1.05404
0.976398,-0.479789
0.994676,-1.09837
0.925674,-0.0689195
0.992633,-0.749241
0.972061,-0.471081
0.957907,-0.682387
0.959731,-0.30737
0.947962,-0.428102
0.952885,-0.1335
0.949402,-0.446991
0.922489,0.0177231
0.974296,-0.226621
0.934852,0.117225
0.940309,-0.504546
0.888391,0.726526
0.882687,0.464865
0.89406,0.516586
0.947256,-0.572692
0.978044,-0.308375
0.951352,-0.625735
0.927011,-0.465077
0.89633,0.181397
0.97573,-0.709275
0.942016,0.159147
0.907595,-0.0673447
0.947256,0.0176629
0.96793,-0.274127
0.900869,0.177018
0.926551,0.0673267
0.93284,0.130408
0.903713,0.628476
0.980025,-0.95159
0.955111,0.145706
0.910385,0.199836
0.99062,-0.854404
0.949814,-0.166536
0.958195,0.0715689
0.943071,-0.244248
0.902675,0.353016
0.900268,0.253164
0.932736,0.529022
0.894833,0.321068
0.972051,-0.63789
0.934165,0.0856944
0.912888,0.0890028
0.932847,0.0186258
0.935508,-0.529702
0.972412,-0.720305
0.919047,0.319775
0.945946,-0.176393
0.912731,-0.214105
0.902458,0.188166
0.963113,-0.954417
0.9091,-0.604022
0.954585,-0.290017
0.934229,-0.486842
0.937333,0.307694
0.962604,-0.943783
0.981332,-0.912118
0.969357,-0.653415
0.928027,-0.142148
0.946106,0.0161501
0.92385,0.459854
0.950468,-0.711105
0.970176,-0.34714
0.908467,-0.0865619
0.912984,0.433936
0.904043,-0.32717
0.96355,-0.61275
0.996764,-1.36788
0.931371,-0.0680245
0.939324,-1.05396
0.94381,0.143336
0.923062,0.190098
0.884344,0.148866
0.927687,-0.228596
0.971133,-0.732212
0.950313,-0.0815734
0.949689,0.034663
0.947051,-0.188113
0.986261,-0.40783
0.956652,-0.453355
0.889087,1.02684
0.927904,-0.210018
0.905721,0.283028
0.96296,-0.147344
0.940884,0.112606
0.966971,-0.539617
0.98398,-0.953391
0.952603,-0.684205
0.969607,-0.951782
0.948151,-0.499122
0.953681,-0.314499
0.92341,0.079983
0.914117,-0.30788
0.915814,0.49746
0.948483,-0.320079
0.988985,-0.625692
0.937029,0.194323
0.977728,-0.437287
0.966487,-0.767956
0.928121,-0.20531
0.982298,-0.537134
0.926789,0.1658
0.893503,0.299784
0.9126,0.395507
0.908192,0.598742
0.950556,-0.085433
0.922589,0.264862
0.918236,-0.490114
0.942971,-0.52325
0.983746,-1.01714
0.971391,-0.601053
0.952266,0.0138674
0.902867,-0.109082
0.964477,-0.234716
0.980451,-0.572273
0.936389,-0.176884
0.918748,-0.131958
0.997628,-1.31598
0.935236,0.194885
0.955644,-0.0835239
0.976429,-0.628386
0.975709,-0.405869
0.978524,-0.800225
0.914182,-0.262556
0.929732,0.0871498
0.905242,0.134289
0.975685,-0.878028
0.959301,-0.192091
0.985488,-0.570336
0.950742,-0.913342
0.982963,-0.942433
0.95602,-0.243111
0.902157,0.168397
0.922008,-0.149168
0.953968,-0.305878
0.949666,-0.697128
0.98548,-0.932077
0.982452,-0.564399
0.944393,-0.365127
0.954122,-0.459965
0.910319,0.57229
0.911703,0.725407
0.88769,0.774402
0.956545,-0.448214
0.924025,-0.0598282
0.9254,-0.117683
0.957051,-0.242811
0.927803,-0.363062
0.965372,-0.421657
0.944654,-0.342659
0.936698,0.215308
1.00324,-1.28932
0.989241,-0.447556
0.916652,0.108986
0.937893,-0.526531
0.951376,-0.223083
0.951196,-0.388439
0.92148,-0.110874
0.910279,0.097501
0.967939,-0.70205
0.922469,0.00940809
0.928148,-0.268434
0.964434,-0.141575
0.922043,-0.0898987
0.929383,0.114054
0.980195,-0.484597
0.885316,0.342299
0.931495,-0.380824
0.992068,-1.06948
0.944573,-0.0273114
0.918111,0.0898032
0.926969,-0.0756233
0.928751,0.0676918
0.935869,-0.411366
0.963859,-0.233216
0.927866,-0.0821419
0.977347,-0.875167
0.985433,-0.600214
0.962475,-0.931192
0.947772,-0.702012
0.964495,-0.782599
0.96868,-0.874526
0.919426,-0.0827176
0.912167,0.363303
0.97159,-0.78799
0.972196,-0.871843
0.971289,-0.621544
0.939876,-0.0147318
0.960263,-0.649458
0.922885,0.264738
0.956664,-0.492415
0.951787,-0.487881
0.92621,-0.188565
0.956882,-0.637796
0.922229,0.152302
0.957839,-0.531132
0.972674,-0.214748
0.910244,0.418034
0.939834,-0.678568
0.967432,0.0648692
0.932647,0.0069771
0.941318,0.0837051
0.941746,0.0835347
0.924453,-0.234834
0.944829,-0.111172
0.928476,0.0715467
0.934503,0.0382484
0.935965,-0.335392
0.914104,0.371244
0.90987,0.457579
0.975432,-0.529264
0.910612,0.621031
0.973491,-0.501295
0.97226,-0.331965
0.93195,-0.303392
0.990774,-1.23805
0.917873,0.263113
0.995266,-0.907163
0.943525,-0.189268
0.977233,-0.867694
0.982382,-0.644013
0.97819,-0.924458
0.903302,0.514771
0.903066,0.586889
0.932327,-0.326434
0.911102,0.223818
0.907198,0.411969
0.958477,-0.0516491
0.940439,0.198895
0.951065,-0.217335
0.939894,0.0131171
0.916954,0.460547
0.938009,-0.350562
1.0036,-0.607254
0.949804,0.241925
0.966248,-0.944864
0.925064,-0.314104
0.978214,-0.469129
0.965129,-1.02315
0.940116,-0.302785
0.995878,-0.691037
0.919086,0.258783
0.930228,0.131384
0.933382,-0.320805
0.940692,-0.543404
0.929145,-0.1233
0.977422,-0.72272
0.916402,-0.27012
0.899067,0.280031
1.00234,-1.08766
0.922327,-0.082092
0.925422,-0.0879605
0.985546,-0.88065
0.981609,-0.357163
1.00106,-0.965249
0.92244,0.138949
0.925159,0.0972739
0.955164,-0.93361
0.94117,-0.474179
0.943305,-0.0191658
0.97921,-0.87821
0.934029,0.02348
0.911998,0.194421
0.958044,-0.3831
0.944109,-0.169651
0.95094,-0.0700374
0.941537,-0.158712
0.968321,-0.478356
0.928715,0.133651
0.992519,-1.01625
0.931826,-0.426173
0.939899,0.27616
0.947781,-0.208793
0.90649,0.121254
0.903861,0.308689
0.940084,0.160773
0.955976,-0.217092
0.963068,-0.633417
0.922967,0.435488
0.951741,-0.591523
0.990047,-0.442957
0.987575,-0.81632
0.921892,-0.0664859
0.988257,-0.755784
0.961827,-0.446895
0.931929,-0.408963
0.97173,-0.339989
0.94726,-0.195329
0.943084,0.0112046
0.887462,0.212298
0.998768,-1.45388
0.957536,-0.682513
0.914707,0.264957
0.936509,-0.565367
0.937054,-0.401989
0.93656,0.0044172
0.944723,-0.711372
0.917953,0.209912
0.970749,-0.565205
0.957347,-0.867561
0.973584,-0.750557
0.960781,-0.479715
0.969069,-0.765172
0.983352,-0.982651
0.934228,-0.0498036
0.946345,-0.422878
0.913193,-0.0510781
0.913774,0.114103
0.98333,-0.999067
0.937046,-0.363004
0.948585,0.434788
0.943148,-0.080485
0.875453,0.688429
0.918366,0.189394
0.960413,-0.264832
0.973695,-0.958267
0.943938,-0.363038
0.957595,-0.165522
0.995413,-0.893435
0.943304,0.0910466
0.985626,-0.731411
0.924602,0.422182
0.95879,-0.372812
0.927284,-0.136093
0.938715,-0.0504987
0.94948,-0.0352237
0.971113,-0.451156
0.911804,0.375488
0.924785,-0.342053
0.913156,-0.0103486
0.942132,-0.512649
0.972859,-0.381505
0.939827,-0.32299
0.914384,0.260842
0.912681,0.404636
0.957128,-1.04238
0.945764,-0.00144888
0.989615,-0.642206
0.946732,-0.477289
0.9541,-0.497981
0.924081,-0.207153
0.989694,-1.20227
0.917932,0.245585
1.03839,-1.48303
0.928815,0.132381
1.0114,-1.04192
0.924702,0.204098
0.946697,-0.245776
0.986509,-1.23344
0.985028,-0.820851
0.954323,-0.257281
0.912102,0.325867
0.933925,-0.118868
0.963077,-0.716017
0.939864,-0.0684597
0.957882,-0.531065
0.890127,-0.0728596
0.996423,-0.595435
0.955057,-0.369297
0.974045,-0.871355
0.936021,-0.154604
0.956721,-0.274407
0.937997,0.107077
0.986749,-0.347844
0.993583,-1.46086
0.965511,-0.341745
0.942545,-0.121473
0.950596,-0.0309329
0.91552,-0.283876
0.931513,-0.265584
0.928232,0.14298
0.971435,-0.55702
1.01345,-1.22158
0.920835,0.109506
0.885244,0.711821
0.97346,-0.522976
0.94444,0.435495
0.967599,-0.920247
0.94438,-0.385215
0.941582,0.12504
0.921733,0.0495087
0.968068,-0.560289
0.961682,-0.558998
0.95643,-0.626228
0.934936,-0.363634
0.935853,0.266577
0.94909,0.293082
0.954006,-0.454783
0.909477,0.436719
0.988073,-0.840377
0.925187,-0.0420962
0.898788,-0.137852
0.929182,-0.289044
0.948624,-0.727046
0.936072,-0.0729998
0.950508,-0.456002
0.905956,-0.062563
0.936517,-0.452914
0.958497,-0.414751
0.968385,-0.787745
0.934125,-0.490208
0.918015,0.15981
0.984555,-1.15991
0.926159,0.497508
0.931242,-0.135654
0.956344,-0.593902
0.958003,-0.341557
0.932075,-0.0225605
0.988357,-1.20185
0.92285,-0.20466
0.902857,0.6908
0.904035,0.475303
0.914212,-0.263076
0.920145,0.000737957
0.941457,-0.189518
0.919125,0.0284925
0.921379,0.00588287
0.938187,-0.379472
0.985026,-0.717769
0.978427,-0.970306
0.945611,0.0642751
0.98185,-0.849737
0.96094,-0.74337
0.97797,-0.09478
0.946855,-0.409038
0.975251,-0.594636
0.932192,-0.0358436
0.955375,-0.283169
0.955767,-0.615015
0.920388,0.162809
0.977549,-0.932718
0.970979,-0.668371
0.921881,0.340636
0.978695,-0.838611
0.939601,-0.432936
0.945052,-0.247595
0.944964,0.141679
0.987175,-0.621703
0.945915,0.259354
1.00037,-0.704517
0.987475,-0.762444
0.9613,-0.486303
0.960784,-0.181864
0.965288,-0.313112
1.00174,-1.37576
0.951597,-0.607409
0.935771,0.17772
0.977673,-1.06792
0.984913,-0.924043
0.956827,-0.504462
0.966443,-1.01848
0.953201,-0.292484
0.962509,-0.0296165
0.967251,-0.446901
0.943979,-0.316574
0.94809,-0.371082
0.992353,-0.776704
0.925744,-0.321541
0.949418,-0.401805
0.902252,0.166627
0.974648,-0.723996
0.926972,0.072935
0.912893,-0.0175653
0.952572,0.123013
1.00801,-1.23656
0.96191,-0.675413
0.995472,-0.818131
0.957948,-0.502111
0.887309,0.81307
0.996628,-1.14819
0.978928,-0.722018
0.975722,-0.184364
0.922558,0.399457
0.914738,0.102376
1.00213,-0.920786
0.927277,-0.431192
0.953751,-0.129425
0.90432,0.642218
0.9544,-0.562695
0.921564,0.161122
0.929874,0.511841
0.958408,-0.302496
0.962144,-0.115678
0.948469,-0.505054
0.976917,-0.69281
0.984819,-0.740153
0.929394,-0.147521
0.996836,-0.702491
1.00705,-1.35745
0.88173,0.690085
0.93441,-0.211686
0.898694,0.415402
1.01388,-0.970367
0.939654,0.194569
0.962087,-0.244513
0.93295,0.0570084
0.988546,-0.763519
0.922906,0.0326678
0.911381,-0.321383
0.940325,-0.0606838
0.917879,0.390087
0.961954,-0.295372
0.930253,-0.189012
0.925405,0.0442166
0.923544,-0.067235
0.982928,-0.103328
0.993798,-1.15493
0.950229,-0.228062
0.923053,0.168049
0.96202,-0.52531
0.95566,-0.429329
0.973244,-0.680191
0.960272,-0.12753
0.950244,-0.209889
0.978404,-0.73747
0.921211,-0.32044
0.898747,1.0927
0.919943,-0.0999869
0.911393,-0.531332
0.97571,-0.240834
0.950452,-0.208666
0.931977,0.104202
0.904687,0.326888
0.968305,-0.220862
0.938927,-0.064817
0.993045,-0.746469
0.9581,-0.360938
0.946149,-0.0628976
0.972584,-0.755671
0.946266,-0.387541
0.955603,-0.344495
0.967569,-0.247348
0.917181,0.279988
0.95101,-0.238015
0.99481,-0.92619
0.943082,-0.246616
0.95617,-0.246239
0.988188,-0.510535
0.965676,-0.825754
0.913091,0.0753876
0.981132,-0.492186
1.00086,-0.508245
0.953745,-0.392643
0.929251,-0.0639427
0.930234,-0.160554
0.979085,-0.871474
0.967628,-0.28898
0.943217,-0.149122
0.909899,0.243807
0.941171,-0.00583475
0.908951,0.382475
0.922511,0.204051
0.948622,-0.16057
0.926102,0.110286
0.928589,-0.195489
0.972696,-0.401121
1.00858,-0.880652
0.97958,-0.391731
0.895095,0.269345
0.951148,-0.427097
0.942138,-0.225415
0.908777,0.152964
0.96055,-0.60387
0.965361,-0.269401
0.952277,-0.137084
0.964031,-0.824292
0.981773,-0.924215
0.952465,-0.683258
0.942357,-0.347598
0.962461,-0.7095
0.948154,-0.770735
0.910128,0.561014
0.938249,-0.0848049
0.955602,-0.812555
0.944159,-0.0857801
0.892831,0.38061
0.914831,0.354815
0.895528,0.497591
0.963762,-0.838845
0.91573,-0.304692
0.949647,-0.269238
0.910932,0.322941
0.939447,-0.345335
0.982636,-0.591631
0.977464,-0.327481
0.945584,0.0374908
0.89335,0.478936
0.937768,-0.34832
0.979645,-0.21237
0.976827,-0.680649
0.910231,0.00913399
0.953239,-0.295307
0.89559,0.430553
0.989939,-0.603142
0.952904,-0.162628
0.956214,0.104415
0.92744,0.338643
0.974991,-1.05284
0.940477,-0.346516
0.939511,-0.485822
0.94875,-0.507802
0.923594,0.599982
0.912892,0.404415
0.956737,-0.475128
0.922885,0.34162
0.918672,0.217444
0.995001,-0.46993
1.00622,-1.04968
0.941199,-0.534175
0.936296,-0.565561
0.917777,0.288869
0.985999,-1.06681
0.91214,0.366417
0.920471,0.278349
0.949751,0.130397
0.993959,-0.950415
0.907852,-0.0235817
0.944821,-0.529792
0.97815,-0.515471
0.962399,-0.39942
0.969634,-0.781723
0.947885,-0.252108
0.984112,-0.770517
1.0008,-0.82247
0.943936,0.0959258
0.90878,0.104282
0.933962,-0.0102575
0.966373,-0.821866
0.915757,0.181247
0.946123,0.227618
0.928839,-0.188303
0.97467,-0.192489
0.964556,-0.993325
1.02946,-1.47126
0.949059,-0.590052
0.946362,-0.252535
0.904697,0.646478
0.901117,0.119617
0.90854,0.48857
0.968781,-0.631984
0.909038,-0.373187
0.953985,-0.145684
0.939006,-0.180832
0.942718,-0.0884769
0.918669,-0.399448
0.937219,-0.153162
0.933688,-0.0467159
0.906059,0.39546
0.947992,-0.157854
0.922807,0.160753
0.959096,-0.199697
0.931834,-0.208076
0.976142,-0.792302
1.00547,-1.49302
0.919312,0.0718883
0.966233,-0.981275
0.945979,-0.259444
0.949958,-0.6691
0.970115,-0.477167
0.95142,-0.69161
0.993551,-0.459264
0.981763,-1.19634
0.919468,-0.162857
0.955263,-0.575299
0.968831,-0.363061
0.922795,0.0791072
0.996838,-0.674295
0.973502,-1.06014
0.971326,-0.727399
0.966297,-0.885689
0.954686,-0.344682
0.943971,-0.0182484
0.936757,0.108231
0.890214,0.733297
0.947606,-0.461167
0.944956,-0.138112
0.964604,-0.522814
0.899866,-0.0145772
0.921539,0.327435
0.919054,-0.177706
0.897377,0.12286
0.98182,-0.635466
0.997798,-1.12024
0.967496,-0.817772
0.963817,-0.270418
0.924901,-0.287647
0.94503,-0.108146
0.93591,-0.0743584
0.92613,-0.0445013
0.993385,-0.701344
0.961758,-0.517344
0.943284,-0.100465
0.971461,-0.695034
0.955358,-0.547896
0.963263,-0.272074
0.933628,0.304606
0.962352,-0.501231
0.955839,-0.502226
0.945496,-0.499363
0.927967,-0.0857723
0.945989,-0.0665855
0.948473,-0.147631
0.916348,0.453752
0.922402,-0.505847
0.92046,0.286487
0.952721,-0.0706739
0.949247,-0.548603
0.889113,0.307065
0.943624,0.282205
0.92222,-0.0272123
0.980732,-0.64384
0.910631,0.0715641
0.93788,-0.222489
0.935019,0.0085252
0.992499,-0.398564
1.00278,-1.14475
0.917096,0.221578
0.909632,0.646133
0.914878,-0.106966
0.930811,-0.274734
0.943343,-0.14142
0.936622,-0.317859
0.983371,-0.928389
0.950196,-0.361448
0.967497,-0.551571
0.954174,-0.338078
0.947443,0.0502812
0.944235,-0.598361
0.958469,0.051674
0.932628,-0.306023
0.989172,-0.721927
0.963883,-0.655321
0.932912,-0.543995
0.959227,-0.650165
0.972117,-0.404285
0.961286,-0.142388
0.940726,-0.419755
0.933229,-0.646384
0.943314,-0.22456
0.953886,-0.421795
0.986944,-0.88445
0.984853,-0.441485
0.937843,-0.385117
0.915739,0.205953
1.00353,-0.966828
0.933019,-0.5509
0.92843,0.169645
0.957146,-0.637721
0.941588,-0.0256321
0.945149,-0.598453
0.958346,-0.413927
0.902666,0.848156
0.925223,0.072345
0.934657,-0.396253
0.992721,-0.774185
0.957994,-0.764511
0.936293,-0.440493
0.933927,-0.462579
0.949166,-0.273865
0.935366,-0.138321
0.93013,0.0624126
0.956372,-0.381104
0.946018,-0.0436199
0.94442,-0.178233
0.949777,-0.237756
0.892401,0.718902
0.957617,-0.307103
0.923538,-0.0961688
0.967824,-0.945998
0.969983,-0.423346
0.922212,0.130196
0.932116,0.0553817
0.987506,-1.02653
0.913754,-0.298412
0.935833,-0.502446
0.902779,-0.0780421
0.945197,-0.543174
0.925775,0.00753601
0.978722,-1.33355
0.933219,0.194472
0.951438,-1.13964
0.922676,0.790661
0.922326,-0.0678469
0.918999,0.711169
0.896709,0.548189
0.907338,0.177829
0.98055,-0.304661
0.970861,-0.482223
0.974622,-0.28598
0.960607,-0.289477
0.944175,-0.196187
0.963392,-0.885629
0.965805,-0.556501
0.960489,-0.447877
0.989952,-1.1124
0.964277,-0.714089
0.961569,-0.78117
0.945982,-0.455235
0.922832,-0.0402225
0.963938,-0.824037
0.921597,0.175971
0.95963,-0.3272
0.89409,0.794643
0.986047,-0.960437
0.926268,0.0847202
0.926967,-0.151717
0.900915,0.275466
0.921449,0.375057
0.987762,-0.335321
0.997834,-1.23869
1.00023,-0.956137
0.95193,-0.239807
0.945652,0.0514846
0.971742,-0.608611
0.942235,-0.251618
1.00009,-1.2568
0.960125,-0.797376
0.913219,-0.0637191
0.946854,-0.464609
0.988691,-1.02423
0.918418,0.681722
0.973925,-0.549687
0.972862,-0.836065
0.934527,-0.112736
0.954688,-0.449132
0.936629,-0.545772
0.92571,-0.13782
0.92354,0.499479
0.964314,-0.675569
0.942032,0.419424
0.888382,0.0528844
0.962051,-0.00426511
0.915041,0.222089
0.909358,0.450171
0.942555,-0.392381
0.960677,-0.629809
0.967645,-0.301632
0.919948,-0.311206
0.931505,-0.0736316
0.934516,-0.343623
0.95667,-0.459261
0.961362,-0.321071
0.922309,-0.157942
0.930464,0.281169
0.941549,0.117049
0.918835,0.646527
0.953721,-0.307056
0.934096,0.0522339
0.92912,-0.262936
0.994738,-0.742921
0.93874,-0.0390303
0.989673,-0.552476
0.97062,-0.851389
0.95036,-0.23686
0.94147,0.131458
0.887419,0.0987727
0.881067,0.696373
0.980474,-1.15679
0.963444,-0.825557
0.980093,-0.582656
0.979363,-0.744862
0.965077,-0.237306
0.943715,-0.483678
0.966894,-0.207955
0.916496,0.0931076
0.947846,-0.248741
0.887933,0.657009
0.927849,-0.219387
0.927396,0.0907401
0.904631,0.543646
0.948554,-0.198826
0.913416,-0.0833837
0.882505,0.763744
0.948762,0.0697203
0.955466,-0.821695
0.970967,-0.419481
0.972957,-0.64493
0.925139,0.0203281
0.950225,-0.280515
0.978571,-0.836622
0.947567,-0.481567
0.985899,-0.731096
0.989201,-0.866541
0.928414,0.399268
0.881685,0.442231
0.947301,-0.121051
0.964472,-0.498353
0.908657,0.0495517
0.948531,-0.720882
0.926716,-0.0672425
0.92561,-0.420546
0.865887,0.47818
0.902095,0.165666
0.905772,-0.0871053
0.972767,-0.421219
0.92643,-0.368107
0.946837,-0.174871
0.946146,-0.452501
0.912232,0.467877
0.944345,0.166689
0.978355,-0.94782
0.995521,-1.13808
0.926587,0.143406
0.967749,-0.517943
0.967527,-0.250182
0.942939,-0.439184
0.966048,-0.512851
0.941412,0.265863
0.947759,0.0766023
0.969577,-0.426851
0.978808,-0.964375
0.97539,-0.329721
0.943069,-0.274504
0.951203,-0.374742
0.925226,0.043789
0.929457,-0.396673
0.937897,-0.343513
0.918101,-0.346423
0.951321,-0.684195
0.952011,-0.16182
0.999469,-0.975123
0.919325,0.440705
0.903587,0.485782
1.01445,-0.931757
0.917309,0.221798
0.968373,-0.494185
0.924122,0.122611
0.931791,0.0369334
0.93698,-0.261029
0.950091,-0.379722
0.933454,0.321528
0.949723,-0.305701
1.00127,-0.95818
0.935603,0.0381786
1.00527,-1.04759
0.936535,0.278224
0.905458,-0.117519
0.947486,-0.118452
0.93833,-0.137061
0.973796,-0.559522
0.989926,-1.06188
0.914513,0.197952
0.927768,-0.011992
0.952635,-0.31366
0.978585,-0.491819
0.952316,-0.0997297
0.954711,-0.481243
0.910791,0.600749
0.958258,-0.639541
0.925278,0.20668
0.933394,-0.141638
0.945582,-0.264813
0.954071,-0.470957
0.937004,0.257748
0.980734,-1.14836
0.958618,-0.142577
0.934578,-0.244082
0.956071,-0.553433
0.931935,-0.0507387
0.957848,-0.409017
0.91761,0.0560944
0.984392,-0.728884
0.957278,-0.299159
0.937412,0.114245
0.970588,-0.321568
0.954876,-1.00382
0.962532,-0.288217
0.956011,-0.732008
0.957114,-0.332488
0.959419,-0.102153
0.938432,0.162814
0.905974,0.351053
0.90404,0.114453
0.917716,-0.26148
0.910088,-0.0948639
0.971528,-0.671985
0.963361,-0.618389
0.944166,-0.353389
0.999224,-0.553277
0.94651,-0.662045
0.981516,-0.619053
0.939283,0.0610156
0.954699,0.154893
0.923197,0.0219491
0.952595,-0.642503
0.973215,-1.02586
0.96373,-0.177474
0.955349,-0.502909
0.978553,-0.47425
0.994333,-0.854945
0.926435,-0.32861
0.944379,-0.0565572
0.955221,-0.102272
0.929037,0.131306
0.97305,-0.412984
0.916931,0.102747
0.901551,0.564184
0.929618,-0.53072
0.974637,-0.983358
0.941716,0.0646122
0.927157,0.108421
0.916438,0.435884
0.960428,-0.624845
0.958262,-0.923774
0.982482,-0.484183
0.941736,-0.270501
1.01376,-1.40915
0.989913,-0.953993
0.917726,0.466485
0.986425,-0.504738
0.977423,-0.140715
0.971793,-0.641492
0.95019,0.0875454
0.951853,-0.53826
0.969755,-0.311003
0.967673,-0.715515
0.966643,-0.368163
0.916523,-0.0121423
0.911358,0.145897
0.963171,-0.156635
0.930021,0.0692649
0.917474,0.670258
0.960382,-0.366945
0.913053,0.0296497
0.931808,-0.121629
1.02701,-1.27
0.940545,0.0448013
0.974223,-0.698914
0.972406,-0.818186
0.950208,-0.41076
0.872853,0.83053
0.920099,0.385334
0.938328,-0.104335
0.909712,0.261833
0.926959,0.215999
0.941105,-0.113861
0.972717,-0.866256
0.955192,-0.568043
0.986084,-0.977282
0.942205,-0.11872
0.964845,-0.42199
0.969634,-0.830728
0.96148,-0.443076
0.917507,0.087032
0.979815,-0.597062
0.931951,-0.0585292
0.998469,-1.31167
1.00886,-1.25676
0.960809,-0.970743
0.972638,-0.904074
0.928459,-0.0942214
0.940098,0.37505
0.95576,-0.354456
0.94314,-0.0851795
0.986455,-0.948237
0.929788,-0.24884
0.941507,-0.213072
0.888433,0.74368
0.963554,-0.167995
0.949248,-0.392885
0.964654,-0.407333
0.896305,0.0585069
0.989309,-0.625942
0.949497,-0.0844509
0.927411,0.405379
0.959722,-0.0371666
0.924017,0.380438
0.935827,0.182393
0.959479,-0.4831
0.937435,-0.472397
0.956856,-0.621036
0.941525,-0.205086
0.913406,0.366944
1.02561,-1.52289
0.92675,0.336941
0.955807,-0.595718
0.930937,0.0610948
0.96045,-0.324843
0.936411,-0.190739
0.912222,0.589691
0.878911,0.443316
0.9482,-0.813616
0.938943,-0.254412
0.957188,-0.64076
0.960545,-0.331519
1.01664,-1.24875
0.959022,-0.28946
0.934271,0.0345657
0.912795,0.489064
0.925893,0.460778
0.974945,-0.675164
0.970586,-0.730479
0.920438,-0.223711
0.987542,-0.981905
0.940913,-0.463082
0.933605,-0.964684
0.874142,0.546391
0.93828,0.0533197
0.982133,-0.408095
0.979872,-0.113531
0.966584,-0.558404
0.94641,-0.172188
0.939871,-0.341017
0.917583,-0.295403
0.930898,-0.636828
0.988404,-1.05626
0.923618,-0.00726667
0.934393,0.103033
0.959577,-0.221806
0.984399,-0.886872
1.00659,-0.938177
0.940716,-0.21759
0.962807,-0.732711
0.940873,-0.466859
0.975165,-0.27287
0.904096,0.310588
0.931927,-0.508438
0.951184,-0.240757
0.938597,-0.579525
0.97763,-0.37646
0.903445,0.647563
0.9465,-0.483959
0.990951,-1.01592
0.896635,0.29844
0.968008,-0.857914
1.00482,-1.62416
0.955645,-0.585738
0.957608,-0.122155
0.912943,0.263033
0.981169,-0.877043
0.965417,-0.819736
0.933443,0.178248
0.912471,0.0478359
0.912934,0.152551
0.916723,0.0531047
0.949298,0.203472
0.95188,-0.275438
0.927456,-0.039875
0.922847,0.0439715
0.926916,-0.164196
0.951506,-0.0403243
0.960348,-0.348261
0.931752,-0.379353
0.893207,0.286542
1.00041,-1.26585
0.909493,0.226265
0.896456,0.296602
0.932525,0.181133
0.948417,-0.368066
0.887209,0.641849
0.94795,-0.359945
0.964603,-0.635853
0.882929,0.271526
0.961831,-0.437865
0.948699,-0.65056
0.937713,-0.136189
0.942997,-0.604241
0.935413,0.298016
0.945361,-0.343075
0.944882,-0.0203642
0.90138,0.224866
0.980509,-1.19427
0.91717,0.407568
0.912695,0.00626252
0.963698,-0.122421
0.964915,-0.292301
1.00155,-0.989365
0.946111,-0.759884
0.918097,0.533377
0.919143,0.623886
0.898726,0.364153
0.9307,0.116024
0.942185,-0.780685
0.906012,0.660294
0.992424,-0.908399
0.973134,-0.863831
0.930161,0.034364
0.927054,-0.325116
0.920216,0.0454951
0.894207,-0.0249274
0.896523,0.226924
0.934301,-0.64124
0.955811,-0.478972
0.994838,-0.63055
0.9121,0.386759
0.964219,-0.125187
1.02878,-0.962337
0.970884,-0.280326
0.91334,-0.344616
0.908925,0.10672
0.937017,-0.36631
0.961957,-0.216948
0.959227,-0.149823
0.938123,-0.154222
0.927754,-0.596314
0.939257,-0.213089
0.991271,-0.77598
0.925359,0.219086
0.955116,-0.522719
0.978585,-0.444689
0.923904,0.150067
0.984449,-0.737235
0.933227,-0.647117
0.933623,0.254357
0.971775,-0.30944
0.92706,0.317513
0.94245,-0.0675518
0.960178,-0.634732
0.924134,-0.0392939
0.99031,-0.717145
0.945846,-0.471823
0.968253,-0.284929
0.986825,-0.474902
0.912243,0.673698
0.954781,-0.340186
0.894271,0.317009
0.934808,-0.490551
0.960657,-0.283645
0.951625,-0.227859
0.986928,-0.848266
0.924505,-0.0151573
0.944103,-0.340323
0.931443,-0.147574
0.989756,-0.418494
0.970191,-0.481374
0.945359,-0.314051
0.937244,0.447376
0.940883,-0.0124808
0.953532,-0.479987
0.954253,-0.309459
0.939802,-0.005906
0.929697,-0.277264
0.947926,0.058561
0.976898,-0.576421
0.953641,-0.543832
0.994205,-0.618421
0.934093,0.317641
0.941245,0.286494
0.950652,-0.380763
0.96653,-0.762489
0.954113,-0.774772
0.937349,-0.277586
0.969781,-0.577008
0.954342,-0.512487
0.897358,1.15176
0.959291,-0.684641
0.934541,-0.627326
0.963682,-0.264867
0.958235,-0.407498
0.942654,-0.263826
0.979211,-0.845071
1.01252,-1.03136
0.91102,0.395348
0.936979,-0.153308
0.953111,-0.708029
0.950328,0.15467
0.940584,0.442254
0.959695,-0.0658931
0.941833,-0.506295
0.977294,-0.80599
0.939438,-0.261502
0.957397,-0.372776
0.917375,-0.286909
0.947899,-0.0464615
0.907411,-0.0319123
0.915296,0.488757
0.940876,0.0545051
0.902702,0.628401
0.910285,-0.082667
0.948287,-0.277037
0.941216,-0.562319
0.944054,-0.467918
0.926706,-0.319212
0.982122,-0.643815
0.969674,-0.61683
0.919496,-0.341451
0.969185,-0.519055
1.00348,-1.36015
0.922872,-0.125659
0.920673,0.300931
0.914892,0.073873
0.926366,-0.606967
1.01314,-1.40869
0.919381,0.022369
0.948594,0.0664508
0.874609,0.813828
0.975185,-1.05286
1.00249,-1.33168
0.930324,-0.211517
0.979915,-0.683796
0.968475,-0.688124
0.943834,-0.0834483
0.96442,-0.98074
0.945314,-0.0946765
0.927925,0.00154251
0.958722,-0.242117
0.901709,-0.101431
0.963355,-0.482521
0.951437,-0.391616
0.980383,-1.28703
0.967681,-0.860627
0.932913,-0.2127
0.950873,-0.207242
0.991956,-0.60155
0.945098,-0.396329
0.93655,-0.0691481
0.97563,-0.493912
0.903322,0.803579
0.942068,-0.472777
0.912493,0.175275
0.947453,-0.531934
0.968271,-0.536775
0.978037,-0.578526
0.933459,-0.197305
0.914906,-0.0379748
0.909059,-0.288017
0.970478,-0.623502
0.978163,-0.470615
0.898516,0.564515
0.904962,0.203676
0.960115,-0.511617
0.903501,-0.0183842
1.00138,-0.774307
0.933926,-0.581302
0.936799,-0.0932595
0.933989,-0.217732
0.977448,-0.78766
0.945023,-0.490064
0.925558,0.0582722
0.985614,-0.669141
0.939691,-0.27708
0.949227,0.13125
0.976756,-0.778976
0.966236,-0.588646
0.948866,-0.624532
0.93525,0.0427388
0.969003,-0.501712
0.961959,-0.855274
0.915129,-0.296219
0.984489,-0.781354
0.95071,-0.267826
0.935873,-0.0468333
0.968506,-0.506081
0.913204,-0.0703784
0.895461,0.805446
0.899473,0.761846
0.987638,-0.705189
0.917692,0.0868008
0.95104,-0.649249
0.929339,0.0490654
0.988441,-0.731881
0.919525,-0.0856044
0.884793,0.601801
0.975637,-0.985794
0.912085,0.308799
0.9158,0.0137692
0.924931,-0.111273
0.902527,0.397987
0.961361,-0.0892005
0.939356,-0.0421062
0.953176,-0.247299
0.953677,-0.216623
0.903016,-0.207479
0.967019,-0.655443
0.958125,-0.550002
0.963757,-0.79577
0.938409,-0.167981
0.951877,-0.0217638
0.925697,0.099796
0.945729,-0.152028
0.96618,-0.176274
1.0044,-1.17717
0.983203,-0.547172
0.963374,-0.34722
0.945284,0.0838897
0.921728,0.342892
0.950654,-0.980096
0.939351,-0.0293231
0.976192,-0.364642
0.91493,-0.273019
0.995263,-0.671634
1.00497,-0.73681
0.942486,-0.348928
0.948857,-0.253223
0.951938,-0.748921
0.98831,-0.971958
0.966736,-0.538293
0.956442,-0.051013
0.951452,0.113182
0.949089,-0.0553157
0.916235,0.61279
0.915404,0.33573
0.975456,-0.495001
0.95365,-0.655724
0.914039,-0.286661
0.950995,-0.365387
0.936653,-0.120623
0.94804,-0.765213
0.94688,-0.0437536
0.938415,0.13394
0.976442,-0.799648
0.983152,-1.00125
1.01085,-1.23587
0.9661,-0.805421
0.955191,-0.160521
0.944429,-0.141416
0.931272,0.454262
0.952526,0.0851724
0.948755,-0.100995
0.919859,0.0452376
0.905658,0.164477
0.967665,-0.351874
0.963273,-0.363318
0.865657,0.829874
0.919503,0.314432
0.952942,0.117205
0.948728,-0.508447
0.971037,-0.391336
0.938154,-0.123725
0.946867,-0.726586
0.91428,-0.0462783
0.972091,-0.425011
0.942913,-0.467625
0.960489,-0.192143
0.931461,-0.0116591
0.956333,-0.482234
0.935554,0.0403922
0.91322,0.392825
0.974212,-0.949611
0.886748,0.175194
0.962997,-0.558022
0.943413,-0.149359
0.937641,0.275081
0.979322,-0.438232
0.997617,-1.24892
0.948327,-0.882846
0.938713,-0.26944
0.922103,0.229497
0.973644,-0.82165
0.958233,-0.169299
0.97116,-0.454144
0.929161,-0.296677
0.984311,-0.540901
0.947284,-0.175711
0.966066,-0.239683
0.971494,-0.350399
0.966746,-0.743405
0.977396,-0.863706
0.944047,-0.648101
0.95564,-0.631932
0.998341,-1.35075
0.964358,-0.102166
1.02209,-1.79143
0.940882,-0.0187061
0.961136,-0.779793
0.931349,-0.257188
0.897594,-0.0144874
0.909675,-0.371531
0.977735,-1.18103
0.977983,-0.50933
0.94288,0.0750972
0.905276,0.135418
0.950108,-0.531106
0.934399,-0.280709
0.941774,-0.186345
0.948397,-0.547154
0.960088,-0.814433
0.948606,-0.43487
0.93306,-0.399365
0.950901,-0.27086
0.918462,0.334045
0.955024,-0.414953
0.962573,-0.328754
0.95407,-0.708214
0.908929,0.844642
0.937424,-0.0892553
0.998555,-0.972768
1.00438,-0.948443
0.932767,0.0886146
0.925637,0.255927
0.966446,-0.0732014
0.875677,0.428224
1.02531,-1.46468
0.951692,-0.27231
0.933692,0.109323
0.938136,-0.539934
0.920221,0.414536
0.955681,-0.404294
0.924911,-0.193964
0.938847,-0.389473
0.922718,0.0400465
0.960126,-0.117407
0.946365,-0.34948
0.960012,-0.171692
0.907826,0.508832
0.951644,-0.254002
0.9605,-0.159949
0.9483,-0.315962
0.95133,-0.511852
0.939704,-0.0988419
0.924021,-0.219367
0.96735,-0.443944
0.953202,-0.37029
0.908462,-0.140312
0.934028,0.167521
0.944677,-0.327339
0.964128,-0.958086
0.922385,0.25746
0.926303,-0.246999
0.91087,-0.0968287
0.938626,-0.219864
0.970495,-0.504221
0.95653,-0.858409
0.895371,0.157684
0.975653,-1.06008
0.932029,0.53615
0.97303,-0.627075
0.971777,-0.386811
0.925657,-0.453847
0.949016,-0.287754
0.963458,-0.360653
0.953011,-0.654305
0.916058,0.253434
0.945699,-0.578793
0.909863,-0.221435
0.923341,0.380294
0.948123,-0.134915
0.883284,0.395986
0.914794,-0.0258811
0.931946,-0.636164
0.962044,-0.609588
0.911837,0.0425369
0.934744,-0.267157
0.951773,-0.320566
0.981885,-0.596852
0.945114,-0.147445
0.952367,-0.10718
0.948596,-0.344302
1.01197,-0.862746
0.92677,-0.296561
0.961034,-0.397145
0.929832,-0.432979
0.972058,-0.559056
0.95267,-0.410771
0.911239,-0.0564744
0.972337,-0.453661
0.952154,-0.14477
0.909392,0.0435645
0.932538,0.475414
0.931235,0.00351591
0.956553,-0.0385086
0.969999,-0.663358
0.947741,-0.492365
0.948664,-0.298064
1.00778,-0.589116
0.923668,-0.156581
0.961346,-0.795995
0.973522,-0.650179
0.928246,-0.0979344
0.964484,-0.726233
0.910328,0.16456
0.93299,-0.298418
0.94523,0.179517
0.902592,0.709735
0.943928,-0.0471001
0.958471,-0.0262243
0.913879,0.407257
0.91934,0.720039
0.988581,-1.08471
0.968455,-0.265198
0.953938,-0.652539
0.953541,0.0340478
0.893838,0.607834
0.953885,-0.399528
0.971445,-0.454855
0.886056,0.623592
0.953269,-0.487512
0.892939,0.232224
0.953968,-0.604351
0.93846,0.224935
0.952298,-0.34441
0.973148,-0.410987
0.966222,-0.737634
0.945396,0.372053
0.951892,-0.436845
0.96116,-0.0749445
0.947998,-0.339989
0.892637,0.753206
0.989988,-1.30054
0.939976,0.264257
0.969898,-0.53842
0.923296,0.0364648
0.927223,-0.312378
0.908749,-0.184146
0.94875,0.166481
0.921849,-0.106485
0.92962,0.500804
0.936258,-0.0668158
0.918572,-0.117655
0.933873,-0.50732
0.933256,-0.235425
0.926108,-0.2548
0.91052,0.188758
0.932857,0.366459
0.999939,-1.36686
0.909417,0.0963567
0.946561,-0.0114503
0.985473,-0.742451
0.964075,-0.127653
0.915438,-0.000183906
0.969271,-0.282413
0.921821,0.190599
0.925668,-0.282711
0.938597,0.182832
0.967133,-0.265187
0.943643,0.177632
0.987287,-0.724034
0.931019,0.153477
0.92226,0.405663
1.00272,-0.794361
0.963193,-0.921928
1.00948,-1.63697
0.960495,-0.672876
0.942128,-0.0437862
0.946168,-0.224203
0.933879,0.0523538
0.961918,-0.894604
0.949083,-0.328794
0.982496,-0.725819
0.925487,0.0497378
0.900977,0.177336
0.970428,-0.258873
0.94299,-1.05666
0.909403,0.16411
1.01093,-1.21131
0.93353,-0.190492
0.955614,-0.121412
0.972673,-0.368427
0.950564,-0.296166
0.965754,-0.513883
0.941006,0.475597
0.955533,-0.0268474
0.955902,-0.264371
0.993139,-0.948951
0.935648,-0.362913
0.910319,0.738489
0.912482,0.096426
0.94557,-0.229916
0.943674,-0.107969
0.953073,-0.544744
0.956938,-0.552023
0.954168,-0.570779
0.943241,-0.445342
0.90658,0.489289
0.965031,-0.866663
0.969939,-0.363438
0.97815,-0.664806
0.954638,-0.327317
0.959636,-0.552205
0.944532,-0.041126
0.875816,0.84869
0.960462,-0.276002
0.883056,0.375429
0.968963,-0.330531
1.01536,-1.36954
0.910432,0.245706
0.986388,-0.674878
0.975155,-1.05864
0.883261,0.631725
0.943828,-0.153688
0.928504,0.0702904
0.922328,0.550058
0.938058,0.0509828
0.96078,-0.173965
0.938765,-0.402316
0.894348,0.400685
0.927709,-0.810778
0.951635,-0.288517
0.946423,0.311013
0.976744,-0.97115
0.918638,0.636257
0.954157,-0.34773
0.95446,-0.287252
0.963259,0.00487237
0.980914,-0.421336
0.902282,0.457688
0.944489,0.0570696
0.958766,-0.211115
0.912209,0.161434
0.891088,0.955902
0.958088,-0.198689
0.99448,-1.17176
0.944204,-0.620442
0.924258,0.512711
0.968437,-0.575457
0.9381,-0.370497
0.95579,-0.516604
0.955814,-0.0671017
0.953259,-0.784223
0.944397,-0.693093
0.973208,-0.88982
1.01355,-1.50454
0.987389,-1.20564
0.981612,-0.543925
0.922686,0.195974
0.945654,-0.159495
0.954282,-0.0349738
0.888099,0.560747
0.881322,0.636165
0.975037,-0.597591
0.919164,-0.128795
0.92373,0.0340287
0.936033,-0.292599
0.961977,-0.272701
0.91443,0.3009
0.959706,-0.641713
0.968392,-0.471919
0.926441,0.48207
0.944748,-0.158392
0.947213,-0.676249
0.955063,-0.577283
0.985826,-1.13844
0.98953,-0.966556
0.95433,-0.0108575
1.01473,-0.818278
0.972471,-0.994078
0.915583,-0.119914
0.907795,-0.045877
0.963748,-0.693649
0.92723,0.0112898
0.910419,-0.491486
0.956656,-0.635021
0.927493,0.275861
0.881639,0.558567
0.945497,0.289842
0.94253,0.147478
0.950816,-0.866964
0.961478,-0.549994
0.948287,-0.0897259
0.948473,0.0176734
0.947934,-0.449224
0.979486,-0.631547
0.968655,-0.632609
0.983301,-0.752024
0.931691,0.00560349
0.935929,-0.451212
0.986939,-0.251304
0.931587,-0.459199
0.934387,-0.220813
0.923149,0.12023
0.894242,0.318413
0.910091,0.1168
0.855704,1.06746
0.963082,-0.651683
0.930067,-0.376215
0.993362,-0.56105
0.885406,0.863667
0.930238,0.149217
0.951681,-0.252125
0.942818,-0.431013
0.963163,-0.0417177
0.992447,-0.731871
0.948217,-0.694774
0.939305,-0.542086
0.959669,-0.607665
0.953599,-0.661927
0.90131,0.861771
0.963977,-0.379779
0.992855,-0.976378
0.960487,-0.060207
0.962801,-0.842467
0.961429,-0.694781
0.970178,-0.98636
0.956572,-0.673944
0.985967,-0.447243
1.07309,-1.87224
0.932555,0.323801
0.88624,0.256152
0.969535,-0.388545
0.963567,-0.665758
0.893874,0.577155
0.92547,0.205483
0.890741,0.873617
0.885037,0.715797
0.980226,-0.65647
0.92524,-0.304252
0.94957,-0.125136
0.968145,-0.603255
0.925478,-0.0191213
0.955504,-0.451778
0.955407,-0.378929
0.951832,0.121641
0.963776,-0.635622
0.946178,-0.170011
0.960155,-0.415384
0.906966,-0.225371
0.960796,-0.423615
0.975195,-0.838867
0.990793,-0.868048
0.967222,-0.896189
0.939509,0.0670932
0.975008,-0.846664
0.921821,0.29156
0.975442,-0.1934
0.977866,-1.08545
0.950057,-0.0835358
0.923913,-0.384426
0.950643,-0.361095
0.976959,-0.482777
0.987135,-0.718311
0.880525,0.607586
0.997922,-0.906591
0.932619,0.0386869
0.9438,-0.800998
0.989104,-0.418624
0.948953,-0.0268517
0.93029,0.333199
0.92365,0.110023
0.943208,0.302283
0.931608,-0.134447
0.949202,-0.546761
0.975597,-0.418743
0.947645,-0.0197972
0.872628,0.938275
0.958969,-0.16655
0.917271,0.164361
0.957463,-0.298929
0.948831,-0.556782
0.917778,0.0122702
0.91671,-0.165661
0.91371,0.238096
0.954207,-0.293369
0.909008,0.245245
0.963405,-0.50288
0.952322,-0.44405
0.949255,-0.725982
0.894841,0.527398
0.890019,0.736141
0.994949,-0.56723
0.936222,0.352451
0.985464,-0.323461
0.931478,-0.290821
0.929143,0.186631
0.902722,0.0765156
0.974209,-0.589136
0.947131,-0.17602
0.931522,0.153054
0.928425,-0.317243
0.937189,-0.000869862
0.940377,-0.265917
0.926447,-0.0850173
0.989861,-1.01308
0.944253,-0.488244
0.95614,-0.707883
0.919144,-0.0845168
0.970377,-0.490301
0.94722,-0.113648
0.943632,-0.623597
0.945383,-0.423247
0.936988,0.274696
0.977716,-0.467183
0.951779,-0.378538
0.95196,-0.668988
0.98478,-0.863401
0.942094,-0.451589
0.871526,0.624056
0.956576,-0.873646
0.907989,-0.169137
0.975253,-0.164805
0.995173,-0.630647
0.96332,-0.112586
0.907715,0.421782
0.971202,-0.35084
0.951298,-0.36113
0.955435,-0.272683
0.903286,0.389819
0.950395,-0.51048
0.935665,-0.248486
0.966228,-0.51055
0.923522,-0.370461
0.917064,0.437148
0.967819,-0.611547
0.898531,0.31444
0.926919,0.270409
0.990655,-0.822915
0.959669,-0.668826
0.932669,0.0998323
0.919322,-0.136978
0.934557,0.0757467
0.92933,-0.149732
0.960704,-0.503621
0.904848,0.339804
0.940263,0.0792843
0.950968,-0.426085
0.929935,-0.361998
0.909235,0.670383
0.99254,-1.18603
0.911111,0.0145386
0.99096,-0.875539
0.965292,-0.646765
0.953874,-0.370933
0.948035,-0.41037
0.888021,0.638092
0.948455,0.337477
0.971721,-0.339277
0.958189,-0.0551853
0.915039,0.410835
0.957147,-0.476259
0.934034,-0.0906102
0.980448,-0.918763
0.932746,-0.800497
0.953227,-0.436559
0.911601,0.49888
0.956519,-0.575382
0.975424,-0.808185
0.919747,-0.431141
0.920507,-0.33102
0.979552,-0.841294
0.967239,-0.0250389
0.944668,-0.184951
0.913867,-0.228282
0.923792,0.264329
0.922423,0.203205
0.935453,-0.0251433
0.933064,-0.539067
0.94222,-0.0609374
0.904421,-0.0985121
0.937371,-0.0734301
0.945731,-0.492
0.926606,-0.0148386
0.932511,-0.174023
0.923921,0.126454
0.940829,-0.00751066
0.95302,0.0950934
0.943384,-0.363196
0.938766,0.0987388
0.937948,-0.0605483
0.962104,-0.323741
0.948977,-0.311822
0.946636,-0.722587
0.95641,-0.228
0.930247,0.159091
0.98817,-0.785057
0.960162,-0.629169
0.925735,-0.175639
0.972944,-0.477804
0.982843,-0.374159
0.941747,-0.0030869
0.94221,-0.414479
0.915339,0.316802
0.944529,-0.279575
0.946569,-0.0745914
0.920769,0.415471
0.973247,-0.44666
0.969607,-0.871304
0.947552,0.238148
0.940907,-0.488469
0.951786,-0.198413
0.983798,-1.04295
0.977028,-0.511979
0.912399,0.0222905
0.948504,-0.600216
0.969101,-0.725041
0.992089,-1.27386
0.923331,0.0585899
1.00296,-1.08789
0.910108,0.719689
0.992868,-1.22237
0.998145,-0.413268
0.969946,-1.03835
0.965774,-0.887739
0.960567,-0.0540656
1.00052,-0.73975
0.920107,0.0701962
0.947294,-0.723687
0.908891,0.105356
0.93586,0.00276305
0.952505,-0.153564
0.966072,0.0711225
0.937595,0.115696
0.964759,-0.681476
0.951865,-0.112234
0.856588,0.833343
0.942048,-0.0286605
0.949744,-0.0382227
0.973028,-0.999934
0.925105,-0.0043329
0.973352,-0.721913
0.956869,-0.441969
0.972962,-0.269787
0.9244,0.167571
0.912646,0.155453
0.9009,0.580731
0.983812,-0.404453
0.925775,-0.342576
0.978051,-0.642887
0.951591,-0.369237
0.914107,0.559439
0.948968,-0.337215
0.952096,-0.497452
0.935907,-0.246505
0.930229,-0.122431
0.917118,-0.0624064
0.932081,0.374442
0.915894,0.402011
0.99974,-1.37118
0.974486,-0.18177
0.911791,-0.133645
0.991908,-0.744375
0.898637,0.210548
0.93776,0.00787352
0.978266,-1.22739
0.947727,-0.033203
0.916323,-0.165249
0.902617,0.0356399
0.861097,0.723402
0.939292,-0.357883
0.940072,-0.490581
0.965885,-0.82299
0.976759,-0.756033
0.92968,0.128327
0.956884,-0.352645
0.927603,-0.105658
0.965482,-0.864953
0.96417,-0.262713
0.939188,-0.284851
0.946668,-0.443462
0.87115,0.488236
0.983732,-1.02182
0.942032,-0.0247784
0.919052,0.432595
0.943245,-0.124442
0.897999,0.357425
0.964449,-0.583063
0.989774,-1.03244
0.981357,-0.411025
0.958758,-0.553625
0.951319,-0.312342
0.94599,-0.24883
0.85929,1.13135
0.992049,-1.0792
0.937663,-0.0494238
0.955961,-0.541895
0.930151,0.55051
0.965178,-0.309956
0.958172,0.0133449
0.955715,-0.99597
0.956236,-0.102607
0.952415,0.0400859
0.927555,-0.0516171
0.981275,-0.430801
0.966707,-0.426171
0.937189,-0.138856
0.968856,-0.677838
0.979179,-0.612379
0.954171,-0.393769
0.900605,0.376965
0.930575,-0.256085
0.922018,0.091465
0.966448,-1.01965
0.893796,0.22147
0.930465,0.276133
0.995084,-0.451024
0.952973,-0.458501
0.918761,0.264169
0.925681,0.239572
0.971488,-0.651198
0.924585,-0.143373
0.921409,0.305026
0.909626,0.377936
0.986003,-0.573826
0.97831,-0.82985
0.9404,-0.375651
0.971395,-0.52946
0.97258,-0.952674
0.92886,0.13837
0.917884,0.249597
0.972424,-0.444132
0.918364,-0.281792
0.935882,-0.362111
0.929531,-0.803674
0.969191,-0.483344
0.914429,-0.534161
1.00407,-1.17963
0.942475,-0.465245
0.9133,0.227031
0.967446,-0.894062
0.970791,-0.470058
0.977118,-0.992495
0.917668,-0.0070769
0.964515,-0.479062
1.01587,-1.17051
0.943356,0.0668161
0.943042,-0.191704
0.943573,-0.0871424
0.931559,0.105121
0.901401,0.528887
0.931299,-0.30505
0.915782,-0.335561
0.948945,-0.913941
0.951875,-0.35986
0.982457,-0.675533
0.905971,0.305478
0.893322,0.568051
0.954278,-0.259137
0.93393,-0.25071
0.972379,-0.438227
0.970572,-1.06367
0.920946,0.0705266
0.930876,-0.13869
0.973751,-0.408236
0.995369,-0.947714
0.944498,-0.204286
0.91381,0.37323
0.984057,-0.959632
0.924554,0.15789
0.929262,0.369278
0.982239,-0.809955
0.981023,-0.763951
0.902072,0.257429
0.977509,-0.781081
0.939406,0.0521784
0.89845,0.141248
0.96332,-0.454808
0.910447,0.123515
0.964117,-0.463253
1.0083,-1.67612
0.964595,-0.268614
0.962866,-0.360311
0.938492,0.105539
0.986274,-0.517936
1.01352,-0.932571
0.980186,-0.997885
0.975502,-0.407657
0.92641,-0.17774
0.939399,-0.0726625
0.911288,0.0180734
0.993696,-1.06707
0.892067,0.722025
0.961178,-0.788795
0.935687,-0.317883
0.936418,-0.359252
0.997389,-0.866445
0.907203,0.190739
0.976704,-0.86657
0.939668,-0.194371
0.936646,-0.0906741
0.94811,0.00953737
0.982632,-0.600128
0.972936,-0.457772
0.968087,-0.452725
0.948494,-0.530649
0.964107,-0.388591
0.929444,0.0158967
0.918578,0.118684
0.938443,-0.108245
1.00144,-0.945848
0.920521,0.199574
0.995442,-0.959958
0.988318,-0.507648
0.945083,0.248358
0.909591,-0.493952
0.949954,-0.236698
0.97776,-0.349535
0.966825,-0.194705
0.93375,0.30398
0.955095,-0.469247
0.967018,-0.783014
0.976511,-0.644774
0.960626,-0.913206
0.956213,-0.242748
0.931425,0.401881
0.89462,0.316435
0.911312,0.294337
0.903088,-0.0405465
0.954498,-0.746275
0.989301,-0.256331
0.937281,-0.679855
0.988843,-0.603298
0.938804,-0.265295
0.968048,-0.869562
0.928591,0.135576
0.942509,-0.469439
0.950196,-0.00664719
0.95083,-0.171378
0.947334,-0.346987
0.997462,-1.01442
0.937539,0.269211
0.971913,-0.588812
0.963705,-0.00998918
0.942198,-0.63656
0.923511,0.374661
0.953965,-0.228024
0.957507,-0.304809
0.904259,0.373587
0.950881,-0.481904
0.987395,-0.459855
0.959197,-0.414203
0.940657,-0.109316
0.931755,-0.261518
0.96274,-0.485867
0.920252,0.221598
0.998197,-0.754161
0.944754,-0.28248
0.964531,-0.727677
0.908773,0.155308
0.939962,0.0981084
0.945407,-0.479534
0.962177,0.196204
0.944349,-0.745226
0.920058,0.26756
0.960755,-0.920902
0.973544,-0.689282
0.956919,-0.377813
0.935165,-0.0906353
0.924127,0.334263
0.949078,-0.697532
0.989501,-0.690046
0.927768,-0.163053
0.981161,-0.824179
0.926399,0.305475
0.950406,-0.707879
0.859779,0.97632
0.990936,-0.877147
0.944539,-0.600465
0.985407,-0.637499
0.952324,-0.460941
0.968618,-0.510665
0.91975,0.264861
0.947883,0.116298
0.955939,-0.750987
0.912366,-0.286467
0.936547,-0.275533
0.952341,-0.666595
0.928764,-0.445187
0.953538,-0.0363465
0.922236,-0.0387462
0.966304,-0.654597
0.933698,-0.0241814
0.978985,-0.412242
0.956168,-0.408362
0.916964,0.243858
0.901757,0.599906
0.927459,-0.391538
0.969473,-0.228599
0.939594,0.0326731
0.967812,-0.423079
0.936602,-0.0785173
0.957724,-0.715799
0.928752,0.0430597
0.946637,-0.281351
0.973921,-0.404578
0.944115,-0.868546
0.914102,0.288727
0.973048,-0.832855
0.922781,0.202738
0.946626,-0.0289509
0.962512,-0.355982
0.957929,-0.505306
0.942505,0.102395
0.886793,-0.183195
0.946209,-0.478935
0.918096,0.140072
0.946906,-0.536034
0.911385,-0.43341
0.991291,-0.827249
0.910215,0.559057
0.92104,0.571004
0.968894,-0.813636
0.940539,-0.154401
0.967521,-1.00261
0.963221,-0.35468
0.961033,-0.338077
0.879102,0.695612
1.0199,-1.09825
0.936596,-0.4549
0.947847,-0.161611
0.9733,-0.253339
0.993741,-0.747121
0.931958,0.0646327
0.916141,-0.0102535
0.929969,0.0322315
0.898594,0.613074
0.944185,-0.238256
0.933942,0.291709
0.932109,0.458709
0.918285,0.242439
0.937691,0.0191847
0.97819,-0.551291
0.95689,-0.578095
0.941463,-0.525726
0.948311,-0.00772977
0.898599,0.423771
0.921931,-0.0655003
0.955957,-0.0815013
0.922322,0.0290624
0.930341,0.26215
0.93847,-0.157175
0.910839,0.630258
0.944431,-0.270395
0.962623,-0.466166
0.933997,-0.198995
0.958167,-0.449513
0.971713,-0.69587
0.959331,-0.240076
0.963713,-0.223239
0.96942,-0.480657
0.969364,-0.309166
0.948833,-0.437051
0.899468,0.618769
0.951139,-0.477376
0.938382,-0.144309
0.940263,0.0955811
0.904846,0.472185
0.898057,0.426331
0.900488,0.545398
0.992264,-1.09136
0.928557,-0.169106
0.904026,-0.0292524
0.943268,-0.423881
0.909573,0.227252
0.966139,-0.664258
0.911469,0.00609984
0.923673,0.0927114
0.992445,-1.01371
0.944329,-0.115873
0.936941,-0.28717
0.937352,-0.131156
0.963873,-0.293954
0.985376,-0.340168
0.94736,-0.431813
0.91715,-0.350512
0.904329,0.382543
0.9521,-0.709121
0.956543,-0.183169
0.941465,-0.0645887
0.95138,-0.783895
0.946104,-0.104692
0.964973,-0.34945
0.927372,-0.242117
0.966911,-0.493994
0.942665,-0.81104
0.916901,-0.177314
0.934591,0.183442
0.951851,-0.358555
0.969454,-0.0728461
0.907497,0.0232545
0.944554,-0.333435
0.945266,-0.411847
0.928438,-0.384909
0.930297,-0.111111
0.965895,-0.548798
0.899646,0.434262
0.968686,-0.060267
0.918641,-0.215373
0.948603,-0.550197
0.910979,0.097304
0.945881,-0.175853
0.924987,0.258536
0.96912,-0.423527
0.970749,-0.567946
0.967307,-0.576518
0.943081,0.420476
0.881097,0.825657
0.931085,-0.554647
0.920927,-0.0635297
0.960361,-0.267511
0.914354,0.224726
0.955811,-0.323689
0.961145,-0.750604
0.916606,-0.151201
0.966418,-0.582667
0.932182,-0.11999
0.976373,-0.530144
0.981829,-0.773239
1.00764,-1.15118
0.947106,-0.360421
0.923858,-0.0202538
0.951323,-0.025355
0.937635,-0.0869813
0.964061,-0.580734
0.939492,0.0211866
0.9995,-1.21626
0.981877,-0.631523
0.951951,-0.342945
0.956106,-0.41973
0.924007,-0.40701
0.960314,-0.490195
0.912137,0.445995
0.984486,-1.10297
0.972295,-0.911291
0.928587,0.140219
0.967541,-0.744138
0.922753,-0.0995729
0.978279,-0.615001
0.917049,0.132799
0.945886,0.0373584
0.987266,-0.860494
0.940374,-0.280327
0.972363,-0.665889
0.93499,-0.593439
0.956303,-0.667929
0.946934,0.14294
0.950097,-0.229668
0.967933,-1.07693
0.967409,-0.323536
0.937329,0.195066
0.928067,-0.0593123
0.946233,-0.471617
0.974628,-1.09631
0.914261,-0.200872
0.933708,-0.124132
0.958591,-0.246077
0.908302,-0.00328232
0.948935,-0.567356
0.942883,-0.417536
0.952071,-0.107955
0.947379,-0.428522
0.949971,-0.165193
0.96895,-0.723203
0.89634,0.938077
0.936307,0.293358
0.930872,0.37605
0.918528,-0.203196
0.936154,-0.154579
1.00088,-0.447342
0.952573,-0.373009
0.974913,-0.846821
0.994181,-0.515032
0.924591,-0.180498
0.935833,-0.194935
0.944606,-0.130586
0.944182,-0.312302
0.932951,0.110132
0.926275,0.246739
0.956481,-0.60546
0.968356,-0.0887476
0.989514,-0.682608
0.976025,-0.137354
0.999919,-0.563548
0.949649,-0.808767
0.939899,-0.0672596
0.987741,-0.99032
0.918557,-0.262325
0.914332,0.291993
0.941197,-0.250852
0.937978,-0.285831
0.979883,-0.71226
1.01483,-1.56541
0.938337,0.0550701
0.977289,-0.730667
0.916772,0.656344
0.905324,0.215876
0.942625,-0.226097
0.982769,-0.447617
0.92419,0.199245
0.924325,-0.214135
0.933064,-0.370764
0.971331,-0.672355
0.932063,0.357234
0.934406,-0.310109
0.934903,-0.505631
0.955008,-0.391202
0.944997,-0.0695454
0.949503,-0.644739
0.982358,-0.793181
0.974841,-0.241105
0.939355,0.0338098
0.881689,0.803939
0.947932,0.112563
0.911602,0.410607
0.950393,-0.465627
0.955586,-0.62833
0.926174,0.429498
0.9396,-0.387114
0.927407,-0.308426
1.0216,-1.0246
0.897411,0.565772
0.949098,-0.462287
0.917171,0.659186
0.972307,-0.492263
0.933187,-0.13676
0.927482,-0.0743696
1.00618,-1.25089
0.913947,-0.207334
0.931733,0.371702
0.969492,-0.0885096
0.925599,-0.0769044
0.888347,0.299026
0.969322,-0.472801
0.931398,-0.175344
0.894195,0.0708736
0.925451,-0.196495
0.903347,0.0981077
0.944257,-0.201315
0.959936,-0.407537
0.917538,0.00180815
0.9452,-0.842709
1.01322,-1.00321
0.929174,-0.199257
0.938461,-0.313342
0.896009,0.162813
0.918781,-0.214419
0.942808,-0.305371
0.963924,0.254007
0.927257,0.169138
0.891973,0.963094
0.938114,-0.0239455
0.927576,-0.221004
0.946263,-0.36788
0.945356,-0.488574
0.940471,0.0965893
0.964136,-0.154562
0.976576,-0.865177
0.924405,-0.00930979
0.963933,-0.246715
1.01491,-1.38545
0.979105,-0.513164
0.969244,-0.997552
0.938713,0.192955
0.929992,-0.49451
0.959234,-0.176229
0.926487,-0.423193
0.965241,-0.349925
0.988049,-1.07638
0.915523,-0.359555
0.939226,-0.131051
0.931041,0.211143
0.914717,0.223671
0.921462,0.334824
0.982521,-0.274175
0.919824,0.325716
1.00395,-0.898538
0.903442,0.569195
0.930038,0.304378
0.969091,-0.773204
0.986802,-1.14968
0.932998,0.0272106
0.959022,-0.599867
0.930675,-0.0303057
0.978619,-0.42593
0.939043,-0.502524
0.959754,-0.596849
0.912134,0.508192
0.962677,-0.154322
0.917939,-0.156047
0.996699,-0.913001
0.943316,-0.623624
0.960687,-0.31527
0.933477,-0.223636
0.908575,0.0135394
0.946883,-0.201273
0.945851,0.145914
0.895342,0.397715
0.943843,-0.314417
0.893926,0.648143
0.98471,-0.174001
0.916774,-0.120739
0.955788,-0.153791
0.972986,-0.793241
0.914487,0.354616
0.948914,0.189082
1.05924,-1.59577
0.929223,0.0146063
0.930518,0.163132
0.935663,0.108724
0.943729,0.178525
0.93876,-0.218427
0.939262,0.0378153
0.942471,-0.0951691
0.910377,-0.138322
0.99003,-0.363534
0.918904,-0.0774727
0.955948,-0.470283
0.92286,0.265332
0.912016,0.280444
0.969814,-0.685494
0.939115,0.387409
0.916865,-0.379849
0.918333,-0.10517
0.988475,-1.16154
0.921275,0.0923099
0.903583,0.603425
0.985444,-1.03675
0.959263,-0.203377
0.952879,-0.423734
0.935847,-0.676041
0.972072,-0.577448
0.935403,-0.0144753
0.874053,1.07289
0.939644,-0.185326
0.963063,-0.743635
0.961025,-0.596674
0.941511,-0.172291
0.984886,-0.606035
0.936674,-0.00420097
0.943755,-0.304868
0.920677,-0.0696044
0.970159,-0.689112
0.931106,-0.126678
0.9344,-0.460225
0.93797,-0.112406
0.906359,0.320162
0.926297,-0.532431
0.92428,0.36236
0.903593,-0.140106
0.917674,-0.0605348
0.977658,-0.720656
0.913047,0.166649
0.995406,-0.880914
0.98647,-0.870399
0.951325,-0.605343
0.947038,-0.195036
0.940841,0.0487223
0.950382,-0.489607
0.919659,0.0929048
0.949518,-0.369462
0.886809,0.61282
0.900791,0.552234
0.933595,-0.387786
0.999182,-0.847576
0.918738,0.103756
0.929159,0.179181
0.963442,-0.614504
0.940669,-0.202779
0.910789,0.264153
0.922832,0.170559
0.930261,0.0757816
0.941028,-0.176879
0.946429,-0.548109
0.935364,0.0618341
0.979723,-0.887798
0.903773,0.382574
0.938891,0.325756
0.998195,-0.874179
0.967363,-0.773792
1.02188,-0.874451
0.948022,-0.0466844
0.988231,-0.476094
0.910169,-0.127552
0.940368,-0.304987
0.942962,0.0603496
0.925833,-0.289084
0.910669,-0.0632288
0.942518,-0.695072
0.958781,-0.280192
0.946134,-0.372418
0.938753,-0.676936
0.919629,0.13512
0.99388,-0.983503
0.951447,-0.310743
0.944211,0.0202044
0.89331,0.404025
0.934548,0.186223
0.872962,0.846921
0.942201,0.228272
0.892391,0.78592
0.978824,-1.21727
0.977297,-0.569172
0.925624,0.110237
0.969577,-0.140678
0.950232,-0.464732
0.946892,-0.273486
0.926611,0.0518357
0.938098,0.367899
0.947468,-0.317868
0.941193,-0.223172
0.901839,0.382487
1.00449,-0.855177
0.93722,-0.139415
0.920347,0.307989
0.953498,-0.473518
0.978548,-0.685372
0.977407,-0.247535
0.89933,0.0323055
0.928927,-0.567372
0.936269,0.185076
0.980076,-0.679685
0.95135,-0.0694095
0.998981,-0.757868
0.920239,0.311423
0.960142,-0.209298
0.962641,-0.639191
1.0232,-1.16961
0.939654,-0.0083535
0.981341,-1.12534
0.929022,-0.214971
0.976539,-1.03401
0.946699,-0.569724
0.9606,-0.5898
0.96807,-0.685201
0.956013,-0.264708
0.94582,-0.519101
0.879244,-0.072623
0.940888,-0.0183231
0.992684,-0.86194
0.961014,-0.288127
1.01888,-1.55205
0.967405,-0.102644
0.944381,-0.575201
0.950874,-0.434991
0.972586,-0.67707
0.912677,0.464736
0.933811,0.259293
0.947356,-0.495159
0.949674,-0.339632
0.959731,-0.434469
0.920181,-0.185492
0.925999,-0.000985122
0.872381,0.378413
0.914584,0.34813
0.976402,-0.390094
0.974016,-0.511881
0.916,0.130919
0.92301,0.431783
0.944675,-0.291662
0.979083,-0.848103
0.898847,0.21479
0.915916,0.00747435
0.902661,-0.117828
0.910429,-0.0722021
0.974298,-0.956574
0.902445,0.447437
0.941376,-0.664193
0.963268,-0.71038
0.959771,-0.303984
0.97516,-0.733376
0.930737,-0.181009
0.945363,-0.498329
0.970113,-0.874065
0.934463,0.00115033
0.947037,0.0845934
0.984278,-0.481349
0.99762,-0.763109
0.964707,0.0320245
0.949036,0.0909634
0.911634,-0.124429
0.944416,0.160512
0.931829,0.673974
0.970019,-0.921188
0.966994,-0.719234
0.969832,-0.418156
0.950574,-0.00707869
0.911018,-0.0616486
0.968779,-0.667766
0.929201,0.154092
0.952419,-0.420742
0.936497,-0.184607
0.976675,-0.18099
0.899631,0.493769
0.957946,-0.389084
0.944346,-0.0909527
0.967035,-0.387377
0.97286,-0.557757
0.951969,-0.499377
0.934457,-0.614532
0.915984,0.0570077
0.935096,-0.296554
0.922045,-0.0294865
0.974279,-0.561042
1.01251,-0.42482
0.922892,0.112176
0.929948,-0.0166035
0.954791,-0.960511
0.934804,-0.300976
0.932536,-0.550247
0.939647,0.258517
0.936096,-0.336795
0.86287,1.07727
0.89774,0.424651
0.994063,-0.861123
0.941119,-0.838494
0.969952,-0.710973
0.940797,0.13009
0.936593,0.329926
0.882287,0.617261
0.955643,-0.0159495
0.961589,-0.260558
0.963637,-0.421582
0.956617,-0.587536
0.950224,-0.333757
0.95061,-0.419953
0.920361,0.50267
0.981434,-0.614887
0.976904,-0.808722
0.924106,0.000950883
0.944037,-0.6501
0.955268,-1.04159
0.993024,-0.606399
1.0164,-1.32535
0.951868,-0.0941069
0.942679,-0.727144
0.956676,-0.287716
0.93794,-0.366647
0.874132,0.667613
0.955605,-0.165159
0.957975,-0.461323
0.921415,0.407417
0.936024,0.246591
0.940774,-0.770762
0.945387,0.0731952
0.94869,-0.674336
0.961604,-0.675826
0.965212,-0.761353
0.9594,-0.522888
0.93365,-0.603874
0.971254,-0.615736
0.957181,-0.460601
0.9127,0.312807
0.962603,-0.752519
0.952731,-0.759152
0.897144,0.668256
0.974223,-0.559405
0.931999,0.21152
0.940485,-0.339721
0.92866,-0.0901799
0.94296,-0.183602
0.963533,-0.285446
0.981505,-1.18717
0.974107,-0.564348
0.919036,-0.0119396
0.964935,-0.472874
0.947257,-0.231362
0.911362,-0.427295
0.924705,0.034451
0.967738,-0.565929
0.974568,-0.451018
0.940171,-0.276849
0.961893,-0.403093
0.935849,-0.398984
0.95072,-0.258998
0.939517,-0.0199484
0.927671,-0.107096
0.950388,-0.301796
0.946268,-0.425503
0.956964,-0.24987
0.927789,-0.318472
0.966439,-0.594381
0.92722,0.15403
0.926667,0.443238
1.0052,-1.0386
0.935344,-0.440356
0.877576,0.516925
0.988512,-0.623156
0.91521,-0.0781461
0.969389,-0.3028
0.947439,-0.0103293
0.960734,-0.52193
0.913377,0.409103
0.929225,-0.270135
0.939668,-0.282067
0.95793,-0.529826
0.913648,0.688073
0.938169,0.139596
0.934834,-0.105815
0.992326,-0.876859
0.915009,-0.193636
0.933451,0.329462
0.927676,0.179455
0.965168,-0.38041
0.924594,-0.29235
0.904996,0.134018
0.955926,-0.836754
0.941406,0.514701
1.02642,-1.72643
0.973876,-0.86216
0.943058,-0.194693
0.938107,-0.0560073
0.921416,0.0319122
0.923636,0.0396299
0.917159,0.371343
0.949608,-0.106232
0.968585,-1.09502
0.94437,-0.0718926
0.908842,0.115493
0.988156,-1.00036
0.925515,-0.0246065
0.977873,-0.236097
0.992035,-0.884092
0.906104,0.238372
0.951493,0.0723946
0.983132,-1.13598
0.888904,0.536155
0.88964,0.566105
0.897417,0.198297
0.969425,-0.743437
0.943785,-0.269929
0.945973,-0.529858
0.933231,-0.166183
0.911317,0.323595
0.953647,-0.571716
0.939782,-0.10355
0.970799,-0.492627
0.955095,-0.438149
0.956857,-0.739921
0.959681,-0.580893
0.935354,0.159018
0.909932,-0.122589
0.9735,-0.668777
0.906977,0.115207
0.948155,-0.628838
0.964725,-0.380096
1.00099,-1.44458
0.909958,0.185171
0.990143,-0.911675
0.918182,-0.238752
0.933947,-0.107522
0.954483,-0.113696
0.972465,-0.827308
0.983781,-0.873447
0.928568,0.0840814
0.958955,-0.355556
0.955266,-0.2732
0.903683,0.547237
0.97845,-0.321275
0.945776,-0.0688136
0.937788,-0.55876
0.948811,-0.645303
0.907747,0.545971
0.982328,-0.607161
0.961903,-0.748308
0.992292,-0.74265
0.958084,-0.524341
0.928861,0.10092
0.964494,-0.312474
0.951259,-0.442706
0.918914,-0.108679
0.941992,0.0410855
0.992919,-1.31748
0.949453,-0.17377
0.936798,-0.129684
0.944841,-0.533069
0.933421,-0.15959
0.94469,-0.472022
0.915308,-0.260541
0.919182,0.136383
0.87564,0.783723
0.923839,-0.359983
0.988981,-0.842154
0.992144,-0.890765
0.995115,-1.44839
0.9731,-0.836395
0.969122,-0.730396
0.914616,0.590402
0.931515,0.459783
0.99644,-1.03057
0.950667,-0.489499
0.941748,-0.310367
0.956748,-0.757808
0.927717,-0.418144
0.962603,-0.548914
0.967877,-0.717963
0.975853,-0.0439529
0.92172,0.2763
0.921273,0.266087
0.897394,0.287766
0.988697,-1.21389
0.938707,-0.665707
0.941209,-0.419949
0.962732,-0.188634
0.974192,-0.338273
0.965378,-0.175867
0.94279,-0.273687
0.951286,-0.142733
0.973235,-0.44359
0.961398,-0.679182
0.929704,-0.247993
0.942669,-0.310455
0.944963,-0.249789
0.97442,-0.660536
0.870681,1.3893
0.924318,-0.0212098
0.895391,0.241975
0.960445,-0.581883
0.927833,0.103398
0.901275,0.116154
0.942558,-0.410574
0.950433,-0.37979
0.955436,-0.611625
0.938977,-0.245987
0.941856,-0.554063
0.935305,0.337724
0.945764,-0.333867
0.966676,-0.289083
0.984468,-0.692709
0.98392,-0.366522
0.987047,-0.822022
0.954471,-0.0335484
0.961379,-0.634009
0.969501,-0.649118
0.920218,-0.0155958
0.956809,-0.612577
0.950135,-0.493888
0.938618,0.183644
0.896505,0.520559
0.939302,0.142255
0.956081,0.0526541
0.940083,-0.407072
0.938389,-0.573566
0.91949,0.0913117
0.974541,-0.706826
0.948301,-0.0631605
0.98849,-0.732838
0.88491,0.729358
0.90663,0.206905
0.925595,-0.367468
0.975131,-0.764581
0.905467,0.474427
0.906411,-0.116329
0.934887,0.0567303
1.00399,-0.66709
0.977879,-1.16012
0.93346,-0.403357
0.894254,0.50716
0.927476,-0.234607
0.924489,0.282828
0.940015,-0.0754522
1.00275,-0.65143
0.950937,-0.515614
0.947741,-0.386864
0.978842,-0.293886
0.964702,-0.706409
0.965672,-0.816236
0.998973,-1.08728
0.979728,-0.892118
0.953552,0.0722373
0.963628,-0.487425
0.983677,-0.99217
1.0069,-1.2345
0.93681,0.262825
0.950848,-0.403812
0.904879,0.39229
0.928904,0.133719
0.948658,-0.316952
0.908215,0.139969
0.928259,-0.116766
0.90743,0.300889
0.921434,0.209483
1.01936,-1.50247
0.932835,0.15891
0.990665,-0.814516
0.911293,0.603035
0.888812,0.305831
0.968397,-0.265572
0.963803,-0.467116
0.945334,-0.311981
0.964376,-0.0829714
0.937378,-0.127968
0.943446,0.0314628
0.925958,0.000352471
0.892666,0.254116
1.00015,-0.808196
0.982778,-0.796492
0.894031,0.011639
0.96635,-0.197941
0.891349,0.382661
1.00648,-1.36439
0.993399,-1.16702
0.905897,1.21034
0.99908,-0.587917
0.921033,0.894293
0.959544,-0.475092
0.903921,0.391548
0.961631,-0.471211
0.935968,-0.409005
0.947397,-0.583202
0.969861,-0.422606
0.867117,0.533163
0.906144,0.382388
0.958119,-0.214562
0.948287,-0.00550377
0.999572,-1.09683
0.966728,0.0204158
0.929645,0.286856
0.931458,0.0211716
1.00776,-1.25291
0.900883,0.439188
0.983867,-1.00106
0.970765,-0.315256
0.936117,0.104799
0.937258,-0.198748
0.955368,-0.273788
0.945075,-0.181472
0.966247,-1.10494
0.944894,-0.446915
0.980313,-0.787506
0.995121,-0.933942
0.956432,-0.457967
0.929083,0.572432
0.920607,0.600776
0.985704,-0.889044
0.971195,-0.617943
0.957548,-0.53155
0.910012,-0.252557
0.932114,0.249161
1.03754,-1.25248
0.900291,0.0341608
0.95945,-0.374034
0.917527,-0.0736542
0.975573,-0.507322
0.970476,-0.709852
0.953066,-0.811925
0.925246,-0.0311099
0.971683,-0.801738
0.919838,0.153869
0.974729,-0.682684
0.945525,-0.252988
0.952111,-0.915665
0.926344,-0.0439441
0.90008,0.0850632
1.00451,-0.54927
1.00084,-1.06269
0.944902,-0.055193
0.970075,-0.368878
1.00085,-1.17937
0.960687,-0.421531
0.982324,-0.572837
0.920576,0.0905854
0.942998,-0.0854894
0.978441,-0.902658
0.962577,-0.136995
0.974436,-0.000452968
0.991141,-0.462655
0.921591,0.0878618
0.992773,-0.874867
0.969057,-0.322669
0.964969,-0.312328
0.968217,-0.378559
0.948779,-0.179504
0.90489,0.659733
0.997869,-1.17927
0.964316,-0.738608
0.955882,0.198623
0.929253,-0.0709399
0.93115,0.0687589
0.922012,0.125395
0.943269,-0.301852
0.909242,0.141062
0.965477,-0.493046
0.952537,-0.30958
0.985396,-0.243644
0.964828,-0.178308
