slope,intercept
0.972707,-0.744018
0.941249,-0.197307
1.00466,-0.415573
0.934287,-0.294051
1.08632,-0.900742
1.0462,-0.801933
0.977796,-0.78455
0.992321,-0.669222
0.918304,-0.341495
0.955832,-0.642587
0.992647,-0.321
0.958855,-0.551075
0.924385,-0.641774
1.0187,-0.785076
1.03597,-0.761732
0.979202,-0.482711
0.976601,-0.369664
0.993075,-0.746817
1.02199,-0.997402
1.0365,-1.11126
0.897053,-0.0835612
0.99259,-0.550651
0.976111,-0.741677
0.977476,-0.325464
0.996778,-0.740175
0.939492,-0.495565
0.91401,-0.681961
1.02625,-0.863203
0.927892,-0.520026
0.927482,-0.356777
1.05341,-1.03956
0.981077,-0.622614
0.995211,-0.499935
0.932186,-0.34978
1.04556,-0.783064
0.967153,-0.558898
1.00303,-0.772077
0.999173,-0.453632
0.994166,-0.587673
0.994462,-0.890129
0.933588,-0.195173
0.960088,-0.521452
0.942797,-0.410799
0.858745,-0.0377698
0.936445,-0.672413
0.987975,-1.01612
0.948098,-0.429374
0.958924,-0.722816
0.920125,-0.206283
1.01413,-0.441613
0.940373,-0.559895
0.949725,-0.554729
0.938427,-0.32222
0.955818,-0.427289
0.966303,-0.584401
0.902632,-0.151944
0.971153,-0.864354
1.00807,-0.795068
1.02522,-0.67647
0.979763,-0.598399
0.929712,-0.31818
0.945074,-0.126815
0.974585,-0.263778
0.992247,-0.44224
0.943679,-0.202063
0.949139,-0.630497
0.965759,-0.468192
0.999702,-0.76638
0.942084,-0.244577
0.930223,-0.177954
0.957129,-0.738447
0.858313,-0.412645
0.916103,-0.0491107
0.938925,-0.0626668
0.97022,-0.504446
0.962478,-0.25856
0.933319,-0.465621
0.985693,-0.502159
0.92955,-0.172943
0.977828,-1.03065
0.887444,-0.374971
1.03621,-0.935378
0.960746,-0.292796
0.987777,-0.316213
0.958244,-0.577701
0.977435,-0.828324
0.890482,-0.415431
1.02723,-0.871654
1.00594,-0.924194
0.941619,-0.217309
1.10132,-0.910121
0.95787,-0.195965
1.0449,-0.805229
1.06403,-0.90132
1.00772,-0.654783
0.974743,-0.591968
1.0614,-0.756753
1.00523,-0.603781
1.01668,-0.696648
1.00896,-0.962823
0.836152,-0.266185
0.880292,-0.140307
1.05549,-0.757038
0.973346,-0.673569
0.91353,-0.330013
0.973054,-0.460478
0.944976,-0.347888
0.901274,-0.34681
0.9715,-0.266291
0.922611,-0.324129
0.928386,-0.470672
0.945106,-0.209204
0.890272,-0.281731
0.950852,-0.520316
0.986664,-0.635894
1.01887,-0.930871
0.970788,-0.614419
0.958771,-0.639539
0.974994,-0.561527
0.970239,-0.425917
0.895591,-0.417458
0.975485,-0.342457
0.8756,-0.0938652
0.996171,-0.480915
0.961931,-0.326551
0.980725,-0.750545
0.994729,-0.903126
0.930281,-0.460356
0.939654,-0.268433
0.992615,-0.713468
1.01591,-0.772825
0.925008,-0.167134
1.02429,-0.843068
1.07298,-1.28213
1.04324,-0.822256
0.922096,-0.457393
0.967478,-0.237869
0.961727,-0.775473
0.888322,-0.4792
1.02168,-0.763368
1.05048,-0.847538
0.999602,-0.55639
0.878101,-0.389602
0.938307,-0.255474
0.975664,-0.587921
0.935582,-0.11317
0.870015,-0.0863138
1.00815,-0.537304
0.868682,-0.00819059
1.00799,-0.656797
0.949069,-0.208229
0.897381,-0.217403
1.01569,-0.812155
0.902399,-0.0402508
1.03464,-0.834678
0.931195,-0.329683
0.950186,-0.384645
1.03204,-0.493582
1.0556,-0.811103
0.977398,-0.340196
0.981038,-0.595373
1.0252,-0.805262
0.964853,-0.328537
0.940521,-0.254315
0.945144,-0.527741
0.864201,0.115777
0.984195,-0.798453
0.94324,-0.24759
0.983031,-0.625766
0.953154,-0.410486
1.00012,-0.833141
1.01625,-0.880106
0.969844,-0.803232
1.02388,-0.814279
0.937121,-0.0239253
0.949666,-0.462743
1.00265,-0.781339
1.064,-1.21189
1.02448,-0.774982
0.977274,-0.343417
1.00003,-0.813027
0.919261,-0.548488
1.06141,-0.963963
0.947668,-0.793766
0.954103,-0.556359
1.03515,-0.786369
1.004,-0.770445
0.944331,-0.427102
0.921965,-0.385809
1.02625,-0.76492
1.01706,-0.682233
0.980125,-0.204412
0.978364,-0.440844
0.860824,0.240352
1.04616,-0.720856
0.962354,-0.578771
1.01491,-0.693091
0.913496,-0.317736
1.01237,-0.821819
0.990968,-0.78528
0.923651,-0.477281
0.992305,-0.393456
1.06399,-1.03763
0.970064,-0.458944
0.920347,-0.194961
0.958164,-0.284961
0.899743,-0.078703
0.985512,-0.319187
0.903492,-0.0637656
0.999023,-0.414542
0.90198,-0.359438
0.933587,-0.174806
0.944754,-0.404413
1.03184,-1.11771
0.945458,-0.650028
1.01745,-0.625829
0.965942,-0.410682
0.967346,-0.625867
1.02415,-1.07854
0.966216,-0.536569
0.827463,0.362574
1.01014,-0.728306
0.955371,-0.458285
0.948453,-0.77752
0.991524,-0.285955
0.983931,-0.634903
0.886512,-0.21085
0.95571,-0.521492
0.86681,-0.185897
1.03744,-0.518584
0.956924,-0.554073
0.984146,-0.710312
0.907059,-0.284556
1.05593,-1.00448
1.01459,-0.957641
0.995394,-0.325201
0.975502,-0.419178
0.941476,-0.541693
1.01086,-0.458683
0.945278,-0.543796
0.912113,-0.226589
0.930242,-0.379037
0.983052,-0.545852
0.893365,-0.21211
0.968704,-0.355093
0.953057,-0.595911
0.961337,-0.271349
1.01195,-0.847142
0.996905,-0.6981
0.962838,-0.369635
0.966958,-0.463129
1.04232,-1.03924
0.956875,-0.429676
0.93521,-0.170542
1.09364,-1.1015
0.933584,-0.276983
0.933812,-0.604682
1.00148,-0.909056
1.04266,-0.857459
0.963544,-0.47226
0.883272,-0.366054
0.935142,-0.523359
0.899744,-0.381988
1.05122,-0.954759
1.03796,-0.805224
0.967602,-0.502817
1.00487,-0.904707
1.01619,-0.667544
0.903869,-0.0621143
0.990975,-0.34327
1.0624,-0.868471
0.970473,-0.491881
1.00374,-0.538615
0.982192,-0.808182
1.04672,-1.18553
1.00394,-0.711609
0.998577,-0.982056
0.971315,-0.429682
0.831691,0.133006
0.967785,-0.658696
0.995231,-0.725447
0.947978,-0.406472
0.991249,-0.649897
0.943557,-0.154958
0.906742,-0.280223
0.916991,-0.215685
0.95548,-0.506951
0.935518,-0.400149
0.934285,-0.32455
0.910903,0.0429144
0.900326,0.120282
0.954143,-0.989596
0.899133,-0.350517
1.04875,-0.961979
1.01377,-0.878363
1.05632,-0.838721
0.899001,-0.148942
0.889058,-0.125389
0.99778,-0.317161
0.973833,-0.606289
0.961457,-0.519036
1.01811,-0.849603
0.976214,-0.571638
0.973215,-0.581425
0.987021,-0.718802
0.895785,-0.122257
0.985737,-0.332207
0.975708,-0.577783
0.917919,-0.51132
1.0167,-0.626091
0.882148,-0.120212
0.99413,-0.458722
0.974623,-0.842386
1.02996,-0.78296
0.924593,-0.708008
0.928342,-0.244244
0.897117,-0.0923522
0.94363,-0.526365
0.935301,-0.238252
1.00633,-0.51361
0.882941,-0.115647
1.06507,-1.2899
0.953152,-0.376775
0.872104,-0.271305
1.02465,-0.463327
0.94448,-0.504932
0.943518,-0.525911
0.917734,-0.139959
0.96858,-0.652582
0.904811,-0.0888176
1.02375,-0.901419
0.959929,-0.370654
0.951399,0.0121447
1.02315,-0.726407
0.952078,-0.442154
0.913781,-0.0716107
0.95337,-0.58307
1.03812,-0.80671
0.961608,-0.3216
0.980847,-0.3514
1.01667,-0.957665
0.899068,-0.155658
0.923954,-0.513799
0.907349,-0.290349
0.987512,-0.909621
0.958171,-0.621767
0.956005,-0.802641
0.987079,-0.190119
1.01717,-1.04569
0.987319,-0.404136
1.02776,-0.810437
0.999966,-0.876844
0.898777,-0.150141
0.901508,-0.421588
0.855863,0.0582615
0.966203,-0.311742
1.02875,-0.84879
0.961407,-0.685883
1.02343,-0.813792
1.0349,-0.918018
0.97739,-0.775556
0.949633,-0.38821
0.993213,-0.641984
0.941161,-0.499881
0.960075,-0.587529
0.946886,-0.219388
1.02464,-0.776151
0.901023,-0.367087
1.02599,-0.798534
0.921695,-0.252643
0.973359,-0.743632
1.02033,-0.799552
0.973266,-0.407024
0.92556,-0.494569
0.846204,0.261485
0.945205,-0.640156
0.985876,-0.51628
0.89838,-0.106165
0.969119,-0.532711
0.913306,-0.512126
0.88022,-0.146269
0.975343,0.0216097
0.902955,-0.260448
0.928233,-0.0280888
0.980258,-0.530762
0.983608,-0.679876
0.948654,-0.322227
1.01923,-0.889456
0.958876,-0.605192
0.963661,-0.706048
0.974034,-0.641809
0.98332,-1.11081
1.03123,-0.568974
0.87661,-0.256655
0.953227,-0.707869
0.971332,-0.843664
0.961251,-0.454146
0.966949,-0.621785
0.964991,-0.721278
0.935995,-0.300524
1.00253,-0.641455
0.991941,-0.620169
0.96876,-0.370939
1.05352,-1.09523
0.951009,-0.822294
0.998761,-0.804723
0.912943,-0.128301
0.905997,-0.305556
1.05686,-0.849089
1.03979,-0.759845
0.936999,-0.112543
1.00273,-0.40288
0.931497,-0.389695
0.934434,-0.352861
0.949682,-0.479033
1.00783,-0.673547
0.960258,-0.373745
0.948552,-0.508994
0.950755,-0.216268
0.940356,-0.290111
1.10634,-1.01232
0.987784,-0.634938
0.966385,-0.688514
0.935675,-0.439965
0.945612,-0.182836
0.986106,-0.619906
0.983488,-0.472432
1.02943,-0.946699
0.918156,-0.314983
0.95154,-0.590091
1.04253,-0.81896
0.868292,-0.161894
0.952748,-0.57861
0.944255,-0.257516
0.935302,-0.102345
0.986362,-0.560282
1.02892,-0.763471
0.979858,-0.393923
0.98874,-0.220478
0.862032,-0.162024
0.978339,-0.475786
0.925105,-0.270575
0.900366,0.0533363
0.924732,-0.418303
0.854686,-0.101184
0.966707,-0.430886
0.960381,-0.42981
1.00428,-0.496452
0.917689,-0.16716
0.941159,-0.491769
0.899956,-0.0521768
0.913361,-0.250736
0.978612,-0.685695
0.972011,-0.390555
1.0222,-0.819262
0.934697,-0.016548
1.03982,-0.889682
0.891322,-0.312035
0.963841,-0.504214
0.994297,-0.63553
0.983449,-0.467642
0.884883,0.0352695
0.913995,-0.327409
0.985015,-0.361866
0.937956,-0.189371
0.999515,-0.40885
0.933838,-0.670288
1.00531,-0.743636
0.936046,-0.134115
0.963586,-0.700135
0.937143,-0.241495
0.891525,-0.155917
0.995841,-0.71563
1.02387,-0.662652
1.04637,-0.974107
0.95063,-0.357326
0.994289,-0.657869
0.991447,-0.920117
0.960846,-0.333136
0.965021,-0.259796
0.951344,-0.572633
0.992654,-0.830424
1.04415,-0.705494
0.984679,-0.599742
0.966302,-0.442435
1.00506,-0.530961
1.07007,-1.0464
0.982112,-0.548515
1.01108,-0.562343
0.958989,-0.384876
0.930363,-0.397517
1.06322,-1.19732
0.944821,-0.602421
1.08452,-1.07984
0.951954,-0.652907
1.0088,-1.08823
0.963723,-0.253278
0.963982,-0.611127
0.948031,-0.698835
0.984753,-0.762013
0.943234,-0.512949
0.926723,-0.0251307
1.05537,-0.71373
0.986945,-0.624824
0.953168,-0.51354
0.993992,-0.533013
0.896246,-0.288833
0.993965,-0.608322
0.908623,0.159858
1.01067,-0.830122
1.00277,-0.84753
0.871835,-0.0657766
0.977323,-0.761305
1.0026,-0.500488
0.920125,-0.215108
0.938569,-0.387323
1.00855,-0.576594
0.931703,-0.204446
0.92383,-0.3016
0.894664,0.0964278
0.986883,-0.729275
0.984815,-0.477214
0.93631,-0.499963
0.950947,-0.380095
0.964721,-0.75191
1.05355,-1.02767
0.978435,-0.639206
0.987722,-0.575309
0.911939,-0.233502
0.964476,-0.59414
0.972063,-0.568316
0.928391,-0.148033
0.917466,-0.231107
0.972083,-0.515805
1.06504,-0.735991
0.891366,-0.00623482
0.900219,-0.15489
1.06707,-0.885581
0.955288,-0.149896
0.918034,-0.315556
1.02806,-0.677351
1.00807,-0.69508
1.00354,-0.635287
0.880711,-0.296082
1.01967,-0.842954
1.02605,-0.671201
1.0246,-0.874548
0.894138,-0.161089
0.942303,-0.617648
0.910553,-0.270173
1.0251,-0.796293
0.963435,-0.695594
0.953248,-0.304439
0.928165,-0.270521
1.029,-0.822673
1.00044,-0.724024
0.937822,-0.411434
0.951261,-0.445877
0.980665,-0.63717
0.938638,-0.380058
0.954383,-0.38768
1.00822,-0.700227
0.940369,-0.695267
0.981027,-0.497504
0.931922,-0.383764
0.999438,-0.582567
0.996801,-0.758388
1.02489,-0.635423
0.975118,-0.614645
0.979148,-0.919585
0.948345,-0.483658
1.09525,-1.05903
0.950174,-0.516482
0.907109,-0.323793
0.942574,-0.453265
0.940521,-0.104309
0.915097,-0.160325
0.927754,-0.231573
0.955882,-0.655433
0.944282,-0.388535
0.992058,-0.799465
0.981882,-0.626694
0.942252,-0.21087
0.954839,-0.437972
0.929924,-0.515062
0.968308,-0.322845
0.970444,-0.581287
0.971132,-0.335326
0.908749,-0.381292
0.966567,-0.511582
0.962879,-0.511592
0.8984,0.0369546
0.909743,-0.178276
0.955284,-0.285106
1.02039,-0.955317
0.894892,-0.253023
1.02589,-0.689334
0.965008,-0.563774
0.999335,-0.193811
0.8555,-0.0774456
0.858744,-0.470843
0.924451,-0.384897
0.901267,-0.205688
1.02803,-0.809443
0.898108,0.00682644
1.01413,-0.44046
1.04233,-0.890667
0.890803,-0.202215
0.921805,-0.379162
1.0063,-0.358457
0.809051,0.0185467
1.0126,-0.525407
0.990211,-0.861691
0.798828,0.0335815
1.02967,-0.832349
1.13144,-1.20369
0.978174,-0.328568
1.042,-0.76652
0.911659,-0.199804
1.04175,-0.816642
0.954489,-0.260866
1.0231,-0.903115
0.992221,-0.445932
0.933265,-0.426673
0.856756,0.136539
0.951768,-0.525256
0.94129,-0.40516
0.925163,-0.626352
1.02481,-0.421477
0.976211,-0.331677
0.981193,-0.660112
0.930788,-0.326674
1.00966,-0.457138
0.969034,-0.415939
1.06318,-1.01833
1.01038,-0.797303
0.985914,-0.754402
0.945736,-0.370685
0.930127,-0.326302
0.867093,-0.03727
0.868466,-0.0772181
0.983757,-0.73235
0.901431,-0.111472
0.949515,-0.352671
0.987081,-0.653357
1.00376,-0.446625
0.993325,-0.62526
0.886449,0.14477
0.941894,-0.347679
0.887788,-0.101244
1.01325,-0.778147
0.93665,-0.513848
1.04289,-0.660592
0.981048,-0.414518
0.986985,-0.841279
0.897464,-0.329511
0.822859,0.365426
0.922816,-0.45971
0.905771,-0.0929841
0.852826,-0.23565
0.883995,-0.318064
0.930511,-0.539422
1.00996,-0.624809
0.947358,-0.321849
0.930724,-0.357562
0.943443,-0.326755
0.976143,-0.640773
0.921728,-0.529299
1.07775,-1.12022
0.987295,-0.510239
0.957527,-0.313648
0.912415,-0.0642408
0.992258,-0.69799
1.05091,-0.780694
0.922649,-0.349443
1.0104,-0.838828
0.921268,-0.448273
1.0353,-0.673538
0.911942,-0.368413
0.944536,-0.319795
0.95721,-0.397539
1.00692,-0.752999
0.958071,-0.310175
0.952414,-0.445407
1.00624,-0.638265
0.89839,-0.202371
0.942321,0.0788319
0.980212,-0.569564
0.935728,-0.71605
0.971725,-0.431978
0.990194,-0.612172
0.931888,-0.32008
1.03119,-0.581083
0.893916,-0.0508973
0.907155,-0.190346
0.93957,-0.415865
0.901915,-0.450512
1.00331,-0.568643
0.893662,-0.300557
0.922801,-0.754517
1.02174,-0.77835
1.00894,-0.543116
0.876055,-0.0610348
0.993082,-0.734463
1.00668,-0.737932
0.919802,-0.258456
0.985202,-0.585142
0.989198,-0.914901
0.92884,-0.182771
0.971897,-0.368133
0.869248,0.0523958
0.963006,-0.744731
0.92471,-0.398366
0.985152,-0.630751
0.950822,-0.30199
1.0546,-1.03379
0.95648,-0.530136
0.92809,-0.295922
0.976839,-0.749979
1.02938,-0.91865
0.986427,-0.478887
0.888555,-0.0502884
1.03673,-0.707489
0.895044,-0.284001
0.978501,-0.788678
1.02695,-0.385357
0.968712,-0.444988
1.01377,-0.911973
1.05103,-0.910485
1.03627,-0.834633
0.987477,-0.799906
1.01255,-0.845896
0.961992,-0.662864
0.966859,-0.619422
0.930646,0.0777118
0.934175,-0.123578
0.962564,-0.522544
0.950502,-0.326532
0.959659,-0.564799
0.981251,-0.418617
0.96135,-0.502864
0.922128,-0.20561
0.976406,-0.605963
1.04035,-0.954289
0.968591,-0.187976
1.01833,-0.800406
1.01653,-0.972038
0.928315,-0.499207
1.05893,-0.551776
0.954755,-0.886379
1.01442,-0.79532
0.901945,-0.218627
0.933422,-0.0784025
0.951341,-0.520836
0.964451,-0.802208
0.961864,-0.456082
1.06242,-0.983638
0.941037,-0.375245
1.00524,-0.595519
1.04044,-0.723962
0.905586,-0.129479
0.96149,-0.273119
0.868233,-0.0431889
0.930601,-0.247918
0.993439,-0.288987
0.980169,-0.466499
1.0197,-0.656177
1.01504,-0.669076
0.928753,-0.25883
0.983851,-0.40828
1.01229,-0.501549
1.05603,-0.728138
0.994021,-0.693359
0.945849,-0.447791
0.916091,-0.352936
0.973492,-0.691766
0.969411,-0.454823
0.938778,-0.299359
1.05468,-1.13286
0.911125,-0.0402136
0.976374,-0.543062
0.99385,-0.664009
0.936014,-0.188189
1.03626,-0.688663
0.922869,-0.188615
0.987561,-0.790646
0.947733,-0.586288
1.03543,-0.569193
0.983813,-0.0804194
0.973217,-0.624548
0.991476,-0.624821
1.03157,-0.607486
0.945987,-0.422837
1.00161,-1.01252
0.948696,-0.370561
0.970783,-0.629416
1.05837,-0.765679
0.928441,-0.144197
0.937784,-0.336839
1.00573,-0.320299
1.00112,-0.825133
0.949745,-0.492766
1.02522,-0.542799
0.966324,-0.585741
1.02227,-0.530462
0.946854,-0.279725
0.868977,0.105653
1.0506,-0.883564
0.915476,-0.303131
0.911658,-0.495329
0.884504,-0.232773
1.0297,-0.796226
1.0171,-0.797461
0.91136,-0.266598
0.996168,-0.330585
0.90358,-0.217749
0.942285,-0.284029
0.972102,-0.699469
0.895715,-0.116852
0.867871,-0.165672
0.959617,-0.233308
0.972861,-0.205983
0.998919,-0.644732
0.999914,-0.59013
0.934848,0.0207931
1.0124,-0.760077
0.974941,-0.308936
1.04384,-0.958359
0.98848,-0.571441
0.976909,-0.696833
1.0538,-1.03747
1.09158,-1.0013
1.01986,-0.79894
0.925899,-0.162016
0.941497,-0.251449
0.943061,-0.393804
0.936102,-0.274986
0.978247,-0.486981
0.949331,-0.500221
0.961597,-0.623424
1.01609,-0.872446
1.0033,-0.694696
0.88514,-0.178011
1.0555,-0.964622
1.01791,-0.702964
0.912921,-0.347631
0.974083,0.00653113
0.976907,-0.540179
0.960886,-0.725791
1.03545,-0.841504
0.971319,-0.122973
1.03136,-0.485767
0.931648,-0.440016
0.924296,-0.0625025
1.05673,-0.795127
0.962279,0.0978262
1.01656,-0.762679
0.943247,-0.230127
1.01518,-0.682559
0.996663,-0.940303
1.00431,-0.654654
0.938256,-0.654122
0.928196,0.0269284
1.008,-1.01187
1.00552,-0.82825
0.93838,-0.44461
1.00977,-0.282192
0.985423,-0.6018
0.924454,-0.477797
0.935884,-0.723651
0.95502,-0.442844
1.04254,-1.06443
0.997374,-0.741425
0.984125,-0.501889
1.00601,-0.74621
0.866572,0.253407
0.959119,-0.776094
1.04732,-0.781815
0.960055,-0.358057
0.97656,-0.187387
1.03198,-0.917602
1.05744,-1.01936
0.990785,-0.31262
0.941084,-0.42349
1.03787,-0.670967
0.980425,-0.55393
0.93313,-0.473593
1.10065,-1.38921
0.978815,-0.144199
0.87814,-0.196636
0.925452,-0.235021
0.9221,-0.198185
0.967724,-0.649676
0.977561,-0.58821
0.96107,-0.579937
0.894686,-0.301886
0.922669,-0.345316
1.04344,-0.979484
0.925652,-0.361258
0.982509,-0.454433
0.989461,-0.32071
1.07941,-1.01666
0.970753,-0.485613
0.98305,-0.768686
0.950346,-0.382244
0.91165,-0.225447
0.888635,-0.0422302
0.874712,-0.128953
1.05582,-0.788132
0.930503,-0.711997
0.854875,-0.0980975
0.863003,0.313119
0.887789,-0.313076
0.967511,-0.634198
1.03103,-0.980831
1.00257,-0.428017
1.09586,-1.58441
0.945124,-0.490347
0.989815,-0.313087
0.972324,-0.712036
0.965139,-0.440677
0.949921,-0.539526
0.905412,-0.165439
0.951232,-0.430289
0.956968,-0.211679
1.00314,-0.66615
0.960947,-0.744239
0.954303,-0.721634
0.94426,-0.291345
0.900793,-0.234969
0.855752,0.0387565
0.992972,-0.569497
0.904552,-0.344202
0.981762,-0.432825
0.805472,0.0830167
0.966051,-0.606998
1.04019,-0.692066
0.876731,-0.321567
1.00957,-0.574437
1.04276,-1.08271
0.979158,-0.47705
0.788252,0.399619
0.934641,-0.564792
0.985924,-0.600847
0.958362,-0.520181
0.923224,-0.601589
1.06223,-0.723924
0.948778,-0.351675
0.896373,-0.0139943
1.01909,-0.58763
0.923341,-0.047397
1.03697,-0.809061
0.926201,-0.394558
0.959154,-0.587446
0.978764,-0.782308
0.998295,-0.807437
0.993214,-0.727845
0.98861,-0.850729
0.975057,-0.664621
0.98324,-0.632378
0.937792,-0.490387
1.02298,-0.659757
1.05663,-1.07847
1.03561,-0.901615
0.972917,-0.821033
0.919758,-0.189385
1.02282,-0.992881
0.981655,-0.442179
0.910011,-0.316637
0.999642,-0.620714
0.971609,-0.723904
1.04198,-0.607181
0.960974,-0.537391
0.936583,-0.184938
1.00889,-0.561687
0.951886,-0.651398
1.01312,-0.877979
0.925714,-0.270251
1.01276,-0.851403
1.01782,-0.68866
0.852583,0.0773045
1.04139,-0.771188
0.983771,-0.728127
0.95736,-0.373061
0.901111,-0.488614
0.991408,-0.625761
0.94882,-0.617898
0.922064,-0.244026
0.937285,-0.137858
0.949834,-0.556809
1.00852,-0.424399
0.967213,-0.415352
0.886385,-0.117331
0.929894,-0.09124
0.950121,-0.558107
0.989264,-0.382947
0.989664,-0.502341
0.992108,-0.388742
0.923275,-0.358476
1.05946,-0.630007
0.99764,-0.507791
1.08913,-1.11977
0.928096,-0.413512
0.988474,-0.550138
1.02513,-0.814832
0.945346,-0.600922
0.957007,-0.427882
0.985846,-0.659449
1.00558,-0.505073
0.947169,-0.306026
1.00663,-0.802336
1.01334,-0.813642
0.99213,-0.564965
0.936386,-0.25515
0.971014,-0.234685
0.919249,-0.352189
1.00391,-0.580651
1.02598,-0.704382
0.939003,-0.546359
0.928842,-0.451701
1.01794,-0.618566
0.900265,-0.228795
0.92857,-0.287896
0.946436,-0.201402
0.906852,-0.214232
0.991648,-0.482688
0.925988,-0.606447
0.993477,-0.79944
0.98484,-0.792551
0.929615,-0.210084
1.05197,-1.22793
0.988481,-0.575188
0.981391,-0.429457
0.936844,-0.49212
0.988544,-0.699643
0.902182,-0.390468
0.940798,-0.494835
0.88131,0.0157472
1.02118,-0.678121
0.964504,-0.46423
1.01478,-0.785434
0.975718,-0.273686
0.992711,-0.442238
1.05136,-0.904593
0.933397,-0.483204
0.896793,-0.317276
0.930425,-0.28897
0.942313,-0.235302
1.0301,-0.935645
0.907328,-0.424893
1.04383,-1.2686
0.958081,-0.483028
0.995506,-0.878418
0.903289,-0.457622
0.943805,-0.413655
0.970404,-0.316521
0.991504,-0.609549
1.00691,-0.668299
0.95653,-0.662196
0.977899,-0.587699
0.960495,-0.296463
0.998266,-0.530312
0.986728,-0.838485
0.943855,-0.218829
0.890519,-0.207392
0.921244,-0.507789
0.978654,-0.688798
1.00152,-0.898572
1.011,-0.919062
0.892154,-0.301827
0.939884,-0.267532
0.97215,-0.237919
0.967514,-0.616696
0.866443,0.198576
0.889953,-0.00790555
0.98451,-0.637895
0.948737,-0.378682
0.96535,-0.723947
1.03386,-0.816428
0.983485,-1.17102
1.02729,-0.663194
1.00324,-0.566549
0.860236,-0.140832
0.97781,-0.588642
0.946213,-0.419265
0.97122,-0.283665
0.880677,0.00124499
1.0047,-0.744588
0.949333,-0.1955
0.86894,0.106136
0.99496,-0.606316
0.980001,-0.48058
0.962229,-0.415489
0.884522,-0.253838
1.05989,-0.684342
0.937858,-0.31875
0.935038,-0.317598
1.06155,-1.01728
1.02509,-0.680486
0.981373,-0.698591
1.02581,-0.941051
1.02835,-1.0267
0.951904,-0.455461
0.941722,-0.372218
1.01321,-0.570091
0.926763,-0.430397
1.01628,-0.633632
1.05435,-0.794477
0.954423,-0.579848
0.960756,-0.23087
1.01213,-0.844388
0.978726,-1.13439
1.03198,-1.10896
0.994739,-0.382888
0.954471,-0.467177
0.952542,-0.428272
0.860103,0.00676399
0.956536,-0.141818
0.969696,-0.388037
0.951793,-0.446724
0.976462,-0.540831
0.926548,-0.259257
0.960352,-0.504723
1.04848,-0.868931
0.971239,-0.349486
0.909088,-0.398489
1.00854,-0.782538
0.942098,-0.246233
0.95791,-0.467775
1.0162,-0.651078
0.943042,-0.56906
1.01014,-0.762507
0.957196,-0.663231
1.05274,-0.745218
1.07398,-1.18957
0.955728,-0.305115
0.960192,-0.627231
0.827845,0.243536
0.998999,-0.604752
0.988029,-0.524744
0.93925,-0.233319
0.901446,-0.153314
0.874869,-0.151937
0.956379,-0.395768
0.992477,-0.875993
1.04547,-1.04888
0.900105,-0.39186
0.961826,-0.535384
0.963614,-0.530164
0.945713,-0.286145
0.965483,-0.644155
0.999326,-0.469633
0.949033,-0.233523
0.911191,-0.194508
0.99851,-0.386899
0.94272,-0.154054
1.01373,-0.888437
0.932616,-0.0703945
0.988556,-0.816227
0.900938,-0.355132
0.953782,-0.35476
0.834213,-0.0416518
0.961413,-0.562241
0.934611,-0.278758
0.959703,-0.442482
0.906035,-0.356213
1.06051,-1.28359
0.945678,-0.649344
1.00365,-0.464899
1.01546,-0.703371
1.00871,-0.635163
0.983149,-0.336024
0.974832,-0.574422
0.941202,-0.284372
0.950783,-0.497163
0.948706,-0.405481
1.02878,-0.851348
1.02735,-0.884651
0.995743,-0.615363
0.96281,-0.4026
1.02728,-0.771739
0.950579,-0.750191
0.971134,-0.322354
0.931086,-0.369691
0.94804,-0.233517
0.972326,-0.570526
0.933544,0.0635328
1.03235,-0.846168
0.941865,-0.327424
0.884748,-0.0690209
0.965029,-0.271275
0.862867,-0.0138225
1.01365,-0.430353
0.927063,-0.345969
0.91769,-0.436244
0.950343,-0.280216
1.01408,-0.615728
0.954732,-0.529213
0.95702,-0.341875
0.980609,-0.168104
0.989763,-0.883321
0.899733,-0.178111
0.919993,-0.253896
0.928945,-0.515987
1.0037,-0.688408
0.857689,-0.0609239
1.06696,-0.994136
0.937634,-0.545532
0.960068,-0.376733
0.866997,0.155613
1.07524,-0.776304
0.972073,-0.109754
0.917062,-0.193245
0.848707,0.0771987
1.07895,-0.814213
0.891253,-0.240302
0.970976,-0.795903
1.0422,-1.19326
0.984878,-0.714125
0.900494,-0.0513114
1.02108,-0.697995
0.936249,-0.564031
1.01227,-0.846068
1.01501,-0.883105
0.910057,-0.296715
1.03825,-0.816435
0.900553,-0.058044
0.944981,-0.677716
0.862905,0.0406456
0.899722,-0.399597
0.934157,-0.685076
0.97079,-0.64966
0.998042,-0.507926
0.96507,-0.765734
0.962403,-0.894201
1.06024,-1.29576
0.940909,-0.517848
0.986784,-0.684339
0.925798,-0.244601
0.911945,-0.579321
0.919653,-0.445274
0.981576,-0.376627
1.03002,-0.754019
0.920883,-0.604353
0.97503,-0.196421
0.901234,-0.149111
0.99527,-0.561225
0.95544,-0.599255
1.03982,-0.867627
0.957068,-0.396416
0.97399,-0.652579
0.961523,-0.698623
1.01334,-0.745496
0.872652,-0.0404826
0.933373,-0.712573
0.918481,-0.216127
0.941036,-0.41727
1.02231,-0.608227
1.00874,-1.05409
0.941101,-0.555923
1.00733,-0.843129
0.955694,-0.531481
0.955185,-0.545481
0.967047,-0.54029
0.975565,-0.366863
0.922856,-0.593792
0.968906,-0.459694
0.973811,-0.459445
1.02354,-0.850823
0.938498,-0.533687
1.0216,-0.77611
0.998921,-0.935755
0.924044,-0.347869
0.947264,-0.732464
0.942921,-0.274266
1.018,-0.462083
0.949166,-0.699274
0.974163,-0.361674
1.04252,-0.474164
0.895619,-0.114305
0.930269,-0.382542
0.9087,-0.574525
0.92809,-0.0581561
0.997152,-0.718694
0.883078,0.0242212
1.01524,-0.34487
0.924988,-0.132855
0.97572,-0.896335
0.922366,-0.33637
0.915781,-0.0591581
0.927836,-0.250548
0.944671,-0.461579
0.997084,-0.773836
0.912886,-0.437991
0.939536,-0.268857
0.922224,-0.287711
0.847302,0.145222
0.979775,-0.600916
0.916244,-0.161987
0.964895,-0.456092
0.973931,-0.778945
1.02189,-0.831369
0.931073,-0.124952
1.04661,-0.886354
1.04161,-0.652143
0.963158,-0.571542
0.977417,-0.572355
1.01186,-0.762009
0.954276,-0.561267
1.03425,-0.818041
0.924928,-0.209698
0.969582,-0.364353
0.968669,-0.566203
0.995659,-0.715206
0.927307,-0.569823
0.986981,-0.765807
1.00413,-0.624214
1.00025,-0.737236
0.894831,-0.298347
0.983354,-0.661494
0.978747,-0.695517
0.85705,0.00446083
0.956788,-0.443218
0.914638,-0.162804
0.963825,-0.265071
0.893854,-0.110488
0.848487,0.0922499
0.989012,-0.644336
0.915757,-0.373217
0.909196,0.00475394
0.996778,-0.630698
0.991542,-0.690137
0.933382,-0.524327
0.959136,-0.456013
0.947077,-0.481226
0.983829,-0.490228
0.955275,-0.380561
0.95485,-0.610091
0.980874,-0.797393
0.926451,-0.472243
0.986731,-0.822701
0.99063,-0.432604
0.948921,-0.477983
1.04063,-0.892775
0.935777,-0.318875
0.959758,-0.210823
1.02636,-0.810216
1.00548,-0.475164
0.964495,-0.812219
0.923904,-0.11489
0.883909,0.0954673
0.933766,-0.0429908
0.978045,-0.811727
1.0632,-0.957913
0.912513,-0.328414
0.97574,-0.538111
0.963758,-0.542039
0.87993,-0.194126
1.06162,-0.760165
0.935982,-0.634308
0.910234,-0.427491
0.887921,0.0272137
0.983052,-0.562757
0.99941,-0.879823
0.978554,-0.537118
0.883181,-0.234673
0.952055,-0.379801
1.03215,-0.721707
0.943982,-0.236446
1.02252,-1.04146
0.989313,-0.71087
0.968091,-0.434834
0.873598,-0.0613
0.957933,-0.69747
0.988831,-0.689553
0.94145,-0.222081
0.830365,0.304662
0.974854,-0.92877
0.870663,0.0532475
0.979235,-0.791803
0.999698,-0.647273
0.956422,-0.66668
1.04281,-1.03183
0.943084,-0.438393
0.905366,0.142904
1.05562,-1.04192
0.988027,-0.563454
0.982546,-0.456272
1.03912,-0.820179
0.981133,-0.49785
0.90243,0.119533
0.915299,-0.230352
1.00786,-0.614574
0.980528,-0.670365
0.992393,-0.862923
1.05216,-0.937405
0.934696,-0.671156
0.937725,-0.485464
0.995175,-0.667071
0.848214,0.170434
0.985732,-0.329034
0.996784,-0.400599
1.01546,-0.960811
1.01513,-0.60953
0.982873,-0.728041
1.0167,-0.791677
1.03606,-0.966802
0.959785,-0.646656
0.917566,-0.0542563
1.05126,-0.697172
0.938797,0.167919
0.964789,-0.339017
0.976596,-0.784548
0.855358,-0.106619
0.82121,0.316424
0.978194,-0.494695
1.00618,-1.04055
0.92665,-0.191321
0.882958,-0.163227
0.944262,-0.471246
1.06468,-0.923603
1.00982,-0.721528
1.05857,-0.745884
1.00362,-0.715714
1.0562,-0.794358
0.961593,-0.484873
1.01053,-0.798783
1.02287,-0.723106
1.02849,-0.835388
0.982506,-0.789139
0.837562,0.287002
1.00502,-0.579704
0.891554,-0.134104
0.973333,-0.368822
0.998966,-0.388127
1.05033,-0.785532
1.02087,-0.72222
0.937587,-0.361904
0.965947,-0.473175
0.997764,-0.658216
0.903332,-0.694785
1.02815,-0.976093
1.08223,-0.981535
0.92954,-0.623648
1.11457,-0.896525
0.972038,-0.575467
1.05103,-0.687631
0.986302,-0.523759
0.889986,0.0319497
0.988619,-0.617177
0.899069,-0.104621
1.03234,-0.798562
0.897181,-0.0629095
0.946622,-0.597484
0.989818,-0.382608
1.02198,-0.961025
0.979471,-0.450201
0.931178,-0.477167
0.954578,-0.482863
1.03292,-0.788863
1.01308,-0.722872
0.929897,-0.360133
0.913831,-0.396355
1.00117,-0.634589
0.954759,-0.520623
1.0645,-1.07383
0.974329,-0.396795
0.931027,-0.146842
0.913753,-0.382437
0.940704,-0.225746
0.942947,-0.452894
1.03638,-1.01648
0.94217,-0.681138
0.923945,-0.312433
0.992466,-0.574856
0.910058,-0.17733
0.954017,-0.636354
0.886978,-0.0431679
0.967448,-0.548495
0.943541,-0.577444
1.01476,-0.634593
1.00411,-0.539804
0.97353,-0.543076
1.03454,-0.975327
0.895006,-0.0401656
0.868391,0.0421998
0.914237,-0.327384
0.891156,-0.0331665
1.00039,-0.833998
0.904448,-0.250763
0.917273,-0.315488
0.933364,-0.311547
0.942753,-0.328955
0.987791,-0.618291
1.03569,-0.917331
0.965497,-0.543081
1.08016,-1.31741
1.02844,-0.736513
0.928112,-0.127897
0.97795,-0.835222
0.971845,-0.370092
1.00285,-0.750284
0.975922,-0.658234
0.936105,-0.29094
0.971348,-0.679729
0.818942,0.354987
0.996135,-0.943748
0.988118,-0.698457
1.02383,-0.68149
0.943975,-0.579825
0.958528,-0.221784
0.868505,-0.0631355
1.02786,-0.648705
0.900496,-0.314391
0.845338,0.189227
0.917246,-0.383171
0.943982,-0.440845
0.871228,-0.0585695
0.884393,-0.0820667
0.922774,-0.0717373
0.912246,-0.364611
0.975458,-0.543706
0.954577,-0.490968
1.04927,-0.978725
0.983812,-0.481255
1.01632,-0.381815
0.94477,-0.695214
1.0243,-0.695035
0.891233,0.0570236
0.92899,-0.240192
0.927789,-0.416164
1.08113,-0.955382
0.969804,-0.664336
0.968571,-0.474475
1.01329,-0.649351
1.03851,-0.895467
0.996294,-0.776294
0.895654,0.0927927
0.963189,-0.883837
0.982836,-0.569376
0.953709,-0.309495
0.985495,-0.53256
1.01568,-0.776869
0.99728,-0.602317
0.962642,-0.871768
1.03237,-0.94917
0.957832,-0.516762
1.02256,-0.758352
0.948829,-0.153512
0.946447,-0.576249
0.891948,0.0606193
1.00173,-0.419397
0.919195,-0.487124
0.997945,-0.645645
1.00567,-0.472726
0.874031,0.137752
0.919351,-0.162102
0.914138,-0.0743229
0.885859,0.0575369
1.04563,-0.899803
0.894974,0.038306
1.05412,-0.562482
0.912631,-0.30777
0.969725,-0.606559
1.01022,-0.737237
1.08854,-1.01315
0.978324,-0.294369
1.00294,-0.735482
0.917299,-0.306581
0.924201,-0.465228
0.963716,-0.805326
0.903767,-0.197133
0.977382,-0.691894
0.97482,-0.776295
0.915552,-0.330148
0.900896,-0.271852
0.998241,-0.851161
0.858687,0.1442
1.05472,-1.03428
0.938857,-0.521748
0.93934,-0.378364
0.896917,0.136013
0.974794,-0.578834
0.976204,-0.410745
0.993032,-0.628956
0.946501,-0.348465
0.925795,-0.34411
0.991296,-0.888056
0.967046,-0.494145
0.933114,-0.33902
0.933208,-0.250546
0.910579,-0.22774
0.885255,-0.0596308
0.857525,0.150965
0.995032,-0.811873
0.99277,-0.69505
1.03903,-0.705565
0.926419,-0.343273
0.975845,-0.550505
0.974952,-0.560022
1.07018,-1.17869
0.923011,-0.00512206
0.979919,-0.449741
0.968215,-0.753158
1.00437,-0.860955
0.988089,-0.57857
0.851474,-0.0313768
0.874948,0.0139889
0.924292,-0.260012
0.99745,-0.556736
0.91451,-0.108004
0.936255,-0.444523
0.951145,-0.431773
1.02204,-0.785951
0.9779,-0.203434
0.816556,-0.0418532
1.02697,-0.71508
0.984706,-0.698464
0.927352,-0.488608
0.946223,-0.303604
0.908145,-0.395364
1.03113,-0.962562
0.989899,-0.354572
0.962863,-0.511256
0.95414,-0.226705
1.03179,-0.768658
0.907398,-0.143411
0.950163,0.0523482
1.03454,-0.822824
0.935113,-0.352752
0.981623,-0.851062
0.86799,0.0731359
0.886091,-0.303376
1.01104,-0.222289
0.885325,-0.30221
0.892761,-0.421377
1.02696,-0.872502
1.03348,-0.547095
0.898231,-0.098391
0.949917,-0.57486
1.02173,-0.788351
0.941465,-0.311468
0.945264,-0.475401
0.932072,0.00299223
0.849506,-0.0887971
0.992351,-0.647425
0.991222,-0.747315
0.935763,-0.548019
0.966342,-0.662355
0.968593,-0.594619
0.952141,-0.39977
0.931671,-0.283925
1.03646,-0.750287
0.974733,-0.706292
1.03863,-0.817831
1.06042,-0.477168
1.00021,-0.614513
0.903046,-0.321724
1.01836,-0.593311
1.08519,-1.01893
0.945883,-0.796022
1.0493,-0.913984
0.948089,-0.13827
0.998654,-0.455079
0.963927,-0.278904
0.986108,-0.851027
0.88062,0.0259737
1.00339,-0.458678
0.957309,-0.319288
0.977248,-0.455263
0.940936,-0.266864
0.9135,-0.260129
0.987428,-0.676355
0.880065,-0.187516
0.945958,-0.518396
1.00538,-0.902529
0.978888,-0.708607
0.958881,-0.398451
1.00765,-0.889089
0.938887,-0.560468
0.96636,-0.685952
0.926398,-0.0313359
0.919407,-0.0988538
1.03412,-1.11693
0.899313,-0.473092
0.919648,-0.320499
1.00271,-0.862611
1.02462,-0.852564
0.965691,-0.140146
0.930941,-0.18901
0.962391,-0.310406
1.04778,-0.560139
1.00191,-0.669654
0.949339,-0.280359
0.999343,-0.657357
0.933357,-0.328644
1.11576,-1.29205
0.938828,-0.528296
0.963507,-0.456184
0.969801,-0.508998
0.899928,-0.48553
0.983132,-0.547303
0.98272,-0.345375
0.980638,-0.710542
0.915704,-0.284687
0.935833,-0.27449
0.854792,-0.00879266
1.07359,-1.31312
0.932297,-0.351706
1.01436,-0.860902
0.949499,-0.775012
0.910202,0.0359518
0.950324,-0.437648
0.947247,-0.406318
0.909254,-0.0937158
0.99395,-0.626226
0.887539,-0.209152
0.924876,-0.487305
0.940155,-0.379684
0.950466,-0.45536
0.985861,-0.519652
0.959876,-0.59842
1.02,-0.730631
0.938609,-0.429922
1.01484,-1.02436
0.937132,-0.522522
0.966525,-0.287021
1.01966,-0.870126
0.948222,-0.564553
0.99392,-0.574363
0.970888,-0.583432
0.929166,-0.247736
0.984882,-0.504158
0.930045,-0.105534
0.868504,0.0923455
0.97597,-0.632252
1.00674,-0.296348
0.99776,-1.04996
0.975212,-0.365024
0.9581,-0.61823
1.02381,-0.644106
0.933542,-0.507526
0.949721,-0.449774
0.998343,-0.596428
1.02332,-0.792831
0.955794,-0.362703
0.892923,-0.296522
1.02222,-0.844032
0.928518,-0.40514
0.941991,-0.345059
0.956929,-0.437051
0.89779,0.0660051
0.996941,-0.95726
1.0175,-0.423794
0.93228,-0.473393
0.974428,-0.530239
1.00708,-0.823268
1.07009,-0.961765
0.918448,-0.205201
0.938305,-0.381738
1.00435,-0.499058
0.998994,-0.688116
0.964481,-0.397743
0.956591,-0.138564
0.955171,-0.749274
0.958095,-0.466404
0.999286,-0.588473
1.0445,-1.1652
0.999184,-0.75528
0.861297,0.183553
0.955703,-0.858468
0.887483,0.0572075
1.04324,-0.811788
0.964703,-0.41073
0.957923,-0.386202
1.07061,-0.839227
0.976069,-0.738964
0.850412,0.233463
0.962346,-0.650709
0.932224,-0.431005
0.987831,-0.706419
0.958149,-0.482675
1.07191,-0.899803
0.955488,-0.690571
1.02304,-0.421588
1.03801,-0.924493
0.862786,0.0189577
1.01934,-0.656023
0.975482,-0.180311
0.954374,-0.452288
0.965524,-0.332036
0.997349,-0.551312
0.962169,-0.472833
1.10313,-1.08239
0.921958,-0.129798
0.97516,-0.694389
1.03716,-0.513483
0.986129,-0.806072
0.989092,-0.622988
0.945491,-0.351939
1.04568,-0.742515
0.94412,-0.372802
1.02471,-1.02439
0.97211,-0.672122
0.996163,-0.515211
0.989719,-0.708674
0.938662,-0.538278
0.962904,-0.419593
1.04783,-0.517527
0.908605,-0.306073
0.955498,-0.513826
0.969092,-0.78774
0.979039,-0.532925
0.938464,-0.185476
0.996739,-0.740624
1.02836,-1.08873
0.978676,-0.561111
0.968129,-0.406792
0.928128,-0.39509
0.95609,-0.392277
0.974628,-0.841295
0.974812,-0.823148
1.0248,-0.720327
0.951062,-0.332594
0.964881,-0.558071
1.01132,-0.86433
0.934741,-0.090881
0.925041,-0.235125
0.968823,-0.608846
1.00483,-0.554645
0.941768,-0.500591
0.921591,-0.141539
0.944288,-0.452045
0.984894,-0.814615
1.02026,-0.927517
1.04931,-0.869756
0.926683,-0.315729
0.973995,-0.452999
1.00347,-0.658663
0.998923,-0.67401
0.881151,0.0944985
0.866908,0.0520566
0.978913,-0.391612
1.01074,-0.897121
0.923336,-0.244779
0.937251,-0.218456
0.975278,-0.468657
1.03814,-0.882133
0.975245,-0.361844
0.99527,-1.01421
1.00828,-0.945077
1.02062,-0.682594
0.896891,-0.50262
0.915222,-0.0935725
1.02703,-0.876568
0.916635,-0.0856207
0.941924,-0.495226
0.988937,-0.817364
0.982377,-0.67809
0.948277,-0.324511
0.908746,-0.091314
0.992084,-0.855552
0.940347,0.0192497
0.938732,-0.393805
0.961487,-0.295751
0.93752,-0.346884
1.00356,-0.852311
0.927656,-0.1945
0.957001,-0.223569
0.934217,-0.610068
0.940171,-0.538875
0.963632,-0.676558
0.997219,-0.489573
0.907847,-0.218097
1.00932,-0.846784
1.04341,-1.24098
1.03572,-0.665017
0.860378,-0.0200714
0.989482,-0.685062
0.923205,-0.251715
0.936596,-0.43063
1.04002,-0.648758
0.955735,-0.276857
0.959284,-0.437591
1.00356,-0.873024
0.917936,-0.386189
0.937864,-0.284225
0.937956,-0.33514
0.876653,-0.00974468
1.02092,-1.05182
1.0394,-0.607882
0.917405,-0.177901
1.00454,-0.483606
0.913749,-0.141285
1.0362,-0.941178
0.974427,-0.387331
0.907142,-0.635045
1.01719,-0.292015
0.883149,-0.104263
0.877701,-0.00784341
0.883694,0.0484087
0.884604,-0.569081
0.933661,-0.380926
1.02249,-0.674774
0.925055,-0.281143
0.913181,-0.201719
0.998212,-0.881875
0.950209,-0.343084
0.963431,-0.308498
1.01211,-0.706946
0.969404,-0.457753
0.969353,-0.64224
0.999482,-0.536417
1.03798,-1.12248
0.999859,-0.516377
1.03426,-1.02926
0.949591,-0.34239
0.931818,-0.439321
0.960967,-0.707804
0.994636,-0.651218
0.956052,-0.590669
0.983017,-0.490817
0.961026,-0.499186
0.931209,-0.0297596
1.07644,-0.781601
0.873614,-0.0685698
0.957143,-0.621106
0.943063,-0.335837
0.915867,-0.194879
0.968931,-0.58661
1.06227,-0.94703
1.04349,-1.0774
0.970833,-0.874297
0.995402,-0.578976
0.94214,-0.402393
0.921612,-0.380902
0.857473,0.0541848
0.927544,-0.482553
0.906107,-0.252382
0.956814,-0.547759
0.994609,-0.655181
0.945852,-0.477638
0.952319,-0.501536
0.874062,-0.100322
0.946326,-0.719569
1.00238,-0.842489
0.979188,-0.488695
0.933378,-0.668802
0.998571,-0.580848
0.910005,-0.389628
0.982714,-0.653736
0.987364,-0.716324
0.969114,-0.678169
0.91707,-0.107761
0.99316,-0.844163
1.00773,-0.969215
0.928845,-0.332189
0.928636,-0.612844
1.02797,-0.964637
1.05953,-0.93414
1.01119,-0.83001
0.873019,-0.207201
0.966047,-0.652628
0.890831,-0.224706
0.908346,-0.274005
0.974484,-0.554235
1.02814,-0.977533
1.0142,-0.785507
0.986018,-0.426827
0.928653,-0.307618
1.08025,-1.03505
1.00131,-0.611435
0.926212,-0.410621
0.858782,0.11957
1.00359,-0.783819
0.952087,-0.619151
0.976183,-0.427635
0.85542,-0.28519
0.956279,-0.264265
1.00628,-0.557301
0.942998,-0.321458
0.966822,-0.82365
0.902325,-0.440753
1.04461,-1.24548
0.944922,-0.447586
0.9748,-0.262249
0.988109,-0.663574
1.03754,-0.67193
0.947446,-0.377276
0.996726,-0.54509
1.03995,-0.903372
0.970565,-0.423261
1.05414,-0.975874
0.954084,-0.735378
0.966349,-0.521379
0.86476,-0.0958212
0.976733,-0.405968
1.0441,-1.06439
0.959169,-0.515657
1.03601,-0.729649
0.848088,-0.114652
0.938333,-0.398629
0.98665,-0.733655
1.03321,-1.00044
0.997105,-0.406038
0.962905,-0.541688
0.980083,-0.49824
0.918771,-0.115663
0.937208,-0.89744
0.97065,-0.485291
0.982917,-0.585072
0.962118,-0.287782
0.99282,-0.604487
0.907156,-0.184499
1.0004,-0.829617
0.861976,-0.0194229
0.899829,-0.237895
0.905292,-0.398219
0.961874,-0.641721
1.02532,-0.45514
0.875375,-0.419535
0.958774,-0.465624
0.997898,-0.596667
1.01143,-0.68027
0.954082,-0.343056
0.909908,-0.285975
1.0348,-0.829032
0.930203,-0.331721
0.990259,-0.929481
1.00426,-0.419472
0.960808,-0.626892
0.936234,-0.260045
0.957854,-0.591103
0.939707,-0.369427
0.959825,-0.506053
1.07627,-0.987382
0.956843,-0.435928
0.884862,-0.284024
0.913784,-0.258006
0.921221,-0.150983
0.93949,-0.297156
0.977452,-0.720089
0.966127,-0.757132
0.985895,-0.57761
0.985296,-0.668468
0.977624,-0.582949
1.04678,-1.04511
0.964575,-0.614772
0.948495,-0.546257
0.982939,-0.491963
0.966387,-0.271509
1.09502,-1.37189
0.989643,-0.456228
0.963981,-0.73051
0.922911,-0.472097
0.906992,-0.133248
0.933914,-0.154992
0.86391,-0.0887509
0.905257,-0.245545
0.944617,-0.39004
0.91809,-0.41834
1.00466,-0.917067
1.0458,-0.94323
1.07119,-1.2615
0.917514,-0.340669
1.00741,-1.0621
1.01254,-0.699844
0.901125,-0.241891
0.91223,-0.745048
0.978389,-0.610994
1.00187,-0.716633
0.958447,-0.476786
0.958741,-0.446116
0.879738,0.159983
1.02034,-0.951282
0.998395,-0.658054
0.991482,-0.481955
1.01592,-0.902442
1.0176,-0.611133
0.999141,-0.672371
1.08608,-1.30135
0.95068,-0.316025
1.00082,-0.375767
0.940178,-0.21064
0.914884,-0.295256
1.04337,-0.935691
0.88934,-0.12459
0.955137,-0.636562
0.965146,-0.304219
0.933006,-0.228999
0.967091,-0.463664
0.90978,-0.342868
1.00691,-0.917074
1.03986,-1.00405
1.02805,-0.573596
0.943414,-0.340048
1.06233,-1.04863
1.08301,-1.03238
1.00953,-0.915167
1.04946,-0.97373
1.03042,-0.688405
0.954047,-0.588958
0.999302,-0.901233
0.928262,-0.545096
1.04018,-0.845168
1.08049,-1.00141
0.887439,0.00738004
0.962282,-0.388644
1.01304,-0.770869
0.925062,-0.285397
1.03111,-0.531577
0.99879,-0.783183
0.960603,-0.270167
1.01242,-0.664848
0.923386,-0.230209
0.941718,-0.255559
0.929047,-0.234275
0.878332,0.025049
0.866573,0.239994
0.989016,-0.81913
1.03763,-0.61758
0.908,-0.559285
0.847839,-0.0684064
0.89965,0.142423
0.997857,-0.865403
0.934092,-0.105925
1.01081,-0.512604
0.959815,-0.711968
1.03063,-0.483869
0.983016,-1.02087
0.948484,-0.438223
0.943382,-0.0507842
0.930754,-0.103986
0.985935,-0.841825
0.942333,-0.625192
0.959525,-0.521628
0.944193,-0.145174
0.894998,-0.167033
1.06622,-0.986738
0.853841,0.0440736
1.02955,-0.797717
0.964963,-0.50337
0.984833,-0.859239
0.936186,-0.426081
0.943515,-0.433458
0.990854,-0.646201
1.03266,-0.913625
0.920239,-0.143128
0.988958,-0.523192
1.01676,-0.671307
0.899719,-0.10224
0.9803,-0.489533
1.05272,-0.773131
1.06721,-0.821114
0.996358,-0.720505
1.0661,-1.01237
0.90304,-0.569576
1.0024,-0.351934
0.931608,-0.222626
0.922407,-0.363703
1.0134,-0.690912
1.01698,-0.701408
0.967439,-0.505087
0.900637,-0.0221462
1.00205,-0.487604
1.04032,-0.656589
0.972522,-0.531855
0.962321,-0.459933
0.897735,-0.309025
1.02209,-0.863933
1.07491,-1.08717
0.880688,-0.241706
0.936083,-0.00418291
0.89426,-0.137678
0.914022,-0.204302
0.971281,-0.460253
0.973848,-0.605179
0.984171,-0.503541
0.978911,-0.482901
0.928383,-0.285532
1.04266,-0.805198
1.00445,-0.864911
1.07317,-0.730658
0.902972,-0.228362
0.993024,-0.23576
1.04859,-1.10864
0.941071,-0.529118
1.04257,-1.07982
1.01282,-0.711947
0.876931,-0.143832
0.980274,-0.600552
1.00781,-0.941071
0.917612,-0.267962
1.03984,-0.615604
0.986415,-0.426731
0.944495,-0.247546
0.901921,-0.256776
0.977966,-0.555817
0.869885,0.0191951
0.989602,-0.568797
0.866922,-0.0319376
0.919182,-0.461129
1.01906,-0.763135
0.971123,-0.576393
0.924099,-0.364438
1.0028,-0.74458
0.950617,-0.148145
1.02742,-0.86422
0.92954,-0.0826005
0.93881,-0.490935
0.941508,-0.450218
0.973959,-0.834233
0.946269,-0.444239
1.04245,-1.15083
1.00073,-0.61296
1.00056,-0.60117
1.07738,-1.04195
0.880266,0.0296108
0.911371,-0.159591
0.924233,-0.189109
0.90548,-0.552186
0.961742,-0.428103
1.07235,-0.847687
1.03455,-0.789633
0.911815,-0.23315
1.10966,-1.09468
0.915818,-0.0862059
1.03889,-1.037
0.987744,-0.916932
0.921354,-0.506983
0.934741,-0.244342
0.920597,-0.216464
1.06991,-1.11743
0.907217,-0.154201
0.932178,-0.355303
0.964897,-0.655248
1.00496,-0.582277
0.970169,-0.439686
0.87322,0.0703685
0.989929,-0.674464
1.09653,-0.96213
0.897268,-0.249255
0.985622,-0.714834
0.960838,-0.596381
1.03521,-1.03402
0.919707,-0.256893
0.979146,-0.843123
0.930125,-0.0617363
0.90197,-0.194842
1.0009,-0.592211
0.909577,-0.54855
0.865755,-0.0621348
0.899018,-0.225273
0.976946,-0.359665
0.976514,-0.735777
0.988054,-0.798437
1.01634,-0.425428
0.961469,-0.490698
0.952098,-0.431808
0.990657,-0.535904
0.901961,-0.242149
0.899226,-0.234249
0.930922,-0.0863816
1.01749,-0.526793
0.966633,-0.557103
0.967039,-0.428675
1.03828,-0.648071
1.00051,-0.445077
1.02365,-0.604681
1.04475,-0.862088
0.899226,-0.169065
0.995802,-0.905149
0.923106,-0.307864
0.908454,-0.181817
0.966033,-0.307409
0.948469,-0.43797
0.946537,-0.65454
0.948226,-0.284043
0.945534,-0.328806
0.916455,-0.254423
0.972739,-0.510768
0.934235,-0.487329
1.017,-0.826514
1.02609,-0.647709
1.00298,-0.38948
0.910931,-0.0277722
1.09629,-1.13976
0.95579,-0.504603
0.950065,-0.486343
1.00381,-0.76499
1.01044,-0.808467
0.959494,-0.316312
0.918512,-0.550176
0.959843,-0.481266
0.954857,-0.484519
0.956601,-0.620993
0.930414,-0.351636
0.918921,-0.237901
0.945466,-0.269362
0.947432,-0.343179
1.02745,-0.587786
0.91705,-0.30411
1.0364,-0.62345
1.012,-0.881532
0.886525,-0.362421
0.909414,-0.119274
0.965059,-0.536675
0.933664,-0.391481
1.01154,-0.981567
0.94432,-0.554697
0.935248,-0.372374
0.99762,-0.684709
0.949723,-0.48592
0.966143,-0.466454
0.992776,-0.623581
1.07009,-0.941581
1.07669,-0.779866
0.925333,-0.275674
1.06524,-0.928791
0.951702,-0.306955
0.913784,-0.392893
1.00275,-0.758832
0.954852,-0.585177
1.04141,-0.78387
1.02588,-0.858209
0.996555,-0.61006
0.977582,-0.409177
0.963958,-0.743988
0.981406,-0.761052
1.03044,-0.817831
0.932995,-0.384203
0.946924,-0.409937
0.897332,-0.180434
0.899297,-0.113853
0.979817,-0.384937
0.985929,-0.762898
0.951428,-0.46818
0.93459,-0.038575
0.974849,-0.645263
0.879698,0.186822
1.02037,-1.07369
1.02554,-0.972238
1.01307,-0.74734
1.0129,-0.607993
1.00049,-0.80193
0.999836,-0.546993
1.01684,-1.04773
0.970245,-0.498773
0.995074,-0.585559
1.01298,-0.781522
1.0364,-0.857822
0.946898,-0.637985
0.968051,-0.684535
1.04338,-0.799012
1.04169,-1.09126
0.94886,-0.57481
0.90553,-0.156633
0.976841,-0.775695
0.998721,-0.608944
0.986798,-0.576948
0.99601,-0.456452
0.965926,-0.401737
0.967668,-0.723902
1.01031,-0.606921
0.996972,-0.487636
1.0962,-0.915977
0.940262,-0.611477
0.916342,-0.243427
0.928154,-0.235498
0.956802,-0.51079
0.873012,0.0377297
0.985072,-0.703975
0.931709,-0.508043
0.9045,-0.453479
0.995986,-0.357641
0.873626,0.0665217
0.924439,-0.326332
0.957409,-0.45463
0.984328,-0.950609
0.956532,-0.528659
0.867433,-0.241078
0.978669,-0.739463
1.01745,-0.761181
0.9561,-0.314695
1.02995,-0.803101
1.03646,-1.0568
0.97869,-0.640028
1.05576,-0.803083
0.987988,-0.439203
0.885928,-0.19902
0.975452,-0.70696
0.990228,-0.564908
0.878631,-0.391362
1.02417,-0.939483
0.956672,-0.656082
1.00187,-0.500586
0.948755,-0.454439
0.944164,-0.20668
0.972687,-0.358904
0.906297,-0.245998
0.841993,-0.137773
1.08363,-1.15557
0.984577,-0.430878
0.910366,-0.183404
0.85046,-0.0806321
1.09906,-1.0696
0.918794,-0.510154
1.00987,-0.835585
0.907239,-0.139864
0.927446,-0.315506
0.93622,-0.485641
0.900914,-0.431506
0.903465,-0.431309
0.946915,-0.179118
0.915628,-0.0759047
1.0316,-0.770176
0.916639,-0.519225
0.979618,-0.565254
1.03615,-0.739178
0.908418,-0.324003
0.865939,0.318059
0.906132,-0.0547735
1.02253,-0.931726
0.966903,-0.518613
0.910825,-0.479082
1.01002,-0.81169
1.03705,-0.863197
0.939923,-0.470331
1.01082,-0.953443
0.939956,-0.380346
0.941607,-0.473397
1.01003,-0.357652
0.928408,-0.429792
1.0571,-0.992884
0.992052,-0.6271
0.958427,-0.584072
0.908285,-0.479633
0.940579,-0.444137
1.05484,-0.862473
0.92871,-0.171523
0.953932,-0.03133
0.811679,0.341613
0.907926,-0.189628
0.976408,-0.434283
1.03027,-0.632745
0.962571,-0.853786
1.05108,-0.783723
1.06927,-1.1396
1.04209,-0.578384
1.01521,-0.95244
0.951938,-0.19839
0.957447,-0.527051
0.926521,-0.397606
0.91241,-0.291173
0.973615,-0.631549
0.940484,-0.551827
0.905043,-0.383476
0.877823,0.131654
0.984173,-0.655754
0.924148,-0.432074
0.97702,-0.741008
0.902718,0.022882
0.924942,-0.178808
0.883391,-0.0450512
0.895542,-0.313725
0.909192,-0.293528
0.945835,-0.323998
0.968038,-0.789778
0.990955,-0.443632
1.07983,-0.838163
0.999501,-0.72738
0.981702,-0.653801
0.957288,-0.398843
0.977859,-0.52502
0.953713,-0.636845
1.00707,-0.67987
0.959359,-0.723558
0.905782,0.254685
0.900648,-0.077719
1.03885,-0.882479
0.960152,-0.280279
1.04373,-0.701359
0.976993,-0.460518
0.99105,-0.814349
1.05038,-0.867262
0.973041,-0.444511
0.903189,-0.194597
0.886494,-0.059577
0.946257,-0.219871
0.887328,0.098691
0.939084,-0.102174
1.02269,-0.814865
0.945099,-0.269866
0.964485,-0.616716
0.934805,-0.382975
0.980183,-0.477793
1.04303,-1.06737
1.06163,-1.11866
1.00925,-0.713922
0.968307,-0.595222
0.992765,-0.698161
1.02259,-0.982446
1.0281,-0.712903
1.05095,-0.815358
0.932745,-0.360147
0.868603,0.085381
0.915052,-0.328418
0.836414,0.298479
0.985857,-0.358739
1.00852,-0.761914
0.958174,-0.614306
0.975404,-0.520964
1.00982,-0.646678
0.976504,-0.370635
1.02393,-0.777939
0.964174,-0.396842
0.913259,-0.021507
0.944844,-0.188136
0.89012,-0.217821
0.935383,-0.164762
0.997794,-0.603078
0.942404,-0.530628
0.886744,-0.0577102
0.953062,-0.652275
0.914903,0.0182667
0.956389,-0.0764736
0.937172,-0.338431
0.979419,-0.508541
0.903338,-0.286136
0.908213,-0.252678
1.04009,-0.769156
0.955196,-0.500066
1.01465,-0.728982
0.92363,-0.296318
0.94887,-0.357887
0.976368,-0.617744
0.966202,-0.6979
0.963556,-0.636062
0.960917,-0.212418
1.027,-0.952802
1.03912,-0.618549
0.965333,-0.22046
1.00766,-0.796554
0.928243,-0.231209
0.953278,-0.307846
0.96098,-0.373332
0.964435,-0.626809
1.01241,-0.455737
0.968313,-0.344289
0.901774,-0.74893
0.944713,-0.369751
0.94874,-0.429962
0.991533,-0.485847
0.965352,-0.435702
0.912512,-0.29266
1.0024,-0.787139
0.99497,-0.708056
0.89769,-0.0657771
0.994162,-0.400937
1.06398,-1.22471
0.931225,-0.275936
0.954241,-0.378993
0.922149,-0.257723
0.903508,-0.336834
0.920193,-0.348005
1.03838,-0.624824
1.01797,-0.754203
0.975575,-0.656494
1.01798,-0.864161
0.912639,-0.280821
1.00403,-0.619078
0.978745,-0.64121
0.899275,-0.0910352
0.979447,-0.585943
0.966926,-0.622259
1.00845,-0.541185
1.01402,-1.17941
1.05568,-0.818846
0.992067,-0.440469
0.982854,-0.472617
0.924885,-0.276089
0.935664,-0.435656
0.973168,-0.731508
0.997057,-1.12243
0.970374,-0.564244
0.917478,-0.424227
0.962402,-0.320567
1.03904,-0.668312
1.01524,-0.865554
0.966831,-0.490898
1.05622,-0.928734
1.0228,-0.797044
0.986403,-0.718881
0.987894,-0.802356
1.008,-0.448147
1.0149,-1.07247
0.990146,-0.99743
0.94095,-0.638054
0.93396,-0.394332
0.97439,-0.373568
0.991581,-0.396237
0.948237,-0.619757
0.980596,-0.61654
0.914981,-0.480166
0.976024,-0.291581
1.0057,-0.730903
0.973483,-0.539593
0.994496,-0.54763
0.960092,-0.49266
0.964497,-0.463455
0.985042,-0.465509
0.98026,-0.656529
0.915679,-0.47433
1.00621,-0.320345
1.04111,-0.929136
0.902523,0.118568
0.925146,-0.403263
0.940899,-0.207843
0.922881,-0.200007
0.890556,0.0170814
0.890279,0.0835966
1.05432,-0.704728
1.00167,-0.783132
0.963728,-0.540071
0.906013,-0.493201
0.860866,0.0656911
1.00059,-0.822536
0.954094,-0.515441
1.01246,-0.60856
0.924176,-0.652946
0.88854,-0.387404
1.01533,-1.092
0.91497,-0.233763
0.907304,-0.24001
0.932983,-0.135127
1.0056,-1.04408
1.04716,-0.802018
0.965139,-0.523815
0.991208,-0.604433
0.920176,-0.184473
0.984936,-0.680693
1.00975,-0.637503
0.93067,-0.462345
0.918026,-0.173361
0.947604,-0.166309
0.905914,-0.228347
1.00597,-0.449294
0.935124,-0.336479
0.87196,-0.371242
0.94866,-0.263321
0.93903,-0.290752
1.00132,-0.626635
0.970925,-0.301995
0.967361,-0.43744
1.03113,-0.795227
0.963739,-0.546513
0.984749,-0.654664
0.981113,-0.119091
0.981599,-0.488905
0.970372,-0.369092
1.0037,-0.564524
0.947847,-0.373241
0.991697,-0.726505
0.931504,-0.502105
0.935184,-0.342062
0.925213,-0.285444
0.927717,-0.149783
0.955155,-0.397077
0.846865,0.07214
0.993021,-0.723508
0.984833,-0.429874
0.993287,-0.643371
0.970789,-0.29408
0.901521,-0.273493
0.928935,-0.513995
1.04645,-0.935882
1.03156,-0.699469
0.983281,-0.535868
1.03252,-0.988171
0.947674,-0.591929
0.914742,-0.0531292
0.990089,-0.421368
1.00696,-0.384769
0.983535,-0.778401
0.842381,-0.0359642
1.04138,-0.721986
0.966958,-0.702513
0.953883,-0.240419
0.935543,-0.242071
0.955254,-0.928426
0.884451,0.108882
0.924747,-0.239824
1.04311,-0.693
1.0309,-1.05783
0.871045,-0.0900002
0.963224,-0.365891
0.981923,-0.658865
1.0244,-0.760477
0.971321,-0.548312
0.951923,-0.573372
0.976458,-0.42945
0.942097,-0.514631
1.00757,-0.450654
0.965486,-0.377853
1.01654,-0.714739
0.957381,-0.300376
0.953173,-0.365337
0.986614,-0.454376
0.840623,-0.149909
0.970462,-0.645422
0.932399,-0.246857
0.977817,-0.488648
0.978696,-0.133083
0.922619,-0.433246
1.05073,-0.741275
0.988975,-0.577821
0.874516,-0.0430195
0.911277,-0.474806
1.00731,-0.622129
0.941448,-0.46358
0.996188,-0.72242
0.946349,-0.430773
0.947331,-0.387895
0.952365,-0.476413
0.949116,-0.461847
0.996288,-0.859237
1.00345,-1.04913
0.975097,-0.5682
0.947317,-0.266047
0.925988,-0.128269
0.98042,-0.533421
0.985244,-0.505203
0.915359,-0.294207
0.866968,-0.621131
0.907956,-0.3717
0.996613,-0.868781
0.932709,-0.516501
0.907555,-0.212594
0.898738,-0.153723
0.968284,-0.78512
0.958194,-0.412051
0.957569,-0.526197
0.928002,-0.2788
0.924263,-0.294939
0.933497,-0.617997
0.942664,-0.129356
0.937829,-0.41943
0.966655,-0.573336
0.945037,-0.51994
0.98575,-0.626997
0.929322,-0.184183
0.97551,-0.637076
0.970463,-0.531348
0.854306,0.00937517
0.991664,-0.0706345
0.907341,-0.00936423
1.02142,-0.644851
0.955373,-0.417485
0.916979,-0.316256
1.07259,-0.983305
0.930527,-0.654689
0.948374,-0.706772
1.04633,-0.50941
0.942116,-0.495282
0.926031,-0.252803
1.0499,-1.09305
0.92191,-0.519865
0.880472,-0.0909867
0.987892,-0.6443
0.942311,-0.197669
0.920397,-0.107845
0.891643,-0.429223
0.999062,-0.486748
0.935124,-0.432655
0.990274,-0.589869
0.98659,-0.590704
0.99904,-0.715277
0.996578,-0.632351
0.955825,-0.0989603
1.01799,-0.932074
0.938828,-0.322374
0.97682,-0.412782
0.996598,-0.523237
0.962376,-0.575684
0.972079,-0.493977
0.975148,-0.0550887
0.866663,-0.141176
1.03083,-0.972006
0.859982,-0.217384
1.02316,-0.607715
0.910844,0.104656
1.03065,-1.09813
1.01013,-0.893789
0.935974,-0.741647
0.970425,-0.360415
1.01952,-0.75042
0.935608,0.0366299
0.917139,-0.0592037
0.923683,-0.45413
0.96875,-0.774474
0.855443,-0.0407561
0.917855,-0.275897
0.962323,-0.350833
0.93513,-0.43167
0.968364,-0.686623
0.93391,-0.302746
0.983406,-0.627129
0.900799,0.00243697
0.947201,-0.142703
0.987493,-0.625762
1.02989,-0.880762
0.934217,-0.687747
1.0212,-0.466873
0.998792,-0.605277
0.916292,-0.537052
1.0566,-0.453912
0.960184,-0.331051
0.959695,-0.70769
0.870529,0.12769
0.993459,-0.503366
0.905078,-0.130765
0.915287,-0.530131
0.922176,-0.037244
0.971385,-0.458216
0.945859,-0.697018
1.02374,-0.781881
1.00799,-0.901424
0.986458,-0.450104
1.00562,-0.821107
1.03168,-0.683928
0.984375,-0.579529
0.912242,-0.304746
1.05892,-1.07509
1.04703,-0.720297
1.0469,-0.606983
0.954682,-0.416487
0.957613,-0.358166
0.949962,-0.485849
0.907893,-0.277801
0.976785,-0.372692
0.944182,-0.0106598
0.84288,0.1871
0.878619,-0.0238914
0.931097,-0.529565
0.870638,-0.182913
1.03865,-0.841147
0.983726,-0.53153
0.932768,-0.327158
0.904769,-0.154528
0.932749,-0.824975
1.02401,-0.651432
1.00199,-0.871231
0.960065,-0.590508
1.06887,-0.839675
1.05723,-1.14711
1.00751,-0.563311
0.975613,-0.506132
0.939994,-0.326076
0.906817,-0.531123
0.931228,-0.430708
1.01642,-0.661171
1.00823,-0.535332
0.957414,-0.587801
1.06805,-0.730163
0.9378,-0.239022
0.950297,-0.493982
1.06097,-0.609202
0.95261,-0.435181
0.927772,-0.407912
0.927,-0.351562
1.02729,-0.776726
0.970416,-0.621558
0.936663,-0.466964
0.915146,-0.330555
0.983378,-0.601621
0.924908,-0.268774
0.993379,-0.631125
0.940427,-0.343962
1.1184,-1.19655
1.00503,-0.751168
0.899855,0.0165382
0.915728,-0.1671
0.926416,-0.253315
0.947873,-0.48078
0.966482,-0.429401
0.842571,0.339101
0.979703,-0.470809
0.953942,-0.432176
1.06056,-1.19785
1.03883,-0.811019
0.878235,-0.23958
1.07683,-0.94235
0.918244,-0.612148
0.943136,-0.436393
0.964086,-0.520972
0.992827,-0.590708
1.0159,-0.690552
1.02689,-0.789024
0.962485,-0.273998
0.914578,-0.491742
1.02547,-0.930627
0.95348,-0.125172
0.933889,-0.319488
0.977028,-0.542186
0.929133,-0.318135
0.942752,-0.0966868
0.999805,-0.573896
0.932458,-0.526475
0.985016,-0.789962
0.895944,-0.128867
0.947038,-0.416901
0.954844,-0.362136
0.921552,-0.320576
0.942411,-0.368075
0.988051,-0.784785
0.915101,-0.561319
0.980579,-0.685648
0.975424,-0.282342
0.994183,-0.183265
0.917584,-0.259275
0.945302,-0.0947916
0.96746,-0.566457
0.954151,-0.649904
0.959846,-0.928007
0.978931,-0.520272
0.955229,-0.882077
1.00847,-0.667371
1.01664,-1.05699
0.996275,-0.821787
0.941946,-0.504704
0.914712,-0.673949
1.07364,-1.15341
1.0344,-0.67379
0.954524,-0.669471
0.998494,-0.509422
0.920604,-0.208621
0.935306,-0.192967
0.931073,-0.316229
0.959814,-0.481863
0.978529,-0.773701
0.982219,-0.464334
0.834304,0.154664
0.958064,-0.339801
1.12309,-1.33993
1.03233,-0.837347
0.967414,-0.5916
0.994332,-0.485004
0.895311,-0.406883
0.945504,-0.365795
0.964333,-0.650776
0.964097,-0.570326
0.935405,-0.154342
1.0053,-0.74933
0.998324,-0.65127
0.982771,-0.373848
0.980425,-0.514049
1.07111,-0.850376
1.02123,-0.79045
0.931185,-0.402812
0.984809,-0.686705
0.932309,-0.111275
0.980096,-0.309286
0.907116,-0.253917
0.87387,-0.103931
0.952713,-0.52365
0.966835,-0.496264
1.0062,-0.833517
0.920641,-0.624743
0.884998,-0.0742538
0.992641,-0.762828
0.991079,-0.622983
0.934713,-0.216681
1.00598,-0.748763
1.02826,-0.694236
0.958592,-0.741144
0.971148,-0.493196
0.974519,-0.557659
0.943258,-0.278898
0.996763,-0.595744
0.969072,-0.398014
0.999459,-0.53553
0.937477,-0.244731
0.928159,-0.362234
0.950116,-0.666898
0.952466,-0.247843
1.02596,-0.804308
0.989237,-0.693508
1.06622,-0.999351
0.946031,-0.184612
1.01441,-0.772317
0.943019,-0.30911
0.91026,-0.364958
0.966748,-0.558166
1.0604,-0.610149
0.897282,-0.205485
0.971037,-0.526044
0.926167,-0.410722
0.946658,-0.542828
0.934995,-0.200902
0.978521,-0.266792
0.976651,-0.596358
1.03471,-0.718615
0.957833,-0.494442
1.03022,-0.910461
0.972876,-0.373528
0.942287,-0.69598
0.971558,-0.471904
0.95225,-0.717535
0.906065,-0.286439
0.878247,-0.0629508
1.04051,-0.757692
0.967234,-0.50114
0.938573,-0.545122
0.951262,-0.399162
1.04608,-1.02319
1.0256,-0.726901
0.941855,-0.543371
0.991742,-0.719801
0.95432,-0.4476
0.938893,-0.291508
0.968274,-0.113745
1.02288,-0.844799
0.964836,-0.596214
0.961378,-0.568705
0.926171,-0.124829
0.980691,-0.639983
0.951137,-0.658838
0.963837,-0.597688
1.02061,-0.662034
0.965311,-0.315646
0.899111,-0.250346
1.02196,-0.672965
0.924839,0.00865715
1.00959,-0.821998
0.953889,-0.41093
1.04632,-0.351581
0.959755,-0.738584
1.01978,-0.510159
1.01723,-0.500717
0.868567,-0.0890148
0.997596,-0.534952
1.01362,-0.926428
0.872226,0.0302371
0.997967,-0.818694
0.991529,-0.545471
0.970223,-0.644493
0.927106,-0.455549
0.999882,-0.738476
0.972034,-0.714613
0.987207,-0.907049
0.953244,-0.568708
1.00351,-0.401202
0.936814,-0.29956
0.939645,-0.346502
0.991642,-0.539237
0.917274,-0.205656
0.933208,-0.334347
0.992772,-0.948412
0.967475,-0.687405
0.90658,-0.215311
0.914749,-0.155767
0.983694,-0.457865
0.947674,-0.416274
1.02618,-0.750669
0.966153,-0.812849
0.962783,-0.255486
0.894419,-0.449309
0.930127,-0.47544
0.939233,-0.385662
1.0773,-1.29283
1.01076,-0.677775
0.917909,-0.114116
0.902676,-0.070291
0.879908,-0.221275
0.947473,-0.456152
0.972378,-0.759259
0.988733,-0.57928
0.996828,-0.626387
1.12178,-1.32855
0.96288,-0.54706
0.910575,-0.22384
0.894893,-0.480057
0.974231,-0.581387
0.971662,-0.410018
0.91969,-0.311847
1.03471,-0.981653
0.904571,-0.263907
0.970975,-0.301999
0.975311,-0.447791
0.999976,-0.644668
0.956388,-0.406832
0.947124,-0.428643
1.01228,-0.754007
0.893137,0.144297
0.976379,-0.484754
0.904728,-0.185263
0.941406,-0.361222
0.915279,-0.443783
0.931638,-0.376201
0.899771,-0.440442
1.04387,-1.18873
1.01428,-0.681935
0.912041,-0.424142
0.97893,-0.436638
1.01382,-0.843882
1.00216,-0.627388
1.01636,-0.720982
0.991015,-0.398194
0.879216,0.0833017
0.917978,-0.104126
0.923592,-0.49982
0.989528,-0.999242
0.917951,-0.08539
0.954682,-0.691672
0.943817,-0.404786
1.02501,-0.813664
0.966577,-0.774017
1.0737,-1.01633
0.939781,-0.588982
1.05767,-0.815207
0.923913,-0.215034
0.931841,-0.403715
0.989532,-0.609076
0.954286,-0.644095
1.02044,-1.0182
0.895382,-0.392582
1.02253,-0.739089
0.948605,-0.227257
1.00442,-0.683523
0.952619,-0.438312
0.89834,-0.0847806
0.943193,-0.425689
0.989959,-0.576463
0.99366,-0.703552
0.968724,-0.344678
1.02875,-0.825915
0.965703,-0.70211
0.90288,0.0624506
0.920698,-0.233244
0.952783,-0.283043
1.10048,-1.09662
1.0186,-0.916717
0.925321,-0.611313
1.03,-0.714425
0.949431,-0.493388
0.916293,-0.138758
0.923675,-0.311528
0.964346,-0.381413
1.01533,-0.957475
0.937962,-0.300071
0.989246,-0.778262
1.05013,-1.06071
0.943368,-0.411848
1.08796,-0.674781
0.981843,-0.405409
0.997003,-0.603685
1.03449,-0.747931
0.978078,-0.575521
1.05316,-0.780481
0.944087,-0.334323
0.988183,-0.481041
0.996957,-0.496621
0.899901,-0.222167
0.944754,0.00765192
0.912873,-0.30162
1.0304,-0.876732
0.945784,-0.701764
0.896319,-0.352556
0.969011,-0.427326
0.982656,-0.437323
0.877462,0.0777317
1.02128,-0.819124
0.861933,-0.313337
0.951429,-0.560946
0.941156,-0.350155
0.991952,-0.751221
0.997313,-0.400232
1.079,-1.10274
0.947718,-0.504914
0.934087,-0.236912
0.9577,-0.116538
0.866118,-0.208131
0.929085,-0.570906
0.924122,-0.451
0.969069,-0.661541
0.972222,-0.487696
0.982914,-0.532499
0.999256,-0.436931
0.974357,-0.722776
0.977273,-0.521304
0.998096,-0.582671
0.910097,-0.506421
0.896243,-0.174304
0.943295,-0.287813
0.84684,0.0920525
0.992014,-0.577954
1.02423,-0.875977
0.946858,-0.395796
0.876497,-0.036676
0.885403,0.0298997
1.02945,-1.05604
0.988075,-0.572675
1.03579,-0.791566
0.942058,-0.497998
1.05138,-0.794918
0.929646,-0.367073
0.964496,-0.349696
0.994744,-0.944131
1.00189,-0.582805
0.941532,-0.219455
0.929983,-0.618786
0.9919,-0.510401
0.968971,-0.52409
0.974274,-0.247237
0.912715,-0.610074
0.904744,-0.293209
1.00601,-0.460695
1.00855,-0.552669
0.953008,-0.575829
0.878155,-0.174684
0.95287,-0.546066
0.921424,-0.548785
1.01308,-0.752101
0.992809,-0.537614
1.01656,-0.832365
0.949841,-0.385684
1.06559,-0.840277
0.984868,-0.459762
1.02629,-0.666673
0.925109,-0.444217
0.982592,-0.540942
0.936427,-0.232612
0.937687,-0.430868
0.937354,-0.420565
0.961099,-0.530129
1.06414,-0.77065
1.0883,-1.21349
0.991493,-0.621156
0.997998,-0.840934
0.993462,-0.204828
1.02382,-1.02469
0.9595,-0.327293
0.98434,-0.524824
0.942143,-0.408387
0.924798,-0.477189
0.946782,-0.404495
0.85903,-0.0188662
0.927105,-0.367708
0.997147,-0.768317
1.00329,-0.694187
0.904275,-0.21706
0.998784,-0.332999
1.02114,-0.9678
0.881921,-0.0992199
0.938937,-0.125929
1.09359,-1.08592
0.970378,-0.343558
1.07852,-0.884028
0.99571,-0.290058
0.989162,-0.398204
0.924782,-0.54466
0.99402,-0.552474
0.981752,-0.496239
0.898465,-0.302379
1.0544,-1.02661
1.00551,-0.560165
0.995006,-0.779314
0.981107,-0.611035
0.979958,-0.423851
1.01856,-0.678356
0.966806,-0.703031
0.936532,-0.519692
1.02849,-0.834002
0.976494,-0.514107
1.01495,-0.864286
0.930765,-0.428047
0.970546,-0.623193
0.969527,-0.679223
0.893404,-0.130616
1.00843,-0.859358
0.954971,-0.565543
0.940874,-0.55606
0.990549,-0.293275
0.943869,-0.339369
0.966053,-0.50477
0.96091,-0.210557
1.02589,-0.851759
1.00472,-0.667909
0.891108,-0.221129
0.959745,0.0384636
0.970324,-0.628342
0.913991,-0.537153
1.01592,-0.625358
0.938603,-0.0498809
0.89092,-0.435942
0.84376,0.114066
0.919714,-0.370663
0.944428,-0.602605
1.00568,-0.687113
0.932229,-0.133196
0.939129,-0.370657
0.899074,0.0841671
1.00157,-0.645042
0.90439,-0.28905
0.889051,-0.094847
0.909346,-0.56288
0.938995,-0.225327
0.967769,-0.471229
0.905859,-0.280572
1.04458,-0.959062
0.945816,-0.398829
1.07082,-0.781518
1.0024,-0.768035
0.905716,-0.164557
0.949661,-0.456969
0.912329,-0.497063
0.853479,-0.00755004
0.95705,-0.56218
1.00176,-1.20597
0.93065,-0.536326
0.98914,-0.6871
0.967614,-0.416242
1.05855,-1.07104
0.919087,-0.229075
0.971324,-0.4257
0.914575,0.0739198
0.897106,-0.189861
1.07385,-0.717221
1.0373,-0.93847
0.976646,-0.577002
0.967962,-0.794301
0.95864,-0.432587
0.996058,-0.551453
0.945346,-0.283026
0.944566,-0.379786
0.982137,-0.820696
0.90123,-0.284813
1.06539,-0.663638
0.94822,-0.335892
0.986833,-0.598661
0.882648,-0.178989
0.960319,-0.513547
0.903702,-0.443064
1.00603,-0.47074
0.940073,-0.312066
0.926211,-0.380801
0.940123,-0.179896
0.971832,-0.158103
0.944113,-0.222724
1.02018,-0.634162
0.951361,-0.449584
1.03731,-0.792006
1.0064,-0.935438
0.976014,-0.702006
0.887706,-0.237961
0.946326,-0.47274
1.01789,-0.503835
0.994863,-0.379738
0.964325,-0.345166
0.981051,-0.552564
1.01109,-0.82889
0.885401,-0.0318402
0.938042,-0.325892
0.96245,-0.232819
0.936994,-0.0702628
0.954437,-0.468726
0.985623,-0.600567
0.941872,-0.333749
0.87639,0.0253268
0.938491,-0.053309
0.963071,-0.206687
0.893824,-0.115453
1.02366,-0.660037
0.976782,-0.648476
0.950102,-0.621731
0.905874,-0.233656
1.00548,-0.694881
0.992503,-0.577563
1.03042,-0.693508
0.9381,-0.292468
0.9905,-0.500468
0.969222,-0.707969
0.982673,-0.307678
1.04273,-1.043
1.02684,-0.726133
1.00119,-0.722248
0.988266,-0.621944
0.970426,-0.524375
0.969025,-0.498322
0.971717,-0.460342
0.892215,-0.140381
0.980958,-0.50231
1.05154,-0.610188
0.84961,-0.187118
0.931116,-0.555085
1.03198,-1.22314
0.944275,-0.398544
0.977573,-0.459893
0.993256,-0.800449
0.89647,-0.272331
0.924854,-0.246266
0.970595,-0.435673
0.918151,-0.473252
0.982365,-0.515732
0.920586,-0.380093
0.966191,-0.488595
1.01776,-0.77597
0.860857,-0.0930039
0.938089,-0.419114
0.981615,-0.530241
0.964852,-0.700747
0.899539,-0.426319
0.841973,-0.0816124
0.940204,-0.854049
0.975117,-0.456893
0.964505,-0.566496
1.01279,-0.670792
0.962015,-0.405522
1.04336,-0.897141
0.889188,-0.253449
0.956214,-0.525054
1.00666,-0.724989
0.937849,-0.500292
0.968427,-0.506979
0.863847,-0.268809
0.943611,-0.242861
1.06276,-1.16994
0.923283,-0.169648
1.0131,-0.394812
0.948404,-0.517097
0.966771,-0.445166
0.912933,-0.0534777
1.00956,-0.752701
0.975065,-0.470034
0.904236,-0.161012
0.985046,-0.63569
1.07758,-0.800271
0.988634,-0.471388
1.02611,-0.826194
1.08787,-0.79634
0.927457,-0.455378
0.986508,-0.463442
0.905138,-0.110257
0.980518,-0.689316
0.979081,-0.734218
0.999441,-0.468626
1.06694,-1.18936
0.968261,-0.490311
0.972051,-0.480441
0.946675,-0.16493
1.08452,-0.999697
0.926832,-0.436761
1.0601,-1.03042
0.974367,-0.307029
0.989835,-0.58609
0.908543,-0.173971
0.928871,-0.473878
0.997902,-0.806938
1.04094,-0.838519
0.986018,-0.560184
0.950786,-0.470673
0.945223,-0.698738
0.893732,-0.179285
0.985951,-0.40373
0.947345,-0.617151
0.949044,-0.485556
1.01895,-0.825962
0.99695,-0.705776
1.04852,-1.09076
0.94601,-0.213725
1.00919,-0.961173
0.900273,-0.107646
0.965076,-0.47158
1.03321,-0.663041
0.953415,-0.3539
0.939142,-0.16124
0.978361,-0.541235
0.949348,-0.392984
0.95847,-0.705703
0.962613,-0.547445
0.934783,-0.44424
0.993449,-0.817096
0.944856,-0.135271
0.98452,-0.725208
0.886151,-0.152219
1.03259,-0.741034
0.967027,-0.554535
0.983966,-0.520857
0.946708,-0.470098
0.884582,-0.0818956
0.97878,-0.558689
1.03176,-0.959011
0.969793,-0.770039
0.967672,-0.607385
0.973641,-0.454388
0.956741,-0.467772
0.972749,-0.442778
0.955773,-0.355852
1.0207,-0.876059
0.981206,-0.352455
1.04096,-0.775622
0.940164,-0.434027
0.884706,0.0989224
0.966861,-0.696258
1.06073,-0.891843
0.947959,-0.531122
1.00566,-0.741676
0.945696,-0.463011
0.945598,-0.327131
0.890069,-0.536396
0.884295,0.0285772
0.990994,-0.684792
0.927664,-0.111244
1.03141,-0.638391
1.01084,-0.655709
1.00776,-0.860201
0.946131,-0.17397
1.02215,-0.570648
1.07868,-1.02065
0.981927,-0.583176
1.02106,-0.701756
1.00172,-0.751419
1.0559,-0.635277
0.956897,-0.453451
0.947202,-0.433448
0.94316,-0.0217896
0.930051,-0.295469
0.920268,-0.430061
0.941858,-0.736087
0.965885,-0.205508
0.929934,-0.608614
0.966477,-0.686525
0.899588,-0.296662
1.07083,-1.13693
0.923625,-0.0874224
0.88114,0.0949557
0.952007,-0.341863
0.93856,-0.351382
0.993103,-0.664738
0.811649,0.319509
1.06938,-1.10474
0.959946,-0.60195
0.911851,-0.0467903
0.928998,-0.351033
0.869046,0.0889916
0.952932,-0.337666
0.888179,-0.213268
0.869208,-0.236881
0.92895,-0.465623
0.865834,-0.433937
1.03096,-0.658204
1.05216,-1.01524
0.915275,-0.319169
0.96132,-0.716255
0.877908,-0.03608
0.895756,-0.120835
0.957645,-0.759457
1.04367,-0.992835
1.02803,-0.603355
0.978527,-0.81115
0.990843,-0.771489
0.99077,-0.662184
0.823518,-0.0553519
0.930553,-0.232778
0.940642,-0.534465
1.00563,-0.433279
0.947002,-0.645755
0.859229,0.200596
1.03052,-1.01405
0.927275,-0.185666
1.01449,-0.624639
0.896285,-0.010169
0.981549,-0.557529
0.91014,-0.197364
0.963179,-0.33816
0.915234,-0.403579
0.949258,-0.516434
1.00038,-1.02377
1.0093,-0.982303
0.928061,-0.448288
0.957197,-0.568176
1.07841,-0.647447
0.997071,-0.469557
0.982364,-0.437607
0.945019,-0.351097
0.99231,-0.780289
0.965054,-0.513979
0.956563,-0.665903
0.9496,-0.53762
1.0173,-0.561042
0.951721,-0.654946
1.00855,-0.731069
0.861677,0.0537112
0.959141,-0.684562
1.01756,-0.939392
1.01934,-0.852746
0.97963,-0.563881
1.01456,-0.896631
0.963724,-0.495293
0.95263,-0.479774
1.0229,-0.472385
0.984005,-0.676915
0.960611,-0.516151
1.00178,-0.878351
0.963221,-0.370502
1.04264,-0.677418
0.907246,-0.368738
0.902364,-0.685181
0.854806,0.328998
1.00094,-0.872343
0.943786,0.0133728
1.08556,-1.17573
0.988998,-0.650589
1.01565,-0.780349
1.02131,-0.764847
0.991947,-0.666861
0.966283,-0.759697
0.946429,-0.53338
0.903731,-0.218199
0.974051,-0.469229
0.923179,-0.427184
0.986226,-0.471014
0.936297,-0.264514
1.00885,-0.915211
1.00081,-0.701748
0.971415,-0.626863
0.99741,-0.679598
0.935733,-0.415068
1.00409,-0.561131
0.949662,-0.400465
0.853346,0.0113399
0.942752,-0.190457
0.929487,-0.208274
0.998076,-0.662474
0.972155,-0.314553
1.0044,-0.769331
0.976721,-0.704683
0.960043,-0.402434
0.927839,-0.272857
0.917475,-0.0472974
1.03742,-0.945798
0.934531,-0.377807
0.842365,0.0142908
0.915803,-0.342451
1.01088,-0.708484
0.937715,-0.637921
0.924015,-0.234356
0.953129,-0.69202
0.982994,-0.809965
0.955873,-0.23005
0.947741,-0.552275
0.910187,-0.576762
1.01708,-0.894814
0.991811,-0.426988
1.04125,-0.851353
1.01005,-0.771853
0.942509,-0.337515
0.954512,-0.238726
0.937383,-0.407541
1.03999,-0.87726
0.95343,-0.482467
1.00774,-0.381051
1.02791,-0.676282
1.07902,-0.826481
0.951356,-0.313341
1.06164,-1.16361
1.01422,-0.44513
0.903171,-0.1653
1.00214,-0.474872
1.0185,-0.977016
0.977675,-0.56677
0.989874,-0.512404
0.990908,-0.686889
0.961099,-0.69327
1.061,-0.967361
1.07016,-0.934835
0.966316,-0.275762
1.0107,-0.689008
1.04428,-0.923923
0.88313,0.106098
0.978242,-0.658605
0.921627,-0.0694172
0.849432,-0.053891
0.947063,-0.588803
1.00738,-0.570694
1.0758,-0.992329
0.934805,-0.604263
0.951775,-0.346511
0.954925,-0.54762
0.944121,-0.487502
0.946817,-0.555845
0.957154,-0.707099
1.0833,-1.02901
0.964451,-0.506564
1.00874,-0.828313
0.954056,-0.501666
0.954558,-0.287506
1.00647,-0.745229
0.95961,-0.204407
0.924777,-0.355671
0.944687,-0.181095
0.943556,-0.0243087
0.970649,-0.571504
0.886069,0.0239734
0.983901,-0.757494
0.975671,-0.674477
1.00104,-0.417489
0.927656,-0.102943
1.00196,-0.861475
0.953361,-0.326047
0.885982,-0.294593
0.96148,-0.497388
0.9554,-0.571388
0.881065,0.318869
0.960718,-0.539516
0.951101,-0.518305
0.918435,-0.575384
1.08235,-1.10342
0.93833,-0.109487
0.961992,-0.55198
0.942765,-0.331276
0.882081,0.0504596
0.998973,-0.563101
0.956603,-0.206548
1.06488,-0.922536
0.980736,-0.721499
1.02246,-0.714366
1.03185,-0.72729
0.929066,-0.70949
0.961331,-0.404117
1.0215,-0.594229
0.983341,-0.404808
0.956103,-0.222619
0.985261,-0.522247
0.941814,-0.392504
0.997531,-0.808548
0.9482,-0.298456
0.967752,-0.664962
0.925901,-0.254937
0.916328,-0.326195
0.935784,-0.154422
0.976512,-0.448162
0.936216,-0.391139
0.971535,-0.764275
1.03262,-1.09194
1.03855,-0.960703
0.936421,-0.663686
1.00789,-0.803139
0.947658,-0.46001
0.977814,-0.515555
0.949099,-0.124583
1.02112,-0.891492
0.964113,-0.248817
0.957117,-0.425268
0.882648,-0.263199
0.963712,-0.455059
0.890825,-0.311435
0.902582,-0.224648
0.953613,-0.413536
0.977188,-0.614892
0.977824,-0.704999
1.02751,-0.793602
0.999069,-0.706981
1.02809,-0.841103
0.984679,-0.561963
0.953688,-0.247272
0.931885,-0.469373
0.968959,-0.748672
1.0288,-0.750634
0.922205,-0.449041
0.887511,-0.381203
1.0651,-0.951956
0.969171,-0.28259
0.974297,-0.571154
0.919651,-0.451052
1.04592,-0.788863
0.92525,0.000440266
0.987651,-0.618527
0.947619,-0.610647
0.933638,-0.224028
0.951444,-0.179134
0.934025,-0.304973
1.04693,-0.573349
0.991237,-0.815384
0.875807,0.00492094
0.952485,-0.395822
0.988141,-0.747436
0.954269,-0.271894
0.94792,-0.453313
1.0069,-0.484428
0.971373,-0.466505
0.965364,-0.449343
1.04659,-0.754372
0.954085,-0.494892
0.943159,-0.0507165
1.01916,-0.838491
0.917185,-0.265737
0.898923,-0.357038
1.03844,-0.836716
0.961669,-0.273082
0.991882,-0.756677
0.901901,-0.0565697
0.968102,-0.298551
1.09605,-1.30682
0.960307,-0.403474
0.989385,-0.63615
0.961035,-0.34362
0.965764,-0.487568
0.991085,-0.536061
0.949045,-0.364901
1.01797,-0.529928
0.952116,-0.705213
0.928314,0.0221761
0.84955,-0.0646263
0.984721,-0.838135
0.988859,-0.883471
1.04161,-0.818691
0.905955,-0.02589
0.930432,-0.486061
0.949271,-0.537356
0.975206,-0.5871
0.951317,-0.570196
0.9776,-0.751123
0.935888,-0.152287
0.979869,-0.605717
0.950224,-0.36698
1.02841,-0.68825
0.924021,-0.441616
0.943057,-0.164823
0.886384,0.0422651
0.906991,0.0184695
1.00774,-0.583878
0.917284,-0.429715
0.920323,-0.338115
0.937192,-0.386727
0.950556,-0.0494366
0.897161,-0.224694
0.975175,-0.566032
0.961362,-0.424074
0.963434,-0.408934
0.965196,-0.525224
0.973011,-0.489747
1.02577,-0.579885
0.957438,-0.737272
0.873289,-0.286425
1.0374,-0.987747
0.929338,-0.311323
0.991275,-0.544492
0.892657,-0.248437
0.981148,-0.531867
0.891012,0.0277027
0.946872,-0.384467
0.92297,-0.51604
0.939258,-0.332832
0.941445,-0.454966
0.934406,-0.457448
0.949775,0.0188097
1.01202,-1.05741
0.956387,-0.322235
1.01331,-0.842764
0.902134,-0.429839
1.00484,-0.446709
1.01003,-0.842422
0.953392,-0.544783
0.932748,-0.204039
0.994472,-0.641772
0.916011,0.0786653
0.88794,-0.406874
0.953518,-0.252009
0.959919,-0.349562
0.897198,-0.207754
0.969846,-0.143664
1.00094,-0.84547
0.929777,-0.51777
0.976241,-0.861851
0.983619,-0.88369
1.0013,-0.941813
0.945424,-0.349331
0.894688,-0.210976
0.955101,-0.349766
0.938225,-0.581348
1.01768,-0.949065
0.93148,-0.243383
1.0092,-0.91345
0.915461,-0.207905
0.967696,-0.55558
1.01915,-0.806486
0.873384,-0.0636149
0.975511,-0.675019
0.993147,-0.766878
1.00473,-0.887637
0.954957,-0.475411
0.936834,-0.480214
0.990222,-0.484547
0.985115,-0.742276
0.911375,-0.341699
0.922676,-0.15721
0.908461,-0.41402
1.0059,-0.858942
0.973829,-0.485754
0.997604,-0.59054
1.02229,-0.930839
0.954627,-0.526963
0.907438,0.0691531
0.963762,-0.265542
0.895776,0.115907
1.01791,-0.785094
0.999484,-0.607043
0.96522,-0.481278
0.910419,0.142753
1.04303,-0.581045
0.987852,-0.903786
0.905584,-0.264676
0.913179,-0.505843
0.943502,-0.195029
1.01005,-0.62366
0.96783,-0.474444
1.01865,-0.466107
0.927832,-0.687693
1.00599,-0.571176
1.00915,-0.735771
1.0068,-0.488627
1.04188,-0.728867
1.00637,-0.534041
0.929092,0.025557
1.04461,-0.914114
0.908439,0.059571
0.971174,-0.576111
0.924567,-0.358643
1.02953,-0.617901
0.963156,-0.535985
0.92379,-0.252227
0.890233,-0.189937
0.92271,-0.370651
0.981362,-0.70027
1.0227,-0.444296
0.950423,-0.879891
0.936056,-0.42163
1.04942,-1.1776
0.948415,-0.586828
0.955723,-0.581765
0.968379,-0.801798
1.10504,-1.5043
0.929053,-0.309082
0.993896,-0.396714
1.03981,-0.936959
1.00946,-0.583733
1.02656,-0.643905
0.939178,-0.583267
0.924122,-0.390427
0.983435,-0.747973
0.956092,-0.243008
0.976254,-0.566522
1.01658,-0.616477
0.980581,-0.359553
0.964691,-0.700508
0.979677,-0.485644
0.872786,-0.0530921
0.913869,-0.244591
0.993397,-0.519644
1.05691,-0.748603
0.961834,-0.499408
1.03703,-0.931817
1.03157,-0.659761
0.987613,-0.420059
0.961718,-0.649537
1.05919,-1.0874
0.922877,-0.491217
1.02222,-0.993988
0.912314,-0.277608
0.957257,-0.364695
0.96815,-0.453296
0.97826,-0.749979
0.97058,-0.534159
0.983065,-0.286795
1.018,-0.733986
1.03457,-1.12745
1.02658,-0.840791
1.00837,-0.704339
0.898495,-0.47776
0.942322,-0.197348
0.896662,-0.150271
0.908442,-0.170704
0.957019,-0.708773
0.871552,0.020192
0.982538,-0.510674
0.937721,-0.337199
0.925331,-0.497025
1.0134,-0.865516
0.920635,-0.218313
0.996223,-0.865112
0.986813,-0.714708
0.953779,-0.481982
0.946584,-0.0749043
0.908245,-0.235902
0.924389,-0.340728
0.985752,-0.344726
1.03677,-0.723158
0.998278,-0.377164
0.908242,-0.37783
0.922407,-0.13984
0.822253,-0.0887271
1.02832,-0.685665
0.93555,-0.0706586
1.03066,-0.725625
1.02712,-1.09378
0.995406,-0.760519
0.936585,-0.496406
0.932714,-0.498077
0.915762,-0.283677
0.934114,-0.285196
0.96588,-0.490293
0.904188,-0.360915
0.911636,-0.379953
1.06573,-0.847723
0.912366,-0.0736877
0.983582,-0.763436
0.939015,-0.711079
0.854434,0.0576796
0.917869,-0.245042
1.00984,-0.588765
0.921253,-0.516208
0.968556,-0.809086
0.942063,-0.362544
0.912227,-0.286388
1.00668,-0.806012
0.945797,-0.271433
0.993235,-0.545871
0.881894,-0.0318626
1.03343,-0.760737
1.09658,-0.926988
0.923737,-0.118929
0.989228,-0.453306
0.908315,-0.345077
0.966757,-0.391993
1.01437,-0.765687
0.954154,-0.738833
0.93092,-0.271576
0.95623,-0.201469
1.00144,-0.519278
1.03126,-0.943583
0.950988,-0.672369
0.955439,-0.604006
0.935908,-0.63691
0.88059,-0.101082
0.868905,-0.253647
1.01393,-1.09213
1.06781,-0.818124
0.967752,-0.347138
0.921607,-0.194773
0.962636,-0.742833
1.00052,-0.374146
0.909936,-0.192174
0.873424,-0.0132892
0.949028,-0.719245
0.989794,-0.242392
0.966134,-0.506989
0.966485,-0.429747
0.999922,-0.300536
0.912052,-0.313815
0.945086,-0.319336
0.946205,-0.59864
0.959489,-0.523419
0.984326,-0.401794
0.997569,-0.896513
1.0042,-0.724083
0.950775,-0.685055
0.998194,-0.544328
0.993107,-0.813965
0.904432,-0.00751325
1.08577,-1.12721
0.982882,-0.375261
0.977383,-0.554633
1.0359,-0.856973
0.90277,-0.247212
0.945048,-0.269512
0.924208,-0.451934
1.03782,-0.935831
0.980086,-0.362284
1.04593,-0.914363
0.924015,-0.543712
1.02183,-0.876385
0.953201,-0.428208
0.963612,-0.686713
0.987223,-0.32189
0.923578,-0.47253
1.06517,-0.819477
1.05605,-0.887459
1.02896,-0.822627
0.931464,-0.328879
0.885811,-0.0332102
0.981261,-0.926781
1.01669,-0.809289
0.983031,-0.359123
0.977831,-0.633074
0.998081,-0.673253
0.927845,-0.559681
0.943718,-0.442435
0.986058,-0.902317
0.995302,-0.469363
0.974945,-0.583499
0.88184,0.0200906
0.940368,-0.471758
0.983884,-0.808887
0.946289,-0.515187
0.935563,-0.432576
0.98946,-0.579183
0.861103,-0.363868
1.02461,-0.580706
0.961727,-0.582599
1.04359,-1.0319
1.01111,-0.715547
0.906264,-0.229897
0.955512,-0.441768
1.01279,-1.01616
0.902681,-0.261554
0.883242,-0.0874297
0.889244,0.0540841
1.01456,-1.05762
0.935594,-0.213959
0.918209,-0.190246
1.00824,-0.648589
0.930319,-0.0453195
0.94775,-0.173202
0.93187,-0.37783
0.952197,-0.425243
0.899996,-0.203387
1.04315,-1.01854
0.989949,-0.764313
0.929035,-0.515042
0.982743,-0.318722
1.0342,-0.557704
0.904807,-0.232848
0.996418,-0.579108
0.957218,-0.309038
1.11056,-0.920438
1.01122,-0.771014
0.920336,-0.303878
0.931333,-0.600413
1.00641,-0.458651
0.964269,-0.310544
1.0084,-0.715884
0.940861,-0.337233
0.963769,-0.531035
1.03939,-1.09659
1.07179,-0.579849
1.03141,-1.04318
0.924735,-0.550232
0.971499,-0.68494
0.998771,-0.736388
0.988924,-0.708507
0.921079,0.0808398
0.890064,-0.337251
0.928676,-0.574158
0.948868,-0.235178
0.94673,-0.518598
1.03037,-0.856306
0.958702,-0.36111
0.931111,-0.145421
0.927121,-0.202285
0.953266,-0.473335
1.03752,-1.19836
1.03754,-0.984333
0.97773,-0.634475
0.954613,-0.397234
1.02341,-0.826339
0.908186,-0.506057
0.834913,0.0498624
1.00194,-0.473409
1.00226,-0.480312
0.894946,-0.218591
1.01749,-0.846747
1.01429,-1.04963
1.0276,-0.569103
0.963243,-0.616972
0.939213,-0.40034
0.980177,-0.879634
0.945549,-0.358487
0.986927,-0.841506
0.917101,-0.205985
1.03599,-0.635779
0.94438,-0.624451
0.96229,-0.616173
0.998434,-0.878753
0.950462,-0.33044
0.887927,-0.224306
0.857947,-0.101815
0.945287,-0.375223
0.898665,-0.0922233
0.994539,-0.42269
1.00103,-0.711183
0.896549,-0.468794
0.9112,-0.175897
0.850457,-0.186572
0.945826,-0.33447
1.02019,-0.564227
1.01554,-0.546181
0.897278,-0.39597
1.07669,-0.956269
0.969405,-0.38563
1.03828,-0.826953
0.957693,-0.472609
0.987118,-0.517411
0.990042,-0.54636
0.814734,-0.119945
1.00352,-0.779494
1.0465,-1.19633
0.926316,-0.524901
0.928679,-0.485514
0.963601,-0.543533
1.00564,-0.899727
0.997405,-0.810257
0.99771,-0.573732
0.92004,-0.460376
0.902837,-0.27483
0.935516,-0.187026
1.00647,-0.803794
1.09068,-1.01853
1.07437,-1.40835
0.962365,-1.01108
1.0006,-0.657567
0.889992,-0.180181
0.910064,0.0283244
0.960683,-0.544106
0.953071,-0.506389
1.05574,-1.13025
1.03092,-0.72828
1.01643,-0.447858
1.00812,-0.674865
1.02577,-0.677443
0.933125,-0.267046
0.962076,-0.244973
1.04503,-0.994758
0.999971,-0.204461
1.0358,-0.812457
1.0135,-0.520884
0.968799,-0.635127
0.865316,0.220052
0.937187,-0.278173
1.03558,-0.71295
0.873112,-0.265013
1.04707,-0.987779
0.99126,-0.62423
0.942676,-0.422212
0.990545,-0.657287
0.888053,-0.019645
1.02867,-0.828628
0.897836,-0.307126
0.986486,-0.623447
0.917297,-0.271663
1.0111,-0.605241
0.946707,-0.15469
0.846155,0.0818083
0.964863,-0.089663
0.996527,-0.399627
0.987655,-0.607567
1.00703,-0.394465
0.984479,-0.754913
1.01195,-0.632239
1.01875,-0.81675
0.979929,-0.298166
0.988147,-0.739565
0.935164,-0.379676
0.929593,-0.0315246
1.01677,-0.717167
0.922974,-0.49055
1.081,-1.02673
0.952626,-0.377407
0.962424,-0.520083
0.969303,-0.72758
0.939201,-0.396194
0.885758,0.173575
0.936793,-0.340567
0.912936,-0.0977898
0.971786,-0.680618
0.881642,-0.278169
0.909944,-0.110326
0.997866,-0.622929
0.979636,-0.633117
0.948713,-0.432646
0.991168,-0.332259
0.892638,-0.346397
0.95214,-0.434977
1.08861,-1.39996
0.971865,-0.169631
0.983085,-0.582798
0.9044,-0.138729
0.985464,-0.367227
0.956676,-0.535277
1.02489,-0.566578
0.975145,-0.482853
0.885076,-0.201105
0.973229,-0.458302
0.988482,-0.667456
0.920562,-0.445883
0.939091,-0.421056
0.988023,-0.433387
1.02094,-1.00549
1.03507,-0.63045
0.954016,-0.129863
0.906367,-0.21795
0.978179,-0.563061
0.876753,-0.103752
1.00974,-0.865506
0.951439,-0.432275
0.965796,-0.691882
1.01659,-0.775521
0.910044,-0.0537679
1.00842,-0.629887
0.912651,-0.268592
0.975711,-0.231095
0.97368,-0.535287
0.995322,-0.526604
0.913688,-0.435603
0.968877,-0.414118
0.966205,-0.562207
0.825022,0.0163973
0.937192,-0.588493
0.976005,-0.788705
0.95706,-0.661673
1.03465,-0.774514
1.03099,-0.611477
1.04906,-0.769818
1.01426,-0.483002
0.960416,-0.243418
0.966185,-0.180883
0.99379,-0.845582
0.963809,-0.37919
0.926036,-0.204628
0.998401,-0.738269
1.0197,-0.581604
0.939706,-0.544084
1.03422,-0.798472
0.970305,-0.423994
0.964323,-0.178534
0.993995,-0.693074
0.981873,-0.699768
0.902694,-0.180828
0.982863,-0.611333
0.890647,-0.186787
1.01438,-0.570227
0.974705,-0.583448
1.03759,-1.1838
0.905962,-0.228648
1.01355,-1.23176
0.96843,-0.612989
0.962969,-0.211776
0.959342,-0.220845
0.921883,-0.530235
0.956185,-0.504205
0.971199,-0.750677
0.894033,-0.188092
0.932188,-0.257214
0.960701,-0.536998
0.938896,-0.359749
0.87452,0.0506805
0.92081,-0.561817
1.01484,-0.548093
1.08671,-0.951023
1.00239,-0.733072
1.01222,-0.607086
0.920028,-0.0554935
0.945461,-0.185349
1.03594,-0.721867
0.988191,-0.600189
0.9656,-0.231533
1.00346,-0.781169
0.954882,-0.427099
0.890153,0.133817
0.9989,-0.530535
0.932703,-0.348904
0.957057,-0.358396
0.988629,-0.666828
0.921218,-0.456811
1.01469,-0.709154
1.00344,-1.01882
0.994053,-0.658096
0.939815,-0.449403
1.04105,-1.11964
0.988093,-0.262837
1.02482,-0.818612
0.999524,-0.678629
1.0056,-0.490813
0.934816,-0.120103
0.999752,-0.425641
0.942437,-0.272481
0.977579,-0.446745
0.932151,-0.0182744
0.958339,-0.350772
0.939693,-0.420438
0.942243,-0.440299
0.975279,-0.58859
1.02235,-0.690844
1.02926,-0.622233
1.00869,-0.517926
0.930364,-0.569823
1.02448,-0.952909
0.903506,-0.279585
1.01268,-0.899815
0.955528,-0.412264
0.856431,0.13126
0.990225,-0.512417
0.896597,-0.221734
0.966264,-0.723069
0.859425,0.120144
0.981506,-0.563804
0.960244,-0.523302
1.00966,-0.769925
0.916945,-0.45345
1.00682,-0.588051
1.01911,-0.674059
1.00673,-0.943099
0.939165,-0.334609
0.952421,-0.411364
0.997765,-0.607371
1.01148,-1.06602
1.03458,-1.01586
0.937452,-0.632823
0.980898,-0.626283
1.0759,-1.10199
0.950165,-0.472288
0.964037,-0.379855
0.97011,-0.808937
0.823071,0.172016
0.927742,-0.459337
1.06369,-1.2393
0.980347,-0.785114
0.876843,-0.287211
0.919974,-0.334861
0.997044,-0.308492
0.93148,-0.388444
0.97618,-0.59685
0.906829,-0.122216
1.05579,-0.811959
1.01646,-1.00971
0.838368,0.0022134
0.983063,-0.686264
0.973939,-0.686179
0.954609,-0.467806
0.995466,-0.534936
0.998292,-0.359129
0.94583,-0.46702
0.944977,-0.340105
0.935992,-0.348002
0.894069,-0.118492
0.811588,-0.074211
0.993666,-0.768025
1.02649,-0.694911
0.998,-0.692491
0.990314,-0.413198
0.999261,-0.446363
0.926582,-0.281519
0.837082,0.218882
0.953759,-0.699612
1.0268,-1.17001
0.976651,-0.60103
0.914871,-0.367726
0.992231,-0.675299
1.03308,-0.64235
0.92938,-0.396901
0.891251,0.0443445
0.892117,-0.0437935
1.03706,-0.963168
0.836176,0.207696
0.88222,0.129363
1.00691,-0.675123
0.940205,-0.35917
1.03172,-0.995181
0.985593,-0.741603
0.995018,-0.46363
1.04067,-0.875539
0.982067,-0.695206
0.92536,-0.255116
0.984831,-0.4863
1.01788,-0.942031
0.967072,-0.544795
0.938418,-0.472358
1.02537,-0.863361
0.997742,-0.506442
1.06306,-1.05579
1.00943,-0.656321
0.941621,-0.568652
0.995216,-0.916368
0.953082,-0.494974
0.958581,-0.530109
0.924421,-0.492188
0.954011,-0.336093
0.929202,-0.225011
1.00288,-0.726437
0.960552,-0.452557
0.949447,-0.41157
1.02047,-0.378953
0.964146,-0.498234
1.03593,-0.789804
0.914855,-0.442068
0.911386,-0.021789
0.98725,-0.606832
0.968881,-0.337058
1.02317,-0.907272
0.958743,-0.0369454
0.990355,-0.196321
0.901923,-0.2399
0.89732,-0.122891
1.03197,-0.985699
0.95411,-0.58168
1.07986,-1.00188
0.913771,-0.377623
0.987277,-0.859143
0.878114,-0.099602
0.97147,-0.163976
0.967041,-0.790132
0.92472,-0.0750524
0.937727,-0.376784
1.02891,-0.625174
0.990943,-0.482242
0.938497,-0.362452
0.994083,-0.540963
1.00446,-0.745562
1.04091,-0.708545
0.94955,-0.504194
0.935848,-0.154285
0.974401,-0.646457
0.990031,-0.721437
0.980488,-0.44862
0.952384,-0.31057
1.02433,-0.44269
0.894596,-0.229314
1.03084,-0.671306
0.984105,-0.580383
0.965867,-0.210473
0.944394,-0.483575
0.993023,-0.326999
1.03196,-0.833921
0.921699,-0.326399
0.973753,-0.249548
1.02612,-0.693752
1.03494,-0.838564
0.954125,-0.20608
0.943933,-0.363737
0.972484,-0.49285
0.935723,-0.360756
1.01749,-0.898743
0.948344,-0.40858
0.909878,-0.306064
0.851118,-0.0151131
1.01791,-0.430834
0.962527,-0.767424
0.927388,-0.421434
0.956725,-0.387341
1.10566,-1.23688
1.04043,-1.00992
0.85467,0.0165695
0.993445,-0.691106
0.986697,-0.127448
0.903807,-0.477326
0.949407,-0.286543
1.07005,-0.729072
0.970215,-0.678433
0.944986,-0.146546
1.04226,-0.801713
0.922362,0.015271
0.964558,-0.0775213
0.988263,-0.560876
0.885827,-0.319419
1.03825,-0.754474
0.951039,-0.287156
0.911869,-0.167286
0.872365,-0.366267
0.935448,-0.467271
0.982495,-0.911776
0.967763,-0.587866
0.927489,-0.154243
1.01853,-0.80335
0.960096,-0.393121
0.972703,-0.805164
1.07056,-1.21433
0.876054,-0.0410215
0.996937,-0.602118
1.06032,-0.798445
0.95294,-0.684529
0.958387,-0.815939
0.9282,-0.214665
1.05993,-0.743264
0.984176,-0.788327
0.99709,-0.589735
0.936376,-0.198814
0.940936,-0.300216
0.988275,-0.369384
0.963958,-0.421155
0.992193,-0.599555
1.02984,-0.874936
0.903797,0.0121068
0.849324,-0.0707182
1.04438,-0.802175
1.00617,-0.830184
0.984006,-0.61187
0.976723,-0.500351
1.06847,-1.17761
1.0121,-0.704979
0.915671,-0.278271
1.08021,-1.15717
0.947598,-0.442577
0.95116,-0.350976
0.960709,-0.439864
0.94517,-0.45252
0.923805,-0.227618
0.971151,-0.677251
1.08672,-1.20888
0.964411,-0.37937
0.980312,-0.948694
0.964623,-0.833195
0.959231,-0.48915
0.875674,0.013404
0.97791,-0.532162
1.08702,-0.965655
0.894584,-0.0660443
0.973213,-0.551843
0.965885,-0.240431
0.919139,-0.398298
0.971277,-0.628843
1.00815,-0.637413
1.02128,-0.646655
1.08764,-0.96793
0.935542,-0.596283
1.00512,-1.16157
0.98415,-0.524213
0.831763,0.029629
1.05187,-1.03991
0.967845,-0.445306
0.933643,-0.26801
1.01089,-0.823132
0.851875,0.0447799
0.907107,0.200303
0.988352,-0.900851
0.921164,-0.227778
0.986044,-0.801775
0.89697,-0.0239909
0.919354,-0.0982452
1.02177,-0.838406
0.948001,-0.0617684
0.945921,-0.247184
0.937527,-0.677005
0.970656,-0.719404
1.01634,-0.936913
0.958457,-0.426859
0.913923,-0.077915
1.01468,-0.533688
1.04606,-0.787587
1.04009,-0.466629
1.03527,-0.782702
0.982118,-0.757735
0.940203,-0.410376
0.90766,-0.381041
1.00017,-1.00498
0.914022,-0.45351
0.976921,-0.699425
1.00069,-0.591423
0.950373,-0.516997
1.006,-0.74533
0.872965,-0.303615
0.924667,-0.462491
1.02445,-0.781712
0.947453,-0.460095
0.946655,-0.376645
0.86024,-0.135449
0.873905,-0.349818
0.950871,-0.52125
0.993508,-0.728664
0.993331,-0.724756
0.947288,-0.176088
0.878764,-0.283942
0.885454,-0.271547
0.945235,-0.166106
0.946406,-0.453569
1.03715,-0.599885
0.869587,0.0602738
1.00623,-0.693746
0.91023,-0.298766
0.995192,-0.591002
0.951967,-0.561192
0.991197,-0.625424
1.05519,-0.920811
0.914468,-0.590839
0.975557,-0.65201
0.954098,-0.381036
1.00968,-0.762833
0.999301,-0.806478
0.891218,-0.127803
0.966002,-0.636488
0.973827,-0.284597
0.940636,-0.146128
1.03017,-0.717186
1.05856,-0.62186
1.02851,-0.747868
1.00114,-0.684874
0.943428,-0.467022
0.998078,-0.616475
0.97985,-0.740681
0.979417,-0.258624
0.971914,-0.525126
1.06572,-0.79188
0.98146,-0.648537
0.867026,-0.00551364
0.996678,-0.724334
1.00005,-0.523466
0.945121,-0.505331
0.900851,-0.15131
0.97904,-0.494713
0.948955,-0.748047
1.02998,-0.812407
0.930547,-0.108063
0.948648,-0.179262
0.854153,-0.0723713
0.952973,-0.308781
1.04686,-0.99221
1.06012,-0.808108
0.984295,-0.524561
0.980344,-0.758444
1.05466,-1.04848
1.01647,-0.662776
0.977993,-0.484936
0.972204,-0.689281
1.04228,-0.915532
0.941835,-0.300681
0.941354,-0.227404
0.9452,-0.749586
0.971927,-0.152244
1.0009,-0.598148
1.00605,-0.551262
0.920373,-0.190758
0.940864,-0.286463
0.895344,-0.137662
0.905878,-0.215332
1.00076,-0.621932
0.969628,-0.449763
0.936532,-0.34985
1.03763,-0.897266
0.907496,-0.450575
0.96131,-0.779559
1.00244,-0.388041
1.01863,-0.962503
0.946497,-0.173596
0.990379,-0.498773
0.926121,-0.315438
0.986034,-0.755343
1.03897,-1.01751
0.952916,-0.495102
0.921461,-0.451007
0.907008,-0.0487115
0.856503,-0.277694
0.994748,-0.605243
1.0287,-0.852659
0.868579,-0.10829
0.904676,-0.168798
0.979218,-0.612476
0.838177,0.0907143
0.936706,-0.289992
0.92565,-0.415667
0.940993,-0.482211
0.899771,0.0199099
1.08854,-1.09766
0.890904,-0.162594
0.904548,-0.173373
0.977446,-0.533412
0.873968,-0.165268
1.01828,-0.809598
1.05223,-1.13053
0.906326,-0.472108
1.0051,-0.444603
0.949122,-0.611968
0.865698,-0.0732098
0.971986,-0.252441
0.982297,-0.497111
0.971919,-0.606107
0.922915,-0.445924
1.03161,-0.872491
1.0433,-1.01874
0.9631,-0.587589
0.90137,0.0976903
0.95504,-0.663593
0.98614,-0.705916
0.945887,-0.916631
0.971048,-0.350312
0.986966,-0.608145
0.885413,-0.219722
0.963768,-0.512668
0.971057,-0.437279
0.903582,-0.527813
1.04416,-1.20582
0.960426,-0.437544
1.02481,-0.565328
0.973099,-0.830917
0.914125,-0.264477
0.958113,-0.680414
0.939973,-0.362193
1.02612,-0.755546
1.03191,-0.789465
1.01604,-0.545544
1.09445,-0.906063
0.980172,-0.456042
0.958192,-0.348831
0.979715,-0.873674
0.980009,-0.699465
1.04264,-0.861187
1.06687,-0.994612
1.07962,-1.00185
0.958802,-0.562248
0.95525,-0.425962
0.978834,-0.838589
0.979841,-0.136015
0.978721,-0.63349
0.932129,-0.203237
0.992099,-0.592736
0.891663,-0.148382
0.965098,-0.182285
0.944903,-0.382483
0.930216,-0.21049
0.957651,-0.253193
0.916145,-0.430568
0.924314,-0.301448
0.969697,-0.381806
0.946912,-0.207791
1.01466,-1.05018
0.966698,-0.339836
0.929749,-0.506899
1.03712,-0.85079
0.975794,-0.739554
0.947237,-0.525785
0.91177,-0.313512
0.993972,-0.390992
0.945072,-0.578952
0.962319,-0.414351
1.06027,-1.08142
1.03485,-1.02435
1.02524,-0.732615
0.982659,-0.632735
1.06283,-1.03246
0.929053,-0.222995
0.936328,-0.31882
0.977866,-0.429829
1.01528,-0.763566
0.961076,-0.73936
0.922918,-0.286559
0.870061,-0.201797
0.948076,-0.0297979
0.977064,-0.59221
0.992329,-0.641701
1.02859,-1.15064
0.977661,-0.635119
0.955937,-0.532343
1.00378,-0.697713
0.885476,-0.30524
1.0103,-0.352809
0.977838,-0.474606
0.960462,-0.427637
1.09032,-1.12615
0.943971,-0.498413
1.03254,-0.879868
0.943671,-0.051087
1.04062,-0.788431
0.949782,-0.524833
0.921929,-0.329473
0.980244,-0.638
0.922669,-0.302411
1.05387,-0.846476
0.946622,-0.664017
0.881451,0.0773635
1.03359,-0.929508
1.02919,-0.739781
0.996058,-0.702898
0.899251,-0.111129
0.909054,-0.397001
0.93367,-0.169075
1.02331,-0.641139
0.955597,-0.409089
0.891095,-0.0644602
0.977126,-0.444445
0.987551,-0.691908
0.970413,-0.481891
0.89036,0.0869671
1.04553,-0.84852
0.958397,-0.851898
0.980702,-0.753878
1.03567,-0.749321
0.954836,-0.595795
0.928365,-0.370624
0.990168,-0.543107
0.88152,-0.0819679
0.954683,-0.566164
0.955848,-0.0371556
0.96381,-0.780397
0.935868,-0.330963
0.918334,-0.130486
0.911525,-0.123766
1.05068,-0.994972
0.996422,-0.631706
0.921387,-0.0324608
1.01227,-0.770666
0.962186,-0.521191
1.06182,-0.826941
0.873819,0.00816654
0.946117,-0.406038
0.964067,-0.129197
0.982837,-0.372196
0.90928,-0.0225624
1.0309,-0.688179
1.0507,-0.988312
0.959767,-0.644236
0.949199,-0.657428
0.980175,-0.310583
1.04892,-1.34131
0.978212,-0.552957
1.07086,-0.937152
0.880826,-0.181293
0.953349,-0.531631
0.984455,-0.602054
0.859272,0.0602239
0.983087,-0.424977
0.983516,-0.61924
1.00225,-0.523789
0.859387,-0.16548
0.960103,-0.698337
0.939374,-0.204191
0.973799,-0.733137
0.905988,-0.367104
0.868662,0.0294214
0.991247,-0.598929
0.88571,-0.108924
1.04355,-0.694585
0.910654,-0.149333
0.99642,-0.772016
1.03311,-0.765105
0.966772,-0.5121
0.94854,-0.393311
0.981976,-0.617655
0.934564,-0.341125
0.931698,-0.43498
0.892138,0.036454
0.984027,-0.550495
0.975679,-0.826242
0.998484,-0.706177
0.976794,-0.538144
0.854989,0.033123
0.99588,-0.413479
1.01588,-0.564568
0.993233,-0.713576
0.981527,-0.564332
0.942531,-0.178577
0.944973,-0.607256
0.904775,-0.39537
0.911858,-0.22713
0.934566,-0.484164
0.949526,-0.162283
1.12221,-1.29471
0.933039,-0.568386
1.04545,-0.649743
0.926469,-0.487206
0.944694,-0.153287
0.897222,-0.32681
0.984841,-0.601098
0.900625,-0.248911
0.984992,-0.671385
0.932116,-0.210781
0.942453,-0.353699
1.02278,-1.10281
0.911965,-0.402313
0.902675,-0.0473903
0.936405,-0.110845
0.943343,-0.590785
1.01546,-0.607128
1.01486,-0.925703
0.907335,0.0309997
0.989759,-0.614104
0.951122,-0.666024
0.943149,-0.337303
0.960619,-0.275885
0.927916,-0.238996
0.910492,-0.401245
0.99749,-0.724662
0.972523,-0.519077
0.911969,-0.28176
0.995237,-0.843932
0.900608,-0.220568
1.03776,-1.15425
1.05671,-0.836222
0.933486,-0.481731
0.948148,0.0873642
0.982787,-0.447357
0.984806,-0.580537
0.992973,-0.730862
0.983108,-0.86573
1.04682,-0.624808
0.917061,-0.422603
0.90457,-0.181616
0.995735,-0.596179
1.11239,-1.36225
1.00215,-0.857274
0.965911,-0.200365
0.916544,-0.175779
0.993471,-0.809896
0.930086,-0.623064
0.90279,-0.332623
0.938114,-0.0785875
1.09337,-0.812538
0.97899,-0.572488
1.02332,-0.637725
0.956139,-0.496753
0.895609,-0.0845003
1.01661,-0.796679
0.900771,-0.284107
0.988264,-0.612004
0.991535,-0.544903
0.980628,-0.159713
0.947975,-0.274118
1.0104,-0.35655
0.980324,-0.520624
0.923259,-0.0813226
0.991023,-0.545314
0.945833,-0.687812
1.06761,-0.754691
1.00387,-0.563877
1.01492,-0.408004
0.995401,-0.42745
0.975314,-0.606568
0.94635,-0.767861
0.971239,-0.562662
1.02842,-0.837916
0.896895,-0.310954
1.06304,-0.948232
0.966832,-0.490822
0.989603,-0.664872
0.97771,-0.318653
1.00036,-0.891878
0.852908,-0.0443483
0.950758,-0.44164
0.944883,-0.322448
0.903933,-0.311164
0.99496,-0.455642
0.968124,-0.616283
0.935993,-0.295365
0.950057,-0.191818
0.928655,-0.261043
0.95021,-0.503539
0.912231,-0.547335
0.972225,-0.677158
0.95696,-0.559035
0.967172,-0.385536
1.02245,-1.01016
0.94345,-0.352827
0.909997,-0.270115
0.9791,-0.703236
0.829285,0.328087
1.12517,-1.37494
1.00515,-0.501567
0.959217,-0.623591
0.84177,0.195042
1.02907,-0.928875
0.947927,-0.3129
0.97979,-0.53622
1.01423,-0.59266
1.05352,-0.968397
1.00428,-0.859591
0.931111,0.105163
0.997477,-0.769888
1.03935,-0.730372
0.964287,-0.28282
0.939644,-0.599044
0.938295,-0.402464
0.967102,-0.316284
0.966156,-0.496405
1.04406,-1.07531
1.04581,-0.697996
0.93774,-0.543597
0.996739,-0.742126
0.862015,0.453078
0.950249,-0.560266
1.00832,-0.75551
1.05233,-0.723363
0.94647,-0.0750299
0.999484,-0.315937
1.00339,-0.804622
0.97176,-0.78779
0.963344,-0.407885
0.875502,-0.0642854
1.00913,-1.07243
0.913634,-0.117711
0.996335,-0.839275
0.982791,-0.407703
0.980195,-0.626274
0.899575,-0.391547
0.994257,-0.657157
0.979737,-0.36938
0.934757,-0.357738
1.00386,-0.670796
0.956124,-0.716666
0.968395,-0.38555
0.950847,-0.189651
0.935282,-0.227786
0.999761,-0.466547
0.990451,-0.603311
0.968211,-0.605291
0.966822,-0.609405
0.975841,-0.611972
0.984731,-0.628811
0.957714,-0.31945
1.02087,-0.536466
0.909178,-0.168494
0.949814,-0.61192
0.927459,-0.319145
0.972748,-0.372251
0.902256,-0.162881
0.922978,-0.486693
0.893263,-0.247073
0.908432,-0.414945
1.08215,-1.11727
1.01319,-0.946517
0.918178,-0.211822
0.923289,-0.00980902
0.999264,-0.59698
0.99887,-0.405049
0.941028,-0.195996
0.904842,-0.182972
0.975029,-0.458382
0.970273,-0.680178
0.922076,-0.199924
0.935363,-0.553934
0.996082,-0.902161
0.942135,-0.249278
1.02093,-1.00499
0.92197,-0.217727
0.88561,-0.414032
0.977976,-0.743432
1.0576,-0.938553
0.915795,-0.390299
1.05426,-0.923307
0.862896,-0.126334
0.993262,-0.664476
0.878511,-0.202449
0.96842,-0.755018
1.0023,-0.801775
0.952668,-0.69063
0.929797,-0.419007
0.94375,-0.665475
0.986506,-0.623435
0.876582,-0.138248
0.930118,-0.306485
0.895436,-0.333063
1.03176,-0.742112
0.946897,-0.151623
1.0228,-0.525721
0.938412,-0.352538
0.992757,-0.610786
1.03083,-0.991948
0.923611,-0.346872
1.00489,-0.30634
0.868703,0.0399808
1.03668,-0.782574
0.997058,-0.659692
1.02786,-0.596084
1.03662,-1.13727
1.00345,-0.722383
0.96938,-0.370132
0.944722,-0.392591
0.969354,-0.38203
1.0134,-0.764191
0.984583,-0.625879
0.922226,-0.275927
0.892307,-0.257807
0.980834,-0.582128
1.00566,-0.754082
0.992426,-0.679082
0.939805,-0.268774
0.903528,-0.119031
0.910286,-0.0225798
1.00803,-0.583238
0.930759,-0.144315
0.935022,-0.319261
0.924507,-0.654371
0.977626,-0.421304
1.05068,-0.734294
0.978941,-0.355471
0.898474,-0.220827
0.975502,-0.508181
0.919886,-0.335788
0.989323,-0.748535
0.833252,-0.210262
0.961525,-0.547764
0.990958,-0.591009
0.992915,-0.691232
1.0279,-0.967774
0.899549,-0.272059
0.908819,-0.230816
1.09377,-1.25696
0.944257,-0.139757
0.880334,-0.171131
0.944974,-0.595929
1.02805,-0.742842
0.994224,-0.566605
1.04463,-0.867478
0.961432,-0.298624
0.847092,-0.00616318
0.91987,-0.396366
0.992414,-0.776985
0.94657,-0.277037
0.924345,-0.312909
0.856832,-0.357261
0.932945,-0.344554
0.856305,-0.367433
0.877741,-0.127292
1.01566,-0.897515
0.900315,-0.00231171
0.939375,-0.120027
1.04758,-0.861286
1.00506,-0.533456
0.973035,-0.769797
0.919109,-0.248952
0.899469,0.156377
0.971968,-0.328337
0.932083,-0.148357
0.977703,-0.495652
0.904056,-0.176277
0.95396,-0.429575
1.06028,-0.857333
1.02921,-0.739657
0.9502,-0.679428
0.990659,-0.515244
0.876215,-0.107009
0.899046,-0.267976
0.960306,-0.457232
0.942735,-0.554446
1.00023,-0.854427
0.887112,-0.0935357
0.94289,-0.218224
0.974438,-0.638195
0.966186,-0.565866
1.01784,-0.616665
1.0184,-1.0043
0.917714,-0.601987
0.91672,-0.213099
0.981295,-0.785757
0.956954,-0.0228138
0.910406,-0.10697
0.955554,-0.613992
0.998395,-0.400997
0.963617,-0.610472
1.00072,-0.769101
0.928707,-0.259132
0.9423,-0.447248
0.888725,-0.0182762
1.0057,-0.475721
0.842729,0.0585674
0.979904,-0.490381
1.01269,-1.1291
1.04515,-0.766162
0.976688,-0.641378
0.935136,-0.527611
0.947519,-0.764489
1.0549,-0.766009
0.971439,-0.466469
0.893567,0.0733358
1.01737,-0.759433
0.955849,-0.386099
0.999851,-0.713474
0.950737,-0.601199
0.901115,-0.121545
0.988327,-0.779818
1.06918,-0.818198
0.894294,0.13421
0.878829,-0.299918
1.03723,-1.01899
1.05629,-0.804794
0.948918,-0.56674
1.02124,-0.581891
0.961205,0.0434928
0.938318,-0.467685
0.97791,-0.660683
0.937947,-0.309749
0.93001,-0.0992256
0.962053,-0.288435
0.908462,-0.149943
1.01402,-0.780603
0.848025,-0.0359727
1.02718,-0.768505
0.986153,-0.507496
0.942596,-0.389945
0.960705,-0.663794
0.917545,-0.425436
0.999929,-0.295688
0.900534,-0.239216
0.984717,-0.481614
0.900022,-0.163085
0.869573,-0.259103
0.931017,-0.500098
0.951967,-0.50787
0.99162,-0.654208
1.03409,-0.896784
0.896277,-0.29234
0.98373,-0.458195
0.948031,-0.514981
1.02027,-0.728677
0.932476,-0.399468
0.973997,-0.457285
1.03589,-0.712228
0.932775,-0.697349
0.975529,-0.718026
0.818607,-0.0551771
1.03704,-0.870251
0.99469,-0.484265
1.03287,-0.64397
0.989758,-0.668703
0.94962,-0.450728
0.981692,-0.617908
0.891791,-0.160613
0.986442,-1.01862
0.934024,-0.549482
1.00514,-0.935355
0.978564,-0.389467
1.00623,-0.813278
0.827938,0.219651
1.00402,-0.505924
0.99093,-0.667741
1.01824,-0.855833
0.921369,-0.407304
0.906196,-0.0869015
1.0245,-0.708428
0.985457,-0.887013
0.945221,-0.363268
0.949522,-0.312528
0.983758,-0.678438
0.908852,-0.415138
1.03037,-0.80572
1.01636,-0.970134
0.99355,-0.574179
0.923541,0.0586867
0.963686,-0.297871
0.918616,-0.308204
0.92968,-0.258002
0.929256,-0.328402
1.02211,-0.763943
0.92617,-0.240531
0.991884,-0.599224
0.951553,-0.596591
0.909023,0.213719
0.994687,-0.673029
0.945571,-0.364623
0.967492,-0.614311
1.03779,-0.66368
1.04937,-0.937948
1.03341,-0.730026
0.928248,-0.297502
0.973465,-0.583142
0.988898,-0.325597
0.944659,-0.415021
1.00574,-1.07018
0.947674,-0.623779
0.966623,-0.632654
0.99558,-0.599081
1.0242,-0.805087
0.933239,-0.387359
0.866408,0.011202
1.01413,-0.60659
0.962607,-0.295077
0.950303,-0.418797
0.991662,-0.54178
0.948168,-0.454287
1.00878,-0.681029
0.926862,-0.362504
1.0334,-1.08608
0.921673,-0.476095
1.03415,-0.662028
0.963953,-0.52714
0.982174,-0.298539
0.979985,-0.870983
1.00255,-0.560567
0.956661,-0.451356
0.905361,-0.254722
0.947891,-0.473239
1.05115,-0.829426
0.896937,-0.214078
0.998942,-0.535154
0.950847,-0.51678
1.03301,-0.835583
0.905857,-0.42894
0.973144,-0.551471
0.955961,-0.451146
0.948526,-0.251848
0.938354,-0.391136
0.843747,0.0755783
0.991575,-0.35625
0.996782,-0.552542
0.933354,-0.391232
0.982606,-0.424789
0.872471,0.140378
1.00224,-0.867197
0.978231,-0.747552
0.956721,-0.53435
0.978335,-0.709845
0.967707,-0.833994
1.06825,-0.558229
0.96988,-0.306461
0.987046,-0.64351
0.925315,0.0920241
0.923164,-0.419167
1.06461,-0.794085
0.968263,-0.411559
0.895052,-0.1547
0.989477,-0.870849
0.996541,-0.450665
0.992365,-0.58697
1.03934,-0.797619
0.888442,0.038243
0.887607,-0.0660307
1.04053,-0.857551
0.931637,-0.30771
0.991039,-0.752074
0.930033,-0.191779
0.985559,-0.655574
0.960966,-0.248046
0.934369,-0.313248
0.932524,-0.158744
0.919054,-0.1071
0.99172,-0.40973
0.870138,-0.0201978
0.957857,-0.54083
0.952991,-0.371435
0.949392,-0.179708
1.06484,-0.776971
0.923245,-0.375404
0.93189,-0.638229
0.974746,-0.491338
0.926146,-0.34573
0.933888,-0.345869
0.918349,-0.269137
0.88616,-0.240892
0.914244,-0.198989
0.993346,-0.742821
0.974517,-0.335822
1.06597,-0.888031
1.05658,-0.933093
0.944144,-0.356385
0.98091,-0.534251
0.926402,-0.542676
0.972825,-0.554835
0.929425,-0.356836
0.99332,-0.590536
0.924153,-0.460095
0.925602,-0.285042
1.04543,-0.973049
0.97149,-0.76341
0.935752,-0.542802
1.02449,-0.702342
0.975032,-0.490311
0.899921,-0.0258329
1.08851,-1.09943
0.958268,-0.539345
0.954036,-0.45553
0.956471,-0.695092
0.870695,-0.0859981
0.967101,-0.584273
0.97495,-0.569434
1.02231,-0.521301
1.03057,-0.758901
0.888095,0.133365
0.958451,-0.579791
1.04462,-1.30467
0.976462,-0.58467
0.892964,-0.333385
0.941362,-0.441079
1.04718,-0.708684
1.05457,-0.986577
0.900196,-0.175695
0.932288,-0.544617
0.93397,-0.524345
0.924228,-0.33458
0.990084,-0.786875
1.04787,-0.781508
0.859419,-0.226467
0.958741,-0.269736
1.05459,-1.18494
0.977104,-0.179402
0.946751,-0.00240749
1.00899,-0.631459
1.00575,-0.36017
0.881443,0.208821
0.928753,-0.213229
1.01221,-0.547665
0.897101,-0.39185
0.964076,-0.686928
0.97827,-0.529691
1.00902,-0.967676
0.878983,-0.0657537
0.861684,-0.084338
1.04715,-0.917609
0.91625,-0.385437
0.856079,-0.0598453
0.925958,-0.314131
1.04751,-1.2333
0.960504,-0.777633
1.00577,-0.900802
0.98053,-0.494417
1.01658,-0.628117
0.874463,-0.271028
0.877975,-0.261438
0.938125,-0.649329
1.02366,-0.505305
0.935952,-0.473804
0.92249,-0.0903826
1.02263,-0.450801
0.933831,-0.172388
0.95228,-0.426418
0.881179,-0.141752
1.04559,-0.842162
1.03867,-0.823149
0.899239,-0.214415
0.982207,-0.572277
0.971436,-0.703448
0.912962,-0.143942
1.00496,-0.748722
0.936531,-0.250436
0.908967,-0.197477
1.12468,-1.14347
1.05183,-0.737053
0.923997,-0.295123
1.02366,-0.946439
1.02708,-0.890081
0.944475,-0.758629
0.920245,-0.241558
1.1637,-1.18752
0.995146,-0.400943
0.839907,0.211712
0.932409,-0.0291412
0.982877,-0.677059
0.928554,-0.415399
0.927065,-0.534104
0.971497,-0.527046
0.988298,-0.641397
1.00372,-0.739959
0.990427,-0.616417
0.957034,-0.470472
1.03827,-0.723263
1.00604,-0.600026
0.945385,-0.0777733
0.98639,-0.41704
1.04338,-0.446582
1.0057,-0.687991
0.921266,0.0944554
1.02553,-0.578221
0.966751,-0.78827
1.06071,-0.860427
0.999978,-0.531153
1.04945,-0.829634
0.927569,-0.184649
1.00667,-0.556697
0.938501,-0.548718
0.963394,-0.452363
0.955967,-0.541408
1.00019,-0.689485
1.0005,-0.780178
0.899359,-0.356848
0.982962,-0.261237
0.970702,-0.303086
0.996438,-0.610825
1.00656,-0.791346
0.954984,-0.573103
0.953502,-0.481718
1.01106,-0.830911
0.888531,-0.0753509
1.03195,-1.11668
0.952551,-0.214907
0.950766,-0.368868
0.98675,-0.854326
1.01173,-0.633776
0.986975,-0.6322
0.938151,-0.551747
0.969241,-0.830771
0.963683,-0.467801
0.831492,0.223053
0.885873,-0.383619
0.9925,-0.661214
0.920459,-0.23571
0.884299,0.0977637
0.930728,-0.0725146
0.916867,-0.266611
0.954818,-0.734383
0.939775,-0.441214
0.995074,-0.529313
1.04338,-0.85582
1.01426,-0.627602
0.925374,-0.846589
0.952826,-0.312763
0.99484,-0.757925
0.960064,-0.574289
0.975492,-0.499974
0.925544,-0.0190881
0.920534,-0.31039
0.999806,-0.947204
0.993354,-0.793899
0.963635,-0.275446
1.03566,-0.95754
1.00847,-0.783121
0.94867,-0.665836
1.06005,-1.0403
1.03521,-0.814745
1.00548,-0.607123
0.933028,-0.732433
0.997948,-0.681912
0.963769,-0.494012
0.970344,-0.587444
0.950427,-0.692806
0.952826,-0.216377
0.971624,-0.737261
0.966629,-0.433746
0.943377,-0.530937
0.998707,-0.772165
0.927776,-0.117144
0.928823,-0.320691
0.957417,-0.172741
0.896174,-0.152023
0.955621,-0.780536
0.922418,-0.622718
0.90563,-0.252192
0.914225,-0.176283
0.922259,-0.195994
0.956337,-0.302162
0.932174,-0.418442
0.891289,-0.242849
0.943291,-0.115066
0.989312,-0.621767
1.00854,-0.731824
0.987074,-0.749268
0.9776,-0.564101
0.86084,0.0981859
0.917057,-0.417692
0.846261,-0.140509
0.968184,-0.527453
1.02145,-0.4362
1.00452,-0.698463
1.0273,-0.766114
0.901887,-0.365836
0.964569,-0.214086
1.01441,-0.902374
0.949309,-0.3766
0.995816,-0.305289
0.899727,-0.192243
0.949433,-0.469365
0.925034,-0.215779
0.916926,-0.328261
1.01605,-0.931291
0.97272,-0.446946
0.894182,-0.149861
1.01796,-0.581186
1.06763,-0.652753
0.918183,-0.268245
1.01344,-0.503828
0.959964,-0.898162
1.00276,-0.802448
0.873036,-0.257139
1.01891,-1.05004
0.977166,-0.399435
0.952781,-0.409219
0.943586,-0.294592
0.835228,-0.0280615
0.95626,-0.198095
0.970612,-0.617065
1.00181,-0.475867
0.984752,-0.496029
0.947371,-0.790014
1.01506,-0.923765
1.00238,-0.791775
0.928907,-0.341329
0.898263,-0.305359
0.959175,-0.482893
1.02921,-0.711708
0.879341,0.340296
0.945296,-0.439928
1.08802,-0.785471
1.0292,-0.825879
0.913634,-0.41933
1.00768,-0.772066
0.942024,-0.199256
0.985452,-0.587269
0.955596,-0.795437
0.960875,-0.665167
0.950161,-0.468335
0.914431,-0.340311
0.942398,-0.541539
0.966869,-0.791001
1.00179,-0.723513
1.015,-0.866449
0.952724,-0.487866
0.89653,-0.301644
0.894683,-0.1089
0.947096,-0.220254
0.991051,-0.843248
0.950003,-0.052828
0.941207,-0.179508
0.959419,-0.490432
0.958801,-0.449412
0.956959,-0.556151
0.862897,-0.103966
1.01008,-0.542934
1.01442,-0.703065
0.962863,-0.693006
0.89155,-0.154168
0.925388,-0.290131
1.01719,-1.28145
0.946289,-0.508726
0.880453,0.28162
0.956507,-0.373126
1.01669,-0.655049
1.00542,-0.4741
1.04325,-0.70969
0.98826,-0.849563
0.969151,-0.587143
0.909719,-0.545999
0.896697,-0.237441
1.08064,-1.03191
0.956935,-0.464099
0.961133,-0.655486
0.921998,-0.460724
0.993652,-0.171273
0.977228,-0.741773
1.00651,-0.97099
0.936566,-0.600609
0.986912,-0.655073
0.917602,-0.520983
0.938148,-0.509535
0.90906,-0.368155
1.00194,-0.777242
1.03028,-0.855601
0.983255,-0.596329
0.921483,-0.20458
1.03804,-0.693027
0.885264,-0.423746
0.954753,-0.386547
1.07718,-1.301
1.02918,-0.877879
0.961947,-0.741494
0.937228,-0.0411573
0.998613,-0.673862
0.972501,-0.420266
0.918701,-0.276447
0.910928,-0.112503
0.910298,-0.295943
0.953695,-0.688067
0.945635,-0.339399
0.991807,-0.655551
0.936364,-0.491233
0.980631,-0.604551
0.921686,-0.357079
0.99495,-0.491437
0.943017,-0.219924
0.900084,-0.0206676
0.963608,-0.467361
1.0177,-0.803973
0.935414,-0.19325
1.02678,-0.359334
1.0272,-0.824551
0.879876,-0.327509
0.995336,-0.328018
0.953295,-0.45116
1.04508,-0.957096
1.0104,-0.649697
1.02529,-0.770946
0.998612,-0.918217
0.960651,-0.504845
0.944718,-0.765831
0.952479,-0.297884
0.96322,-0.198521
1.10338,-1.00072
0.962071,-0.246092
0.934829,-0.134989
0.969107,-0.742455
0.976895,-0.723452
1.00392,-1.11756
1.00021,-0.899608
1.00244,-0.788049
0.914697,-0.258056
1.03415,-0.780485
0.957076,-0.287614
0.928532,-0.471665
0.903626,-0.164366
0.942439,-0.468027
0.953399,-0.503643
1.03788,-0.810783
1.07187,-0.8342
1.02679,-0.587886
1.03455,-0.987139
0.947075,-0.345235
0.958329,-0.654233
0.929721,-0.358307
1.05611,-0.81672
1.05279,-1.003
0.98836,-0.764423
0.89932,-0.0819282
0.907294,-0.0652087
1.02981,-0.743652
0.898638,-0.265499
1.01998,-1.03625
0.969086,-0.546141
0.957467,-0.329812
0.918724,-0.0809678
0.993917,-0.521339
1.0002,-0.795058
0.956258,-0.564423
0.995886,-0.519546
1.0093,-0.565222
0.890199,-0.0255009
0.964615,-0.238816
0.97815,-0.802965
1.02878,-1.31837
0.998487,-0.87456
0.98671,-0.469106
1.00601,-0.738898
1.09412,-0.734081
0.926428,-0.25584
0.853406,0.170337
0.992175,-0.663954
1.04382,-0.761397
1.00079,-0.749392
0.923429,-0.322904
0.962655,-0.370122
0.927251,-0.600878
0.965999,-0.455392
0.959304,-0.373247
0.930192,-0.37604
0.981768,-0.457587
0.938314,-0.372103
0.967811,-0.591203
0.953979,-0.739531
0.91146,-0.27444
0.919666,-0.197377
0.956681,-0.802602
0.897337,-0.265574
0.98403,-0.532591
0.993427,-0.509768
0.96893,-0.987025
1.01092,-0.437741
1.058,-0.76626
1.03125,-0.821328
0.913497,-0.263179
0.952579,-0.1811
1.05662,-0.98003
0.973819,-0.692188
1.10007,-1.03996
0.993629,-0.526272
0.903316,-0.0987004
0.937533,-0.403414
0.989281,-0.721749
1.05126,-0.943693
0.966704,-0.825539
0.977496,-0.513954
1.0089,-0.421854
0.993831,-0.783071
0.950078,-0.447282
0.94383,-0.136811
0.934909,-0.693004
0.961961,-0.660296
0.897678,-0.324382
0.886394,0.122203
0.967165,-0.268135
0.98625,-0.694556
0.955934,-0.821132
0.917305,-0.211254
0.9006,-0.52105
0.912947,-0.476169
0.929271,-0.247958
0.999976,-0.752791
0.968041,-1.03791
0.924919,0.19754
0.952687,-0.453673
0.9485,-0.552296
0.97821,-0.624709
0.904129,-0.246289
1.0647,-1.19202
0.989715,-0.582921
0.956484,-0.492323
1.02142,-0.831123
0.951759,-0.18775
0.935187,-0.517002
1.03633,-0.785637
0.97311,-0.449495
0.820766,0.426915
1.01429,-0.682061
0.914543,-0.245042
0.890817,-0.125169
1.03256,-0.585036
0.888529,-0.0400455
0.969712,-0.388832
0.990713,-0.567786
0.923941,-0.364528
0.906913,0.0274051
0.917988,-0.231456
0.999491,-0.85539
0.966859,-0.573367
1.03549,-0.577349
0.987495,-0.636839
0.96537,-0.552637
0.97326,-0.478313
0.964781,-0.370499
1.05065,-0.904467
0.921884,-0.457517
1.02041,-0.585584
1.11442,-0.998453
0.954699,-0.396731
0.925392,-0.275427
1.02836,-0.715771
1.0195,-0.746583
0.972059,-0.555597
0.986956,-0.551687
0.997906,-0.672975
0.971302,-0.606944
0.961959,-0.369558
0.932553,-0.443383
1.04147,-1.11986
0.956506,-0.42224
0.929893,-0.429766
0.958952,-0.350824
0.936927,-0.684099
1.01806,-0.717574
0.955262,-0.300954
0.947982,-0.426402
0.954611,-0.367031
1.0349,-0.250383
0.993191,-0.439245
0.982691,-0.64942
0.876306,0.114328
1.00798,-0.993199
0.906939,-0.424199
0.962257,-0.618263
0.944366,-0.356748
1.04703,-0.478847
0.892321,-0.188104
1.00244,-0.737287
0.993615,-0.803507
0.968751,-0.546992
1.00001,-0.491507
0.827476,0.134925
0.96711,-0.35612
0.953434,-0.41865
0.904913,-0.557995
0.97356,-0.688038
0.859339,0.153896
0.957356,-0.321927
1.00123,-0.648946
1.01845,-0.549238
0.929421,-0.438636
0.993488,-0.405539
0.956407,-0.24988
0.905458,-0.178037
0.892825,-0.379026
0.9293,-0.235788
1.01128,-0.932661
0.938205,-0.398525
0.946369,-0.417986
1.00906,-0.820016
0.953263,-0.527258
1.01342,-1.05431
0.872584,-0.0299902
1.04388,-0.990806
0.961071,-0.394568
1.0323,-1.24394
1.00149,-0.555935
0.984746,-0.822998
1.00655,-0.616376
0.956912,-0.265322
0.985343,-0.996222
1.00387,-0.927128
0.946471,-0.346815
0.863282,-0.0184388
0.914538,0.0532003
1.01692,-0.444272
0.850097,-0.0649204
0.965648,-0.627115
0.984801,-0.379313
0.976059,-0.262378
1.03135,-0.837739
0.878439,-0.0835048
0.906501,-0.229527
0.915903,-0.227074
0.937734,-0.615158
0.86716,-0.308801
0.908834,-0.449547
0.976213,-0.63652
0.895042,-0.142932
0.981152,-0.672034
0.894963,0.0396799
1.00014,-0.347784
0.975557,-0.463242
0.911323,-0.0573975
0.937507,-0.490114
1.03667,-0.953
1.00526,-0.647421
0.986933,-0.43189
0.905829,-0.0799636
0.958183,-0.652135
0.92466,-0.26644
0.962424,-0.747345
0.958052,-0.318907
0.966935,-0.503189
