slope,intercept
1.2428,-0.306835
1.22268,0.300716
1.23141,0.0245631
1.22883,0.133204
1.27936,-0.104586
1.25176,-0.0701372
1.25416,0.329424
1.3379,-0.540632
1.27207,0.252682
1.16686,1.06257
1.20211,0.316408
1.20801,0.630822
1.2109,0.410109
1.2924,-0.166277
1.29147,-0.296885
1.2697,0.425057
1.33249,-0.733616
1.3432,-0.722849
1.27281,-0.0235232
1.28488,-0.265419
1.33192,-0.42535
1.32711,-0.0121461
1.2907,-0.199232
1.26641,0.40672
1.2849,-0.0019166
1.35303,-0.724369
1.25266,-0.0284213
1.26347,0.337035
1.31922,-0.181452
1.25496,0.291157
1.21331,0.415701
1.17921,0.567131
1.34516,-0.204936
1.22258,0.13504
1.2358,0.240734
1.2847,-0.103895
1.34031,-0.471203
1.27295,-0.0436049
1.21944,0.081334
1.24477,0.333606
1.2619,0.0772177
1.31558,-0.202759
1.27115,0.491618
1.25661,0.316082
1.27792,-0.108886
1.23823,0.31526
1.26471,0.203409
1.26419,0.25289
1.25679,0.409673
1.29113,-0.0375985
1.26139,0.104328
1.27578,0.293496
1.2341,0.484699
1.31654,-0.453944
1.36586,-0.559821
1.32956,-0.204439
1.25842,0.11628
1.18596,0.681947
1.2375,0.427067
1.33127,-0.717575
1.30074,0.0175607
1.23046,0.302314
1.26315,0.188701
1.28539,-0.0643727
1.25975,-0.346889
1.25598,0.0813729
1.39302,-0.547961
1.25387,-0.171013
1.24452,0.665922
1.29861,-0.538483
1.25366,0.246118
1.31659,0.0206079
1.33965,-0.582731
1.27437,0.397422
1.34554,-0.585173
1.29512,-0.357508
1.24223,0.0376678
1.27185,-0.13409
1.26181,0.127535
1.285,0.0125068
1.24994,0.198696
1.24319,0.599164
1.31712,0.0526706
1.22718,0.299846
1.32966,-0.421494
1.29546,0.0144669
1.18941,0.465262
1.28382,-0.185525
1.26789,0.208988
1.33961,-0.22082
1.24003,0.340765
1.1706,0.899254
1.29783,0.0369218
1.31679,-0.381718
1.25836,0.0426973
1.29829,-0.364036
1.28709,-0.0698991
1.31621,-0.213086
1.36545,-0.344648
1.27485,0.187174
1.2367,0.500402
1.22104,0.395686
1.3087,-0.163237
1.28641,0.0666912
1.21792,0.326156
1.26636,0.19887
1.18986,0.44905
1.21022,0.37013
1.37525,-0.665103
1.25799,0.674748
1.16657,0.682252
1.35197,-0.543372
1.22065,0.430188
1.35392,-0.136945
1.18704,0.611676
1.30945,-0.361227
1.24592,0.156076
1.28797,-0.558988
1.2929,-0.221526
1.33119,-0.514089
1.30445,-0.0246958
1.32937,-0.570711
1.26075,0.313629
1.26015,0.140472
1.25725,0.270467
1.29012,-0.196593
1.2782,-0.287011
1.28357,0.0737371
1.3642,-0.621977
1.224,0.163554
1.33922,0.0446877
1.33967,-0.11196
1.28096,-0.0221802
1.39009,-0.625037
1.32447,-0.00934445
1.25482,0.372662
1.30636,-0.132204
1.29725,-0.226361
1.24223,0.156747
1.25611,0.189161
1.1725,0.506124
1.31031,-0.277654
1.36788,-0.810969
1.2186,0.328239
1.30569,-0.438454
1.28053,0.250991
1.2829,0.0222653
1.25726,0.371601
1.36847,-0.670538
1.28901,0.138178
1.36436,-0.239518
1.21779,0.271592
1.30663,-0.000374893
1.30515,-0.0142887
1.26584,0.407218
1.25534,0.133047
1.2728,0.25631
1.29215,0.119865
1.16718,0.0652492
1.27478,-0.14352
1.24014,0.204995
1.20287,0.421286
1.19637,0.800667
1.38344,-0.810867
1.28481,-0.277541
1.28132,-0.278184
1.2251,0.603985
1.32991,-0.249067
1.22118,0.221627
1.25987,0.0859339
1.33387,-0.406642
1.30534,0.0739725
1.25534,0.170994
1.27564,-0.0120026
1.25454,0.206621
1.24603,0.313356
1.32461,0.0692412
1.31153,-0.484215
1.22206,0.47081
1.33118,-0.455459
1.25609,0.127599
1.30372,-0.370162
1.30139,0.199548
1.25224,0.0615096
1.19026,0.899893
1.27555,0.280301
1.32831,-0.198548
1.28788,-0.236378
1.28217,0.343957
1.20099,0.730007
1.33005,-0.396762
1.22487,0.481442
1.27897,0.0447006
1.37471,-0.518363
1.19954,0.558954
1.32437,-0.124573
1.2896,-0.137242
1.28227,-0.0469755
1.24456,0.174255
1.36783,-0.713549
1.18702,0.474822
1.1712,0.541503
1.31202,0.0264547
1.27889,0.058649
1.30435,0.169681
1.20272,0.629043
1.32092,-0.263478
1.18512,0.289417
1.24253,0.504046
1.19185,0.700762
1.33369,-0.131611
1.26471,0.187797
1.22812,0.14923
1.25766,-0.0319142
1.28976,-0.291108
1.27049,0.254721
1.24946,0.412903
1.23844,0.247544
1.24968,0.316137
1.25048,0.248261
1.27663,0.104757
1.23866,0.413281
1.29275,-0.199253
1.27003,-0.253962
1.19676,0.633975
1.28981,-0.179766
1.22393,0.34073
1.23779,0.182186
1.31081,-0.356624
1.31435,-0.618022
1.23709,0.106091
1.3244,-0.184115
1.36192,-0.474892
1.25122,-0.0869803
1.31478,-0.382815
1.32384,-0.371265
1.20432,0.44644
1.27622,0.172192
1.26045,0.0109663
1.2775,0.226547
1.32874,-0.370981
1.30501,-0.508879
1.22092,0.499853
1.30828,-0.0295493
1.25881,0.121373
1.28581,-0.131894
1.20042,0.458964
1.28073,0.140788
1.26144,-0.0191593
1.20523,0.45915
1.28918,-0.119936
1.33207,-0.383679
1.26797,0.365251
1.26139,-0.164802
1.28444,-0.0648343
1.22247,0.548379
1.25125,0.587078
1.2226,0.460584
1.34421,-0.173272
1.24334,0.335885
1.25165,0.307144
1.27467,0.33796
1.25722,0.286364
1.31949,0.0714082
1.30315,-0.251385
1.23774,0.0462828
1.31266,-0.210022
1.24502,0.363357
1.3158,0.309835
1.2371,0.305703
1.26589,0.45484
1.28881,-0.106587
1.2456,0.279319
1.32079,-0.519536
1.27578,-0.185662
1.19842,0.297265
1.3175,-0.438504
1.32481,-0.229475
1.29871,-0.290877
1.33546,-0.136883
1.43188,-0.941369
1.2148,0.883348
1.41646,-1.01001
1.28831,0.00848853
1.28568,0.104955
1.25263,0.2221
1.28596,0.319273
1.39011,-0.176793
1.30232,-0.360056
1.28507,0.161107
1.28557,-0.130317
1.29966,0.0099372
1.2975,-0.252481
1.31066,-0.114806
1.27847,0.231053
1.26034,0.284859
1.33198,-0.106824
1.22168,0.386108
1.2402,0.242163
1.32801,-0.0551162
1.34252,-0.765223
1.26122,0.462573
1.34541,-0.0651423
1.25448,0.00740513
1.28659,0.183447
1.26179,-0.129828
1.37823,-0.823979
1.32159,-0.406298
1.26197,0.286954
1.22356,0.280158
1.1766,0.598547
1.24571,0.0617564
1.30121,-0.292044
1.3267,-0.633586
1.26129,0.462622
1.32735,-0.169151
1.22926,0.676824
1.29047,0.0289064
1.27946,0.253097
1.27084,-0.029782
1.29046,0.0182798
1.25627,-0.0159029
1.21702,0.438736
1.20766,0.227832
1.26128,-0.0560562
1.35597,-0.301458
1.23579,0.154824
1.36969,-0.73617
1.29626,-0.171064
1.28567,0.152255
1.19928,0.354559
1.26719,0.118494
1.24122,0.201219
1.32734,-0.184108
1.26401,0.084281
1.28099,-0.236475
1.24417,0.430911
1.19659,0.462327
1.29343,-0.0892972
1.3337,-0.343821
1.23652,0.396296
1.27594,0.0322507
1.33661,-0.251403
1.31832,-0.365782
1.25486,0.318066
1.30432,-0.216052
1.25578,0.121432
1.27843,-0.372938
1.28489,0.157556
1.28435,-0.0636077
1.30514,-0.193605
1.24954,-0.200748
1.30738,0.014443
1.22293,0.41598
1.26422,-0.0183408
1.29548,-0.208922
1.41657,-0.800017
1.23052,0.361996
1.25126,0.0598437
1.25638,-0.249483
1.25363,0.420092
1.28178,0.204017
1.28364,0.361246
1.4152,-0.598836
1.23623,0.503604
1.36384,-0.673493
1.21166,0.260033
1.25604,0.272706
1.39406,-0.832373
1.22815,0.539229
1.25855,0.251452
1.19944,0.12768
1.26942,0.245058
1.15001,0.774581
1.23436,0.157215
1.35437,-0.335538
1.28616,-0.146427
1.22848,0.32609
1.29661,-0.246642
1.32297,-0.218703
1.2047,0.263608
1.20936,0.59145
1.29,-0.133558
1.28673,0.105155
1.34426,-0.450796
1.21254,0.416424
1.23259,0.311918
1.27212,-0.195079
1.21774,0.385935
1.272,-0.0556546
1.36572,-0.501242
1.29778,0.0332865
1.30155,-0.266583
1.26438,0.111764
1.28842,-0.118084
1.24135,-0.0574085
1.30688,0.376723
1.2019,0.576525
1.33488,-0.189005
1.35804,-0.290915
1.32562,-0.377807
1.31249,-0.0441008
1.231,0.0195469
1.36419,-0.596178
1.28903,-0.0134578
1.30633,-0.342557
1.24933,0.0931704
1.27384,0.114795
1.33487,-0.232663
1.43947,-0.8535
1.2321,0.200274
1.27744,0.0941936
1.23703,0.147413
1.2256,0.0470155
1.25478,0.172534
1.3076,-0.0926999
1.27794,-0.185437
1.30433,-0.210049
1.32961,-0.0159766
1.29871,-0.363989
1.34305,-0.323748
1.22427,0.602272
1.27065,0.106027
1.19418,0.770045
1.28044,-0.138002
1.31338,-0.160403
1.21862,0.254365
1.34646,-0.462239
1.27159,0.170949
1.28862,-0.0347592
1.26847,0.0934816
1.27182,-0.0188151
1.31142,-0.429374
1.25203,0.150367
1.26148,0.0616582
1.21971,0.560748
1.29519,-0.283715
1.2489,0.352236
1.29447,-0.353519
1.27392,-0.0719072
1.34342,-0.362617
1.24715,0.256576
1.32876,-0.409793
1.24217,0.178995
1.27085,0.0701135
1.28855,-0.054249
1.337,-0.218662
1.28016,0.364926
1.34871,-0.58831
1.25605,-0.100501
1.29403,-0.158872
1.21391,0.299721
1.22928,0.485312
1.29578,0.0394629
1.28861,-0.0845044
1.24094,0.161939
1.26566,-0.0383954
1.33892,-0.240621
1.21883,0.00931837
1.31488,-0.0276191
1.30125,0.0059847
1.24899,0.388489
1.32107,-0.382973
1.21894,0.142789
1.24834,0.303556
1.25174,0.104841
1.24557,0.234929
1.31631,0.118263
1.17539,0.525131
1.17173,1.06538
1.26125,0.1531
1.26841,0.274065
1.2536,-0.00679504
1.27584,0.253387
1.2447,0.269663
1.2635,-0.277346
1.23881,0.372534
1.28706,-0.230789
1.26872,0.0707903
1.28721,-0.192973
1.2749,-0.0154028
1.2166,0.350968
1.28868,-0.228745
1.32507,-0.122586
1.31266,-0.377446
1.27606,-0.214052
1.27712,0.0724588
1.14571,1.23619
1.24679,0.27551
1.24476,0.297673
1.32278,0.204839
1.26082,0.345027
1.27144,0.0196794
1.28536,0.473592
1.27225,0.688193
1.24849,0.358538
1.28893,-0.0816615
1.22881,0.738304
1.31885,-0.541504
1.21853,0.497261
1.28559,0.0934075
1.32299,-0.100807
1.30983,-0.202982
1.20447,0.561995
1.19842,0.54234
1.28743,-0.119489
1.19596,0.348987
1.34953,-0.117955
1.27071,0.155958
1.3059,-0.3755
1.30284,0.104984
1.21083,0.648116
1.17227,0.874646
1.30013,-0.406179
1.29429,0.39999
1.22883,0.150786
1.20796,0.55675
1.28927,-0.0982407
1.19678,0.493139
1.29137,-0.0170527
1.24555,0.168737
1.28023,0.191184
1.2695,0.274929
1.2455,0.17324
1.18672,0.947542
1.22354,0.279397
1.24765,0.28852
1.19454,0.780059
1.28016,0.171555
1.3014,0.0526371
1.27299,0.134708
1.30978,0.0919343
1.25429,-0.0337619
1.18881,0.780393
1.33962,-0.315014
1.37023,-0.272029
1.29581,-0.347828
1.30937,-0.600867
1.29942,-0.48774
1.30758,-0.199326
1.30919,-0.233685
1.26198,0.255797
1.3069,-0.033755
1.27546,-0.13578
1.37235,-0.462649
1.20821,0.347986
1.22109,0.466051
1.28365,-0.0419047
1.22219,0.475449
1.27028,0.098583
1.28591,0.0376962
1.34624,-0.425534
1.3256,-0.519033
1.26975,0.00655972
1.23638,0.361412
1.29459,0.186834
1.26114,0.777158
1.25465,-0.057733
1.17542,0.571072
1.21153,0.507353
1.20896,0.444173
1.25104,-0.10328
1.26767,-0.0662708
1.28091,0.0477472
1.24617,0.458869
1.33061,-0.60028
1.34452,-0.15915
1.30991,-0.550379
1.30695,0.337491
1.14298,0.519727
1.22263,0.0468053
1.29005,-0.0401382
1.25945,0.306648
1.20526,0.438992
1.29344,-0.223582
1.21044,0.244748
1.34784,-0.476837
1.24748,0.628258
1.27845,-0.297129
1.31561,0.0962178
1.2723,0.141612
1.24381,0.169625
1.2304,0.308144
1.253,0.139626
1.25879,0.14356
1.32493,-0.207563
1.29066,-0.0810237
1.17223,0.673348
1.29382,-0.119431
1.25541,0.0066237
1.29834,-0.113548
1.36833,-0.439788
1.25477,0.148756
1.18796,0.726613
1.25358,0.325775
1.32715,-0.363773
1.27835,0.0983428
1.21354,0.824636
1.26202,0.369134
1.2158,0.132894
1.24848,0.313999
1.14181,0.801389
1.31429,-0.213324
1.28676,-0.192941
1.29757,0.0327822
1.35912,-0.510116
1.20099,0.564386
1.31871,-0.443433
1.19742,0.604471
1.27984,0.157343
1.18824,0.543023
1.25837,0.269291
1.25608,0.328389
1.25586,0.0684987
1.22491,0.466987
1.31472,-0.0479012
1.35664,-0.249961
1.34605,-0.309676
1.21095,0.64321
1.2798,-0.0145082
1.38392,-0.87631
1.27885,-0.168209
1.37496,-0.508267
1.28152,0.102887
1.27386,0.125039
1.22763,0.291952
1.29809,-0.238889
1.32576,-0.593607
1.29941,-0.0456273
1.27663,0.0999476
1.29942,-0.081454
1.26352,0.0697634
1.25202,-0.0897866
1.26846,0.264722
1.22814,0.471615
1.22826,0.546214
1.32098,-0.355352
1.24732,0.164786
1.30452,-0.0580046
1.27684,-0.164249
1.23205,0.211213
1.33127,-0.139202
1.26491,0.133873
1.30011,-0.269743
1.27758,0.0746878
1.32423,-0.353666
1.27854,-0.175468
1.2763,0.148087
1.21239,0.452803
1.2256,0.444683
1.21776,0.107223
1.29316,0.118532
1.22128,0.361795
1.37389,-0.552565
1.31116,-0.00271263
1.35004,-0.436725
1.28966,-0.00512735
1.23918,0.315595
1.23867,0.352377
1.21623,0.108111
1.25932,0.117456
1.21875,0.486054
1.25739,0.138431
1.29233,0.0183127
1.30726,0.138277
1.13793,1.04613
1.25918,0.147052
1.25099,-0.228253
1.25438,-0.120016
1.27196,-0.0728751
1.26429,-0.0444982
1.2578,-0.0231529
1.31536,-0.413992
1.26534,0.321344
1.25255,0.798085
1.3098,0.0228326
1.31075,-0.0531801
1.32959,-0.392875
1.30307,-0.383353
1.34883,-0.789249
1.30267,0.287782
1.2356,0.299741
1.26309,0.171457
1.29314,-0.248104
1.27969,0.102053
1.29244,-0.209797
1.23537,0.199128
1.32791,-0.431227
1.22598,0.570568
1.34235,0.00557342
1.23605,0.185954
1.31733,-0.2226
1.34008,-0.49761
1.2658,0.137247
1.39927,-1.05046
1.31453,-0.470095
1.22051,0.43952
1.30792,-0.0630027
1.29635,-0.116731
1.26865,-0.0124815
1.2109,0.381022
1.3278,-0.49238
1.32326,-0.473204
1.32481,-0.514338
1.29936,-0.184463
1.26958,-0.128015
1.34066,-0.292999
1.26258,0.0869309
1.34293,-0.107148
1.28686,-0.13715
1.24155,0.0482253
1.24049,-0.0669275
1.28806,-0.35008
1.20446,0.746514
1.2406,0.104251
1.3017,-0.0864071
1.28711,0.0634044
1.24492,0.0176291
1.22863,0.193688
1.22427,0.359928
1.29405,-0.338981
1.30047,-0.377634
1.21157,0.357937
1.24277,0.288939
1.24924,0.33005
1.22394,0.0428742
1.25331,0.295389
1.26932,-0.140826
1.22612,0.123853
1.27274,0.372527
1.20806,0.126801
1.30929,-0.104226
1.23181,-0.00113132
1.29419,-0.152092
1.30983,-0.175336
1.26677,0.250112
1.33244,-0.214118
1.30872,-0.234894
1.34478,-0.424013
1.32177,-0.342314
1.26919,0.250648
1.31447,0.0249461
1.33703,-0.299512
1.26336,0.36706
1.26874,0.175073
1.34155,-0.544746
1.38567,-0.766849
1.2617,0.104386
1.18887,0.386755
1.22237,0.160388
1.348,-0.232979
1.18815,0.574884
1.25614,-0.0407798
1.26135,0.26942
1.14364,0.775228
1.24235,0.439849
1.29175,0.143346
1.28496,0.1962
1.33172,-0.293718
1.21313,0.166995
1.26789,0.369075
1.29296,-0.186684
1.26014,-0.0321795
1.25403,0.251398
1.26367,0.813126
1.22651,0.348081
1.28154,-0.124175
1.21353,0.598988
1.25641,0.120614
1.24341,0.464537
1.22562,0.429659
1.30603,-0.0909268
1.33875,-0.271071
1.25937,0.331393
1.27149,0.36293
1.33679,-0.495091
1.29997,0.0756566
1.28796,0.0690859
1.28078,0.539408
1.17591,0.780408
1.32655,-0.0564874
1.17617,0.357627
1.25978,-0.101082
1.25171,0.154991
1.39893,-0.803063
1.23393,0.242558
1.27939,0.0130939
1.28774,-0.0273395
1.25077,0.123121
1.19536,0.721995
1.31788,-0.0213026
1.28733,0.273011
1.28095,-0.173139
1.2853,-0.181575
1.27657,-0.246434
1.2198,0.472201
1.3157,-0.0581134
1.21366,0.761057
1.22065,0.510373
1.1888,1.25654
1.3452,-0.138985
1.28705,-0.169506
1.24908,0.225697
1.22196,0.305227
1.22357,0.237328
1.26309,0.088255
1.24536,0.357697
1.20472,0.721465
1.22177,0.190565
1.28927,-0.25857
1.29976,-0.401443
1.25398,0.272118
1.37013,-0.472192
1.31118,-0.0893068
1.31186,0.051878
1.1956,0.525197
1.27811,-0.094727
1.30752,0.0390325
1.29761,0.247863
1.27069,0.288989
1.3329,-0.180951
1.31099,0.175559
1.29682,-0.327992
1.31122,0.186885
1.34349,-0.423504
1.30047,-0.10918
1.2667,-0.0929664
1.32396,-0.0859651
1.2313,0.0966799
1.29527,-0.0186296
1.26795,0.20014
1.32747,-0.182738
1.31203,-0.334646
1.35261,-0.312935
1.26576,-0.036552
1.32777,0.149147
1.25562,0.125015
1.32084,-0.168493
1.29114,0.245399
1.22794,0.256571
1.27327,0.0566177
1.28564,-0.120637
1.35508,-0.628757
1.35835,-0.537061
1.25383,0.241619
1.2312,0.716884
1.28065,0.373317
1.31181,-0.0790132
1.20096,0.314701
1.22755,0.473192
1.31255,-0.159057
1.28486,0.0797938
1.28466,0.167251
1.33236,-0.0774686
1.28163,0.0875794
1.2806,0.273458
1.26458,-0.187809
1.27488,-0.0401243
1.27299,-0.0940503
1.25997,-0.0804942
1.2813,-0.000765584
1.34239,-0.156314
1.29538,0.292571
1.17452,0.498297
1.27846,-0.267179
1.33757,-0.0798878
1.27061,-0.485589
1.26717,-0.227371
1.31173,-0.093404
1.25225,-0.0353084
1.26154,0.296588
1.3206,-0.27388
1.26785,-0.0647743
1.18503,0.680638
1.25893,0.178193
1.25961,0.0747971
1.2115,0.203602
1.37706,-0.496778
1.22765,0.556806
1.28468,-0.108593
1.3062,0.0178347
1.36367,-0.5387
1.21442,0.241284
1.25785,0.480234
1.33706,-0.394602
1.30367,-0.447916
1.23881,0.30568
1.30409,-0.237327
1.24469,0.122517
1.19656,0.317516
1.16796,0.59367
1.27429,-0.269845
1.27637,0.513543
1.21833,0.653798
1.2779,0.107764
1.25143,0.341784
1.30491,-0.317114
1.21004,0.662174
1.37394,-0.427291
1.27372,0.156512
1.25257,0.443276
1.20536,0.310869
1.18734,0.247514
1.23575,0.390649
1.34831,-0.408027
1.24888,0.0778279
1.20617,0.167594
1.33801,-0.326495
1.29297,-0.00304382
1.32086,0.163885
1.17393,0.454297
1.31188,-0.415991
1.34476,-0.225652
1.25321,0.124123
1.3335,0.0776
1.25545,-0.0719796
1.27083,-0.0540655
1.21915,0.592518
1.3831,-0.536476
1.29635,0.0651446
1.24279,0.284728
1.24978,0.165426
1.23099,0.209285
1.24284,0.139293
1.30253,-0.20963
1.23885,0.127147
1.18761,0.465685
1.24666,0.288615
1.2334,0.0441601
1.23601,0.233427
1.17111,0.707589
1.29997,0.0648344
1.24529,-0.133594
1.22735,0.64017
1.284,0.374294
1.29649,0.168306
1.2788,-0.156292
1.27579,-0.0339022
1.1794,0.15226
1.22913,0.259743
1.24563,-0.157211
1.26411,0.229948
1.23003,0.224859
1.38709,-0.845811
1.22203,0.412471
1.20629,0.634547
1.23138,0.710896
1.25164,-0.0173191
1.37628,-0.545536
1.39652,-0.384013
1.36516,-0.381771
1.22189,0.352871
1.29674,-0.460817
1.19209,0.752846
1.34151,0.0469855
1.27718,0.0676729
1.26497,0.134126
1.33011,-0.447296
1.21035,0.427376
1.38471,-0.558135
1.30627,0.0786214
1.24071,0.455399
1.29723,-0.199333
1.3477,-0.679931
1.28149,-0.0129079
1.2817,0.559297
1.21252,0.677376
1.26511,-0.138493
1.31942,0.126181
1.28281,-0.0162496
1.35533,-0.177067
1.27968,-0.246388
1.22777,0.345857
1.21444,0.25957
1.27204,-0.227025
1.25262,0.236768
1.34365,-0.374527
1.27239,0.211384
1.30832,-0.290458
1.32965,-0.459826
1.27746,-0.103245
1.31414,0.0246793
1.2692,0.156037
1.30492,-0.0478884
1.29611,0.0869338
1.30449,-0.00772224
1.27969,0.137857
1.29813,0.0190348
1.26225,-0.0960804
1.25197,0.175602
1.32754,0.225582
1.34175,-0.00627261
1.3456,-0.728997
1.32177,-0.445749
1.34079,-0.397862
1.2316,0.345675
1.29662,-0.12293
1.30734,-0.0153525
1.29273,0.306384
1.25299,-0.173415
1.25505,0.451434
1.26723,0.0786626
1.33339,-0.337557
1.37691,-0.759414
1.2755,-0.278641
1.26485,-0.384445
1.26601,0.258584
1.21874,0.184412
1.31294,-0.328142
1.30851,-0.172206
1.26721,0.333034
1.21699,0.740147
1.294,-0.15149
1.24951,0.0821095
1.35217,-0.469464
1.23481,0.530831
1.27471,-0.154136
1.22201,0.602118
1.24298,0.685195
1.29068,-0.219146
1.32292,-0.70486
1.20606,0.657958
1.30222,-0.300675
1.19346,0.97458
1.19818,0.459362
1.25172,0.461171
1.20434,0.460981
1.32947,-0.135085
1.17909,0.63284
1.34241,-0.302163
1.19121,0.76027
1.31458,-0.254464
1.34324,-0.294654
1.23864,0.245711
1.29756,-0.0527868
1.27776,0.105083
1.26094,0.197153
1.19373,0.301175
1.28724,-0.190348
1.3346,-0.209646
1.27168,0.0268462
1.25138,0.50304
1.22743,0.468262
1.2642,-0.022841
1.32374,-0.0842799
1.31223,-0.24499
1.30913,-0.528357
1.21988,0.0590378
1.27239,0.0924895
1.30172,-0.832079
1.26526,0.196997
1.23257,0.303994
1.29865,-0.0864103
1.26448,0.125192
1.33964,-0.0760819
1.23245,0.247862
1.33324,0.0759181
1.30144,-0.162287
1.30118,-0.19281
1.26057,0.342676
1.34665,-0.400099
1.2812,-0.117783
1.25939,0.0977435
1.28187,0.248794
1.31236,0.0200981
1.27257,0.280988
1.35321,-0.277987
1.25662,0.173748
1.21292,0.427347
1.21143,0.700835
1.39844,-0.334239
1.19376,0.279092
1.34163,-0.361325
1.30065,-0.154587
1.29776,-0.285095
1.35099,-0.240476
1.25832,0.0568026
1.33366,-0.320625
1.31007,-0.442649
1.18818,0.658481
1.2683,0.0897857
1.25645,0.446242
1.2892,-0.272827
1.26153,0.175769
1.28451,0.145493
1.33027,-0.604658
1.29029,0.149438
1.1444,1.04787
1.19986,0.394088
1.22117,0.304384
1.2831,-0.071824
1.35435,-0.45576
1.3236,-0.210438
1.24876,0.010647
1.25049,0.117676
1.28303,0.291457
1.32637,-0.314187
1.3548,-0.250047
1.28289,0.0509177
1.29308,0.0127249
1.2869,0.121543
1.21298,0.4497
1.29753,-0.469653
1.25652,-0.0613082
1.2652,0.0175662
1.27344,-0.226152
1.36153,-0.919944
1.24688,0.230931
1.31251,-0.120731
1.29585,0.00613947
1.32539,0.016669
1.24495,0.204296
1.21479,0.733659
1.32142,-0.184084
1.29939,0.207959
1.21607,0.373335
1.30977,0.105749
1.38393,-0.97155
1.22356,0.351313
1.24409,0.328692
1.25973,0.0719349
1.24025,0.413528
1.2677,0.170287
1.29422,0.00081346
1.25957,-0.0757589
1.19906,0.394611
1.23949,0.0205098
1.27009,-0.0178164
1.21639,0.573354
1.21699,0.739871
1.24081,0.464492
1.29245,0.0709618
1.32968,-0.224235
1.19474,0.865127
1.28244,-0.0084699
1.32228,-0.167908
1.35499,-0.288
1.30614,-0.260739
1.23327,0.357057
1.31826,-0.372223
1.36735,-0.519516
1.35785,-0.0183
1.34592,-0.235593
1.32399,-0.139849
1.29367,-0.0964348
1.26272,0.0374076
1.30827,0.111296
1.30492,0.0888304
1.30231,-0.03757
1.31588,-0.0336601
1.299,0.287551
1.23211,0.255359
1.298,0.301502
1.30012,0.0582538
1.23862,0.318535
1.1731,0.747658
1.19739,0.62461
1.22798,-0.0552273
1.24798,-0.0200554
1.28097,-0.387911
1.33201,-0.139954
1.31353,-0.203888
1.34956,-0.526187
1.28138,-0.207521
1.22817,0.254617
1.26429,0.11826
1.19437,0.444556
1.34524,-0.499519
1.28233,-0.073471
1.23181,0.267856
1.32927,0.0603828
1.31139,-0.00893542
1.36186,-0.705233
1.20389,0.705605
1.23712,-0.200551
1.21525,0.291187
1.27222,-0.170248
1.34202,-0.380995
1.23594,0.226762
1.37392,-0.566237
1.3085,-0.170147
1.18167,0.959665
1.25122,0.432814
1.25767,-0.0456373
1.32572,-0.366616
1.26873,0.00730413
1.26826,-0.120117
1.32987,-0.579913
1.39048,-1.00252
1.21929,0.624458
1.26468,-0.00757255
1.35822,-0.526818
1.26327,0.269556
1.28252,-0.221447
1.20591,0.492413
1.27968,0.17331
1.36485,-0.646623
1.31133,-0.204223
1.2972,-0.192757
1.28894,0.301561
1.36192,-0.716608
1.23155,0.505186
1.24263,-0.04743
1.27097,0.0514518
1.26423,0.153699
1.31602,-0.123613
1.24608,-0.0456116
1.2351,0.16999
1.28171,0.23856
1.22879,0.280915
1.29282,0.137847
1.21609,0.742539
1.25842,0.226713
1.28814,0.00703911
1.16168,0.722223
1.25373,0.41155
1.30592,-0.208655
1.25152,0.326826
1.2968,0.0784796
1.25275,0.209846
1.24316,0.524151
1.24594,0.204677
1.20999,0.218442
1.31115,-0.611339
1.23308,0.0495438
1.28655,0.100018
1.21958,0.534556
1.2745,0.158568
1.3552,-0.517959
1.33477,-0.288219
1.24511,0.336817
1.21171,0.535759
1.28681,-0.162516
1.30246,-0.266505
1.20885,0.651946
1.26286,0.0298658
1.27241,0.375245
1.23596,0.0874333
1.32963,-0.69291
1.31443,-0.62498
1.23352,0.0944326
1.34525,-0.481561
1.23529,0.628991
1.23166,0.0145445
1.19515,0.663022
1.28223,0.214681
1.2926,-0.248474
1.26259,0.213756
1.23139,0.620555
1.21353,0.514828
1.27366,-0.155408
1.22691,0.308971
1.21428,0.331299
1.29925,0.00892163
1.18818,0.34864
1.26387,-0.00607737
1.30882,-0.355243
1.30619,0.0229234
1.29579,-0.0809723
1.31023,-0.466817
1.26693,0.0305783
1.29389,-0.14691
1.20722,0.359737
1.33605,-0.524612
1.18866,0.602984
1.29086,-0.0226478
1.30574,-0.257908
1.34379,-0.267764
1.24887,0.162122
1.27505,0.314422
1.27953,0.0442453
1.27363,0.112645
1.26362,-0.00518699
1.27285,-0.271641
1.30985,-0.110873
1.27219,0.0137192
1.29344,-0.0997015
1.25985,-0.327487
1.31057,0.281575
1.25594,0.102648
1.34323,-0.380575
1.31482,-0.161281
1.16127,0.690857
1.28895,-0.271477
1.29246,0.254029
1.2157,0.268248
1.30426,0.0746685
1.23867,0.0822208
1.28702,0.146648
1.31872,-0.370864
1.24456,0.3565
1.24531,0.0197594
1.18248,0.719172
1.29347,0.129739
1.31867,-0.396667
1.26561,0.155254
1.29513,-0.122077
1.2514,-0.0610571
1.21335,0.774041
1.3204,-0.269999
1.28183,-0.0500834
1.3195,-0.279043
1.27466,0.446694
1.26681,0.196605
1.29513,-0.0612592
1.26853,0.254494
1.3955,-0.941598
1.31451,-0.158645
1.28052,0.145137
1.40275,-0.35948
1.29611,-0.230934
1.23424,0.0505757
1.27004,0.246828
1.24549,0.483517
1.31461,0.000943375
1.23957,0.162009
1.3324,0.159793
1.2616,0.207913
1.25874,0.296828
1.36827,-0.289084
1.26816,0.423022
1.25668,0.0575513
1.31466,-0.368091
1.26716,0.253659
1.26672,0.202758
1.24792,-0.055272
1.19394,0.429605
1.3322,-0.216387
1.32787,-0.32683
1.35191,-0.607092
1.31947,-0.0684046
1.27676,0.302777
1.28042,0.297305
1.30794,-0.245752
1.38582,-0.754607
1.31589,-0.00918836
1.22379,0.350579
1.31098,-0.457432
1.21219,0.376722
1.25522,0.159065
1.24797,0.538029
1.18994,0.574936
1.31723,-0.297766
1.24956,0.276432
1.26689,0.0623652
1.24134,0.43227
1.22306,0.303357
1.24646,0.648833
1.22584,0.508635
1.29569,0.0464238
1.26918,-0.135445
1.28522,0.0423808
1.28358,-0.129175
1.2283,0.370662
1.25645,0.234136
1.24908,0.21302
1.26069,0.380294
1.27503,0.0528531
1.3595,-0.515817
1.33916,-0.348543
1.25426,0.19549
1.36776,-0.471138
1.30095,-0.126694
1.30773,-0.142602
1.23857,0.202064
1.22032,0.523403
1.21279,0.614002
1.31765,-0.204952
1.26201,0.0753546
1.31378,-0.149175
1.2649,-0.259094
1.30267,0.107017
1.31099,-0.0214208
1.21316,0.411501
1.21125,0.730289
1.22451,0.254752
1.19768,0.608715
1.34107,-0.345663
1.24154,0.0396644
1.22253,0.659656
1.33098,-0.402964
1.22401,0.528295
1.23541,0.437383
1.26064,0.00572661
1.40038,-0.806452
1.24089,0.514136
1.29303,-0.00365315
1.26948,-0.0058535
1.27786,0.125726
1.27291,0.219933
1.25047,0.311322
1.32018,0.182443
1.32667,0.089229
1.29272,-0.0659589
1.22197,0.156493
1.20332,0.919419
1.34143,-0.608773
1.29699,0.178116
1.26365,0.065847
1.18556,0.75922
1.29672,-0.11296
1.39927,-0.8975
1.294,-0.245051
1.28354,-0.156812
1.24408,0.169778
1.18385,0.688378
1.25241,0.358697
1.128,0.58938
1.23328,-0.230549
1.2798,0.184478
1.34155,-0.524724
1.30273,-0.034987
1.31193,-0.0755919
1.28698,0.0900522
1.33612,-0.720827
1.2101,0.501969
1.32194,-0.795706
1.23611,0.615927
1.22905,0.468105
1.2979,-0.15859
1.35888,-0.700853
1.30185,0.115915
1.1702,0.512183
1.25582,0.247353
1.21776,0.214986
1.30476,-0.46359
1.32763,-0.423849
1.29633,-0.00938092
1.25391,-0.453337
1.32123,-0.314627
1.34408,-0.471784
1.32319,-0.0816759
1.32918,-0.305353
1.27934,0.0332752
1.23828,0.315953
1.27454,0.229091
1.27821,0.0227501
1.307,-0.201405
1.25124,0.427304
1.31513,-0.233694
1.35137,-0.452274
1.32311,-0.348691
1.24192,-0.00125485
1.3148,-0.288077
1.3306,-0.0760338
1.24145,-0.170301
1.21532,0.390726
1.23897,0.266612
1.28022,-0.314452
1.25411,0.28011
1.18521,0.398324
1.271,0.030775
1.31725,-0.231578
1.30985,-0.2067
1.33165,-0.47883
1.34437,-0.302194
1.26919,0.0891251
1.29841,0.173135
1.29822,-0.230702
1.22381,0.483212
1.33626,-0.202724
1.28098,0.39107
1.32603,-0.319868
1.24902,0.0333135
1.26281,0.0556223
1.19815,0.313877
1.3235,-0.209897
1.2994,-0.0669344
1.1892,0.655855
1.28401,0.0972996
1.33128,0.0556033
1.26659,-0.10329
1.28631,-0.19605
1.23601,0.14985
1.21519,0.346679
1.20291,0.141912
1.23897,0.294648
1.28312,0.111572
1.26042,0.336262
1.28785,-0.192763
1.25728,0.415441
1.32574,-0.0706893
1.32527,-0.380159
1.31219,0.293485
1.27588,-0.124393
1.30391,0.24184
1.25513,0.0963914
1.27775,0.151596
1.23745,0.159441
1.2333,0.146766
1.20645,0.396698
1.23992,0.398309
1.22102,0.406867
1.39468,-0.822293
1.32059,-0.435605
1.24873,0.40462
1.30426,-0.157856
1.22139,0.324456
1.21977,0.532975
1.26213,0.0525999
1.31872,0.00491656
1.30755,-0.0470213
1.28674,-0.0545751
1.19841,0.64838
1.21737,0.342604
1.27443,-0.0666287
1.25785,0.130984
1.24442,0.0502198
1.2228,0.443218
1.38582,-0.236259
1.2367,0.410078
1.30618,-0.303077
1.30974,-0.00993002
1.28325,-0.0574477
1.24451,0.380601
1.30057,-0.489346
1.18572,0.247721
1.26779,0.0116975
1.2718,-0.191689
1.24425,0.294119
1.36814,-0.0814496
1.23364,0.093511
1.26956,-0.392428
1.29607,-0.398659
1.2408,0.408804
1.325,-0.283988
1.28599,-0.0229604
1.18429,0.775551
1.23009,0.20094
1.3169,-0.0963906
1.27299,0.0355583
1.2729,0.179081
1.32438,0.08616
1.28657,0.105677
1.20686,0.322176
1.31111,-0.272497
1.28512,-0.0781996
1.36091,-0.216519
1.2873,-0.35894
1.33203,-0.391562
1.37249,-0.834995
1.22215,0.406386
1.27778,-0.593559
1.25564,0.111198
1.29762,0.0482114
1.27737,0.00539845
1.25934,-0.0867447
1.30185,-0.0134606
1.25953,-0.130987
1.22566,0.648397
1.21115,0.503627
1.28779,0.251425
1.17557,0.749563
1.27936,0.310359
1.28451,-0.237497
1.23498,0.271636
1.25916,0.674082
1.2589,0.00173218
1.21367,0.58725
1.21678,0.237891
1.2955,-0.44312
1.32653,-0.077198
1.17916,0.36111
1.31501,-0.334284
1.3138,-0.248547
1.27192,0.0707672
1.28361,-0.0890889
1.20355,0.403701
1.30899,-0.213293
1.18928,0.656396
1.27593,-0.0314197
1.33251,-0.242722
1.27775,0.0610156
1.35242,-0.456791
1.30382,0.078744
1.20394,0.745569
1.23787,0.346778
1.29887,-0.13135
1.28821,-0.238931
1.23998,0.351251
1.26682,0.356957
1.26537,-0.0307017
1.20763,0.497998
1.32969,-0.554333
1.23242,0.208105
1.3411,-0.125072
1.28366,0.219
1.16852,0.695194
1.21703,0.66014
1.2243,0.223945
1.32593,-0.0569694
1.32962,0.255199
1.27662,-0.123879
1.2692,0.113425
1.2755,0.243012
1.26328,-0.194902
1.18159,0.13893
1.33134,-0.525623
1.29033,0.35093
1.2975,-0.307107
1.19881,0.793644
1.23165,0.376097
1.35572,-0.0626698
1.27921,-0.185731
1.2913,-0.0367785
1.35973,-0.67078
1.31794,-0.0588625
1.30011,-0.282037
1.23193,0.149838
1.30232,0.0685327
1.27874,0.0190599
1.23278,0.570506
1.29596,-0.251014
1.22032,0.138076
1.30644,-0.118375
1.34095,-0.459455
1.21902,0.391343
1.28793,-0.399458
1.27333,0.00749109
1.30772,-0.00231514
1.31578,-0.138436
1.28962,0.112838
1.27398,-0.113029
1.21126,0.812
1.29515,-0.0425243
1.2803,0.228056
1.25388,-0.0217468
1.39016,-0.701412
1.2783,-0.0168249
1.2919,-0.0759425
1.32474,-0.265964
1.2899,-0.285103
1.31364,-0.0798593
1.33161,-0.719464
1.26395,0.326664
1.2235,0.400211
1.2876,-0.0719774
1.22213,0.150746
1.18683,0.716016
1.33531,-0.456707
1.26543,0.14632
1.21155,0.467209
1.26915,0.0712144
1.22409,0.515023
1.27202,-0.155433
1.26907,-0.179566
1.27602,0.127075
1.25115,0.215306
1.27973,0.101883
1.22332,0.34413
1.24556,-0.0215068
1.24421,0.40632
1.24978,0.562547
1.31394,0.286946
1.36113,-0.500619
1.30847,-0.0677222
1.32461,-0.481636
1.30291,-0.135551
1.25005,0.176551
1.29347,-0.00474511
1.27714,0.0471904
1.27383,-0.174067
1.27489,0.135633
1.27977,0.0806556
1.35844,-0.418349
1.24601,0.564527
1.27063,-0.444828
1.28568,-0.122424
1.28411,-0.136396
1.1986,0.284537
1.28012,-0.0835986
1.27772,-0.148711
1.31804,-0.223914
1.26645,0.163034
1.27228,-0.0593644
1.24302,0.569199
1.22973,0.447536
1.22512,0.261393
1.32209,-0.360748
1.32993,-0.324803
1.25585,-0.0425039
1.24974,0.363884
1.28651,-0.151799
1.36037,-0.417294
1.26224,0.415146
1.36186,-0.380526
1.26753,-0.116656
1.32382,-0.30986
1.37491,-0.704793
1.26747,-0.231792
1.30279,-0.0915983
1.25745,-0.145826
1.23912,0.179711
1.33395,-0.445799
1.32044,-0.621796
1.25909,0.40888
1.26014,0.267931
1.33247,-0.303173
1.38099,-0.490615
1.27471,0.0218273
1.33603,-0.198112
1.38861,-0.386563
1.29941,-0.0280881
1.31271,-0.158581
1.32375,-0.236039
1.30764,-0.0174161
1.29057,-0.0132003
1.21564,0.864748
1.34847,-0.447348
1.24202,0.0849038
1.29784,-0.0534484
1.22678,0.659725
1.2691,0.0757971
1.25285,0.0337859
1.24945,0.276957
1.31941,-0.347203
1.35076,-0.441126
1.34424,-0.62606
1.31016,-0.0174619
1.37809,-0.753732
1.2878,-0.230366
1.26184,-0.156623
1.30697,-0.081545
1.23647,0.453096
1.30838,0.121832
1.27885,0.0127325
1.42567,-0.938061
1.32934,-0.468806
1.22467,-0.122446
1.21554,0.527749
1.24163,0.0431751
1.26793,-0.119732
1.2626,0.179422
1.32166,-0.0562853
1.26619,0.077858
1.33387,-0.562865
1.36556,-0.607666
1.21925,0.358701
1.37239,-0.387716
1.25628,0.293794
1.34507,-0.114387
1.22966,0.0883745
1.31879,-0.369644
1.33931,-0.266389
1.33191,0.130629
1.20435,0.767304
1.27562,0.0535017
1.24597,0.061623
1.27729,0.232008
1.28438,-0.283794
1.23473,0.20231
1.26081,0.0629922
1.28091,-0.00236846
1.24946,-0.141872
1.264,0.00131266
1.2438,0.343816
1.2118,0.131553
1.27442,-0.160718
1.27939,-0.252117
1.31333,-0.124702
1.25624,0.16491
1.15614,0.839614
1.22177,0.784414
1.33885,-0.811312
1.24807,0.319742
1.29077,0.00616171
1.28252,0.0834667
1.24475,0.375244
1.32018,-0.101367
1.18672,0.696775
1.29487,-0.0608405
1.25734,0.290336
1.26784,-0.0355484
1.36832,-0.354572
1.3843,-0.470309
1.22837,0.533464
1.2579,0.285451
1.29328,-0.166866
1.28523,-0.340615
1.29467,0.0745823
1.24125,0.0364427
1.26843,-0.153631
1.33517,-0.295206
1.18235,0.370327
1.28995,-0.176846
1.33701,-0.263588
1.21362,0.428075
1.30156,0.123142
1.18809,0.990002
1.23898,0.473752
1.2664,-0.0339557
1.1571,0.672356
1.24528,-0.00734362
1.29139,0.0534276
1.35178,-0.491319
1.26639,-0.121153
1.25684,-0.280694
1.19591,0.511259
1.32174,-0.390811
1.20234,0.469877
1.18114,0.491901
1.27016,0.351635
1.36744,-0.564656
1.29966,-0.0299033
1.3501,-0.482136
1.26963,-0.0496342
1.29464,-0.000148991
1.24335,0.397305
1.33091,-0.525617
1.26609,-0.153891
1.25683,0.297525
1.23837,0.450004
1.26414,0.194846
1.18919,0.366981
1.26322,0.103434
1.30129,0.0933737
1.25916,0.4107
1.22682,0.396238
1.21936,0.698037
1.29812,-0.4145
1.29608,-0.00618836
1.30245,-0.108463
1.28572,-0.308227
1.22818,0.460242
1.22903,0.0705186
1.38794,-0.566513
1.23402,0.297446
1.36856,-0.278995
1.2724,-0.139563
1.33162,0.0446306
1.31245,-0.528654
1.23209,0.437121
1.28281,0.184961
1.32494,-0.464871
1.27344,0.436029
1.24717,0.11927
1.27254,-0.0829491
1.31201,-0.0996647
1.23896,0.211255
1.32167,-0.23046
1.1965,0.609478
1.24223,0.173385
1.25627,0.0209232
1.26211,0.173014
1.29319,0.0234887
1.25709,-0.108431
1.19341,0.11939
1.23127,0.223885
1.19782,0.763826
1.27267,-0.196756
1.24386,0.32202
1.24669,-0.0978614
1.33468,-0.596848
1.29431,0.0488637
1.31722,-0.228427
1.2865,-0.0740157
1.21743,0.380671
1.26986,-0.047817
1.29847,-0.456405
1.25045,0.073683
1.29514,-0.182325
1.28994,0.342918
1.21361,0.727302
1.32565,0.0192783
1.33348,-0.088355
1.28879,0.181782
1.28,0.0428318
1.24307,0.402295
1.26188,0.186639
1.24762,0.356066
1.23371,0.323763
1.26284,-0.0949407
1.23569,0.355356
1.27137,0.212623
1.22617,0.430591
1.29775,0.114795
1.22131,0.595688
1.29662,-0.0706569
1.32684,-0.0678611
1.2978,-0.201009
1.23226,0.101968
1.35831,-0.739861
1.19038,0.229941
1.31774,-0.0341888
1.32327,-0.318648
1.18881,0.334579
1.26023,0.24232
1.24762,0.223561
1.23012,0.220971
1.26664,0.317079
1.33004,-0.426099
1.25171,0.156839
1.27208,0.0259773
1.25147,0.145567
1.31657,-0.670214
1.32734,-0.56543
1.32508,-0.759274
1.25803,0.378297
1.26131,-0.30448
1.19906,0.0580487
1.28798,-0.0217351
1.28214,0.0815395
1.20152,0.405721
1.22254,0.605636
1.27125,0.460049
1.30565,0.0237888
1.2952,-0.175933
1.33201,-0.332638
1.30139,-0.304085
1.31794,-0.443492
1.24451,0.241732
1.41328,-0.662685
1.25756,0.150649
1.24745,0.467297
1.2554,0.396191
1.34519,-0.217281
1.2973,-0.357008
1.23875,0.423327
1.31742,-0.380809
1.36361,-0.600231
1.27445,0.254955
1.26107,-0.111424
1.26609,0.452381
1.37325,-0.641264
1.21484,0.44596
1.31485,0.0680714
1.2049,0.770657
1.33322,-0.33811
1.30174,-0.409172
1.32303,-0.161021
1.35274,-0.353956
1.32707,-0.210161
1.25766,0.235109
1.36095,-0.635119
1.22923,0.481158
1.34977,-0.669499
1.25038,0.289235
1.19899,0.553219
1.37319,-0.536797
1.27996,-0.110637
1.29505,-0.167471
1.23681,0.293822
1.32087,-0.213299
1.28924,-0.0954929
1.28741,-0.171472
1.28665,-0.0860702
1.27572,0.157308
1.25577,0.241296
1.27993,-0.0872867
1.20967,0.319947
1.2875,-0.359031
1.2627,0.265004
1.31152,0.325984
1.3248,-0.279795
1.34327,-0.447528
1.30823,0.281254
1.31197,-0.115657
1.26834,0.231735
1.24523,0.37976
1.3046,0.280799
1.29939,-0.0834537
1.25255,0.34384
1.24775,0.351493
1.25112,-0.00906982
1.29275,-0.197556
1.3041,-0.00698769
1.24742,-0.0771722
1.30867,-0.306746
1.27027,-0.156156
1.2055,0.576782
1.20593,0.523632
1.23309,0.269213
1.24737,0.132216
1.26751,0.0921014
1.32187,-0.288961
1.27051,-0.211294
1.23343,0.212289
1.30634,-0.203402
1.38918,-0.623559
1.19593,0.491152
1.27897,0.340768
1.32664,-0.455507
1.27222,0.320989
1.33575,-0.252714
1.22654,0.329806
1.23499,0.239585
1.21253,0.239798
1.21459,0.155061
1.26928,-0.182823
1.28415,0.0319829
1.27816,0.0669145
1.3116,-0.474056
1.28949,-0.00911641
1.25074,0.440567
1.23756,0.0308865
1.3276,-0.144672
1.23949,0.180956
1.2672,-0.0266586
1.24852,-0.063136
1.34263,-0.000751325
1.36718,-0.486193
1.30369,0.00264439
1.33788,-0.319085
1.35072,-0.292362
1.30248,-0.0761965
1.35334,-0.844931
1.22639,-0.00336255
1.32808,-0.00539143
1.27908,0.135356
1.27827,-0.111843
1.23697,0.554578
1.3253,-0.310743
1.20291,0.619203
1.28039,-0.0982696
1.23107,-0.0785745
1.26061,0.331363
1.19845,0.484322
1.31225,0.0926792
1.29889,-0.233087
1.26191,-0.00113743
1.39006,-0.530478
1.24199,0.00235123
1.34561,-0.412974
1.20024,0.478096
1.24625,0.319193
1.3028,-0.151095
1.29442,0.227445
1.30502,-0.139904
1.26538,0.138659
1.27085,-0.0163016
1.19089,0.62044
1.23619,0.220842
1.25195,0.0307562
1.33666,-0.233631
1.32656,-0.167924
1.28409,0.144828
1.2596,-0.138581
1.26957,-0.145
1.31545,-0.212286
1.28931,-0.147262
1.2321,0.00653043
1.28343,0.293097
1.2533,0.126254
1.22683,0.177569
1.23136,0.0816511
1.27603,-0.3002
1.2576,0.15824
1.24468,0.32549
1.20062,0.227562
1.27383,-0.0485942
1.30486,-0.435678
1.23074,0.173415
1.24016,0.448341
1.29997,0.396247
1.33097,-0.524922
1.20802,0.572608
1.27265,0.0982628
1.28383,-0.295853
1.24218,0.722645
1.3506,-0.484067
1.24624,-0.0101555
1.16668,0.58307
1.28025,-0.26667
1.27205,0.478544
1.20394,0.798588
1.21807,0.33245
1.29374,-0.449245
1.26663,0.277264
1.2713,0.260906
1.33004,-0.171855
1.29002,0.0852474
1.24185,0.272957
1.20225,0.403966
1.34114,-0.256335
1.2312,0.541026
1.21124,0.641845
1.15229,0.803246
1.26005,0.30672
1.1859,0.46998
1.23152,0.49789
1.28191,-0.118375
1.24183,0.412307
1.30775,0.0974928
1.2241,0.473964
1.21618,0.356487
1.22004,0.804283
1.27778,-0.0638095
1.23823,0.24432
1.24629,0.113928
1.28886,0.0436341
1.26201,0.059934
1.29814,-0.0944512
1.32346,-0.485789
1.25094,0.263406
1.20557,0.564423
1.23484,0.541369
1.24459,0.685725
1.18849,0.201632
1.20362,0.192058
1.2777,0.124199
1.31052,-0.0182639
1.21136,0.419622
1.26799,0.30116
1.32182,-0.527418
1.28141,0.380546
1.17461,0.655478
1.18449,0.22221
1.33309,-0.366134
1.22566,0.236197
1.26224,-0.0272699
1.25966,-0.0515028
1.32501,-0.368095
1.33653,-0.708221
1.28285,-0.0507797
1.2524,0.242033
1.25552,0.30041
1.18832,0.966548
1.27191,0.085674
1.33385,-0.0776039
1.27712,0.153062
1.27489,-0.187792
1.231,0.355671
1.24191,0.421964
1.26389,0.0506502
1.26933,-0.151507
1.31107,0.149805
1.29213,-0.178926
1.24195,0.0258736
1.30104,-0.307478
1.37405,-0.516821
1.31957,-0.278952
1.19298,0.531374
1.25982,0.025586
1.30944,-0.230415
1.35268,-0.366377
1.24679,0.258554
1.35519,-0.339022
1.27255,0.0318062
1.30217,0.257843
1.28309,0.238112
1.29705,0.0515132
1.28736,-0.0194694
1.35862,-0.485396
1.25178,0.131439
1.30203,0.0905012
1.2823,0.207333
1.22699,0.209531
1.23367,0.333634
1.27793,-0.232286
1.21645,0.71031
1.245,0.36121
1.30295,0.0796108
1.21609,0.589994
1.30737,-0.376541
1.2935,-0.277171
1.2878,-0.0810597
1.27343,0.200248
1.34808,-0.806251
1.30003,0.273526
1.28748,0.187585
1.31861,-0.209893
1.19644,0.590232
1.24294,0.543124
1.33603,-0.398621
1.34704,-0.684998
1.16014,1.01937
1.28134,0.116526
1.27807,0.104121
1.28714,-0.274248
1.27553,0.161366
1.29209,-0.0458046
1.27393,0.184997
1.3023,0.0535061
1.18789,0.482328
1.29809,-0.108668
1.23814,0.486493
1.23778,0.538373
1.33162,-0.230746
1.25503,0.417048
1.27249,-0.0212936
1.25048,0.248165
1.33103,-0.358799
1.20113,0.137983
1.22991,0.250854
1.24332,0.146569
1.2109,0.43648
1.20443,0.453983
1.34619,-0.417538
1.21845,0.270867
1.26449,-0.37337
1.33898,-0.381169
1.23428,0.372097
1.29273,-0.0773032
1.24458,0.280758
1.23627,0.201477
1.23362,0.0617879
1.3134,-0.0777543
1.26753,0.526482
1.28448,0.384747
1.3433,-0.383153
1.27995,0.0859743
1.17559,0.583497
1.27736,0.126924
1.25904,-0.0638253
1.25884,0.351975
1.24982,0.458125
1.23462,0.303421
1.29744,-0.364752
1.35876,-0.515221
1.27012,0.0433715
1.27149,-0.238187
1.30181,-0.533184
1.31777,-0.188024
1.30427,-0.336333
1.31243,-0.345526
1.29665,-0.182753
1.28247,0.0507982
1.20809,0.386066
1.30865,-0.130102
1.29024,0.105863
1.26284,0.0130595
1.22983,0.36239
1.36572,-0.238913
1.31926,-0.289412
1.21967,0.515081
1.25988,0.35351
1.20891,0.561482
1.27555,-0.0140097
1.26411,0.399346
1.33849,-0.527896
1.33566,-0.422317
1.20816,0.864977
1.3013,-0.262785
1.31272,-0.788324
1.33305,-0.0903743
1.29693,0.0164761
1.25787,0.0370487
1.31721,-0.0296795
1.304,0.216688
1.32578,0.053245
1.2769,-0.19658
1.34057,-0.103579
1.19569,0.492182
1.32962,-0.411557
1.37294,-0.754261
1.22053,0.485888
1.33784,-0.568391
1.32278,-0.0989697
1.28999,-0.0182071
1.29335,-0.0639422
1.32848,-0.416629
1.32632,-0.210484
1.24936,0.155587
1.26,0.385211
1.19149,0.706309
1.26952,-0.0996324
1.25756,0.15942
1.24416,0.213581
1.25389,0.00288869
1.28828,-0.195676
1.22379,0.516831
1.26445,0.45773
1.28239,0.203199
1.35089,-0.555897
1.27835,0.0452984
1.19881,0.70438
1.27331,0.307236
1.28001,0.229735
1.22554,0.388636
1.33997,-0.240442
1.20865,0.558335
1.29606,0.0711149
1.25459,0.38655
1.24677,0.920145
1.26401,0.0345908
1.35404,-0.235792
1.2866,-0.0772761
1.26338,0.0062971
1.26016,0.0915127
1.30285,-0.093359
1.25475,0.496947
1.20164,0.16656
1.35372,-0.632621
1.33868,-0.141203
1.26385,0.229837
1.32193,-0.0824046
1.25589,0.130185
1.30544,-0.410033
1.25486,0.208938
1.2903,-0.00143028
1.21179,0.631093
1.29225,-0.178635
1.2952,-0.241066
1.27034,-0.16597
1.25253,0.122644
1.32413,0.00487146
1.31625,0.156056
1.22872,0.203286
1.29806,-0.280041
1.25854,-0.0978491
1.23201,0.686805
1.30304,-0.335856
1.29839,-0.139685
1.25837,0.119418
1.30085,-0.103888
1.25078,0.180874
1.21478,0.179826
1.26468,0.0902938
1.3272,-0.592233
1.35006,-0.463721
1.27417,0.0222435
1.26743,0.0225361
1.29163,0.0738003
1.2527,0.619321
1.33094,-0.265237
1.27545,-0.0142182
1.23105,0.756326
1.23892,0.316538
1.23921,0.104375
1.23008,0.77653
1.30931,-0.0251685
1.30136,0.421074
1.3387,-0.00668927
1.32247,-0.125878
1.22203,0.271914
1.24378,0.405021
1.30656,0.019952
1.3345,-0.50279
1.32479,-0.437858
1.28703,0.0934867
1.21652,0.718277
1.3051,-0.275736
1.3658,-0.488838
1.21727,-0.0830479
1.23831,0.249984
1.27608,-0.128644
1.22398,0.0162217
1.369,-0.785139
1.28111,0.321431
1.35148,-0.582093
1.34148,-0.448744
1.34381,-0.318137
1.37725,-0.3807
1.30309,-0.0406078
1.2084,0.458506
1.3289,-0.633322
1.27341,0.07619
1.29412,-0.0253993
1.29606,-0.171492
1.24727,0.516066
1.29536,0.0561495
1.38157,-0.687856
1.22146,0.220165
1.24659,0.232148
1.29354,0.287019
1.27477,-0.0402888
1.27002,-0.114445
1.34833,-0.364597
1.28551,-0.257289
1.31627,-0.160148
1.21582,0.00313066
1.26682,0.0864071
1.30465,-0.252174
1.32578,-0.364742
1.27881,-0.0348297
1.16715,1.02643
1.29425,-0.19837
1.22877,0.593082
1.16816,0.742806
1.30375,-0.365122
1.30759,-0.521551
1.25738,-0.042898
1.25865,0.320238
1.22523,0.530493
1.27638,0.41456
1.32248,-0.137247
1.31722,-0.610184
1.23801,-0.00313286
1.3093,-0.547906
1.26118,-0.0982621
1.29938,0.0548538
1.27547,0.177515
1.30869,0.114534
1.23643,0.194807
1.2588,-0.105457
1.21737,0.28388
1.32437,-0.340599
1.34862,-0.155086
1.24893,0.354208
1.19801,0.504913
1.329,-0.127943
1.3368,-0.348876
1.25339,0.284317
1.29592,0.0591314
1.29407,-0.0311297
1.24248,0.509229
1.23535,0.365146
1.26563,0.239468
1.25694,0.20385
1.28303,0.0711065
1.22016,0.500149
1.26513,0.336221
1.21999,0.159805
1.20623,0.492375
1.31619,-0.069001
1.267,-0.118355
1.31049,-0.105255
1.23633,0.387591
1.29752,-0.223371
1.27976,0.18925
1.30657,-0.104905
1.2596,0.180008
1.28243,-0.410646
1.21924,0.279907
1.33735,-0.516226
1.28298,-0.0886
1.24385,0.149783
1.26929,0.00219506
1.27451,0.0350499
1.23408,0.670697
1.31781,-0.0733504
1.30324,-0.12016
1.33017,-0.0343907
1.20585,0.613505
1.30117,-0.119446
1.14597,0.911378
1.30694,-0.152003
1.29142,0.105852
1.29797,-0.57466
1.26161,0.487291
1.32285,0.0931505
1.33999,-0.670492
1.26534,0.190555
1.37889,-0.26249
1.27932,-0.0361609
1.23522,0.479567
1.22926,0.415826
1.33082,0.2155
1.25596,0.227606
1.34324,-0.310225
1.23616,0.305951
1.35241,-0.500265
1.27575,0.0166051
1.28231,-0.383909
1.30907,-0.349946
1.31165,0.0146369
1.25035,0.155592
1.19939,0.554773
1.27615,0.0788407
1.23784,0.144953
1.26879,0.34966
1.26876,0.457766
1.30143,-0.0296818
1.30217,-0.0256453
1.38191,-0.666528
1.22886,0.340636
1.23871,0.248008
1.31207,-0.463765
1.29358,-0.182912
1.21679,0.187634
1.27689,-0.00534433
1.27347,-0.286188
1.2866,0.0305369
1.26441,0.200946
1.27937,0.122405
1.24794,0.336851
1.25844,-0.183114
1.31357,-0.580445
1.31104,-0.272041
1.30348,0.0163168
1.20247,0.685699
1.30175,-0.147662
1.19538,0.613461
1.28236,-0.117434
1.27666,-0.363656
1.2664,-0.146926
1.21544,0.624553
1.27073,0.195661
1.3131,-0.13094
1.31469,-0.0593188
1.35065,-0.267833
1.25885,0.0585964
1.22273,0.364551
1.32628,-0.380048
1.23049,0.364395
1.29165,0.0883366
1.31574,-0.0906786
1.29099,0.204555
1.31121,-0.403885
1.24869,0.242428
1.22298,0.771783
1.25305,-0.00545431
1.23853,0.4485
1.34056,-0.463593
1.30256,-0.219085
1.27671,0.210561
1.25858,-0.0997258
1.28429,-0.0349664
1.23886,0.375425
1.24639,0.596068
1.29786,-0.287702
1.22803,0.237307
1.26767,-0.0818995
1.24418,0.0638832
1.27735,-0.523412
1.32672,-0.286029
1.16691,0.692181
1.2802,-0.166767
1.27313,0.122746
1.24095,0.0575504
1.33183,-0.823665
1.16239,0.54036
1.30294,-0.0248437
1.25881,0.154727
1.32309,-0.146527
1.29384,0.270127
1.27052,0.0537287
1.30609,-0.178728
1.30228,0.096795
1.32242,-0.236661
1.26035,0.0769586
1.31592,-0.28084
1.2297,-0.0926834
1.33338,-0.362879
1.26153,0.22651
1.1949,0.339753
1.20588,1.07565
1.29564,-0.0570833
1.29246,0.0635844
1.29845,-0.183999
1.33173,-0.388471
1.24332,0.414901
1.29654,-0.271237
1.20806,0.343695
1.31054,-0.524914
1.24639,0.0894464
1.30608,-0.155466
1.35376,-0.311229
1.33103,-0.238249
1.22982,0.232976
1.26513,0.0344648
1.31455,0.0839886
1.28135,-0.0471606
1.29019,-0.19231
1.31461,-0.112251
1.2876,-0.124204
1.27661,0.123501
1.38522,-0.883006
1.28472,0.107317
1.21295,0.250347
1.22244,0.284974
1.2543,0.595219
1.2251,0.214181
1.14234,0.6409
1.32925,-0.202002
1.28714,0.0616432
1.32325,-0.48843
1.36045,-0.570157
1.32131,-0.103127
1.36416,-0.358347
1.235,0.304211
1.27041,-0.16229
1.11318,0.746556
1.23009,-0.0556149
1.35317,-0.255748
1.27061,-0.103484
1.29017,-0.32131
1.29984,-0.119049
1.22173,0.298988
1.21684,0.22068
1.22045,0.58777
1.29747,0.192346
1.3307,-0.129923
1.27735,0.139996
1.26284,-0.0512789
1.22633,0.117161
1.2371,0.329862
1.27066,-0.462257
1.22906,0.543824
1.25043,0.0418544
1.26188,-0.135543
1.22163,0.465608
1.24461,0.153128
1.27371,0.00371845
1.35459,-0.369398
1.2533,0.430193
1.27084,0.206002
1.34477,-0.158851
1.32138,-0.584528
1.24195,0.199123
1.32816,-0.31898
1.26098,-0.186645
1.32943,-0.465468
1.35287,-0.365702
1.24751,0.229692
1.25089,0.0487308
1.22059,0.341467
1.30147,0.0236012
1.22886,-0.0294295
1.33908,-0.253231
1.3074,-0.21798
1.34193,-0.431151
1.23242,0.110977
1.30149,0.0890394
1.22259,0.177199
1.2311,-0.168087
1.31883,-0.126642
1.26744,0.16898
1.32143,-0.195853
1.34813,-0.650334
1.31399,0.112948
1.16826,0.677432
1.34766,-0.427697
1.264,-0.220404
1.24279,0.469288
1.30436,-0.375998
1.30639,0.162061
1.26266,0.21584
1.30527,-0.183515
1.21972,0.393227
1.27239,-0.118564
1.37232,-0.546512
1.31967,-0.173895
1.30498,-0.0846272
1.38356,-0.614279
1.30546,-0.121908
1.24067,0.475998
1.16125,0.577897
1.27048,0.295335
1.37376,-0.406444
1.29919,-0.00761322
1.22998,0.135538
1.21859,0.134844
1.2345,0.02603
1.19226,0.539963
1.20689,0.408353
1.3006,-0.171989
1.23859,0.642115
1.26416,0.319307
1.27082,0.210755
1.23772,0.209675
1.31051,-0.00834347
1.28951,0.0220134
1.30021,-0.0419015
1.23091,0.195436
1.31425,-0.581332
1.35304,-0.425134
1.29919,-0.157693
1.29156,-0.26908
1.22885,0.252314
1.27236,0.213235
1.26758,0.148834
1.24289,0.509068
1.31928,-0.236854
1.2409,0.00704122
1.25895,0.0969003
1.30109,-0.221396
1.29125,-0.135498
1.25175,0.34381
1.17358,0.282726
1.30774,0.0995944
1.32724,-0.229441
1.23349,0.575136
1.25817,0.216429
1.28696,-0.163052
1.29953,-0.707278
1.27654,0.410288
1.26275,0.497797
1.20723,0.36278
1.21276,0.600243
1.30245,0.0582801
1.28944,-0.0993414
1.20694,0.393348
1.23718,0.642567
1.27235,-0.19729
1.25358,-0.0227685
1.28862,0.0189673
1.27313,-0.0820756
1.29056,0.104625
1.37053,-0.40133
1.2876,0.255987
1.2333,0.402012
1.33157,-0.582799
1.36279,-0.580102
1.26785,0.0740914
1.26735,0.303741
1.25413,0.442857
1.28569,0.108572
1.30273,0.217912
1.32064,-0.348342
1.36641,-0.418257
1.32369,-0.815129
1.21576,0.687638
1.33808,-0.442796
1.21491,0.376946
1.37805,-0.800134
1.26362,-0.214071
1.25189,-0.0668332
1.18154,0.634613
1.2271,0.48672
1.26262,0.140161
1.22409,0.326439
1.21566,0.133815
1.31498,-0.329939
1.1932,0.482664
1.21551,0.320263
1.27262,-0.15453
1.27335,0.0306893
1.26308,0.0365351
1.3246,-0.166016
1.25347,0.268145
1.29735,-0.491448
1.35311,-0.444304
1.24765,-0.129847
1.30261,-0.0195918
1.25174,0.409373
1.30076,0.06983
1.28802,0.139602
1.22088,0.519118
1.26266,0.209836
1.28082,0.142243
1.28368,-0.0172048
1.27649,-0.18048
1.30603,-0.0745636
1.19791,0.711135
1.25239,0.0764334
1.19289,0.463313
1.23799,0.479629
1.3618,-0.115551
1.20459,0.880935
1.27273,0.152899
1.222,0.0142814
1.28618,-0.347349
1.37412,-0.695115
1.21673,0.345369
1.23329,0.337007
1.28443,0.114607
1.29876,0.0491947
1.31563,-0.353226
1.29352,-0.113739
1.27061,-0.00553428
1.23995,0.251439
1.35013,-0.484254
1.21282,0.422861
1.28442,0.0573385
1.34309,-0.360796
1.33077,-0.260939
1.25637,0.253427
1.26085,0.0630666
1.20723,0.761754
1.24631,0.171359
1.29761,-0.0907903
1.27818,-0.0698778
1.27605,0.225896
1.37205,-0.318881
1.33084,-0.406158
1.34519,-0.501931
1.24932,0.313124
1.25443,0.309808
1.35321,-0.348712
1.23914,-0.0202982
1.37038,-0.46298
1.31591,-0.20736
1.26849,0.101558
1.21644,0.570073
1.19615,0.487255
1.29533,-0.128785
1.25522,0.239125
1.16565,0.693049
1.2696,0.0402986
1.25083,-0.0471864
1.32867,0.0241345
1.21209,0.128133
1.29928,-0.090076
1.22881,0.31539
1.33583,-0.0975746
1.33662,-0.184745
1.21528,0.587518
1.28008,-0.171861
1.25269,-0.0383506
1.24644,0.337857
1.26911,0.284277
1.29223,-0.292972
1.29695,0.0770646
1.30736,-0.157996
1.24928,0.434149
1.31845,0.0680027
1.26507,0.301797
1.35249,-0.239073
1.25352,0.649472
1.28391,-0.0745312
1.28665,-0.133558
1.26967,0.177346
1.34126,-0.47098
1.28312,0.103238
1.31175,-0.172707
1.26457,-0.0664702
1.26344,-0.222949
1.26019,0.332846
1.20377,0.384906
1.31394,-0.208221
1.37275,-0.53487
1.24564,0.336952
1.20674,0.173777
1.17943,0.721599
1.27362,-0.0172222
1.2121,0.24377
1.25921,-0.00669872
1.17088,0.54918
1.25486,0.165278
1.27518,-0.184633
1.25263,0.492261
1.21792,0.583255
1.28251,0.322366
1.31418,-0.337293
1.19809,0.547606
1.25518,0.414589
1.21487,0.740522
1.23774,0.280932
1.26287,0.870804
1.31552,-0.268472
1.31391,-0.226704
1.32879,-0.316908
1.22993,0.391328
1.36825,-0.688304
1.29899,-0.295196
1.24378,0.441187
1.24543,-0.00642201
1.25315,-0.122753
1.37799,-0.528595
1.2556,-0.0429801
1.33406,-0.299679
1.36597,-0.399763
1.28197,0.0927862
1.24525,0.165015
1.15924,0.619639
1.2544,0.294363
1.27835,-0.22858
1.2794,0.180191
1.33983,-0.377536
1.27788,-0.136318
1.26207,0.0960368
1.24579,0.668625
1.20637,0.105403
1.25862,0.087741
1.26227,-0.278659
1.28186,0.223409
1.33868,-0.150895
1.24007,0.40309
1.29069,-0.141523
1.28198,-0.291031
1.25258,0.217797
1.3376,-0.629236
1.3301,-0.433552
1.32394,0.0195814
1.17657,0.537374
1.25893,0.38126
1.41669,-0.949195
1.28523,-0.247151
1.29507,-0.138512
1.27415,0.0589562
1.27926,0.179657
1.36135,-0.531976
1.30307,-0.189073
1.2068,0.332944
1.26548,0.0187545
1.15639,0.678345
1.29502,0.0953213
1.27015,0.00790117
1.36103,-0.173386
1.29312,0.288486
1.24522,0.313966
1.29167,-0.105528
1.23862,0.536768
1.23328,0.412308
1.22766,0.583738
1.26683,0.452882
1.24168,0.247393
1.30354,-0.501649
1.2585,0.182027
1.25683,-0.00244313
1.24248,0.116181
1.2875,0.163132
1.31562,-0.175296
1.26535,0.260828
1.29233,0.0994458
1.27415,0.142511
1.33411,-0.357136
1.24247,0.427503
1.33032,-0.464241
1.24119,0.341044
1.27908,-0.211362
1.30491,-0.257968
1.17694,0.523063
1.24891,0.15889
1.32184,-0.0301713
1.29899,-0.47783
1.22436,0.396024
1.28329,-0.261422
1.25193,0.183123
1.25656,-0.246776
1.18254,0.962727
1.2786,0.0579599
1.28995,-0.0719168
1.30175,-0.283435
1.37445,-0.574558
1.25702,0.0392947
1.27885,0.298475
1.21939,0.330475
1.40741,-0.441551
1.28582,0.137388
1.22672,0.493235
1.2975,-0.165332
1.27121,0.151705
1.21015,0.717749
1.31797,-0.885988
1.35174,-0.528807
1.11893,1.09535
1.25124,-0.141079
1.32001,-0.0186007
1.21372,0.337061
1.28259,0.0768171
1.24347,0.444791
1.19162,0.684104
1.27042,0.0413688
1.26104,0.427978
1.26685,-0.267405
1.23021,-0.065313
1.24754,0.308633
1.21565,0.253862
1.25549,0.27675
1.21487,0.381532
1.27871,-0.53336
1.27787,0.167423
1.25242,0.0915202
1.25238,0.0606415
1.25396,0.157678
1.28177,0.25413
1.26346,-0.0728042
1.33414,-0.518418
1.33523,-0.32419
1.26242,-0.0169535
1.20688,0.742034
1.22367,0.267472
1.30348,-0.337479
1.24869,0.423965
1.26488,0.12657
1.30937,-0.127953
1.26016,0.0991873
1.35475,-0.462302
1.29877,0.350214
1.23869,-0.258702
1.24171,0.0913727
1.31083,-0.0626274
1.25634,0.261666
1.27559,0.0602502
1.21225,0.370071
1.28429,-0.0847047
1.34759,-0.129598
1.33249,-0.129153
1.3857,-0.531568
1.25777,0.0747765
1.33105,-0.50182
1.27797,-0.000464501
1.25971,0.287785
1.27603,0.100984
1.2778,0.0643854
1.26273,0.240499
1.32066,0.111779
1.2523,0.400538
1.26378,-0.103965
1.19804,0.580474
1.30611,-0.480577
1.24308,0.373459
1.31085,-0.366147
1.33614,-0.368083
1.24105,0.358719
1.3105,-0.230339
1.19495,0.609295
1.20445,0.828376
1.24148,0.228886
1.2161,0.303281
1.30371,-0.124459
1.27693,0.276004
1.273,0.0792887
1.29729,-0.197632
1.27077,0.0362407
1.1692,0.716329
1.29828,0.0810412
1.24622,0.208846
1.21416,0.33254
1.30954,0.201557
1.25138,-0.0915592
1.26904,0.153706
1.30224,-0.204036
1.27056,-0.010826
1.39892,-0.85459
1.31073,-0.53099
1.28148,0.312514
1.29422,-0.31357
1.23177,0.324186
1.24331,0.211673
1.27902,0.161262
1.34759,-0.574122
1.27399,-0.144397
1.25182,0.0182031
1.22775,0.269631
1.20593,0.525213
1.35162,-0.271448
1.23595,-0.121299
1.31173,-0.412506
1.24843,0.29378
1.23686,0.161159
1.2598,-0.176919
1.34755,-0.313607
1.28703,0.00849567
1.28801,-0.468597
1.294,-0.105621
1.29511,0.204807
1.33473,-0.145184
1.25542,0.475628
1.25509,0.139015
1.22893,0.373583
1.29124,-0.113778
1.32554,-0.247613
1.25404,0.201505
1.36914,-0.601581
1.27156,0.201617
1.23692,0.443735
1.28391,0.00817681
1.27591,0.109937
1.3132,-0.517058
1.24725,0.520692
1.263,-0.00769145
1.28903,0.059413
1.18331,0.649354
1.24884,0.4454
1.23231,0.129623
1.35861,-0.266268
1.35871,-0.652761
1.22657,0.393528
1.21865,0.87967
1.22198,0.215184
1.25632,-0.0209497
1.19062,0.692587
1.198,0.446937
1.31509,-0.298512
1.21414,0.445325
1.24537,0.140813
1.19187,0.516924
1.28169,0.226076
1.31554,-0.617898
1.24978,0.0412166
1.3012,-0.360312
1.29165,-0.186502
1.32994,-0.581568
1.23922,-0.0984435
1.26893,0.0734749
1.30754,-0.0106858
1.35396,-0.463973
1.31435,0.199158
1.33681,-0.0913413
1.29996,-0.195367
1.38183,-0.744003
1.30029,-0.0663231
1.34877,-0.494324
1.32818,-0.552833
1.23894,0.453565
1.30116,-0.185518
1.27181,0.115601
1.2191,0.532722
1.28391,0.331642
1.25447,-0.232893
1.34259,-0.628275
1.32095,-0.194027
1.2661,0.104453
1.27921,0.332504
1.2963,0.489489
1.27439,0.0308669
1.30151,-0.110506
1.39827,-0.575059
1.28685,0.243638
1.22706,0.636679
1.34211,-0.783221
1.23993,0.0418334
1.34538,-0.743118
1.34106,-0.60389
1.29045,0.0818385
1.31656,-0.0252385
1.32938,-0.177191
1.2865,0.539883
1.2836,-0.0399316
1.26683,0.315363
1.2568,-0.197535
1.27111,0.0476265
1.24404,-0.0802258
1.31347,-0.11467
1.33813,0.0147389
1.2843,-0.144395
1.31651,-0.574612
1.32841,-0.18865
1.39798,-0.762003
1.28807,0.164424
1.32576,-0.293144
1.2258,0.229706
1.28229,0.0763999
1.27494,0.00414859
1.24289,0.308124
1.20744,0.350839
1.30561,-0.370063
1.22284,0.647038
1.2089,0.806492
1.39536,-0.750367
1.27676,-0.155958
1.29481,0.0956702
1.32848,-0.295765
1.30419,0.0313475
1.27026,0.359437
1.2545,0.0845485
1.32894,-0.0484581
1.24614,0.380914
1.34379,-0.312422
1.29091,0.0834526
1.34031,-0.511289
1.18243,0.757612
1.28901,-0.0257264
1.25129,0.126114
1.21007,0.589938
1.26393,0.0653702
1.25315,0.0590916
1.34793,-0.42648
1.28537,0.0487731
1.25763,0.260644
1.32304,-0.358392
1.34642,-0.207661
1.24529,0.307642
1.2357,0.544714
1.18602,0.259811
1.368,-0.523512
1.25159,-0.0261215
1.31148,-0.268776
1.32299,-0.418089
1.28513,-0.219321
1.32154,0.00391351
1.24489,0.291522
1.23747,0.266809
1.26295,0.261554
1.22808,0.139443
1.22809,0.455377
1.25507,0.398082
1.28816,0.262539
1.21174,0.518413
1.28053,0.0516485
1.38947,-0.731466
1.39105,-0.556868
1.34534,-0.270415
1.33568,-0.343133
1.29821,0.0958837
1.21108,0.809341
1.35325,-0.470722
1.25557,0.803995
1.2546,-0.014599
1.34517,-0.393025
1.27386,-0.104011
1.17967,0.543707
1.2686,0.394784
1.2932,-0.157856
1.23424,0.248439
1.33729,0.136349
1.26355,0.185368
1.27318,-0.00683897
1.30745,-0.154501
1.27563,0.245513
1.261,0.654699
1.28311,0.0791393
1.29814,0.23192
1.33783,-0.215723
1.37774,-0.410776
1.2669,-0.189216
1.38228,-0.727886
1.23075,0.221077
1.27352,-0.141867
1.22892,0.515879
1.12338,1.13314
1.26798,-0.201667
1.17701,0.540673
1.31081,-0.296645
1.26959,0.231275
1.18829,0.11937
1.27481,0.162892
1.29316,0.0374116
1.20461,0.501437
1.34122,-0.545888
1.30754,0.170658
1.27833,0.0128927
1.28929,0.0256374
1.26558,-0.113093
1.25458,0.214478
1.3676,-0.337896
1.24472,0.160592
1.29372,-0.0809192
1.24064,0.793492
1.22713,-0.0601024
1.35874,-0.538274
1.23068,0.398759
1.20546,0.728656
1.29214,0.224209
1.32829,-0.483562
1.27897,-0.145315
1.21595,0.216778
1.25597,-0.0748168
1.26927,0.187763
1.33119,-0.0176041
1.22291,-0.0669418
1.20363,0.238093
1.34199,-0.515525
1.25091,0.0621772
1.18522,0.70989
1.28833,-0.333266
1.22912,0.425014
1.27222,-0.239453
1.21098,0.357487
1.22051,0.696229
1.2432,0.229108
1.33336,-0.659589
1.24934,0.154074
1.24939,0.0715723
1.27935,-0.0806716
1.33746,-0.41128
1.28673,-0.050473
1.32007,-0.382882
1.31545,-0.291137
1.22884,0.672115
1.23599,0.268843
1.26856,0.402571
1.31895,-0.0259467
1.18699,0.493175
1.23253,0.377274
1.21403,0.344892
1.20188,0.700996
1.20395,0.48995
1.27468,0.232334
1.25303,0.075625
1.30456,-0.14093
1.31174,-0.0303348
1.22506,0.649622
1.30591,0.126055
1.29077,0.15794
1.38829,-0.630452
1.27413,0.398566
1.30799,-0.284804
1.25223,0.247992
1.34262,-0.196121
1.3021,-0.169118
1.21597,0.391032
1.25488,0.07818
1.26226,-0.0544963
1.14696,0.861133
1.29129,-0.0121145
1.29501,-0.110865
1.37507,-0.572113
1.2198,0.333288
1.36285,-0.342535
1.22922,0.748856
1.36431,-0.546646
1.3024,0.00353261
1.21087,-0.176641
1.21873,0.354003
1.31469,-0.324145
1.25144,0.451253
1.31329,-0.0238525
1.30715,-0.259018
1.27242,0.0181576
1.22179,0.47657
1.2525,0.224655
1.21885,0.237329
1.30114,-0.28946
1.27171,0.019663
1.24182,0.30181
1.24402,0.177815
1.28334,0.00946445
1.21747,0.0641058
1.30268,0.0687184
1.35842,-0.12362
1.33893,-0.267437
1.3564,-0.629644
1.26878,0.0236445
1.29684,-0.327487
1.21427,0.318199
1.29506,-0.161272
1.34523,-0.332209
1.16734,0.678823
1.22091,0.213085
1.36008,-0.125885
1.30261,-0.524589
1.25381,0.153786
1.30267,-0.23537
1.27675,0.496752
1.28598,-0.351296
1.32418,-0.0244284
1.28001,0.082103
1.31155,-0.0649995
1.28945,-0.26277
1.24666,0.425967
1.19387,0.725532
1.31559,-0.4434
1.29257,0.207787
1.31189,-0.102014
1.28322,0.115742
1.34588,-0.025621
1.32402,-0.242132
1.31817,-0.204555
1.26271,0.00921693
1.25816,0.00461221
1.22278,0.241958
1.26101,-0.222634
1.25989,0.295012
1.27838,0.383885
1.28022,0.403106
1.29191,-0.218406
1.25635,0.0505923
1.21443,0.277039
1.24078,-0.095092
1.21297,0.849677
1.24484,0.259378
1.25361,0.365663
1.27331,0.0850653
1.3173,-0.19795
1.30491,-0.223117
1.27495,0.417348
1.26245,0.238611
1.32593,-0.455694
1.26112,0.191747
1.26723,0.00282967
1.25348,0.281788
1.14979,0.539823
1.30011,-0.0855348
1.26441,0.44525
1.30275,0.0662205
1.26268,0.104133
1.26539,-0.139199
1.30146,0.0525287
1.34903,-0.409304
1.24318,0.0902911
1.2966,0.135372
1.37774,-0.595112
1.27168,0.227467
1.31128,-0.0990532
1.30979,-0.26269
1.20162,0.525033
1.28462,-0.352841
1.20555,0.304551
1.29524,-0.205108
1.2297,0.626807
1.26313,0.0560645
1.26519,0.0326686
1.3117,0.0815894
1.39829,-0.832608
1.27118,-0.100625
1.32141,-0.421723
1.40525,-1.12331
1.3008,-0.357785
1.30805,0.107264
1.24638,0.239965
1.26201,-0.0518174
1.27886,0.0517001
1.25375,0.0645124
1.30323,-0.486129
1.25759,0.455359
1.29152,-0.244279
1.2878,-0.248483
1.27383,0.142069
1.32339,-0.399925
1.30078,0.0234616
1.2539,0.264625
1.31583,0.037416
1.34537,-0.34936
1.28954,0.104614
1.26941,0.15986
1.22116,0.268091
1.29849,-0.0115808
1.24959,0.0876803
1.28177,0.25594
1.22228,0.104379
1.21508,0.269339
1.32768,-0.335425
1.25674,-0.0093149
1.28976,-0.00821442
1.30297,0.0700325
1.23484,0.348502
1.2741,0.0172251
1.32522,-0.397696
1.3328,-0.0535417
1.27453,0.159117
1.23186,0.298969
1.24642,0.209906
1.30538,-0.0981824
1.29396,-0.472388
1.3696,-0.348599
1.33308,-0.344877
1.30824,0.0282483
1.18668,0.598407
1.24329,0.286083
1.18052,0.708186
1.31748,0.00612053
1.26125,0.412506
1.2921,0.211868
1.30351,-0.0680632
1.361,-0.529935
1.27643,0.0608252
1.29953,-0.10965
1.30924,-0.375478
1.33997,-0.18768
1.28227,0.255228
1.25707,0.170229
1.27492,-0.231762
1.29044,0.0502885
1.31752,-0.0533243
1.28341,0.126761
1.22871,-0.0353133
1.32548,-0.40111
1.17728,0.869214
1.29006,-0.516762
1.29204,0.384545
1.32932,-0.34817
1.29613,-0.246787
1.33751,-0.453297
1.2401,-0.035233
1.24168,-0.0969739
1.22726,-0.144997
1.21581,0.498797
1.30514,-0.0648294
1.32967,-0.470439
1.25023,-0.0727659
1.2998,0.0371896
1.28281,-0.0551631
1.36024,-0.496094
1.3617,-0.830946
1.33327,-0.378884
1.3081,-0.397358
1.30389,-0.357853
1.3563,-0.294847
1.32642,-0.30362
1.28638,0.205505
1.21949,0.618752
1.19733,0.220402
1.20571,0.717874
1.35666,-0.581199
1.25715,0.531107
1.26432,-0.131356
1.3337,-0.160463
1.37399,-0.691671
1.20815,0.401137
1.20587,0.211773
1.25734,0.243258
1.19884,0.412854
1.21042,0.305671
1.27099,-0.0960221
1.24551,-0.0878511
1.20905,-0.179852
1.24639,0.0839219
1.28101,-0.196946
1.29335,0.143492
1.21779,0.827831
1.24556,0.554932
1.24566,0.257554
1.20411,0.578867
1.24545,0.267963
1.30097,0.135328
1.23746,0.262855
1.32341,-0.519346
1.28361,-0.0453873
1.29878,-0.367457
1.26876,0.321189
1.21158,0.373014
1.28383,0.262128
1.26278,0.24716
1.24617,0.363838
1.32216,-0.0538502
1.24245,0.263406
1.30957,-0.366557
1.2783,0.302071
1.29454,-0.197781
1.33523,-0.205926
1.26216,-0.0446451
1.22596,0.589814
1.3501,-0.562484
1.33725,-0.438296
1.28057,0.375259
1.27764,0.469977
1.27963,0.15691
1.29597,0.0269047
1.31451,-0.183549
1.252,0.210417
1.31892,0.147414
1.26961,0.148432
1.28854,0.00139121
1.33221,-0.341453
1.25617,0.140412
1.29508,-0.373197
1.25727,0.380241
1.3346,-0.0924013
1.28464,0.182005
1.24257,0.513916
1.25839,0.207902
1.25968,0.101239
1.25188,-0.189641
1.26765,0.260668
1.25156,-0.191183
1.24353,0.0819716
1.16828,0.861305
1.27443,0.0995351
1.40359,-1.16924
1.23833,0.181251
1.22376,0.244259
1.24952,0.10902
1.35312,-0.780542
1.39576,-1.01505
1.24344,0.0620815
1.26653,0.153268
1.25689,-0.107848
1.22739,0.436811
1.28761,-0.183765
1.27508,0.0763895
1.31584,-0.0697468
1.29597,-0.116473
1.30678,0.00602839
1.28979,-0.225662
1.22922,-0.0515248
1.29683,-0.194049
1.29939,-0.326054
1.27642,-0.160907
1.20969,0.521501
1.3346,-0.164598
1.33467,-0.704695
1.32284,-0.0998075
1.28254,-0.341848
1.30988,0.0124682
1.21522,0.382819
1.34331,-0.444061
1.29028,-0.214965
1.24766,0.0880513
1.34852,-0.398969
1.29315,-0.0199169
1.22895,0.560346
1.22827,0.302086
1.27457,-0.0693222
1.20428,0.581313
1.28017,0.240654
1.28182,-0.106317
1.25026,-0.0870612
1.26419,0.0190439
1.29303,-0.280601
1.28174,0.143715
1.22744,0.413154
1.27478,0.244304
1.24557,0.250802
1.32951,-0.323656
1.25664,0.516345
1.26208,0.0662815
1.28767,0.149361
1.26612,0.263622
1.29419,0.331349
1.31261,0.00468038
1.28144,-0.0531181
1.25718,0.305415
1.18384,0.456201
1.25678,-0.018951
1.29397,-0.239161
1.24317,0.189572
1.38959,-0.817617
1.25516,0.343097
1.33541,-0.371661
1.29524,0.271879
1.2681,-0.20234
1.2601,0.0805998
1.21528,0.627913
1.26078,0.108669
1.26116,0.218994
1.27366,0.229006
1.16702,0.617225
1.28251,0.238459
1.23794,0.273694
1.3191,-0.0145569
1.23093,0.452681
1.25316,0.127172
1.20028,0.647091
1.22818,0.733045
1.25101,0.267919
1.31784,-0.323284
1.28675,-0.13931
1.25976,-0.0958642
1.27064,-0.0531159
1.27143,0.126287
1.31517,-0.103072
1.29213,0.0701081
1.26769,0.162281
1.27924,0.35699
1.31364,0.233655
1.21693,0.563535
1.32661,-0.614879
1.25175,0.183011
1.31042,-0.112063
1.25325,0.2337
1.28911,-0.0756702
1.18213,1.09055
1.22807,0.490767
1.28744,-0.393368
1.2782,0.128679
1.29753,0.152471
1.27536,-0.150772
1.2254,0.102273
1.25096,0.213996
1.19973,0.269608
1.3341,-0.227175
1.34878,-0.362923
1.23335,0.330856
1.3123,0.0537384
1.2416,-0.0794635
1.25502,0.168461
1.27814,-0.0303402
1.23809,0.238125
1.30104,-0.294317
1.32872,0.0325369
1.32173,-0.0358494
1.27838,-0.00121102
1.23554,0.227484
1.30567,-0.222354
1.22846,0.160767
1.30294,-0.155613
1.26978,0.248055
1.33266,-0.486014
1.14006,0.629255
1.15623,0.772283
1.27274,0.21873
1.3496,-0.605491
1.21986,0.395497
1.27886,0.187539
1.30068,0.0416391
1.25271,0.0481625
1.30744,-0.173496
1.31623,-0.229916
1.27906,0.134924
1.25712,0.333185
1.29617,-0.0438893
1.37465,-0.976474
1.25774,0.298307
1.19722,0.592687
1.25068,-0.0284136
1.24723,0.056151
1.23548,0.310944
1.21974,0.587626
1.29453,-0.223743
1.20161,0.385033
1.24707,-0.0497074
1.26127,0.236849
1.31112,0.0104227
1.24566,0.201666
1.26735,-0.102315
1.24922,0.0654909
1.29681,-0.00534606
1.32784,-0.741842
1.21818,0.113834
1.17289,1.07901
1.24629,0.193232
1.36532,-0.586865
1.33246,-0.473696
1.31727,0.165648
1.36622,-0.651422
1.36491,-0.299034
1.28299,-0.0476866
1.2641,-0.051394
1.27782,0.0292918
1.2118,0.186948
1.27433,0.285087
1.25063,-0.0274283
1.27771,0.0417711
1.32143,-0.202455
1.29726,-0.20543
1.40695,-0.372552
1.30392,-0.177407
1.24537,0.0911469
1.3133,-0.0257664
1.22273,0.405703
1.20994,0.305191
1.28268,0.0901954
1.27082,-0.0734065
1.33374,-0.0967213
1.20562,0.745462
1.22761,0.184342
1.3647,-0.926728
1.22725,0.16842
1.34107,-0.495631
1.24414,0.391083
1.2459,0.114487
1.33047,0.111839
1.24781,0.580078
1.33529,-0.500331
1.19983,0.654888
1.32189,-0.261298
1.31446,-0.31507
1.29786,-0.151668
1.24732,0.335045
1.34205,-0.387069
1.2395,0.266692
1.37531,-0.707908
1.198,0.520275
1.25378,0.213717
1.31893,-0.0978528
1.35812,-0.348825
1.2403,0.477551
1.24271,0.47705
1.26497,0.251928
1.37955,-0.501759
1.29853,0.0631879
1.25698,0.306832
1.22675,0.318917
1.24559,0.191269
1.28957,-0.157195
1.2749,-0.112219
1.24441,0.252764
1.24488,0.685616
1.29123,0.339998
1.24124,0.044761
1.28231,0.108325
1.27062,0.0603171
1.32154,-0.262054
1.34476,-0.455586
1.25467,0.386102
1.21406,0.450096
1.23862,0.195359
1.35795,-0.71914
1.29401,-0.157887
1.33149,-0.265019
1.30371,-0.321177
1.28049,0.00505028
1.31633,0.0448574
1.27202,0.089121
1.33653,-0.525708
1.24362,0.234246
1.29058,-0.25542
1.32749,-0.0894221
1.31569,-0.363047
1.27467,0.00818675
1.29698,-0.0852653
1.27737,0.17806
1.30616,0.0688397
1.23838,0.0330771
1.19302,0.273859
1.19985,0.440563
1.21246,0.307654
1.26801,0.18975
1.30542,-0.252064
1.31542,-0.452471
1.26546,0.199621
1.3438,-0.309826
1.19901,0.59888
1.2232,0.315567
1.15644,1.05749
1.20216,0.368735
1.29403,0.115357
1.31528,0.0540546
1.32473,-0.255274
1.26184,0.107812
1.18178,0.678931
1.28974,-0.481674
1.31844,-0.134597
1.349,-0.841287
1.28728,0.0739117
1.32225,-0.185596
1.28782,-0.0535341
1.15518,0.759261
1.38307,-0.519878
1.18817,0.791737
1.34377,-0.32412
1.25511,0.25219
1.2799,0.0642938
1.3691,-0.247753
1.36682,-0.572646
1.23113,0.153848
1.31288,-0.158418
1.26005,0.201597
1.19718,0.210152
1.22903,0.250441
1.38098,-0.494422
1.22306,0.129487
1.24485,0.204631
1.29988,-0.0265478
1.21688,0.508722
1.28445,0.0613007
1.20752,0.428659
1.30784,-0.411988
1.2718,0.181451
1.21312,0.276513
1.27579,0.572757
1.27561,-0.113523
1.24361,0.223834
1.25489,0.516559
1.17068,0.894654
1.29138,0.102978
1.25704,0.0946992
1.3125,-0.464211
1.35591,-0.263624
1.36152,-0.860651
1.22193,0.305687
1.23196,0.390688
1.28462,-0.129865
1.23062,0.348446
1.3308,-0.492754
1.24769,-0.0574707
1.37058,-0.225894
1.19791,0.500601
1.26706,0.246388
1.30411,-0.0711852
1.23595,0.283557
1.26063,-0.178355
1.24046,-0.0259924
1.21362,0.316586
1.2248,0.615958
1.34289,-0.510131
1.24392,0.480242
1.22889,0.256902
1.32112,-0.253311
1.22732,0.503534
1.30238,0.385569
1.25454,0.420949
1.31581,0.0724405
1.31068,-0.156125
1.33549,-0.258852
1.25764,-0.0687654
1.21193,0.217677
1.25147,-0.0723852
1.31034,-0.162751
1.24227,0.561396
1.25873,-0.106935
1.29156,0.258715
1.28075,0.291866
1.30654,-0.223931
1.28595,0.119047
1.26502,0.30656
1.22765,0.251075
1.24422,0.135593
1.1998,0.894844
1.25506,-0.141737
1.33006,-0.209524
1.243,0.13524
1.31936,-0.196518
1.28125,-0.0401798
1.22952,-0.0988285
1.30998,-0.306678
1.31397,-0.262946
1.27988,-0.0183253
1.28205,0.268448
1.30389,-0.169731
1.27272,-0.195982
1.30202,0.177781
1.25221,0.328293
1.25604,0.0895839
1.3109,-0.0656727
1.27319,0.0297807
1.30162,-0.255953
1.23797,0.526429
1.34705,-0.786796
1.31336,-0.230199
1.36932,-0.659578
1.20812,0.173603
1.1496,0.74429
1.20632,0.0607254
1.24385,0.167154
1.22079,0.527699
1.32489,-0.302454
1.21685,0.582731
1.26739,0.406588
1.24395,0.498292
1.22784,0.273508
1.25144,0.0733735
1.21869,0.755039
1.34675,-0.566259
1.21605,0.514984
1.33857,-0.563033
1.27208,-0.117016
1.26383,0.499509
1.35587,-0.513519
1.30013,-0.247949
1.19976,0.763274
1.19944,0.558799
1.30778,-0.507697
1.21223,0.292211
1.24191,0.276085
1.3111,-0.327886
1.29555,-0.35774
1.31935,-0.367523
1.32314,-0.313092
1.3065,-0.181063
1.29274,-0.272138
1.37064,-0.636116
1.29816,-0.375961
1.27307,0.077656
1.34826,-0.351166
1.33767,-0.163869
1.36673,-0.234008
1.29798,0.0185262
1.23408,-0.213694
1.2657,0.360637
1.25183,0.231502
1.29642,-0.349654
1.26535,0.373502
1.2966,-0.144975
1.17619,0.634625
1.27313,-0.277885
1.16626,0.950269
1.31515,-0.0872242
1.32328,0.0880705
1.28193,-0.505403
1.30311,0.00438974
1.34467,-0.158612
1.24041,0.0733802
1.3246,-0.187181
1.29418,-0.0834306
1.27495,-0.00511417
1.21546,0.398548
1.26116,0.212833
1.21975,0.332897
1.16407,0.361634
1.31031,-0.247578
1.27109,-0.02067
1.22652,-0.056357
1.22401,0.391237
1.21778,0.511076
1.23028,0.740815
1.27134,0.519431
1.25741,0.265394
1.27409,0.36565
1.23556,0.0897687
1.29285,-0.352144
1.31621,-0.33747
1.282,0.0779648
1.28254,-0.0334253
1.22668,0.600241
1.30675,-0.288381
1.36339,-0.567269
1.2818,-0.12309
1.1658,0.922499
1.28349,-0.062273
1.23825,0.242918
1.29441,0.170053
1.30092,-0.0415499
1.22145,0.424417
1.35955,-0.433939
1.23304,0.300672
1.27028,-0.000648165
1.34483,-0.227456
1.29962,-0.0999533
1.27294,0.236675
1.29967,-0.224121
1.18442,0.521434
1.1966,0.185676
1.28212,-0.0244545
1.29642,-0.127424
1.18606,0.350193
1.24345,-0.0377597
1.37633,-0.251058
1.26114,0.198955
1.29198,-0.28683
1.19181,0.336616
1.23099,0.0960045
1.27358,-0.135947
1.32309,-0.479796
1.35988,-0.518866
1.26973,0.175549
1.2884,0.380342
1.27183,0.00763355
1.1517,0.956715
1.19585,0.329437
1.22009,0.716931
1.28411,0.0302003
1.34882,-0.640736
1.3164,-0.258737
1.33196,-0.71642
1.286,0.302916
1.27711,-0.0133761
1.25676,0.0261873
1.29003,0.180466
1.30993,-0.137239
1.35524,-0.210819
1.29453,0.0390782
1.31057,-0.0563938
1.29394,-0.239755
1.29658,0.000569023
1.3319,-0.272567
1.16797,0.63513
1.20749,0.709555
1.27674,-0.0332991
1.255,0.0658544
1.2858,0.0163807
1.27995,0.453479
1.27849,-0.033894
1.31219,-0.407467
1.21296,0.558652
1.37557,-0.367533
1.27733,-0.0920576
1.18236,0.553757
1.30034,-0.060796
1.22463,0.687938
1.22575,0.0655759
1.31183,-0.198137
1.25029,0.132943
1.31669,-0.355718
1.22341,0.341084
1.31121,-0.137561
1.2289,0.476322
1.28979,-0.334451
1.19197,0.248096
1.31478,-0.327017
1.23418,0.310517
1.24745,0.387335
1.32643,-0.244069
1.22501,0.145274
1.24986,0.471702
1.2893,0.181111
1.13767,0.982523
1.23031,-0.0576112
1.20061,0.480246
1.30167,-0.148294
1.29596,-0.282732
1.28123,-0.0943766
1.27583,0.436547
1.32217,-0.266354
1.3752,-0.653767
1.36295,-0.304861
1.28232,0.0704952
1.32168,-0.0530959
1.26915,0.303145
1.22646,0.324271
1.30143,-0.305892
1.22323,0.43286
1.31925,-0.0905847
1.30618,-0.117545
1.28145,0.213352
1.28427,-0.126
1.23247,0.230093
1.33164,-0.23528
1.28686,-0.29967
1.22029,0.116268
1.2183,0.531064
1.25836,0.361012
1.34221,-0.584323
1.31372,0.084687
1.30233,0.0846861
1.31817,-0.228365
1.22185,0.217773
1.25589,0.0709233
1.24524,0.378318
1.30708,-0.147036
1.33496,-0.31512
1.25143,0.113326
1.28854,0.0308912
1.22198,0.136832
1.29319,-0.332935
1.26649,0.16616
1.28905,-0.155122
1.27463,0.299482
1.26043,0.362701
1.32874,-0.480748
1.32488,-0.331187
1.3407,-0.212861
1.26697,0.145826
1.28109,0.0472793
1.30752,0.218275
1.31098,-0.236997
1.30628,-0.325286
1.24789,0.0456998
1.36215,-0.280798
1.27032,0.112227
1.25975,-0.00384736
1.21811,0.61958
1.31035,-0.568848
1.31628,-0.152225
1.19264,0.731067
1.21676,0.244015
1.29153,-0.148926
1.24182,0.178224
1.23288,0.366711
1.30796,-0.0259655
1.25482,0.0505723
1.2689,0.180938
1.23463,0.553212
1.26421,0.475239
1.25223,0.288042
1.2761,0.236217
1.21375,0.37451
1.3196,-0.447483
1.26363,-0.094505
1.30823,-0.0904445
1.32139,-0.276141
1.26423,-0.12426
1.2846,-0.0177795
1.26273,-0.0427204
1.20658,0.750193
1.26468,0.038075
1.28236,0.0733084
1.28386,-0.103571
1.3135,0.0553995
1.2654,0.228821
1.3472,-0.260114
1.26141,0.244413
1.30988,-0.118277
1.24774,0.0669397
1.23271,0.208772
1.22364,0.0944592
1.22007,0.594491
1.23515,0.48376
1.19577,0.616573
1.21614,0.870463
1.27838,-0.106257
1.30509,-0.628052
1.3034,-0.151021
1.31657,0.126041
1.30043,0.066086
1.19253,0.315657
1.27075,-0.130704
1.33837,-0.266585
1.32771,-0.243122
1.24946,0.17879
1.25104,-0.0309
1.20205,0.636501
1.26745,0.090854
1.28645,-0.00153172
1.29696,-0.319537
1.20136,0.393811
1.23866,0.251488
1.35039,-0.318049
1.29207,-0.279342
1.27026,0.544797
1.24571,0.371925
1.30772,0.060539
1.2267,0.221547
1.25735,0.303661
1.21207,0.251221
1.29942,-0.0120495
1.32227,-0.269324
1.27054,0.169015
1.3087,-0.455751
1.25642,0.363402
1.25914,-0.146943
1.1908,0.487568
1.3357,-0.645276
1.28703,-0.00178782
1.30609,-0.397837
1.26059,0.357932
1.24048,-0.115375
1.30033,0.0673756
1.32704,-0.451456
1.29313,0.288131
1.22773,0.572764
1.3263,-0.313733
1.40203,-0.706865
1.22937,0.18714
1.34102,-0.799904
1.32448,-0.472055
1.24937,-0.016979
1.26561,0.162207
1.3327,-0.0706517
1.29516,-0.381076
1.30185,-0.436926
1.14745,0.775457
1.28745,-0.301606
1.25844,0.29051
1.32686,-0.627833
1.23905,0.387675
1.34739,-0.237743
1.26102,0.137843
1.2508,0.224533
1.28021,-0.193268
1.29391,0.0333943
1.26814,-0.0181865
1.26173,-0.183078
1.19402,0.414775
1.29598,-0.00353721
1.24311,0.274538
1.21645,0.233256
1.20299,0.645636
1.37458,-0.889925
1.36786,-0.531475
1.34154,-0.320625
1.29038,-0.255532
1.25753,-0.161351
1.30781,-0.148349
1.2909,0.0392203
1.30891,0.129694
1.32832,-0.300951
1.26997,0.291732
1.28962,0.369538
1.28003,0.122189
1.26271,0.243697
1.26556,0.119061
1.30374,-0.063072
1.2305,0.257893
1.24346,0.4478
1.33664,-0.514575
1.24268,0.269168
1.34517,-0.291146
1.27811,0.0156461
1.28155,0.274644
1.29261,0.11948
1.2284,0.532419
1.22219,0.672104
1.31435,-0.458141
1.28821,0.118943
1.28564,-0.160032
1.34426,-0.542801
1.18669,0.285062
1.33381,-0.417394
1.29552,0.0357496
1.23435,0.146758
1.3365,-0.140573
1.33084,-0.492271
1.22032,-0.109811
1.20964,0.485
1.26796,-0.00105518
1.29673,-0.342849
1.35761,-0.540185
1.39137,-0.683468
1.27641,-0.0377635
1.23416,0.316354
1.27479,-0.226211
1.27871,-0.183074
1.25202,-0.0981134
1.2972,-0.0710616
1.30806,-0.0811579
1.23831,0.226101
1.25599,0.0803725
1.29167,0.272921
1.27227,-0.23073
1.28418,0.0749509
1.28,0.346331
1.29923,-0.000247393
1.27126,-0.374695
1.3358,-0.300833
1.31365,-0.17226
1.28964,-0.0372392
1.28898,-0.301451
1.35166,-0.170924
1.17506,0.870211
1.22915,0.525587
1.3486,-0.472239
1.17275,0.829009
1.25458,0.181815
1.27511,0.0672512
1.21959,0.570129
1.25342,0.231265
1.37395,-0.649018
1.32157,0.0327003
1.24996,0.689143
1.24242,0.217
1.32249,-0.370437
1.28143,0.0582867
1.25502,0.11113
1.31043,0.172592
1.3326,-0.239544
1.20154,0.449107
1.37558,-1.01566
1.2897,-0.189087
1.32853,-0.304932
1.25439,0.513912
1.25179,0.449749
1.33188,-0.0407142
1.24187,0.326077
1.36524,-0.535868
1.24789,0.507371
1.25148,0.402808
1.21061,0.799455
1.24388,0.230663
1.20725,0.642201
1.34223,-0.572147
1.27238,0.178829
1.29036,0.151729
1.27941,0.181926
1.34166,-0.495384
1.23296,0.543311
1.18854,0.507907
1.35479,-0.763805
1.32265,-0.0206278
1.32118,-0.257571
1.30692,-0.0839815
1.26019,0.476136
1.3386,-0.187318
1.3069,-0.113861
1.33649,-0.217957
1.22094,0.671316
1.26504,-0.0276486
1.26763,0.267331
1.3003,-0.324846
1.15581,0.555139
1.24468,-0.0158077
1.34087,-0.235716
1.17824,0.479532
1.255,0.24921
1.29227,0.286848
1.35046,-0.101934
1.23074,0.152887
1.2407,-0.0156481
1.22064,0.735124
1.27031,0.158784
1.34814,-0.401251
1.26788,-0.0357369
1.25912,-0.0545827
1.3044,-0.116805
1.24668,-0.0462052
1.36122,-0.512378
1.26677,0.294238
1.22332,0.410243
1.21842,0.703069
1.24596,0.573014
1.24568,-0.0470842
1.31208,-0.453092
1.31811,-0.268715
1.25354,0.302916
1.26312,0.157848
1.26827,0.310502
1.31949,-0.0413425
1.38208,-0.207029
1.27786,0.106382
1.22396,0.53509
1.19089,0.744764
1.38192,-0.157421
1.30079,-0.0215313
1.22566,0.609216
1.29019,0.136766
1.30582,-0.570654
1.29704,-0.156466
1.3151,-0.0745927
1.14485,0.862335
1.28256,-0.1066
1.32475,-0.111368
1.3154,-0.18732
1.23621,0.263231
1.23669,-0.390022
1.21457,0.260459
1.32545,-0.426837
1.35278,-0.228951
1.19015,0.533836
1.25529,0.39518
1.21493,0.0806522
1.16778,0.391865
1.26932,-0.0334769
1.18503,0.223899
1.3153,-0.247261
1.25756,0.378063
1.28178,0.0811878
1.28491,0.00532099
1.31605,-0.176247
1.25416,0.125534
1.27247,0.321364
1.29845,0.0885931
1.28761,0.11234
1.35701,-0.423539
1.16575,0.888359
1.24618,0.132625
1.36083,-0.489721
1.24342,0.195436
1.32771,0.136904
1.27696,0.0487347
1.26283,-0.0885348
1.15569,0.750454
1.31653,-0.266614
1.21068,0.113562
1.23448,0.441097
1.25477,-0.19855
1.31455,-0.271564
1.22541,0.472602
1.3532,-0.32069
1.33481,-0.422293
1.33136,-0.00283303
1.28461,-0.00302575
1.24182,0.266506
1.30244,0.0145451
1.33592,-0.193419
1.27306,0.176393
1.28082,-0.0120253
1.3717,-0.589108
1.20517,0.767099
1.20742,0.173975
1.3043,-0.149813
1.25164,-0.00375793
1.21307,0.229924
1.23867,0.467246
1.23804,0.280178
1.338,-0.314584
1.17681,0.602147
1.29647,-0.0380622
1.27209,-0.0511826
1.31361,0.164779
1.24634,0.138763
1.30666,0.0260118
1.27138,0.337714
1.28673,0.012645
1.2313,0.0925668
1.27977,-0.118889
1.2305,0.76114
1.3202,-0.464071
1.24613,0.0927
1.28898,-0.0698584
1.27951,0.202653
1.2464,0.00595061
1.29925,-0.0993627
1.30051,-0.355356
1.34306,-0.524206
1.27164,-0.253016
1.21829,0.518116
1.26171,0.277699
1.28232,-0.262631
1.26012,-0.0198443
1.27409,0.0131154
1.29912,-0.314428
1.29836,0.127009
1.29059,0.142624
1.21368,0.253314
1.23648,0.374262
1.33007,0.00484833
1.20918,0.33267
1.30938,-0.188191
1.33955,-0.536571
1.33354,-0.338116
1.22224,0.35449
1.20881,0.333055
1.3134,-0.307434
1.27261,0.0131568
1.19822,0.350984
1.3399,-0.49118
1.26862,-0.157068
1.28027,-0.159968
1.23384,0.229194
1.23045,0.483055
1.29277,0.0182576
1.26173,-0.0705846
1.29626,-0.106119
1.28152,0.00785808
1.32744,-0.00999947
1.25866,0.306747
1.33648,-0.364578
1.26781,0.00547
1.27804,0.0393683
1.25086,-0.0637318
1.2293,0.0418775
1.28551,-0.0739015
1.28345,-0.166569
1.20432,0.671152
1.24402,0.171659
1.32296,-0.150975
1.28281,0.0735408
1.27791,-0.0639355
1.31218,-0.305026
1.25152,0.181202
1.26351,-0.0542272
1.29644,-0.0586321
1.30561,-0.333666
1.33343,-0.194556
1.31546,-0.425194
1.31263,-0.0395806
1.2595,0.210807
1.27155,0.0504875
1.29412,0.0112099
1.25793,0.019535
1.24576,0.29229
1.24803,0.290365
1.22946,0.568276
1.31583,-0.486429
1.20648,0.304706
1.33142,-0.50395
1.32758,-0.224181
1.23411,0.240585
1.21419,0.247202
1.29998,0.0946644
1.30888,-0.51706
1.33253,-0.40773
1.37382,-0.385417
1.27436,-0.0961212
1.21073,0.405742
1.29129,-0.200584
1.24169,0.110357
1.25396,-0.109757
1.24751,0.293239
1.23024,0.326449
1.31656,0.276772
1.28039,-0.275237
1.27724,-0.287475
1.36843,-0.576461
1.31359,-0.185733
1.23162,0.675244
1.37573,-0.5893
1.21042,0.621057
1.2182,0.351253
1.3129,-0.0817435
1.28614,0.131795
1.26052,0.158947
1.34968,-0.377121
1.171,0.516477
1.28434,-0.0231481
1.31644,-0.526835
1.29137,0.187407
1.30563,0.0258386
1.24658,0.291504
1.29645,-0.0607042
1.24694,0.166961
1.27263,0.283664
1.23353,0.652368
1.24565,-0.141625
1.23864,-0.00133591
1.38629,-0.61449
1.28959,0.370525
1.29652,-0.0186578
1.25189,0.37218
1.33464,-0.246195
1.16902,0.858157
1.29941,0.200898
1.32365,-0.16585
1.29063,-0.0419905
1.23988,0.459064
1.34711,-0.404747
1.26836,0.561522
1.22395,0.273511
1.29706,0.215696
1.25192,0.113292
1.17403,0.908938
1.23844,0.0377301
1.28205,-0.379193
1.3016,0.0411107
1.28643,-0.600246
1.26831,0.0588409
1.20397,0.454233
1.30213,-0.0946555
1.22386,0.212856
1.34223,-0.470331
1.19585,0.725895
1.2335,0.117096
1.26047,0.040961
1.31494,-0.0366773
1.2349,0.322704
1.30139,-0.116705
1.27796,0.0879369
1.27516,0.155433
1.29235,-0.061334
1.22915,0.167716
1.23874,0.183649
1.24363,0.249537
1.29143,-0.592821
1.27037,-0.0587714
1.28012,-0.15137
1.31747,-0.305987
1.36206,-0.570033
1.27616,-0.200232
1.20033,0.276769
1.27409,0.151773
1.27182,0.49755
1.27321,0.224562
1.26785,-0.0276353
1.34188,-0.0309288
1.25692,0.283705
1.33077,-0.533618
1.26204,0.258947
1.33369,-0.301872
1.26703,0.103272
1.31003,-0.0541823
1.40661,-0.854614
1.22223,0.339596
1.27195,-0.0425002
1.36224,-0.449904
1.28265,0.00514415
1.33269,-0.293526
1.30409,-0.15482
1.29845,-0.233667
1.25635,-0.147181
1.27098,0.0527289
1.27508,-0.0393879
1.27944,0.132058
1.31494,-0.258358
1.27069,0.0626075
1.29564,-0.0945327
1.29445,-0.0556604
1.20709,0.579108
1.24508,0.310349
1.34439,-0.41726
1.26437,0.0470717
1.26424,0.0220771
1.23683,0.524213
1.32349,-0.233284
1.26827,0.0998282
1.26586,0.509732
1.32519,0.0399079
1.28533,0.237875
1.17194,0.596001
1.27278,0.307291
1.33137,-0.558649
1.30652,-0.0415483
1.31681,-0.00692323
1.27092,-0.12607
1.27453,-0.00330842
1.29171,-0.322695
1.26149,-0.223071
1.32609,-0.170844
1.32275,0.0532422
1.25242,-0.102466
1.26356,0.370433
1.23325,0.570664
1.23014,0.496981
1.20175,0.422895
1.25984,0.0986705
1.29239,-0.56192
1.27368,0.306121
1.2707,0.00598408
1.31109,-0.23276
1.20607,0.38958
1.29519,-0.0427676
1.29395,-0.603669
1.27505,0.255499
1.31054,0.00158847
1.27179,0.275321
1.22393,0.42861
1.22981,0.34738
1.27591,0.264318
1.28027,-0.200045
1.312,-0.624717
1.2751,0.0121355
1.34771,-0.658037
1.26644,0.857939
1.25268,0.292625
1.33157,-0.512782
1.24779,0.283605
1.31108,-0.101396
1.27848,0.0337822
1.26502,0.076742
1.31997,-0.153097
1.20854,0.527338
1.21642,0.203773
1.2757,0.088101
1.34599,-0.570457
1.353,-0.429118
1.28434,-0.0727221
1.27111,0.440387
1.23116,0.521503
1.26613,0.108015
1.26142,0.0878763
1.25679,0.0214418
1.24801,0.102599
1.2739,-0.247549
1.31445,-0.207552
1.32151,-0.230766
1.26706,0.17943
1.22121,0.533413
1.32509,-0.14166
1.23836,0.219287
1.28168,0.0533481
1.19972,0.388719
1.27566,0.245607
1.32264,-0.403285
1.27824,0.0905553
1.31612,-0.412264
1.15928,0.948765
1.17053,0.462996
1.27783,0.0742415
1.30961,-0.296652
1.26034,0.0871751
1.1758,0.482755
1.18567,0.121771
1.31718,0.215873
1.3057,-0.316547
1.27788,-0.00434212
1.27174,-0.165973
1.27717,0.370458
1.2699,-0.0271567
1.20362,0.901108
1.28934,-0.171522
1.29921,-0.304717
1.26364,0.0660929
1.25767,0.0291781
1.29297,-0.105161
1.22636,0.469548
1.26326,0.326681
1.25111,0.53968
1.19959,0.629058
1.31215,-0.0488469
1.29778,-0.0968313
1.15936,0.62083
1.33766,-0.603213
1.34647,-0.633498
1.2718,-0.108193
1.34093,-0.395159
1.28018,-0.160887
1.22927,0.523173
1.2376,-0.177556
1.21707,0.404433
1.25136,0.319113
1.31877,-0.262617
1.25607,0.476961
1.18741,0.702931
1.28891,-0.103991
1.24824,0.486104
1.28459,0.0302204
1.24337,-0.228717
1.24251,0.133969
1.34134,-0.452376
1.2509,0.0617327
1.20306,0.356884
1.33459,-0.0810174
1.25015,0.412389
1.29463,0.00814478
1.35475,-0.352168
1.31633,-0.0571555
1.30713,0.0466632
1.27571,-0.041737
1.28198,-0.00801096
1.3058,-0.60005
1.36877,-0.50062
1.29139,0.162327
1.24232,0.332009
1.31041,0.143026
1.27892,-0.14345
1.2541,-0.0581492
1.22267,0.230572
1.16101,0.550309
1.17908,0.585014
1.34462,-0.35025
1.30567,-0.212926
1.36337,-0.69618
1.35726,-0.585507
1.28256,-0.0155513
1.31621,0.0685509
1.29369,-0.209993
1.33721,-0.309893
1.37153,-0.642553
1.23315,0.571027
1.36116,-0.580944
1.26095,0.605987
1.33133,-0.218826
1.28778,0.156733
1.34567,-0.549782
1.27386,0.146723
1.2324,0.124695
1.33235,-0.444529
1.19929,0.325574
1.31002,-0.245007
1.2514,0.282389
1.2293,0.128139
1.30774,0.199673
1.29881,-0.0241958
1.2315,0.422293
1.22071,0.592635
1.27716,0.0965934
1.27956,0.0245223
1.3881,-0.707988
1.3131,-0.0902944
1.18128,0.743459
1.37804,-0.289594
1.25674,0.515298
1.186,0.613346
1.28819,0.260025
1.22836,0.506233
1.28635,0.0877955
1.25549,0.0427467
1.2225,0.403307
1.26806,0.395458
1.26946,-0.178571
1.30696,-0.402754
1.33404,-0.540974
1.25801,-0.00475426
1.3089,-0.0392924
1.25389,0.293305
1.28661,0.386578
1.32011,0.0175372
1.3541,-0.555693
1.35755,-0.768291
1.26874,0.0967682
1.25679,0.564734
1.16434,0.614552
1.23974,0.156085
1.19505,0.414597
1.25204,0.296078
1.17531,0.856242
1.29112,-0.0996638
1.20872,0.872952
1.23194,0.144793
1.30326,-0.358748
1.25755,0.205543
1.25975,-0.0212988
1.30747,-0.11423
1.2398,0.0716937
1.22886,0.34489
1.31434,0.0126637
1.24811,0.229368
1.18991,0.339998
1.29759,0.0193791
1.22215,0.213127
1.23132,0.239489
1.30926,-0.239336
1.31812,0.0742221
1.34149,-0.605403
1.31003,-0.118421
1.25821,0.342048
1.46223,-1.56773
1.2833,0.0320617
1.26859,0.29533
1.17936,0.65439
1.28225,0.0454612
1.20032,0.561809
1.18545,0.35361
1.35404,-0.612578
1.3301,-0.511082
1.24382,0.54885
1.21433,0.261227
1.19663,0.644591
1.30258,0.345934
1.2289,0.407846
1.22915,0.240833
1.24654,0.267479
1.23131,0.755985
1.16298,0.66628
1.2899,0.13344
1.29502,-0.0325016
1.24638,0.164701
1.2816,0.170259
1.29,0.300138
1.33966,-0.660617
1.2194,0.364549
1.2314,0.216908
1.32028,-0.374884
1.31842,-0.107225
1.31874,-0.298625
1.32031,-0.0877772
1.26498,0.331345
1.27759,0.285013
1.31134,-0.476852
1.16961,0.652137
1.26321,0.259003
1.2565,0.214479
1.26959,0.0306493
1.3343,-0.542228
1.22754,-0.102496
1.27665,-0.029841
1.24182,0.198146
1.3288,-0.548015
1.22897,0.458643
1.27755,0.131153
1.32705,-0.304187
1.3051,-0.445493
1.32183,0.170098
1.27127,0.0920336
1.33346,-0.344479
1.24092,0.306702
1.20806,0.465484
1.23002,0.355713
1.35873,-0.40471
1.20209,0.41464
1.26104,0.262373
1.26786,-0.0162179
1.32567,0.00205781
1.3199,-0.174255
1.30952,0.0611491
1.24169,0.305018
1.35728,-0.325301
1.31082,-0.235673
1.29388,-0.335642
1.2409,0.326553
1.28776,-0.009046
1.29025,0.158215
1.31988,-0.453792
1.26477,0.153209
1.2342,0.169391
1.31272,-0.128381
1.19,0.119722
1.14058,0.802407
1.28859,-0.0281747
1.29552,-0.0272845
1.30462,-0.246418
1.28969,-0.188237
1.30913,-0.0821804
1.20006,0.627721
1.36186,-1.01918
1.31455,-0.389482
1.25595,0.225271
1.31082,-0.394006
1.35517,-0.550068
1.22464,0.0947033
1.20362,0.394471
1.1876,0.643957
1.19236,0.757775
1.26018,-0.075174
1.28464,-0.131864
1.38384,-0.661952
1.27242,0.0524754
1.32246,-0.216136
1.18363,0.594453
1.31656,-0.315827
1.30462,0.135166
1.26254,0.501606
1.31267,0.0610143
1.31476,-0.233605
1.23219,0.526361
1.33953,-0.748965
1.32065,-0.176528
1.31701,-0.399564
1.19997,0.730125
1.22618,0.428845
1.30675,-0.333084
1.31269,-0.267214
1.26695,0.108797
1.23954,0.460227
1.33738,-0.433872
1.22239,-0.0349349
1.25366,0.164671
1.19623,0.689575
1.25028,0.350765
1.33671,-0.411157
1.23032,0.0266388
1.3368,-0.314861
1.30947,0.130449
1.3139,-0.203696
1.21851,0.122108
1.30971,-0.105217
1.23516,0.389947
1.23394,0.294578
1.32547,-0.451463
1.25641,0.222359
1.20937,0.837843
1.31527,-0.228586
1.32858,-0.0422496
1.30682,-0.570965
1.25456,0.291834
1.36447,-0.732174
1.20336,0.273527
1.25463,0.0333708
1.34505,-0.264419
1.20875,0.472715
1.25598,0.391703
1.24117,0.0365334
1.2639,0.283738
1.29986,-0.336062
1.25956,0.584476
1.26,0.0399123
1.26346,0.193409
1.26764,0.0909554
1.28498,0.067212
1.33865,-0.490141
1.26968,-0.333694
1.33454,-0.341672
1.26187,-0.0600845
1.28414,0.186624
1.22436,0.508714
1.27205,0.440069
1.2052,0.41317
1.18323,0.579943
1.27389,-0.0215971
1.20501,0.504791
1.28952,0.0622336
1.31956,-0.116489
1.22446,0.366965
1.24331,-0.0230755
1.34943,-0.200931
1.2061,0.127195
1.28708,-0.0478009
1.3088,-0.17299
1.27763,0.206037
1.22786,0.0884613
1.31029,0.14434
1.19528,0.408056
1.27159,0.0552115
1.36262,-0.593178
1.29958,0.299616
1.20135,0.215156
1.2318,0.323342
1.3276,-0.381252
1.28504,0.129594
1.27827,-0.107702
1.24919,0.541027
1.33466,-0.595386
1.23994,0.189067
1.2246,-0.00533713
1.2634,0.0342058
1.29276,-0.0959627
1.17137,0.749528
1.25205,0.23295
1.23891,0.294963
1.39504,-0.42263
1.28039,0.100373
1.28409,-0.209515
1.26694,0.265507
1.28667,-0.0739666
1.23368,0.268285
1.22744,-0.0170923
1.23997,0.246463
1.25163,0.00453834
1.24874,0.158167
1.32141,-0.533876
1.35841,-0.683988
1.33803,-0.260637
1.27096,0.0475611
1.24338,0.383705
1.25646,0.353215
1.29899,-0.51922
1.32174,-0.49762
1.20135,0.682591
1.34418,-0.4759
1.26142,-0.224981
1.3383,-0.320091
1.256,0.175494
1.26107,0.190601
1.18138,0.390503
1.3136,-0.231207
1.31969,-0.113082
1.17339,0.518042
1.25143,0.473496
1.28409,0.277165
1.26607,0.00777315
1.39215,-0.418992
1.33453,-0.474824
1.33171,-0.12629
1.29028,-0.0392037
1.26233,0.240204
1.34339,-0.338959
1.27603,0.00902122
1.25045,0.235303
1.22264,0.607895
1.30764,-0.101656
1.28834,-0.00232973
1.23308,0.190273
1.23832,0.0915398
1.31104,-0.479054
1.31726,-0.490246
1.18611,0.852628
1.23733,-0.18311
1.30632,-0.159674
1.31368,-0.284258
1.25937,-0.248737
1.34899,-0.809941
1.2696,-0.0358553
1.27575,0.126791
1.27951,-0.0859486
1.18378,0.650662
1.21362,0.539031
1.28795,-0.135587
1.20947,0.224036
1.37588,-0.879938
1.26659,0.192429
1.27501,0.410484
1.22686,0.108549
1.30619,-0.315264
1.18362,0.752555
1.1761,0.566974
1.23857,0.681871
1.16634,1.12807
1.26636,0.179427
1.22339,0.244331
1.17196,0.614606
1.26984,0.316368
1.25235,0.132985
1.2354,0.448982
1.14482,0.837071
1.29027,-0.0976049
1.32423,-0.211116
1.25143,0.175646
1.27694,-0.0487748
1.20614,0.446696
1.32638,-0.302672
1.19963,0.1001
1.23476,0.480739
1.24921,-0.000712564
1.238,0.302863
1.28921,-0.326445
1.25199,0.126963
1.31254,-0.328244
1.24937,0.0952925
1.17402,0.721178
1.28478,0.0304533
1.3079,0.224611
1.2978,-0.0422917
1.29922,0.407579
1.15906,0.648407
1.28347,-0.00486152
1.32826,0.0391232
1.30681,0.116479
1.27162,0.297886
1.23151,0.419779
1.2643,0.203134
1.17631,0.795468
1.22616,0.399001
1.17902,0.442663
1.24117,0.035345
1.40135,-0.787036
1.2923,-0.0506636
1.23006,0.287596
1.20628,0.197641
1.25986,0.433833
1.26536,0.177803
1.26525,0.188947
1.21963,0.298017
1.29799,-0.0932629
1.26382,-0.143168
1.26588,-0.133282
1.35671,-0.662341
1.29534,-0.585161
1.34092,-0.303759
1.25249,0.190613
1.27379,0.1775
1.2731,0.145057
1.18975,0.327011
1.30686,-0.252536
1.25737,-0.0547888
1.29055,0.0381834
1.36373,-0.659281
1.27819,-0.180698
1.3313,-0.407849
1.32023,-0.533017
1.30672,0.056684
1.28365,0.32776
1.31401,-0.282161
1.2617,0.138956
1.29582,-0.363282
1.31397,-0.128885
1.22424,0.383501
1.31077,-0.340209
1.31273,-0.225499
1.23927,0.353576
1.26326,0.224376
1.27392,-0.12718
1.28875,0.0276156
1.27435,0.198291
1.26859,0.167961
1.34595,-0.444651
1.29131,-0.296404
1.30795,-0.116716
1.33016,-0.518007
1.31044,-0.320195
1.2046,0.652925
1.27511,0.23124
1.33301,0.275159
1.22341,0.213383
1.31652,-0.232745
1.19484,0.989701
1.27561,-0.0446133
1.23501,0.588559
1.2864,0.143242
1.23467,0.0961914
1.27682,0.314718
1.26093,-0.0688466
1.29199,-0.409481
1.38582,-0.365997
1.29461,0.0378776
1.34698,-0.445379
1.25798,0.289324
1.26069,0.387354
1.27109,0.10923
1.29114,-0.189346
1.23558,0.256789
1.3048,-0.0430421
1.29762,0.115447
1.36569,-0.431753
1.20841,0.475077
1.3214,0.000535965
1.2427,0.519768
1.22091,0.27855
1.35062,-0.592069
1.23153,-0.0732017
1.23113,0.45981
1.24732,0.15974
1.19807,0.378353
1.30224,-0.0932417
1.29191,0.141247
1.22649,0.249587
1.3179,-0.37318
1.2996,-0.394466
1.29603,-0.164089
1.25452,-0.00273592
1.27004,0.0388326
1.23434,0.239488
1.24655,0.320024
1.32845,-0.36433
1.29761,0.0390568
1.24186,0.332877
1.28328,-0.199652
1.31764,-0.255636
1.28241,-0.0376162
1.22233,0.399751
1.30895,-0.121377
1.30917,-0.061437
1.25802,0.621138
1.22419,0.269428
1.40558,-0.989846
1.31995,-0.241476
1.29703,-0.144935
1.24623,0.29372
1.27513,0.350436
1.29213,0.131334
1.24819,0.379268
1.32523,-0.272144
1.15489,0.742647
1.33699,-0.423599
1.30937,0.0943689
1.26385,0.185867
1.36078,-0.343535
1.27652,0.396409
1.23659,0.314674
1.19711,0.342438
1.29176,-0.131663
1.25166,0.19723
1.29449,-0.201846
1.39084,-0.669716
1.26099,-0.00688161
1.24962,0.0607014
1.27808,-0.236313
1.29143,-0.147098
1.20576,0.652067
1.31022,-0.119336
1.36346,-0.690904
1.31716,-0.105995
1.32553,-0.464992
1.25668,0.315377
1.28588,-0.294206
1.23356,-0.0829215
1.34421,-0.456511
1.25897,0.241047
1.16896,0.450406
1.19063,0.515565
1.27982,-0.106499
1.28023,-0.0994317
1.28986,0.291949
1.23076,0.547593
1.20322,0.301742
1.24869,0.477037
1.35806,-0.654495
1.25557,-0.00338903
1.3094,0.0781725
1.35046,-0.672426
1.31381,-0.172229
1.25404,-0.177406
1.2151,0.422933
1.30429,-0.121378
1.25906,0.142168
1.24738,0.144641
1.34557,-0.384108
1.29874,-0.298555
1.30973,-0.400731
1.27307,0.208751
1.353,-0.70456
1.2777,-0.0799448
1.31055,-0.198871
1.2492,0.465234
1.36289,-0.529214
1.29003,0.387732
1.23103,0.371395
1.28194,0.0150465
1.24899,0.107661
1.20364,0.658614
1.25456,0.0948078
1.36785,-0.291407
1.32571,-0.220365
1.31416,-0.0301842
1.40053,-0.632609
1.22849,0.22173
1.24923,0.346328
1.18262,0.899832
1.23545,0.094308
1.27245,0.0102456
1.27901,-0.229139
1.37918,-0.966349
1.30685,-0.148435
1.25293,-0.158702
1.27474,0.0827094
1.27402,0.130496
1.29175,-0.178709
1.23351,0.334986
1.29075,-0.201004
1.24546,0.00368874
1.20737,0.81252
1.16137,0.715797
1.26074,0.378641
1.2854,0.193599
1.22807,0.177063
1.365,-0.181178
1.23249,0.240099
1.25654,-0.0882734
1.30742,0.0410139
1.23198,0.593371
1.27433,0.257787
1.26525,0.056631
1.29857,-0.208672
1.28837,0.0908642
1.19626,0.311649
1.25753,0.461703
1.21583,0.524583
1.26401,0.252399
1.2708,0.112817
1.25852,0.0293337
1.19646,0.220675
1.39989,-0.842481
1.28347,-0.283702
1.24946,0.291951
1.26727,0.157168
1.24709,-0.0657467
1.35007,-0.545336
1.2898,-0.0997547
1.22845,0.422898
1.28294,-0.0516532
1.24664,0.162243
1.24398,0.290966
1.29546,0.225873
1.28463,0.135553
1.2307,0.29756
1.27879,0.154356
1.26636,-0.235254
1.23998,0.300974
1.23216,0.169834
1.30513,-0.266685
1.23888,0.356708
1.26001,0.198298
1.33527,-0.364883
1.31111,-0.309735
1.19614,0.696186
1.26176,0.114017
1.24083,0.424452
1.27621,0.516394
1.19218,0.701536
1.27049,0.143757
1.32424,-0.216729
1.2275,0.235314
1.26648,0.233705
1.23872,0.265063
1.19518,0.385123
1.27353,-0.195921
1.23248,0.397465
1.34044,-0.152097
1.22696,0.465962
1.28436,-0.16696
1.28652,0.0757125
1.27565,-0.182171
1.3065,0.0379837
1.3171,-0.0194537
1.26323,0.118198
1.15233,0.805653
1.31247,-0.366404
1.20837,0.620463
1.34635,-0.299362
1.32028,-0.221614
1.30087,-0.225398
1.31334,-0.104672
1.36666,-0.0390245
1.34439,-0.321617
1.26151,0.189665
1.28245,-0.195515
1.3397,-0.412163
1.2696,-0.226789
1.25834,0.0292631
1.26015,0.26784
1.27937,-0.00296817
1.30898,0.0531712
1.29714,-0.304441
1.2197,0.429299
1.30405,-0.0961396
1.24983,0.26931
1.34011,-0.0692755
1.26456,0.0241351
1.16859,0.45937
1.26377,0.133665
1.31703,-0.0855606
1.24114,0.403202
1.23838,0.14644
1.24563,-0.152107
1.33902,-0.586862
1.26265,0.188822
1.24463,0.31639
1.30735,-0.190068
1.16141,0.448229
1.29148,0.0456222
1.21965,0.288259
1.34785,-0.193933
1.31015,-0.358643
1.26823,-0.199717
1.22333,0.198649
1.29326,-0.102568
1.15687,0.446288
1.34662,-0.0689218
1.23277,0.39294
1.2854,0.0520053
1.22065,0.285196
1.26057,0.302519
1.26766,0.243638
1.29829,-0.208626
1.30026,-0.184296
1.22733,0.699824
1.28715,-0.183794
1.35131,-0.271343
1.26367,0.0288394
1.22185,0.0605362
1.30235,-0.110157
1.22581,0.629725
1.33056,-0.80002
1.28688,-0.0932381
1.24409,0.0955951
1.18738,0.725148
1.22361,0.59895
1.28729,-0.0389978
1.27766,0.444201
1.32539,0.017805
1.33124,-0.230673
1.27318,0.238031
1.24994,0.318459
1.18999,0.439199
1.30905,0.0220811
1.27576,0.16854
1.23503,0.236848
1.27241,0.27715
1.27159,-0.0405452
1.30216,-0.023931
1.23284,0.229345
1.24217,0.604932
1.23576,0.0123492
1.25446,0.250889
1.28111,-0.0530295
1.34552,-0.415574
1.29721,-0.0936734
1.23426,0.454186
1.2908,0.0638875
1.36453,-0.856011
1.18253,0.672218
1.27575,-0.13279
1.23991,0.190723
1.23796,0.31109
1.26876,-0.0943356
1.25047,0.379981
1.28989,-0.19867
1.24971,0.134837
1.28351,-0.333493
1.25031,0.112835
1.18175,0.415577
1.31289,0.0253168
1.24024,0.359654
1.28483,-0.164876
1.28536,0.0613456
1.27077,0.0571502
1.25004,0.497885
1.34094,-0.464132
1.32621,-0.181694
1.19811,0.754143
1.28325,-0.0795981
1.23267,0.132547
1.29015,-0.256775
1.29156,0.0163058
1.26592,0.0247992
1.35249,0.152281
1.31721,-0.297234
1.2619,0.221478
1.2084,0.375708
1.24292,0.276069
1.30828,-0.369651
1.17027,0.595577
1.40913,-0.93633
1.17763,0.832584
1.19893,0.69358
1.29665,0.326043
1.2717,-0.0698623
1.30515,-0.0273271
1.26582,0.643107
1.20159,0.310008
1.3448,-0.289039
1.2577,0.0240117
1.21765,0.338861
1.16573,1.11438
1.16597,0.765027
1.28991,-0.660038
1.2803,0.312857
1.23754,0.602352
1.33723,-0.18265
1.30864,0.0660769
1.29363,0.0930436
1.23517,0.205263
1.27849,-0.0590487
1.3062,-0.211705
1.38018,-0.228642
1.24694,0.469621
1.29548,-0.467781
1.30299,-0.45487
1.26355,0.297314
1.24156,0.315898
1.32044,-0.309295
1.24129,0.55037
1.19596,0.104255
1.30129,0.149602
1.29418,-0.00552766
1.2787,-0.0509657
1.15547,0.959912
1.26564,-0.246697
1.32671,0.101624
1.30915,-0.26449
1.21907,0.164937
1.274,0.100577
1.26313,0.0997672
1.2394,0.432584
1.36186,-0.434115
1.34369,-0.479095
1.2446,0.201055
1.26906,0.0479099
1.2563,0.0507602
1.30271,-0.315774
1.31129,-0.362307
1.32544,-0.557815
1.23422,-0.0605751
1.22449,0.584466
1.27746,-0.000566933
1.29137,0.196743
1.23619,0.104781
1.26022,0.231274
1.30671,-0.425775
1.37808,-0.767446
1.30596,-0.189327
1.20783,0.629321
1.28494,-0.00176534
1.27186,0.0576618
1.25722,-0.00744456
1.26884,-0.0273312
1.23094,0.19727
1.30611,-0.124333
1.31731,-0.436427
1.35176,-0.600222
1.36843,-0.390514
1.32863,-0.565738
1.33412,-0.0937568
1.3246,-0.230334
1.27323,0.169887
1.23681,0.317317
1.31802,-0.0652878
1.29041,0.168277
1.3138,-0.316184
1.26733,0.006552
1.20703,0.540483
1.29516,-0.16674
1.22222,0.226805
1.23974,0.463305
1.28359,-0.18827
1.30886,-0.252846
1.23556,0.451213
1.24986,0.404341
1.31273,-0.159485
1.2757,0.0319793
1.27159,0.111943
1.24681,0.20638
1.20673,0.574143
1.18493,0.583945
1.31024,-0.266335
1.29751,0.269874
1.28529,-0.270918
1.25333,0.572507
1.24736,0.0673798
1.19781,0.614154
1.3031,0.00450417
1.25285,0.335026
1.28939,-0.0358423
1.34326,-0.272317
1.14265,1.05292
1.21758,0.53388
1.32201,0.294157
1.18117,0.509912
1.34095,-0.392663
1.1966,0.64248
1.15834,0.451013
1.20769,0.667336
1.28505,-0.0977128
1.35213,-0.710688
1.31717,0.104071
1.28137,-0.131196
1.28403,-0.034045
1.35376,-0.681235
1.22911,0.421347
1.24092,0.0764769
1.3583,-0.538324
1.28976,0.0795194
1.40966,-0.697696
1.27024,0.222484
1.41696,-0.739336
1.28103,0.14134
1.29251,-0.215459
1.40654,-1.01063
1.33412,0.0236245
1.29609,-0.327393
1.32214,-0.131186
1.23113,0.159664
1.3007,-0.201304
1.19777,0.736061
1.22173,0.114273
1.28365,0.405876
1.27269,-0.239866
1.25515,0.445877
1.22926,0.311986
1.22594,0.431585
1.22405,-0.18953
1.28742,0.305413
1.22825,0.489341
1.30846,-0.190167
1.26906,0.101118
1.27298,0.168979
1.25853,0.210895
1.32467,-0.262446
1.20759,0.444941
1.26867,0.0876898
1.31919,-0.495439
1.22542,0.0529878
1.20159,0.187018
1.21773,0.219336
1.32935,-0.301717
1.30982,-0.138476
1.26142,0.455597
1.23013,0.350444
1.31563,-0.322896
1.31997,-0.490678
1.20356,0.477014
1.29947,-0.199231
1.17268,0.556689
1.22125,0.537768
1.2337,0.0253291
1.27032,0.32031
1.23817,0.459073
1.12074,1.23634
1.31541,-0.172553
1.32026,-0.477168
1.22708,0.368857
1.33021,-0.338324
1.29798,-0.00610963
1.33315,-0.128675
1.24629,-0.127946
1.35709,-0.556266
1.2328,0.266093
1.23372,0.00835767
1.22606,0.0588343
1.33113,-0.219666
1.30993,0.0997665
1.20857,0.575115
1.23277,0.663643
1.25707,0.413403
1.25923,0.407069
1.23287,0.52127
1.2993,-0.0417845
1.14041,1.09588
1.25781,0.265218
1.19821,0.721718
1.26053,0.3177
1.2666,0.372381
1.32799,-0.217687
1.32538,-0.257906
1.23979,0.695609
1.35136,-0.467725
1.25935,0.338641
1.21882,0.640654
1.30348,-0.193713
1.36684,-0.652022
1.24189,0.103811
1.24528,-0.0450371
1.1879,0.43942
1.20393,0.664558
1.35322,-0.633816
1.32487,-0.2223
1.35615,-0.27108
1.27437,0.199626
1.23785,0.0715359
1.24468,0.128756
1.20783,0.383461
1.28557,0.069668
1.26713,0.660634
1.22143,0.484999
1.24101,0.321894
1.23744,0.103709
1.36428,-0.20434
1.28472,-0.102422
1.32918,-0.0977983
1.31748,-0.0152714
1.29084,-0.256821
1.26582,0.294664
1.25633,0.1846
1.28308,0.0192387
1.29507,-0.0875355
1.36758,-0.476306
1.22968,0.227271
1.35109,-0.418334
1.31609,-0.503008
1.27824,0.100486
1.30432,-0.0552145
1.26028,0.221253
1.28769,-0.113946
1.24331,0.499176
1.31253,-0.0594348
1.24502,0.172928
1.30082,-0.111164
1.22791,0.416154
1.2589,0.193744
1.28339,-0.213323
1.25506,0.262795
1.26951,-0.0981275
1.34059,-0.291727
1.38416,-0.551705
1.34002,-0.355782
1.26075,0.295736
1.22805,0.0680355
1.21834,0.370557
1.26816,0.0919592
1.26975,0.093158
1.27001,0.425284
1.31637,-0.353944
1.24001,0.210005
1.22981,0.399636
1.27061,-0.0698804
1.29587,-0.188246
1.24653,0.0232498
1.25764,0.433688
1.26077,0.07538
1.19923,0.787662
1.31154,-0.0895177
1.28113,0.358128
1.30885,-0.427655
1.25408,0.0569076
1.27313,-0.131093
1.22707,0.609356
1.30819,-0.246065
1.29033,-0.49576
1.2601,0.0351703
1.18904,0.464102
1.21756,0.500741
1.31421,-0.59999
1.26122,0.0642644
1.24744,0.44804
1.2399,0.481101
1.28315,-0.593131
1.33036,-0.623829
1.24957,0.205237
1.27474,0.587009
1.24691,0.0348571
1.27621,0.154886
1.34509,-0.453229
1.2509,0.41342
1.31434,-0.318724
1.10835,1.16387
1.31889,-0.605215
1.21514,0.246609
1.32908,-0.24229
1.32425,-0.584953
1.22635,0.148909
1.21784,0.356397
1.18461,0.691298
1.33704,-0.7307
1.2759,0.178516
1.26464,0.0209108
1.26464,0.177655
1.21727,0.709606
1.20197,0.351763
1.28452,0.124152
1.27732,0.167446
1.27277,-0.119618
1.24792,0.116147
1.29731,0.127283
1.31375,0.00671704
1.25535,0.189932
1.32851,-0.0442386
1.26444,0.0266898
1.27525,0.240031
1.25652,-0.394464
1.30543,-0.125773
1.13271,0.608919
1.32013,-0.302151
1.31618,-0.365401
1.25454,0.244759
1.21859,0.633748
1.31786,0.0246494
1.26273,0.210368
1.22642,0.412925
1.26462,-0.257374
1.20914,0.385189
1.24871,0.579771
1.2128,0.357084
1.29915,-0.0187221
1.25234,-0.01808
1.20907,0.733416
1.39985,-0.9366
1.24274,0.437954
1.30703,-0.355358
1.26209,-0.0581167
1.28356,-0.152401
1.2266,0.354719
1.34699,-0.32568
1.27933,-0.0855026
1.2762,0.265218
1.24689,-0.0634767
1.3003,-0.326307
1.21747,0.257171
1.29174,-0.133133
1.40177,-0.565595
1.25246,-0.115982
1.25888,0.382543
1.27016,0.32878
1.2062,0.113187
1.30854,-0.260287
1.25664,0.261429
1.30945,-0.0180962
1.22399,0.267762
1.15009,0.731056
1.23711,0.24464
1.22981,0.0790077
1.25725,0.283292
1.26591,0.0517598
1.36718,-0.493759
1.29295,-0.0632523
1.32169,-0.463295
1.27301,0.336413
1.28281,0.0388474
1.27052,-0.0556673
1.25426,-0.0905761
1.29564,0.130985
1.19081,0.19796
1.23483,0.210772
1.26989,0.0556236
1.25884,0.234517
1.28597,-0.0148698
1.28822,-0.140655
1.185,0.448081
1.31575,-0.134165
1.22914,0.148579
1.25376,0.155021
1.24741,0.269029
1.31918,-0.225133
1.26516,0.237385
1.21754,0.258664
1.28954,0.0175616
1.25706,0.318146
1.29047,-0.258022
1.29785,-0.114602
1.23327,0.339922
1.29171,-0.0508473
1.2127,0.413337
1.24085,0.0304604
1.2827,0.295699
1.26451,0.109113
1.19108,0.328955
1.26246,0.0790716
1.25891,-0.0597073
1.32577,-0.135947
1.2619,0.19138
1.25585,0.20695
1.35933,-0.71603
1.29201,-0.279571
1.15787,0.898304
1.12301,1.08394
1.21091,0.326009
1.30456,0.068604
1.22582,0.421977
1.28496,-0.164523
1.31353,-0.317235
1.24901,0.0615455
1.30686,0.167333
1.30182,0.246156
1.35627,-0.336019
1.33854,-0.309655
1.22214,0.0516673
1.29198,0.316202
1.24574,0.295599
1.30085,0.0222588
1.22325,0.269732
1.22185,0.108583
1.35394,-0.737959
1.20713,0.272371
1.26386,0.200118
1.27596,-0.096087
1.31439,-0.0399245
1.1871,0.259323
1.37348,-0.218506
1.3426,-0.747721
1.31267,-0.300527
1.2494,0.185363
1.33264,-0.233493
1.28175,0.0438947
1.27851,0.133334
1.27864,-0.182452
1.24824,0.202515
1.2413,-0.000939582
1.31462,0.243478
1.29518,-0.103347
1.25243,0.153473
1.26301,0.216234
1.3793,-0.499049
1.20891,0.644307
1.29795,-0.303125
1.38861,-0.553212
1.27404,0.0479281
1.19332,0.602076
1.23613,0.460094
1.21015,0.554525
1.18414,0.338234
1.32686,-0.00410669
1.24822,0.416056
1.32049,-0.33472
1.30556,0.305288
1.2202,0.73174
1.29334,-0.348303
1.29861,-0.0401569
1.32277,-0.327492
1.3216,-0.682568
1.20553,0.71508
1.25203,0.454819
1.39665,-0.682373
1.29496,-0.287527
1.32514,-0.288219
1.32714,-0.128944
1.26414,0.412484
1.27093,0.360767
1.31794,-0.263609
1.26236,0.0515871
1.34437,-0.268796
1.26124,0.180305
1.30124,0.0105687
1.24076,0.3543
1.28862,-0.0608651
1.29572,-0.312987
1.37635,-0.52131
1.30712,-0.00289971
1.31431,-0.177261
1.34187,0.0965126
1.1978,0.290372
1.36895,-0.389648
1.3533,-0.724384
1.2918,-0.20471
1.35927,-0.525703
1.30029,-0.0136759
1.23383,0.454907
1.3536,-0.442553
1.35666,-0.209462
1.24637,0.280754
1.31253,-0.135369
1.26629,0.117202
1.28651,-0.0728403
1.27091,-0.224179
1.28245,-0.220389
1.21665,0.506675
1.31576,-0.169968
1.25196,0.187773
1.19252,0.458605
1.22754,0.329399
1.30764,-0.00829263
1.29193,0.0993886
1.33354,-0.397821
1.27612,-0.321155
1.25494,0.160311
1.21711,0.457586
1.25235,0.363305
1.30936,-0.102558
1.33981,-0.372983
1.26548,0.0497312
1.23674,0.168079
1.2804,-0.00169063
1.29409,-0.361131
1.26024,0.249403
1.27727,0.0319645
1.29545,0.0861213
1.36163,-0.422282
1.3469,-0.592814
1.33021,-0.496076
1.29269,-0.0841758
1.34693,-0.261616
1.25746,0.585438
1.36999,-0.844494
1.35782,-0.784428
1.19361,0.499306
1.22997,0.352749
1.26281,0.0963764
1.38382,-0.839884
1.26252,0.333648
1.25803,-0.0160567
1.23506,0.646778
1.25102,0.0996928
1.30224,-0.0978423
1.20396,0.468102
1.25019,-0.0335617
1.2174,0.246021
1.25021,-0.401411
1.25801,-0.11734
1.29744,-0.070755
1.26699,-0.0449938
1.29154,0.338025
1.25604,0.082705
1.28451,0.194256
1.23895,0.331543
1.2299,0.369498
1.32835,-0.288493
1.32285,-0.090172
1.27244,0.0805676
1.26859,-0.0836294
1.29075,0.402482
1.20281,0.202579
1.25086,0.209143
1.32876,-0.501062
1.23478,0.184243
1.14816,0.947366
1.25338,0.409835
1.24179,0.515372
1.31148,-0.423054
1.20912,0.714638
1.25169,0.101267
