slope,intercept
1.33106,0.199397
1.3839,-0.425029
1.43032,-1.19687
1.38181,-0.608407
1.39004,-0.34928
1.37946,-0.247154
1.39614,-0.678536
1.40957,-0.951042
1.37429,-0.114635
1.38865,-0.712395
1.3887,-0.307203
1.38885,-0.731399
1.37828,-0.33161
1.42532,-1.47275
1.42532,-1.3416
1.37449,-0.0495391
1.35287,0.113462
1.40428,-1.01158
1.39123,-0.550374
1.38583,-0.579013
1.39828,-0.550044
1.36802,-0.784033
1.3122,0.485537
1.41171,-1.0359
1.43284,-1.32863
1.38955,-0.445511
1.33475,0.484949
1.42628,-1.19809
1.3703,-0.288119
1.40662,-0.648432
1.38512,-0.695199
1.36821,-0.434457
1.35571,-0.135813
1.36821,-0.502477
1.39905,-0.720783
1.41337,-1.04312
1.40206,-0.40235
1.35852,-0.186187
1.38035,-0.370875
1.38246,-0.454347
1.37267,-0.000561779
1.39059,-0.767113
1.38803,-0.360184
1.39837,-1.09168
1.40639,-0.858508
1.37188,-0.366673
1.376,-0.194617
1.38653,-0.734515
1.38414,-0.765809
1.36196,-0.423828
1.34885,0.0197616
1.38506,-0.420772
1.37592,-0.601369
1.37073,-0.229517
1.37609,-0.82944
1.40124,-0.881551
1.385,-0.654466
1.38983,-0.60409
1.38917,-0.726867
1.4157,-0.981885
1.40157,-0.947752
1.4164,-0.959865
1.40015,-0.812893
1.42463,-0.890459
1.40398,-1.0805
1.38001,-0.722715
1.36871,-0.523393
1.41096,-0.632073
1.40835,-0.880298
1.39033,-0.844749
1.40636,-1.00677
1.32496,0.531572
1.34461,-0.0228464
1.3999,-1.00875
1.39726,-0.877429
1.40703,-0.848915
1.34078,-0.181408
1.39803,-0.773744
1.3609,-0.463499
1.40501,-1.03051
1.36171,-0.432493
1.38813,-0.540573
1.41705,-1.11737
1.42514,-1.03812
1.3688,-0.387946
1.40999,-0.691175
1.40877,-0.819693
1.40108,-1.10488
1.38909,-0.728042
1.39244,-0.540594
1.42253,-0.978622
1.41416,-0.553839
1.39395,-1.22598
1.4151,-0.928851
1.38427,-0.966404
1.37927,-0.675933
1.36862,-0.245088
1.35978,-0.209822
1.37208,-0.41183
1.35706,0.00364656
1.40634,-0.586328
1.3143,0.589678
1.38467,-0.430692
1.39975,-0.958707
1.36096,-0.156945
1.40432,-0.652256
1.38868,-0.612294
1.39,-0.823921
1.37146,0.0943767
1.38727,-0.540397
1.37288,-0.139543
1.34119,-0.0592912
1.40058,-0.492232
1.35212,0.0663429
1.36754,-0.510544
1.41982,-1.24787
1.4164,-0.899603
1.33307,-0.0295679
1.38578,-0.737571
1.40571,-0.946772
1.38532,-0.8109
1.37439,-0.716657
1.3855,-0.600897
1.40855,-0.811216
1.38625,-0.732127
1.39791,-0.886781
1.41664,-0.897474
1.40348,-1.25406
1.38111,-0.84543
1.37523,-0.365073
1.43036,-1.50873
1.39058,-0.615989
1.36391,-0.550799
1.34314,-0.163064
1.43189,-1.15117
1.39847,-0.951867
1.3802,-0.491265
1.36768,-0.544575
1.39291,-0.285741
1.37,-0.292289
1.38976,-0.559447
1.40581,-0.814937
1.33735,-0.00353818
1.41456,-1.07402
1.33022,-0.198646
1.41524,-0.796396
1.3844,-0.543686
1.39258,-0.705581
1.3527,-0.114775
1.3912,-0.742798
1.39433,-0.864714
1.43655,-1.46239
1.38072,-0.511213
1.35327,-0.194031
1.41465,-0.681095
1.37396,-0.344871
1.384,-0.579103
1.38705,-0.985774
1.40849,-0.816996
1.37184,-0.561473
1.39804,-0.777886
1.33362,-0.132538
1.35344,-0.458705
1.3477,-0.055101
1.36847,-0.79968
1.38557,-0.712652
1.37515,-0.404629
1.41686,-1.18803
1.36649,-0.46
1.35757,-0.30499
1.37206,-0.580898
1.41862,-1.03891
1.41933,-1.24472
1.36836,-0.722226
1.36258,-0.228077
1.40395,-0.727223
1.39064,-0.356797
1.37719,-0.483819
1.36971,-0.243426
1.37983,-0.48803
1.37593,-0.439766
1.38385,-0.749182
1.36988,-0.895419
1.36464,-0.180669
1.37971,-0.404851
1.41559,-0.992462
1.40169,-0.884509
1.35424,-0.122991
1.37497,-0.502761
1.34129,0.187114
1.34369,-0.0076432
1.42037,-0.744493
1.37127,-0.54084
1.37534,-0.437123
1.4049,-0.559244
1.36233,-0.280687
1.38651,-0.456312
1.36934,-0.818725
1.37823,-0.447668
1.41375,-1.12224
1.38975,-0.412502
1.39024,-0.705331
1.34849,0.00862766
1.41315,-1.00864
1.39309,-0.9743
1.39144,-0.670691
1.37383,-0.402673
1.37419,-0.502708
1.4265,-0.967055
1.36811,-0.489141
1.38944,-0.707342
1.39072,-0.652895
1.40586,-1.12092
1.40116,-0.794695
1.38653,-0.635849
1.38031,-0.474038
1.42258,-1.49361
1.37308,-0.816904
1.41961,-1.1901
1.36546,-0.545062
1.39656,-0.718142
1.34124,0.00490324
1.32621,-0.0041819
1.37793,-0.499265
1.34893,0.248066
1.38717,-0.545403
1.37372,-0.565245
1.41452,-1.00319
1.38447,-0.715531
1.35897,-0.495082
1.34784,-0.0142841
1.40535,-1.06762
1.37567,-0.505545
1.38295,-0.561642
1.33335,0.474975
1.37377,-0.462956
1.36497,-0.412057
1.36967,-0.415487
1.40553,-0.585378
1.38691,-0.480662
1.38927,-0.590636
1.4218,-1.116
1.34564,-0.382658
1.39417,-0.696103
1.38898,-0.584438
1.40435,-0.562525
1.35972,-0.635774
1.34722,-0.252393
1.41686,-1.10506
1.4026,-1.0386
1.35293,-0.0708026
1.3924,-0.713447
1.38801,-0.279085
1.3908,-0.718978
1.36838,-0.107143
1.34265,-0.324182
1.38604,-0.338634
1.37291,-0.19016
1.41845,-1.35175
1.39054,-0.464077
1.42019,-0.748427
1.35547,0.0947322
1.38564,-0.98216
1.39612,-0.708455
1.37721,-0.289658
1.36942,-0.548479
1.39889,-1.012
1.40422,-0.688557
1.37388,-0.706939
1.37515,-0.250696
1.37956,-0.108499
1.36476,-0.324357
1.41558,-1.06319
1.42439,-0.803623
1.38415,-0.709665
1.35564,-0.198356
1.37621,-0.403602
1.4163,-1.21201
1.37206,-0.726283
1.38037,-0.519073
1.41591,-0.981267
1.38943,-0.516698
1.38451,-0.642265
1.38437,-0.645808
1.39112,-0.534826
1.39989,-0.538689
1.38409,-0.583011
1.36948,-0.480868
1.37318,-0.232032
1.36119,-0.570677
1.36859,-0.00176278
1.39338,-0.417469
1.39521,-0.672518
1.40023,-0.650324
1.35629,-0.310047
1.40217,-0.962174
1.37581,-0.17809
1.34972,-0.0982112
1.37107,-0.0752809
1.38264,-0.285146
1.37239,-0.268558
1.36991,-0.253858
1.39635,-0.557087
1.41975,-0.871929
1.38597,-1.0858
1.4328,-1.44362
1.36898,-0.10836
1.40997,-0.86714
1.37085,-0.543067
1.35679,-0.701026
1.36468,-0.155456
1.40801,-0.737979
1.40792,-0.684527
1.38174,-0.699504
1.38156,-0.534653
1.33748,0.298675
1.36174,-0.315529
1.37554,-0.463137
1.37391,-0.319569
1.33034,0.466302
1.33238,0.122929
1.38783,-0.331046
1.36972,-0.489256
1.40818,-1.14141
1.35552,-0.228733
1.41329,-1.19138
1.36504,-0.0766919
1.39968,-1.2747
1.38536,-0.709135
1.41809,-0.828789
1.41529,-1.12774
1.3852,-0.552797
1.38362,-0.653866
1.37142,-0.393285
1.38555,-0.70431
1.37774,-0.848729
1.38041,-0.734748
1.35724,-0.165835
1.39533,-0.850469
1.40311,-0.970344
1.37872,-0.496482
1.36818,-0.417312
1.39213,-0.736862
1.37083,-0.422388
1.38754,-0.592424
1.36395,-0.338135
1.41613,-1.18209
1.34573,0.313622
1.37462,-0.305519
1.33708,-0.0929743
1.37929,-0.758991
1.38447,-0.432859
1.36985,-0.369316
1.39701,-0.837446
1.42984,-1.42307
1.38515,-0.677062
1.37914,-0.153378
1.39062,-0.755403
1.40944,-1.10046
1.38501,-0.639681
1.34035,-0.216197
1.36722,-0.281568
1.36138,-0.0846794
1.40853,-1.16771
1.40822,-0.792985
1.39342,-0.844152
1.42076,-1.18249
1.37428,-0.648653
1.40847,-0.892436
1.36421,-0.486012
1.40336,-0.800049
1.37752,-0.267803
1.37041,-0.0411012
1.38174,-0.991194
1.36496,-0.410401
1.3564,0.178063
1.41418,-0.667267
1.42041,-1.06791
1.38873,-0.843233
1.42714,-0.981155
1.38358,-0.35875
1.3927,-0.502429
1.37814,-0.669937
1.37098,-0.299096
1.37601,-0.488511
1.38744,-0.458419
1.42862,-0.864546
1.38066,-0.402077
1.3481,-0.0974595
1.42367,-1.23339
1.40853,-1.52087
1.39947,-0.476969
1.38441,-0.478535
1.31728,0.169536
1.37967,-0.190138
1.38266,-0.224304
1.35072,-0.29147
1.38492,-0.801891
1.37324,-0.569297
1.44086,-1.5757
1.38705,-0.660438
1.43839,-1.14972
1.38225,-0.555
1.408,-0.867079
1.36256,-0.697133
1.39884,-0.799962
1.39087,-0.569664
1.38396,-0.336323
1.3789,-0.60427
1.33774,0.0481139
1.34778,-0.40706
1.33741,0.286591
1.37096,-0.164121
1.3752,-0.181151
1.41556,-1.14046
1.35015,-0.0501997
1.35751,-0.260068
1.35332,-0.28874
1.36591,-0.494558
1.37388,-0.504831
1.3939,-0.745053
1.35699,-0.438468
1.37755,-0.593403
1.35885,-0.152399
1.34655,-0.238267
1.39068,-0.443098
1.38634,-0.728137
1.38832,-0.756889
1.37188,0.00436937
1.44699,-1.75331
1.40349,-0.800762
1.38754,-0.821434
1.43767,-1.18981
1.36158,0.118517
1.42775,-1.50473
1.37461,-0.0355
1.37681,-0.348103
1.40409,-0.826916
1.36518,-0.274886
1.36954,-0.628811
1.41395,-0.860595
1.36953,-0.304701
1.39113,-0.560341
1.38763,-0.418835
1.38475,-0.446415
1.35138,0.00926485
1.40088,-0.985495
1.39949,-0.437566
1.35853,-0.0830612
1.38665,-0.922629
1.36968,-0.422163
1.37737,-0.518704
1.34478,0.0899003
1.39861,-0.518907
1.38654,-0.616587
1.40542,-0.86429
1.40229,-0.799125
1.38383,-0.67862
1.36718,-0.392572
1.41486,-1.01824
1.3844,-0.670464
1.37107,-0.349743
1.34556,0.198082
1.3884,-0.579424
1.38177,-0.597254
1.3969,-0.756356
1.3639,-0.136097
1.4249,-1.56009
1.3597,-0.363306
1.32889,0.55822
1.39272,-0.751155
1.40183,-0.665737
1.37931,-0.592158
1.40159,-0.745265
1.36544,-0.253749
1.34372,0.133075
1.37009,-0.73357
1.40971,-1.06134
1.37806,-0.447639
1.36977,-0.301251
1.41235,-0.823956
1.38579,-0.870726
1.32767,0.451037
1.41161,-0.675239
1.37935,-0.402705
1.40766,-1.25146
1.40287,-0.966825
1.40216,-0.4758
1.37535,-0.612006
1.37051,-0.179686
1.35824,-0.0839973
1.37413,-0.531095
1.41074,-0.984599
1.37043,-0.212807
1.38758,-0.727955
1.3982,-0.727553
1.36189,-0.0305326
1.38755,-0.847782
1.33386,0.306033
1.40312,-0.854912
1.38554,-0.634155
1.36016,-0.196422
1.39014,-0.28854
1.39988,-0.656813
1.36563,-0.12114
1.38158,-0.582873
1.37312,-0.727121
1.37881,-0.747839
1.33928,0.225713
1.41896,-0.942368
1.38845,-0.648038
1.31304,0.665502
1.39473,-0.51263
1.3926,-0.736203
1.38482,-0.599024
1.39138,-0.865862
1.36387,-0.0421608
1.39188,-0.517096
1.35658,0.212331
1.34036,0.141827
1.33757,0.371938
1.40272,-1.26487
1.37322,-0.170548
1.37654,-0.463568
1.38044,-0.34075
1.41083,-1.10757
1.37144,-0.17708
1.37208,-0.83739
1.38003,-0.449035
1.33981,-0.0197041
1.40551,-0.925539
1.41804,-0.961655
1.40116,-0.600669
1.37249,-0.625028
1.31445,0.220648
1.43436,-1.18216
1.40407,-1.09917
1.33818,-0.00210454
1.35546,-0.367362
1.37895,-0.784217
1.41075,-0.906662
1.36722,-0.324322
1.35868,-0.0904682
1.37887,-0.192894
1.3629,-0.27964
1.37757,-0.159233
1.41297,-1.25324
1.37688,-0.386747
1.43543,-1.36644
1.34808,-0.187913
1.37593,-0.766752
1.34423,0.144002
1.38044,-0.441793
1.36216,-0.51222
1.37455,-0.192836
1.38327,-0.787025
1.37226,-0.287394
1.4036,-0.766358
1.40393,-0.728725
1.3879,-0.858091
1.40413,-0.811479
1.40061,-0.982312
1.40671,-1.03289
1.40856,-0.996079
1.38933,-0.513851
1.39823,-0.480486
1.41133,-0.575972
1.3793,-0.819387
1.4261,-1.2058
1.34687,-0.0708916
1.35096,-0.0844943
1.37253,-0.47872
1.3922,-0.768202
1.37894,-0.579393
1.37553,-0.517193
1.40701,-0.894284
1.41424,-1.00841
1.39449,-0.610951
1.37115,-0.548933
1.37816,-0.382325
1.39177,-0.560817
1.37467,-1.03518
1.38851,-0.652158
1.38083,-0.649864
1.39867,-0.898671
1.39281,-0.820853
1.37099,-0.535712
1.3731,-0.075496
1.36467,-0.0113966
1.34712,-0.02618
1.35445,0.0911287
1.4005,-0.769571
1.35292,0.0120212
1.40062,-0.534202
1.40031,-0.737183
1.35036,-0.032222
1.37506,-0.399619
1.39663,-0.434293
1.40116,-0.882217
1.38979,-0.666176
1.37389,-0.359984
1.40984,-0.788715
1.37834,-0.333545
1.39869,-1.0539
1.40278,-0.640292
1.38074,-0.34264
1.36228,-0.390451
1.40716,-0.706885
1.36656,-0.282255
1.36691,-0.576954
1.38685,-0.656549
1.38026,-0.604152
1.31333,0.307468
1.37821,-0.278945
1.43024,-1.29278
1.36648,-0.253035
1.39457,-0.791017
1.35017,-0.205371
1.39861,-0.599808
1.39947,-0.692523
1.35642,-0.472547
1.43858,-0.992315
1.40847,-1.0377
1.36869,-0.49718
1.39264,-0.769739
1.40931,-0.842999
1.37352,-0.647325
1.40711,-1.29497
1.37102,-0.52991
1.41943,-1.171
1.37656,-0.626065
1.35848,-0.0374963
1.40295,-0.741756
1.40515,-0.731099
1.40095,-0.988795
1.39711,-0.585285
1.39279,-0.668414
1.37348,-0.636484
1.40346,-0.845193
1.39692,-0.629581
1.3956,-0.511496
1.36651,-0.621565
1.39121,-1.17526
1.37827,-0.479043
1.36194,0.000513009
1.41295,-1.35025
1.40601,-1.04767
1.35977,-0.480102
1.349,0.0235939
1.34234,0.0371299
1.3838,-0.729212
1.34633,0.0568537
1.37946,-0.464211
1.36455,-0.496658
1.41623,-1.18077
1.42188,-1.30308
1.393,-0.789285
1.37835,-0.27298
1.38592,-0.787408
1.38236,-0.537778
1.35549,-0.174574
1.36743,-0.458026
1.36108,-0.328336
1.39213,-0.506567
1.35398,0.0266992
1.39072,-0.468062
1.40397,-0.96694
1.35597,-0.0967867
1.37816,-0.188357
1.36299,-0.507596
1.42213,-1.06065
1.35853,-0.339131
1.41571,-1.33439
1.38935,-0.671113
1.40434,-0.872103
1.40734,-1.05985
1.38216,-0.571176
1.38081,-0.126593
1.40461,-0.740772
1.38449,-0.615432
1.38182,-0.555359
1.40339,-1.03374
1.38264,-0.599772
1.37466,-0.336475
1.39737,-0.699015
1.3772,-0.292324
1.37637,-0.588984
1.34963,-0.09374
1.34276,-0.00289029
1.43248,-1.30183
1.38508,-0.538111
1.3673,-0.342356
1.38908,-0.675857
1.34152,0.204043
1.40554,-1.13561
1.39687,-0.574755
1.42468,-1.1142
1.37583,-0.42392
1.38759,-0.547787
1.42339,-1.27655
1.41842,-1.06788
1.38919,-0.406909
1.41935,-1.19867
1.37308,-0.530184
1.38511,-0.51512
1.39454,-0.792283
1.34768,-0.0185845
1.403,-0.588645
1.37036,-0.341444
1.43222,-1.39085
1.38598,-0.675959
1.37962,-0.227832
1.35054,0.0569978
1.40649,-1.20047
1.40926,-1.18354
1.3795,-0.188804
1.37311,-0.497503
1.40015,-1.02874
1.36866,-0.214468
1.39206,-0.585216
1.43453,-1.3843
1.41666,-0.920604
1.37126,-0.0950805
1.37136,-0.592406
1.39391,-0.697593
1.35678,-0.301718
1.41377,-0.954436
1.3656,-0.587793
1.39311,-0.686231
1.36229,-0.283023
1.38701,-0.540184
1.43885,-1.21789
1.41291,-1.12373
1.3664,-0.383997
1.35966,0.0491165
1.38253,-0.87429
1.41108,-1.30651
1.38005,-0.651585
1.39702,-0.646908
1.36864,-0.428149
1.40262,-1.07415
1.38964,-0.6887
1.35003,-0.223725
1.38166,-0.695247
1.41309,-0.576226
1.39641,-0.92529
1.35523,-0.166693
1.41676,-0.744648
1.406,-0.843988
1.38843,-0.572506
1.39871,-0.436679
1.38812,-0.549044
1.37434,-0.532149
1.40098,-0.742831
1.39783,-0.73538
1.36276,-0.276966
1.40008,-0.790612
1.42743,-1.34318
1.38963,-0.707171
1.37862,-0.379871
1.40735,-1.00473
1.39922,-0.634312
1.3821,-0.682319
1.37697,-0.356511
1.4101,-1.18163
1.37688,-0.574147
1.40365,-0.783559
1.40275,-0.833145
1.36503,-0.27475
1.42357,-1.08297
1.36545,-0.589631
1.36027,-0.336373
1.37722,-0.77703
1.36,-0.220335
1.39242,-0.670683
1.41663,-1.09834
1.40448,-0.772897
1.39645,-0.656719
1.38223,-0.487149
1.38882,-0.631425
1.38208,-0.199576
1.39586,-0.747955
1.33836,0.115023
1.42601,-0.9484
1.34016,0.117028
1.32513,0.0984702
1.39829,-0.984215
1.39679,-0.687497
1.4063,-0.893555
1.37696,-0.0265021
1.41463,-1.22548
1.37436,-0.350287
1.39782,-0.679288
1.40735,-0.889365
1.42687,-0.915792
1.3745,-0.294749
1.36375,-0.456322
1.3767,-0.595574
1.38667,-0.50715
1.38509,-0.590014
1.41617,-1.2041
1.33648,0.120412
1.37668,-0.575296
1.42293,-1.26908
1.39194,-0.728758
1.37668,-0.311193
1.40086,-0.874529
1.40445,-1.02563
1.37111,-0.395394
1.34929,-0.301864
1.39665,-0.621336
1.40253,-0.803815
1.38432,-0.698059
1.36106,0.0343028
1.36304,-0.230793
1.37933,-0.768267
1.36594,-0.500811
1.33955,0.229105
1.41117,-1.40418
1.37251,-0.309448
1.39894,-0.926043
1.39117,-0.517659
1.36958,-0.283815
1.37497,-0.474288
1.35715,0.0604504
1.41904,-0.959642
1.37111,-0.330358
1.39631,-1.10045
1.37689,-0.63681
1.4032,-0.863445
1.38633,-0.57643
1.36608,-0.306083
1.38364,-0.587196
1.38608,-0.741321
1.35359,0.11433
1.43833,-1.41676
1.41204,-1.0085
1.3609,-0.258029
1.40901,-0.820774
1.39138,-0.719204
1.3767,-0.666401
1.36753,-0.207006
1.46483,-1.75845
1.37616,-0.395727
1.35866,-0.368064
1.32784,-0.0383749
1.33352,0.118958
1.36696,-0.44414
1.39047,-0.498184
1.37243,-0.659243
1.38263,-0.711013
1.39977,-0.700082
1.38123,-0.725708
1.4083,-1.02867
1.43287,-0.918853
1.36639,-0.110962
1.3928,-0.593098
1.38125,-0.294989
1.41394,-0.877135
1.39217,-0.595722
1.41145,-0.725184
1.37027,-0.187239
1.4348,-1.04741
1.39701,-1.02702
1.35288,-0.212018
1.39771,-0.833636
1.39856,-0.660781
1.33912,-0.0833247
1.37603,-0.202486
1.34772,-0.0322388
1.40752,-1.11337
1.36005,0.114703
1.36556,-0.633057
1.38453,-0.803362
1.41387,-1.28035
1.38831,-1.01263
1.3876,-0.521947
1.38979,-1.03063
1.39141,-0.717954
1.38515,-0.428825
1.3879,-0.653825
1.38622,-0.632768
1.3739,-0.370078
1.34988,-0.233714
1.38555,-0.376934
1.36635,-0.400664
1.3705,-0.307836
1.36911,-0.260551
1.36876,-0.486964
1.37789,-0.294255
1.36286,-0.247238
1.39895,-0.918913
1.3827,-0.806533
1.40255,-0.939566
1.36604,-0.17181
1.40925,-0.687701
1.38336,-0.814722
1.42162,-0.955633
1.33159,0.212251
1.36473,-0.54187
1.40783,-0.972307
1.34298,0.143209
1.32853,0.212227
1.37706,-0.708558
1.40437,-1.11534
1.38374,-0.709936
1.38728,-0.846548
1.40899,-1.00336
1.38113,-0.494666
1.36874,-0.385481
1.39293,-1.13009
1.37939,-0.4392
1.36546,-0.193968
1.39182,-0.433887
1.37898,-0.312665
1.3555,-0.244021
1.37413,-0.521601
1.35754,-0.194567
1.37391,-0.180325
1.37287,-0.570527
1.40473,-0.847229
1.40887,-1.04175
1.40158,-1.34067
1.38879,-0.845503
1.41364,-1.01679
1.40823,-1.21911
1.38537,-0.392128
1.38054,-0.433935
1.38229,-0.656299
1.37268,-0.0762387
1.42382,-0.720754
1.32899,0.203675
1.35951,-0.260839
1.37404,-0.794928
1.4032,-1.00229
1.40795,-1.08997
1.3865,-0.34814
1.39739,-0.667569
1.42039,-0.90899
1.39246,-0.593692
1.38698,-0.489278
1.31016,0.0913761
1.3835,-0.967401
1.39186,-0.772871
1.37064,-0.050725
1.37232,-0.547342
1.36329,-0.674942
1.41211,-1.04016
1.3675,0.0331787
1.38983,-0.90667
1.41415,-1.21644
1.40183,-1.19487
1.39177,-0.9172
1.36986,-0.154659
1.36593,-0.297096
1.38272,-0.869054
1.3727,-0.609935
1.41525,-1.20961
1.37426,-0.179649
1.39184,-0.679249
1.38652,-0.480689
1.44429,-1.44549
1.41385,-1.06824
1.39307,-1.00768
1.40217,-0.694525
1.33948,0.384661
1.37168,-0.181484
1.39596,-0.605948
1.37074,-0.838443
1.33551,0.396621
1.4269,-1.24969
1.3931,-0.492999
1.40835,-1.07104
1.36995,-0.677742
1.41569,-1.05341
1.35912,-0.326719
1.37252,-0.358161
1.40349,-0.809395
1.36672,-0.195904
1.39663,-0.845626
1.38568,-0.737416
1.4014,-0.666182
1.37949,-0.728842
1.39224,-0.4713
1.34552,-0.00476795
1.39673,-0.856299
1.42601,-1.12117
1.3709,-0.0379652
1.38009,-0.721148
1.37373,-0.638939
1.38861,-0.828785
1.34763,-0.0201451
1.39624,-0.968656
1.42417,-1.25588
1.41264,-1.12294
1.35113,0.448626
1.34977,-0.368865
1.3862,-0.753124
1.37944,-0.484491
1.43342,-1.4213
1.38949,-0.599275
1.38579,-0.300413
1.39978,-0.753249
1.38089,-0.695724
1.32762,0.231807
1.38158,-0.264842
1.39691,-0.799032
1.42972,-1.2442
1.40711,-1.0133
1.37638,-0.423572
1.3792,-0.49239
1.37771,-0.788981
1.44376,-1.43424
1.34705,0.1785
1.35446,-0.206629
1.38629,-0.721815
1.41228,-1.22275
1.37283,-0.414974
1.38714,-0.532176
1.37466,-0.920589
1.40751,-0.764432
1.39391,-0.525496
1.37109,-0.224075
1.35332,-0.339607
1.38791,-0.701573
1.44112,-1.49617
1.34901,-0.131228
1.39242,-0.67327
1.39392,-0.682932
1.34923,-0.242833
1.40216,-0.973381
1.38149,-0.492436
1.35515,-0.170295
1.3755,-0.453952
1.37044,-0.353514
1.37359,-0.714859
1.3722,-0.324979
1.37869,-0.312234
1.37202,-0.784588
1.39077,-0.70546
1.36419,-0.413389
1.37385,-0.176026
1.39625,-0.756746
1.36053,-0.204138
1.34578,-0.436418
1.40086,-0.929151
1.37307,-0.330633
1.38575,-0.46132
1.3755,-0.433993
1.39389,-0.479842
1.39493,-0.728142
1.3786,-0.0803517
1.41723,-1.01854
1.39315,-0.439669
1.33384,0.0194657
1.43084,-1.19425
1.38175,-0.925693
1.35078,-0.282332
1.3781,-1.12971
1.39538,-0.575994
1.34609,-0.23125
1.38333,-0.683753
1.37009,-0.430539
1.36614,-0.15934
1.40614,-0.451175
1.37262,-0.395323
1.41373,-1.24857
1.40029,-0.626938
1.37533,-0.301046
1.37445,-0.318633
1.37096,-0.848371
1.40895,-1.01784
1.36415,-0.0906996
1.34378,0.169781
1.35376,0.307185
1.41725,-1.25798
1.39874,-0.911086
1.36585,-0.588844
1.39026,-0.541093
1.38132,-0.558049
1.36137,-0.491349
1.37042,-0.503184
1.40268,-0.689593
1.38984,-0.856476
1.34758,0.0624149
1.40203,-0.848736
1.38223,-0.423581
1.41374,-0.687693
1.39307,-0.893594
1.3769,-0.770467
1.396,-0.776674
1.4005,-0.780535
1.37914,-0.62586
1.36146,-0.385019
1.37133,-0.0853418
1.36116,0.208516
1.41596,-1.03612
1.42721,-0.959499
1.3932,-0.738743
1.40549,-0.669552
1.3704,-0.452147
1.37955,-0.324093
1.41436,-0.819945
1.39718,-0.597252
1.3815,-0.526246
1.39079,-0.644232
1.41325,-0.966323
1.35705,-0.291142
1.33412,0.302455
1.40006,-0.791926
1.37607,-0.668342
1.3925,-0.689654
1.38028,-0.69053
1.358,-0.165079
1.36981,-0.308117
1.40588,-0.825544
1.36975,-0.44629
1.38439,-0.511185
1.39278,-0.820982
1.38027,-0.71222
1.36131,-0.266283
1.38412,-0.610804
1.34819,0.0792238
1.44094,-1.476
1.38161,-0.174204
1.36872,-0.326008
1.34682,0.197592
1.38879,-1.00982
1.37099,-0.374052
1.35326,-0.0534753
1.39248,-0.918488
1.43446,-1.13451
1.41398,-1.05087
1.3743,-0.329695
1.37395,-0.218815
1.33697,0.259674
1.42339,-1.37414
1.41837,-1.20764
1.36396,-0.334858
1.38489,-0.481155
1.34502,-0.134755
1.38915,-0.534729
1.41846,-0.887039
1.40806,-0.826908
1.3766,-0.453726
1.31626,0.261302
1.41634,-0.882128
1.35051,-0.326951
1.40899,-1.17725
1.36058,-0.401604
1.34304,0.0158785
1.38088,-0.720371
1.37502,-0.465252
1.39557,-0.967364
1.38574,-0.624302
1.41537,-1.02999
1.39803,-0.577681
1.40435,-0.522276
1.38736,-0.50749
1.38707,-0.429277
1.42651,-1.17385
1.3937,-0.653053
1.35719,-0.384102
1.34569,-0.152708
1.40482,-0.652625
1.39464,-0.877975
1.38564,-0.905301
1.41456,-1.21923
1.41505,-0.77958
1.39456,-0.836567
1.35106,0.175904
1.3694,-0.486773
1.40021,-0.835175
1.37654,-0.446682
1.34834,-0.101832
1.37435,-0.438565
1.37033,-0.478693
1.38005,-0.916869
1.37267,-0.310728
1.4273,-1.32015
1.3527,-0.0536541
1.3731,-0.584926
1.36197,-0.45763
1.42084,-1.54002
1.38123,-0.711851
1.37419,-0.0853673
1.38749,-0.767438
1.37762,-0.396923
1.38585,-0.359562
1.42264,-1.30703
1.38955,-0.61439
1.38197,-0.524523
1.39131,-0.615045
1.38336,-0.302066
1.37122,-0.0143614
1.38795,-0.658434
1.38978,-0.811746
1.42745,-0.888066
1.38565,-0.464762
1.39301,-0.879921
1.38025,-0.197074
1.40756,-0.906234
1.41333,-1.48169
1.39666,-0.737513
1.3658,-0.573774
1.41822,-1.01457
1.40617,-0.572131
1.33353,0.281624
1.41552,-1.14772
1.39047,-0.777777
1.40978,-0.765173
1.37254,-0.306451
1.41898,-1.2663
1.39547,-0.905998
1.3879,-0.36684
1.39336,-0.982772
1.37966,-0.243341
1.37583,-0.489873
1.41895,-1.04848
1.39248,-0.745678
1.40762,-1.16555
1.40436,-0.651328
1.38286,-0.627259
1.38917,-0.437566
1.37923,-0.581831
1.36529,-0.152151
1.37671,-0.515551
1.3966,-0.843856
1.39785,-0.49524
1.40074,-1.05312
1.37755,-0.313104
1.39457,-0.671726
1.39733,-0.681684
1.41848,-1.30897
1.40118,-0.860004
1.38869,-0.625979
1.40296,-0.790318
1.41344,-1.15185
1.36804,-0.013906
1.4291,-1.57847
1.40041,-1.06361
1.36105,-0.307886
1.36844,-0.563913
1.42752,-1.02797
1.41785,-0.936568
1.36436,-0.0118338
1.36058,-0.310524
1.40926,-0.979082
1.38357,-0.627416
1.36296,-0.471772
1.36449,-0.0473358
1.35844,-0.00955023
1.3973,-0.734463
1.44883,-1.38718
1.43134,-1.1675
1.42081,-1.05294
1.35047,-0.122781
1.35292,-0.105207
1.34485,-0.156324
1.34618,-0.0960591
1.35898,-0.444943
1.42933,-1.33003
1.36182,-0.119396
1.36909,-0.177155
1.35358,-0.17309
1.37906,-0.65925
1.43413,-1.46329
1.40172,-0.685541
1.38754,-0.955444
1.41453,-0.980035
1.38819,-0.766866
1.39778,-0.835297
1.36701,-0.207511
1.42009,-1.31252
1.39257,-0.641866
1.4181,-1.05561
1.39464,-0.662304
1.37133,-0.352527
1.41773,-1.01979
1.39591,-1.12747
1.31471,0.188534
1.34358,-0.0621271
1.39657,-0.497149
1.40445,-0.76566
1.41741,-0.870128
1.43199,-1.33873
1.40503,-0.765881
1.38963,-0.618494
1.37782,-0.276071
1.39928,-1.05299
1.3759,-0.472786
1.41219,-1.42158
1.41328,-0.943591
1.40005,-0.951569
1.40683,-0.973895
1.41082,-0.899643
1.38277,-0.766604
1.37711,-0.304627
1.35929,0.0342601
1.37218,-0.498607
1.36285,-0.157424
1.41537,-0.999485
1.36903,-0.368896
1.38486,-0.50889
1.41538,-1.25454
1.38509,-0.617117
1.37853,-0.525665
1.40111,-0.907068
1.3506,-0.0614342
1.39046,-0.91275
1.38336,-1.08124
1.38475,-0.334644
1.39765,-0.834958
1.35939,-0.152902
1.41299,-0.973224
1.38386,-0.384297
1.42568,-1.64108
1.3974,-0.776454
1.38559,-0.606395
1.41361,-0.986745
1.40686,-0.394239
1.38332,-0.717105
1.33431,-0.0243463
1.42691,-1.23303
1.40457,-0.490238
1.32607,0.294001
1.41018,-1.13877
1.32274,0.204083
1.38344,-0.455791
1.37222,-0.412868
1.37598,-0.290421
1.41276,-0.957488
1.34868,-0.154703
1.40564,-0.734945
1.39333,-0.873401
1.38716,-0.651417
1.42597,-1.17167
1.37827,-0.550902
1.37047,-0.237215
1.3476,0.316749
1.39605,-0.743893
1.34978,0.166371
1.42379,-1.16931
1.38099,-0.611241
1.34442,-0.00829575
1.38974,-0.802549
1.39889,-0.769215
1.38461,-0.537535
1.35104,0.102725
1.4201,-1.26421
1.40026,-0.879799
1.37994,-0.319093
1.3965,-0.539651
1.39175,-0.55908
1.36697,-0.191125
1.40337,-0.963403
1.40736,-0.891684
1.37691,-0.508546
1.41751,-0.988611
1.43298,-1.26681
1.40006,-0.841694
1.37676,-0.5816
1.39023,-0.447354
1.407,-1.14465
1.38239,-0.383043
1.37616,-0.156794
1.38257,-0.671926
1.36481,-0.619527
1.39991,-0.579949
1.38129,-0.78895
1.39603,-0.662488
1.39835,-0.871166
1.42741,-1.31407
1.35684,-0.407865
1.37473,-0.541687
1.42243,-1.48821
1.39576,-1.09611
1.3983,-0.606454
1.37402,-0.893261
1.41766,-1.05205
1.38048,-0.287851
1.39144,-0.655233
1.38062,-0.638481
1.36545,-0.0277487
1.37679,-0.448849
1.41102,-1.02322
1.40557,-0.845012
1.33165,-0.0681135
1.4034,-0.840804
1.35726,-0.228034
1.36849,-0.4322
1.4009,-0.613297
1.39657,-0.384255
1.38174,-0.675852
1.4393,-1.42131
1.36122,-0.261239
1.33013,-0.0488219
1.39321,-0.692348
1.4036,-0.801471
1.44303,-1.36332
1.33488,0.439517
1.36805,-0.259477
1.39915,-0.969955
1.35573,0.295015
1.40624,-1.0198
1.35354,-0.26535
1.36026,-0.301481
1.39738,-0.577225
1.34677,-0.208393
1.40714,-0.712305
1.37783,-0.416811
1.40707,-0.900604
1.38462,-0.845982
1.39752,-0.81465
1.3848,-0.636697
1.3826,-0.460608
1.3752,-0.651484
1.37856,-0.665922
1.36715,-0.300019
1.40261,-0.776073
1.4123,-0.985031
1.3598,-0.247256
1.37836,-0.904816
1.41839,-1.24316
1.3923,-0.61194
1.36423,-0.0740031
1.36356,-0.338065
1.40604,-0.717513
1.39674,-0.844338
1.39404,-0.869522
1.39324,-0.803679
1.40019,-1.30216
1.38472,-0.729892
1.34273,-0.12279
1.36893,-0.188771
1.39002,-0.394758
1.39728,-0.842478
1.38013,-0.677354
1.35699,-0.236647
1.3971,-0.743603
1.36829,-0.34917
1.36915,-0.434434
1.44911,-1.49118
1.34352,0.197638
1.37992,-0.463687
1.37998,-0.421891
1.34757,0.0245959
1.38988,-0.643237
1.38213,-0.44902
1.39729,-1.08412
1.38851,-0.617544
1.38159,-0.529282
1.37603,-0.894845
1.41427,-0.952692
1.38072,-0.505762
1.42008,-1.26265
1.45499,-1.69172
1.3817,-0.464348
1.36238,-0.287941
1.37974,-0.551632
1.42876,-1.05049
1.40515,-0.863907
1.34793,-0.0367938
1.38947,-0.73233
1.3819,-0.475825
1.38573,-0.851303
1.37042,-0.254239
1.38358,-0.576878
1.40522,-0.703589
1.37489,-0.604779
1.38299,-0.616761
1.37024,-0.19959
1.35584,0.0206244
1.38869,-0.414147
1.37299,-0.603415
1.42753,-1.05259
1.3998,-1.00499
1.35937,-0.480882
1.38128,-0.622136
1.44582,-1.34783
1.36152,-0.238101
1.3947,-0.715901
1.40049,-0.688986
1.42354,-1.56179
1.40498,-0.61802
1.41451,-1.23581
1.35529,-0.527782
1.36053,-0.744731
1.39312,-1.00437
1.37936,-0.499876
1.41576,-0.781228
1.40061,-1.12076
1.42492,-1.1722
1.35502,-0.275727
1.39418,-0.573806
1.41607,-1.08642
1.41071,-0.856428
1.38605,-0.611141
1.36461,-0.433782
1.38362,-0.700974
1.32775,-0.13862
1.3912,-0.645244
1.35947,-0.282359
1.42023,-0.97149
1.36521,-0.24845
1.38294,-0.580687
1.40655,-0.714327
1.36559,-0.262966
1.38069,-0.46101
1.37681,-0.645471
1.40591,-0.915496
1.39056,-0.705239
1.36584,-0.558664
1.35848,0.218425
1.38036,-0.441489
1.37967,-0.332574
1.3778,-0.587423
1.41137,-0.963902
1.39625,-0.883631
1.37629,-0.567713
1.34988,-0.23541
1.39876,-0.563304
1.40262,-0.454654
1.38544,-0.267761
1.39492,-0.537479
1.37597,-0.123256
1.41805,-0.711801
1.35865,-0.109923
1.35216,0.0590022
1.38513,-0.445247
1.39053,-0.64245
1.38769,-0.503546
1.36565,-0.212429
1.43573,-1.45092
1.36463,-0.495817
1.3756,-0.636751
1.3675,-0.501584
1.38912,-0.994241
1.35692,-0.19639
1.39708,-0.821553
1.37447,-0.285244
1.31989,0.307097
1.38373,-0.766108
1.42463,-0.736107
1.36805,-0.186814
1.3591,-0.0947191
1.39234,-0.443979
1.36527,-0.391935
1.40574,-1.05504
1.36855,-0.216519
1.38066,-0.229907
1.37039,-0.53913
1.37149,-0.490994
1.35342,-0.409977
1.36505,0.160357
1.4095,-0.880053
1.33993,0.0885056
1.3804,-0.67391
1.35817,-0.0767463
1.37271,0.109046
1.37899,-0.640014
1.38054,-0.552879
1.37368,-0.263623
1.36375,-0.328225
1.34068,-0.109574
1.3564,-0.107949
1.38393,-0.542879
1.35738,-0.322374
1.38985,-0.735743
1.39774,-1.09873
1.40639,-1.09785
1.38227,-0.843082
1.37814,-0.103819
1.39149,-0.890798
1.37402,-0.583712
1.4179,-1.43993
1.41666,-0.890339
1.38571,-0.661135
1.4018,-0.688431
1.39757,-0.724033
1.40075,-0.593895
1.36529,-0.308749
1.38779,-0.268936
1.3412,0.127196
1.39173,-0.904225
1.35992,-0.0771779
1.3926,-0.406239
1.41383,-0.938103
1.39671,-0.554467
1.36962,-0.255477
1.3799,-0.567635
1.37347,-0.531878
1.38037,-0.625041
1.37557,-0.562618
1.41483,-0.91994
1.36383,-0.584024
1.33873,-0.372293
1.39617,-0.588915
1.39056,-0.716759
1.41559,-0.724576
1.38189,-0.393933
1.37458,-0.427376
1.39751,-0.936017
1.36265,0.0369805
1.34632,0.185062
1.40167,-0.951583
1.36471,-0.399534
1.40236,-0.479794
1.38292,-0.247059
1.39596,-0.85092
1.36434,-0.0101851
1.39366,-0.683572
1.40352,-1.09185
1.42315,-1.06754
1.39529,-0.887634
1.35466,0.0253803
1.39884,-0.98464
1.38974,-0.567442
1.44401,-0.972338
1.37367,-0.439947
1.41532,-1.15042
1.4071,-1.11707
1.38235,-0.777634
1.37933,-0.439304
1.41724,-0.842811
1.35606,-0.387964
1.38655,-0.62283
1.37751,-0.478692
1.34181,0.0671519
1.3474,0.104387
1.35151,0.194365
1.37495,-0.499902
1.36719,-0.218917
1.40714,-1.25394
1.37162,-0.474113
1.41912,-0.913695
1.39074,-0.69318
1.36095,-0.0748518
1.36052,-0.175437
1.40821,-0.419031
1.37092,-0.292949
1.39521,-0.907512
1.40982,-0.808214
1.37536,-0.488413
1.42148,-1.09045
1.38302,-0.666355
1.41073,-1.06716
1.39154,-0.84198
1.40921,-1.14379
1.41538,-0.915466
1.4167,-0.877039
1.42675,-1.18617
1.39764,-0.685421
1.35891,0.0740629
1.36803,-0.444967
1.375,-0.253482
1.37563,-0.526285
1.3829,-0.703574
1.34207,0.0622221
1.38392,-0.442399
1.3208,0.034272
1.4317,-1.23491
1.40797,-0.809059
1.39203,-0.528964
1.32467,0.319008
1.38406,-0.453733
1.41077,-1.03448
1.34682,-0.228508
1.38379,-0.334935
1.38009,-0.707686
1.37674,-0.501592
1.39818,-0.654836
1.39515,-0.691942
1.35297,-0.275948
1.37572,-0.683848
1.36581,-0.385311
1.43075,-1.18469
1.40484,-0.804895
1.41962,-1.01092
1.41354,-0.830848
1.35529,-0.296976
1.36182,-0.069884
1.39414,-0.720482
1.38627,-0.794861
1.42524,-0.948713
1.40141,-0.801687
1.37656,-0.332284
1.40131,-0.385053
1.35052,0.0649207
1.34767,0.0760725
1.39102,-0.62396
1.37203,-0.266774
1.38198,-0.574691
1.36853,-0.429173
1.39906,-1.02668
1.38177,-0.2359
1.41295,-0.653839
1.40599,-1.25779
1.3973,-1.10569
1.39646,-0.88236
1.40289,-0.635085
1.36393,-0.331808
1.36211,-0.317224
1.41871,-1.12639
1.38778,-0.643699
1.38146,-0.381758
1.39232,-0.923157
1.33787,-0.011606
1.3529,-0.0785189
1.36132,-0.220881
1.37892,-0.695572
1.45606,-1.4688
1.38438,-0.884795
1.41658,-0.960585
1.39482,-0.964448
1.38198,-0.677304
1.38156,-0.508885
1.34891,-0.00492886
1.37755,-0.826444
1.38008,-0.727111
1.41217,-0.968831
1.39952,-0.968621
1.40545,-1.1047
1.37434,-0.130665
1.38562,-0.320633
1.38826,-0.733834
1.39162,-0.785914
1.41197,-1.22156
1.35206,-0.030484
1.40813,-0.939445
1.40955,-1.1242
1.38602,-0.63625
1.37773,-0.76483
1.38646,-0.849196
1.35909,-0.0184852
1.35023,-0.546063
1.37234,-0.605571
1.34659,0.0433983
1.40993,-1.018
1.36511,-0.228066
1.38448,-0.393827
1.40503,-1.21566
1.4142,-0.997886
1.39946,-1.11117
1.37792,-0.424248
1.40109,-1.10638
1.36493,-0.428775
1.39998,-1.11192
1.3945,-0.970681
1.37887,-0.293808
1.36642,-0.472614
1.41867,-1.24957
1.39236,-1.04603
1.36535,-0.418101
1.37789,-0.490041
1.41631,-0.871404
1.39376,-0.851244
1.34789,-0.0715252
1.3822,-0.694034
1.38102,-0.622777
1.43694,-1.57739
1.40241,-0.516824
1.39129,-0.989223
1.37834,-0.602998
1.35117,0.0814492
1.42387,-1.01055
1.33907,-0.131018
1.3775,-0.689956
1.38057,-0.774979
1.37753,-0.57075
1.36905,-0.240675
1.3986,-0.81364
1.38233,-0.583562
1.36587,-0.407784
1.36342,-0.528024
1.39649,-0.401911
1.40041,-0.83196
1.31545,0.454
1.4035,-0.719151
1.35049,-0.411429
1.38102,-0.5458
1.39917,-0.923782
1.37883,-0.684458
1.38414,-0.770386
1.36581,-0.499436
1.39083,-0.537149
1.36065,-0.194188
1.39211,-1.06091
1.37581,-0.188334
1.41765,-0.828128
1.36946,-0.800623
1.3551,-0.304184
1.36668,-0.409577
1.39504,-1.07036
1.40353,-0.91659
1.40207,-0.771736
1.39582,-0.329217
1.40348,-0.922618
1.39227,-0.377481
1.37226,-0.326441
1.39038,-0.763999
1.40016,-0.7699
1.43316,-1.37402
1.38597,-0.649901
1.36034,-0.138881
1.38546,-0.535644
1.37632,-0.454052
1.37921,-0.733961
1.39675,-0.958793
1.39156,-0.863871
1.37028,-0.37985
1.37777,-0.184541
1.37723,-0.31191
1.41662,-0.992775
1.37624,-0.363569
1.41458,-0.88055
1.38763,-0.891757
1.41767,-1.11643
1.39406,-0.710374
1.3233,0.468112
1.40837,-0.76852
1.36194,0.02203
1.40896,-0.821082
1.42079,-1.27468
1.35763,-0.170443
1.39299,-0.551615
1.38706,-0.788891
1.40788,-0.813648
1.35952,-0.231945
1.37424,-0.564576
1.39903,-1.53965
1.36267,-0.404854
1.38926,-0.491744
1.37045,-0.661512
1.39207,-0.954454
1.3792,-0.439625
1.38191,-0.613325
1.41167,-1.13383
1.36388,-0.326892
1.38156,-0.468664
1.37269,-0.144896
1.34524,-0.146407
1.31698,0.395541
1.37117,-0.31039
1.40777,-0.632951
1.38613,-0.809522
1.40074,-1.11256
1.39327,-0.705259
1.36144,-0.256002
1.38226,-0.783691
1.40274,-0.710329
1.36742,-0.452386
1.34858,0.0802662
1.39192,-0.645633
1.36876,-0.552222
1.33768,0.350807
1.3765,-0.416874
1.40077,-0.837009
1.35525,-0.118756
1.40721,-0.9376
1.3844,-0.751506
1.37286,-0.489157
1.38553,-0.45038
1.41519,-0.86847
1.40581,-1.09879
1.38421,-0.748779
1.35462,-0.131998
1.3696,-0.08395
1.37782,-0.655914
1.38024,-0.552231
1.42221,-1.27441
1.37975,-0.63926
1.34135,-0.0938234
1.40958,-0.933598
1.3393,-0.0139615
1.3962,-0.718657
1.41092,-1.17468
1.43074,-1.52605
1.4537,-1.6375
1.39148,-0.971936
1.39604,-0.718429
1.39664,-0.816878
1.4278,-1.32548
1.38106,-0.548666
1.37987,-0.0975512
1.39635,-0.677617
1.38973,-0.609948
1.40671,-1.21684
1.37329,-0.474927
1.39985,-0.832514
1.36406,-0.454407
1.38981,-0.865916
1.41201,-0.765326
1.34895,0.000587735
1.35172,0.0869659
1.40054,-0.965964
1.36689,-0.564349
1.34612,-0.0801804
1.35328,-0.179283
1.42638,-1.64405
1.39906,-0.668213
1.34943,-0.0591944
1.35831,0.0861233
1.3572,-0.422367
1.39037,-0.350996
1.35969,-0.342371
1.37643,-0.260027
1.36135,-0.167774
1.44276,-1.39805
1.38466,-0.921512
1.40439,-0.947105
1.38142,-0.351375
1.41807,-1.10313
1.37202,0.0138734
1.41331,-1.41095
1.39292,-0.602387
1.45037,-1.47542
1.40276,-0.987132
1.3442,-0.0445868
1.3899,-0.35873
1.35908,-0.149192
1.40343,-0.752056
1.35058,-0.3532
1.40423,-0.881607
1.39671,-0.952264
1.4037,-1.03835
1.39745,-0.720346
1.40307,-0.693926
1.40699,-0.856035
1.36378,-0.107721
1.40424,-0.731447
1.38566,-0.527189
1.33657,0.118189
1.39244,-0.540601
1.45267,-1.7215
1.38953,-0.621605
1.38117,-0.56589
1.40789,-0.855035
1.41402,-0.958706
1.41841,-1.22789
1.38655,-0.947279
1.35517,-0.361916
1.33907,0.276047
1.41949,-1.47398
1.36981,-0.326212
1.39098,-1.05088
1.4075,-0.870317
1.35218,-0.219855
1.36471,-0.290068
1.40572,-0.96087
1.40875,-1.01574
1.41674,-0.65796
1.39293,-1.16535
1.39528,-0.533273
1.39496,-0.380233
1.37375,-0.545472
1.33815,0.190716
1.36834,-0.412024
1.36856,-0.469247
1.35108,-0.153503
1.39157,-0.723832
1.37,-0.57074
1.36361,-0.120744
1.40929,-0.77015
1.37005,-0.448609
1.38534,-0.670715
1.36584,-0.122822
1.36137,0.17238
1.41462,-0.605106
1.39096,-1.06591
1.35509,0.196684
1.37715,-0.420309
1.37575,-0.717023
1.42219,-0.966564
1.35816,-0.0135673
1.37418,-0.512185
1.42238,-1.06785
1.3873,-0.779721
1.39422,-0.188365
1.38336,-0.477006
1.38923,-0.495948
1.37402,-0.570533
1.40061,-0.671347
1.40315,-0.772587
1.34522,-0.0961422
1.39522,-0.697668
1.36614,-0.341574
1.39351,-0.535343
1.38293,-0.857544
1.33437,0.310601
1.37272,-0.571155
1.36698,-0.380117
1.40397,-0.989976
1.41011,-1.46999
1.38102,-0.563094
1.42621,-0.699561
1.34229,-0.0630882
1.36303,-0.259263
1.38482,-0.51183
1.397,-0.478322
1.36142,0.0394979
1.41897,-0.863354
1.36131,-0.174321
1.37381,-0.490134
1.39777,-0.518706
1.38925,-0.838603
1.39334,-0.760572
1.34193,-0.285238
1.3862,-0.463659
1.37069,-0.704865
1.36499,-0.691402
1.36048,-0.398372
1.39539,-0.570559
1.38411,-0.67117
1.38055,-0.391528
1.40079,-0.764584
1.47147,-2.04916
1.3906,-0.685776
1.33088,0.157534
1.39962,-0.936034
1.39177,-0.697516
1.42481,-1.06734
1.37762,-0.765194
1.4393,-1.30803
1.36622,-0.353678
1.37317,-0.386
1.3788,-0.466398
1.37373,-0.292658
1.37998,-0.529492
1.31136,0.56052
1.36126,-0.377917
1.36166,-0.258436
1.38914,-0.778724
1.34961,-0.456038
1.36798,-0.724509
1.36118,-0.099009
1.35765,0.00312245
1.40548,-0.996537
1.34978,-0.00831855
1.41192,-1.01515
1.38244,-0.788542
1.4168,-0.948836
1.39465,-0.790911
1.39549,-0.811113
1.43808,-1.53154
1.36612,-0.663366
1.36202,-0.389609
1.36467,-0.0339973
1.37857,-0.53578
1.4294,-0.991504
1.36591,-0.404019
1.39308,-0.988932
1.38687,-0.415995
1.39949,-1.14825
1.35694,-0.0584035
1.39947,-0.690448
1.37853,-0.691128
1.36906,-0.322099
1.40686,-0.962144
1.36494,0.0793355
1.35765,-0.225878
1.41415,-0.947275
1.37949,-0.839602
1.35076,0.0104459
1.37527,-0.403262
1.4073,-1.296
1.39751,-0.787764
1.41295,-1.04423
1.36482,-0.0359746
1.39923,-0.811674
1.36147,-0.183198
1.36858,-0.346921
1.42186,-0.812363
1.3932,-0.733893
1.36163,-0.355164
1.40081,-0.672349
1.39576,-0.829913
1.36514,-0.113379
1.33842,0.326298
1.3883,-0.871692
1.37015,-0.219383
1.37072,-0.392913
1.36699,-0.284776
1.38056,-0.781258
1.35573,-0.311094
1.37516,-0.415263
1.39164,-0.453166
1.38255,-0.625913
1.39549,-0.25605
1.3689,-0.0921588
1.38338,-0.55138
1.38885,-0.925836
1.36229,-0.46524
1.40372,-0.690747
1.41422,-0.731202
1.40664,-0.88369
1.38474,-0.440725
1.41539,-0.919048
1.37599,-0.918035
1.42881,-1.16265
1.38503,-0.311058
1.39475,-0.492963
1.41592,-1.16677
1.40227,-0.552096
1.373,-0.635898
1.34769,-0.22441
1.40772,-1.1454
1.37338,-0.53299
1.37651,-0.149532
1.38673,-0.868318
1.4004,-1.2002
1.3539,-0.619178
1.37473,-0.671646
1.38645,-0.295322
1.40192,-0.790728
1.36199,-0.477147
1.36135,-0.451204
1.38853,-0.58189
1.3777,-0.443826
1.39913,-0.360298
1.37381,-0.354931
1.35515,-0.206797
1.36599,-0.490183
1.37011,-0.311776
1.40826,-0.841393
1.38366,-0.489224
1.38047,-0.379714
1.36989,-0.226578
1.358,-0.276546
1.41791,-1.23909
1.39349,-0.405383
1.40447,-0.976476
1.40648,-0.862885
1.38939,-0.779121
1.39902,-1.08754
1.38263,-0.448004
1.36833,-0.531132
1.37721,-0.666025
1.39432,-0.866461
1.37808,-0.689891
1.38552,-0.740798
1.39065,-0.903302
1.39289,-0.463739
1.42181,-1.0266
1.39292,-0.684241
1.40915,-0.664254
1.38062,-0.529257
1.38312,-0.367519
1.39863,-0.965313
1.3161,0.32007
1.36626,-0.221256
1.40606,-0.931352
1.39165,-0.485756
1.4247,-1.4302
1.40537,-0.716094
1.38822,-0.976899
1.35893,-0.302207
1.36961,-0.759021
1.39245,-0.448713
1.36064,-0.792246
1.3672,-0.363647
1.39521,-0.359421
1.3823,-0.648583
1.39,-0.0125273
1.40236,-0.845124
1.40772,-0.887901
1.41784,-1.26131
1.37741,-0.614806
1.40034,-0.772007
1.37033,-0.362113
1.367,-0.468054
1.38142,-0.767242
1.37762,-0.522103
1.37304,-0.252328
1.40278,-0.972678
1.42028,-0.929163
1.41318,-0.604368
1.39337,-0.741283
1.38279,-0.74762
1.40142,-1.02327
1.40235,-1.20011
1.40263,-0.67159
1.34118,0.155287
1.37695,-0.454518
1.38872,-0.443124
1.35423,0.03194
1.35738,-0.597401
1.39294,-0.594668
1.37853,-0.301469
1.35596,0.118859
1.39591,-0.977427
1.39068,-0.539971
1.40902,-1.29904
1.39513,-0.501218
1.40598,-0.777515
1.40972,-1.05605
1.38939,-0.637201
1.36074,-0.0191338
1.39265,-0.848178
1.38521,-1.099
1.40583,-0.911957
1.40768,-0.683724
1.37918,-0.240942
1.40519,-0.848803
1.38726,-0.183092
1.3331,0.202649
1.37744,-0.401905
1.44146,-1.31496
1.37933,-0.592193
1.3935,-0.588714
1.42797,-1.05657
1.36805,-0.293627
1.41053,-1.05023
1.37778,-0.10868
1.41222,-0.89963
1.36639,-0.254365
1.41979,-0.871151
1.40508,-0.946641
1.38706,-0.573891
1.36396,-0.396864
1.39486,-0.429699
1.39652,-0.476733
1.4053,-1.22447
1.35179,-0.30502
1.34402,-0.131054
1.41641,-1.1653
1.38784,-0.623082
1.31905,0.104819
1.38716,-0.8899
1.36568,-0.65716
1.38306,-0.653025
1.39708,-0.604757
1.37463,-0.514439
1.3606,-0.110387
1.3928,-0.694868
1.40205,-0.593478
1.34704,-0.328791
1.39227,-0.935554
1.37264,-0.642403
1.39799,-0.505901
1.37287,-0.500414
1.36645,-0.31314
1.40423,-0.791638
1.40392,-1.04391
1.40823,-1.00842
1.38401,-0.178869
1.38004,-0.266254
1.36861,-0.583269
1.37471,-0.0939766
1.38907,-0.540879
1.36598,-0.593557
1.30765,0.591109
1.3673,-0.654712
1.39967,-0.99544
1.37816,-0.136933
1.38018,-0.823817
1.40156,-0.841083
1.35318,-0.290235
1.36369,-0.263818
1.35682,-0.0217011
1.37195,-0.543984
1.40869,-0.865886
1.3733,-0.226142
1.40456,-0.906623
1.37604,-0.300619
1.40492,-1.16931
1.35371,-0.174297
1.37076,-0.436937
1.35682,0.0957059
1.39205,-0.90406
1.32709,0.364465
1.3811,-0.464499
1.43281,-1.48761
1.38404,-0.238141
1.35301,-0.0899366
1.39924,-0.587773
1.43509,-1.32746
1.41166,-0.791549
1.38267,-0.433938
1.38947,-0.837073
1.39809,-1.19835
1.36136,-0.126076
1.36305,-0.349815
1.38888,-0.674368
1.41231,-0.887339
1.38222,-0.532916
1.39071,-0.728398
1.3794,-0.627816
1.35423,-0.110775
1.34803,0.0125376
1.38781,-0.723604
1.39126,-0.713489
1.37889,-0.221903
1.39074,-0.34122
1.39104,-0.491256
1.35194,0.113816
1.38323,-0.567859
1.36968,-0.327497
1.39753,-0.972921
1.39012,-0.856822
1.3745,-0.540569
1.39384,-0.578183
1.36223,-0.233546
1.38789,-0.764558
1.39882,-0.659571
1.37452,-0.25321
1.39174,-0.856304
1.36577,-0.157812
1.4055,-0.900292
1.37257,-0.814557
1.40807,-0.586329
1.34593,0.350815
1.35244,-0.487149
1.36896,-0.593126
1.41719,-0.87236
1.44178,-1.24888
1.36795,-0.546186
1.33645,0.176064
1.39114,-0.726599
1.37556,-0.273413
1.36962,0.00741329
1.40946,-0.982747
1.4161,-1.27169
1.43199,-1.47774
1.36111,0.018518
1.3412,0.0133991
1.38318,-0.426228
1.35626,-0.286011
1.38854,-0.166676
1.40261,-0.93081
1.37266,-0.525558
1.36421,-0.281305
1.34992,-0.370016
1.38982,-0.527328
1.38036,-0.272011
1.38527,-0.730729
1.36756,-0.447267
1.39629,-0.328362
1.35579,0.113869
1.37809,-0.425692
1.394,-0.589696
1.35014,0.10928
1.37108,-0.545006
1.391,-0.474342
1.39101,-1.0548
1.39243,-0.709984
1.40182,-1.06005
1.40075,-0.745794
1.35397,-0.185935
1.3711,-0.234531
1.39563,-0.592335
1.39242,-0.563472
1.37842,-0.667726
1.37153,-0.299246
1.37676,-0.54863
1.39431,-0.391379
1.35235,0.207244
1.39129,-0.897598
1.37324,-0.514917
1.4351,-1.11653
1.39373,-1.174
1.38989,-0.40605
1.38747,-0.889553
1.38444,-0.580438
1.4158,-0.810662
1.42981,-1.30844
1.37477,-0.676448
1.38598,-0.388498
1.43046,-1.22641
1.37442,-0.751485
1.36764,-0.0733014
1.39804,-0.88354
1.36471,-0.578353
1.39885,-1.02989
1.42531,-1.41622
1.37779,-0.647869
1.41503,-0.817384
1.42584,-0.962889
1.38795,-0.968817
1.41597,-0.76009
1.36742,-0.200893
1.35184,-0.0675062
1.38493,-0.622429
1.3662,-0.354433
1.41269,-1.02333
1.39265,-0.594061
1.37058,-0.536626
1.3824,-0.672457
1.43045,-1.55465
1.40739,-0.985911
1.40122,-0.906737
1.35839,-0.111203
1.42444,-1.11071
1.39677,-0.715081
1.32189,0.498086
1.39074,-0.710603
1.36995,-0.490858
1.37716,-0.0279172
1.40539,-0.684791
1.40545,-0.721109
1.44382,-1.15064
1.35855,0.265337
1.44155,-1.29229
1.38295,-0.711785
1.32611,0.30887
1.40804,-0.5744
1.419,-1.20181
1.37786,-0.54305
1.38458,-0.710719
1.37594,-0.314272
1.37571,-0.772037
1.3378,0.212367
1.36184,-0.429421
1.35646,0.0135515
1.39433,-0.708824
1.39634,-0.808643
1.36742,-0.382375
1.40237,-0.89274
1.41081,-0.885118
1.42467,-1.03214
1.36591,-0.306445
1.35689,-0.233351
1.42149,-1.38937
1.3843,-0.562698
1.40894,-1.35275
1.38527,-0.638012
1.39743,-0.645969
1.39176,-0.495305
1.39437,-0.807974
1.39983,-0.645158
1.43524,-1.12931
1.41225,-1.34
1.38647,-0.582829
1.46262,-1.74379
1.37775,-0.503602
1.36237,-0.205671
1.36353,-0.125007
1.34801,-0.23301
1.37546,-0.717335
1.33821,0.363211
1.4217,-1.13298
1.36776,-0.678066
1.39529,-0.658616
1.41765,-0.781271
1.41902,-0.981981
1.39334,-0.663299
1.37381,0.19602
1.38249,-0.516288
1.36917,-0.480965
1.39721,-0.907747
1.40374,-0.607902
1.4135,-1.31579
1.40912,-0.918059
1.40614,-1.04863
1.35133,0.126839
1.38998,-0.886959
1.40157,-0.943176
1.37454,-0.305005
1.38997,-0.51964
1.39053,-0.815102
1.39297,-0.801033
1.38919,-0.715575
1.36427,-0.274441
1.37623,-0.447356
1.36666,-0.462059
1.42057,-0.781325
1.41648,-0.870567
1.37972,-0.380835
1.39966,-0.625638
1.4124,-0.951423
1.40042,-0.944042
1.38907,-0.477097
1.36809,-0.260518
1.4545,-1.46178
1.3614,-0.210407
1.37836,-0.654518
1.405,-0.900205
1.35101,-0.246935
1.40321,-0.716612
1.34909,-0.077319
1.40678,-0.970595
1.39485,-0.915478
1.35144,-0.392932
1.39095,-0.944667
1.37876,-0.70308
1.38863,-0.682052
1.40449,-0.750426
1.40773,-1.01098
1.41916,-0.903853
1.35241,0.305036
1.36892,-0.284196
1.37178,-0.319042
1.43771,-1.34397
1.39465,-0.705091
1.36788,-0.322434
1.39678,-0.810673
1.36121,0.335141
1.37184,-0.326713
1.39763,-1.11257
1.37618,-0.323091
1.38301,-0.304372
1.37813,-0.734255
1.39651,-0.596397
1.41278,-1.06739
1.3551,-0.345208
1.33047,0.60672
1.39891,-0.532006
1.38763,-0.434727
1.4001,-0.928488
1.36701,-0.0664655
1.38381,-0.34167
1.42426,-1.47214
1.3603,-0.193213
1.39082,-0.597876
1.42192,-1.00759
1.37538,-0.450831
1.36384,-0.320716
1.40108,-0.770324
1.3566,0.0822452
1.37577,-0.294979
1.39464,-0.430688
1.35287,-0.00270772
1.36612,-0.212159
1.40535,-0.62104
1.3795,-0.745352
1.40321,-0.555209
1.4091,-1.0734
1.39838,-0.621155
1.36365,-0.367058
1.40807,-0.723444
1.39077,-0.708234
1.39399,-1.04495
1.38196,-0.551333
1.41395,-1.30127
1.40667,-0.876817
1.33956,0.184109
1.35728,0.323098
1.40891,-0.591191
1.39451,-0.257091
1.38458,-0.546628
1.37282,-0.409642
1.43495,-1.6455
1.41893,-1.12171
1.36894,-0.389211
1.36057,-0.551455
1.40073,-0.722956
1.42426,-1.12907
1.35796,-0.279915
1.34815,-0.027307
1.3844,-0.741428
1.38571,-0.438984
1.40055,-0.915618
1.40544,-0.671062
1.38483,-0.44511
1.39839,-0.42442
1.36308,-0.238953
1.34001,-0.152869
1.35876,-0.0855586
1.38631,-0.521992
1.39315,-0.62181
1.43425,-1.2212
1.4214,-1.30263
1.36457,-0.401814
1.42104,-0.956713
1.37257,-0.186271
1.39989,-0.966011
1.33283,-0.103788
1.3715,-0.289399
1.38577,-0.664133
1.41483,-1.1311
1.35678,-0.343407
1.42972,-1.04936
1.4217,-1.19888
1.39633,-0.866165
1.39325,-0.67276
1.40345,-0.749672
1.39524,-0.789982
1.361,-0.230554
1.41682,-1.07623
1.37944,-0.688346
1.40808,-0.784918
1.36403,-0.418629
1.40924,-1.05398
1.36283,-0.333158
1.44369,-1.58701
1.38775,-0.805605
1.36616,-0.418279
1.39698,-0.837991
1.37165,-0.206567
1.38715,-0.395384
1.40952,-0.817258
1.33472,0.0960669
1.39757,-0.710683
1.37838,-0.60779
1.42502,-1.32946
1.37366,-0.210182
1.39405,-0.687196
1.34186,0.0557458
1.3716,-0.461733
1.34768,0.0662107
1.40683,-1.02339
1.37926,-0.422317
1.3799,-0.564913
1.40071,-0.874172
1.41871,-0.894291
1.35515,-0.156368
1.36006,-0.259999
1.38131,-0.366171
1.38011,-0.621382
1.39462,-0.94178
1.39433,-0.548533
1.38113,-0.484821
1.37574,-0.162167
1.36667,-0.53365
1.39532,-0.52669
1.40776,-0.98685
1.39793,-0.45714
1.41382,-1.22548
1.37183,-0.359624
1.38121,-0.205333
1.39368,-0.614872
1.38015,-0.522703
1.37713,-0.358235
1.38366,-0.529533
1.3951,-0.491752
1.39306,-0.448188
1.39055,-0.908096
1.34443,-0.202013
1.35909,0.0356042
1.39309,-0.598987
1.38137,-0.411755
1.40762,-1.1632
1.39124,-0.230024
1.41437,-1.46562
1.36309,-0.416355
1.3896,-0.667735
1.38872,-0.76027
1.40628,-1.06802
1.39854,-0.78432
1.41528,-1.00024
1.3754,-0.542136
1.38582,-0.508779
1.38584,-0.640624
1.36757,-0.269673
1.41089,-0.872413
1.42517,-1.05441
1.38575,-0.916922
1.41522,-0.885288
1.38566,-0.554813
1.35475,-0.103132
1.39633,-0.439745
1.39703,-1.09304
1.36746,-0.51432
1.43402,-1.33291
1.38994,-0.445137
1.38095,-0.598341
1.37778,-0.537077
1.39012,-0.612162
1.41336,-1.04476
1.40669,-0.677348
1.39799,-0.771836
1.39189,-0.345064
1.41257,-1.26094
1.37547,-0.674796
1.39862,-0.606851
1.37311,-0.644913
1.37388,-0.62888
1.37697,-0.366778
1.37757,-0.201128
1.35194,-0.238366
1.38412,-0.673612
1.39907,-1.00184
1.39773,-0.713519
1.37191,-0.707952
1.41077,-0.945449
1.35419,-0.263728
1.39862,-0.473354
1.37306,-0.430422
1.37664,-0.370176
1.3991,-0.467819
1.37027,-0.371341
1.41643,-0.854416
1.38237,-0.40987
1.41076,-0.915178
1.36001,-0.00899028
1.33883,0.11291
1.36336,-0.0466094
1.39208,-0.685778
1.38793,-0.558803
1.38954,-0.444392
1.4161,-0.945446
1.39776,-0.910641
1.38508,-0.747631
1.35564,-0.494495
1.41529,-0.911251
1.41824,-0.858036
1.38996,-0.380151
1.3544,0.00389658
1.41436,-1.16549
1.4048,-0.488647
1.39266,-0.810943
1.35529,0.223152
1.39562,-1.19383
1.36692,-0.48628
1.37348,-0.57292
1.37821,-0.485746
1.40003,-0.920163
1.36987,-0.299644
1.37098,-0.384214
1.41317,-1.06267
1.36828,-0.176753
1.37231,-0.331288
1.41551,-1.10096
1.41958,-0.875902
1.37311,-0.186783
1.40552,-0.905361
1.39891,-0.819098
1.4297,-1.32974
1.39525,-0.962955
1.38481,-0.556029
1.39205,-0.884475
1.39879,-0.855254
1.36855,-0.110679
1.37459,-0.41961
1.3501,-0.412608
1.43384,-1.59744
1.39998,-0.741568
1.37719,-0.458782
1.37294,-0.444735
1.40046,-0.94134
1.39341,-0.762543
1.40702,-0.996375
1.36403,-0.333187
1.39736,-0.701278
1.39348,-0.801187
1.39874,-1.00388
1.37204,-0.270098
1.37736,-0.189136
1.40416,-0.835799
1.39668,-0.455375
1.40198,-1.07331
1.41725,-0.889094
1.35649,-0.165437
1.44382,-1.37806
1.40078,-1.04097
1.40224,-0.907917
1.39388,-0.990649
1.42721,-0.979521
1.35996,-0.362462
1.3318,0.0366326
1.40351,-0.641438
1.36518,-0.50648
1.32946,0.366588
1.36995,-0.441384
1.39832,-1.0429
1.32822,0.224304
1.41368,-1.43765
1.37567,-0.467094
1.35441,-0.170037
1.40358,-0.97623
1.4127,-0.905732
1.40638,-0.811647
1.4157,-0.76493
1.35244,-0.127874
1.38888,-0.610622
1.38602,-0.371386
1.37713,-0.50449
1.36028,-0.647748
1.42477,-1.0812
1.3811,-0.530607
1.36951,-0.456961
1.38553,-0.791219
1.39653,-0.756659
1.39807,-0.784228
1.39351,-0.425087
1.38893,-0.503033
1.36516,-0.636771
1.43331,-1.13759
1.38441,-0.907718
1.35578,-0.034847
1.41347,-1.07464
1.4034,-0.781044
1.37045,-0.748691
1.41941,-1.1872
1.40031,-0.851048
1.45194,-1.89407
1.37058,0.186752
1.41937,-0.903851
1.3537,-0.148239
1.37432,-0.533655
1.40859,-0.670473
1.40956,-0.698335
1.37457,-0.560147
1.38354,-0.768906
1.39305,-0.456726
1.36598,-0.286551
1.42861,-1.41496
1.41367,-1.40803
1.4182,-1.14568
1.39678,-0.641429
1.36641,-0.282793
1.37584,-0.237806
1.34454,0.330781
1.39753,-0.673597
1.37517,-0.608334
1.34486,-0.07052
1.42307,-1.22546
1.36792,-0.584293
1.39095,-0.681018
1.34105,-0.405526
1.41396,-0.605788
1.37286,-0.507923
1.37785,-0.63469
1.36002,-0.0701889
1.36933,-0.405133
1.3856,-0.443715
1.39634,-1.10313
1.36496,-0.150722
1.37428,-0.884441
1.39629,-0.933914
1.35674,-0.362996
1.39754,-0.596222
1.38064,-0.674657
1.37231,-0.251227
1.36563,-0.568306
1.38308,-0.490894
1.34944,-0.00300532
1.34933,-0.0456138
1.39528,-0.835833
1.39158,-0.659621
1.423,-0.948456
1.37576,-0.474464
1.39979,-0.478825
1.35096,-0.459441
1.40726,-0.998165
1.40311,-0.688108
1.38953,-0.537831
1.39071,-0.542393
1.38921,-1.03644
1.36962,-0.583539
1.36853,-0.340787
1.42961,-1.06971
1.35279,-0.196145
1.36956,-0.278731
1.39261,-1.03427
1.4043,-0.657745
1.36128,-0.359557
1.37102,-0.326969
1.38919,-0.374496
1.39714,-1.05519
1.3923,-0.334262
1.39248,-0.783515
1.38745,-0.651771
1.37215,-0.73278
1.387,-0.465235
1.38934,-0.615999
1.36497,-0.317484
1.40417,-0.763515
1.33225,0.00592647
1.40327,-0.903206
1.38088,-0.65714
1.35555,0.0455707
1.38253,-0.421657
1.36144,-0.728499
1.36506,-0.456476
1.40737,-0.560325
1.36999,-0.246288
1.37565,-0.476226
1.35335,-0.168776
1.40679,-0.700893
1.39219,-0.571095
1.37003,-0.422247
1.38018,-0.464388
1.3586,-0.359899
1.37551,-0.229248
1.38131,-0.430549
1.37104,-0.364257
1.38292,-0.52203
1.36792,-0.0879166
1.38247,-0.385154
1.34983,0.247821
1.38464,-0.450209
1.37672,-0.668177
1.40622,-1.0488
1.36549,-0.306572
1.39278,-0.348135
1.3663,-0.649688
1.36293,-0.202865
1.37934,-0.683375
1.38139,-0.389796
1.37052,-0.439057
1.38058,-0.408447
1.3832,-0.380504
1.39613,-0.752358
1.43033,-1.44415
1.38638,-0.772032
1.37814,-0.414786
1.4034,-0.793787
1.35418,-0.277089
1.38541,-0.752281
1.4048,-1.06503
1.35044,0.00874818
1.37213,-0.459032
1.38971,-0.768243
1.37089,-0.682963
1.38035,-0.50457
1.34774,0.210548
1.35763,-0.218977
1.38071,-0.739508
1.36145,0.0465541
1.37518,-0.61387
1.38641,-0.592015
1.34711,-0.165352
1.36025,-0.0518786
1.39252,-0.378844
1.34916,-0.267337
1.37158,-0.416242
1.38078,-0.377918
1.37596,-0.293213
1.38807,-0.914962
1.39576,-0.555368
1.38872,-0.412144
1.38526,-0.492876
1.38139,-0.460814
1.3931,-0.852982
1.36422,-0.274033
1.40835,-0.648101
1.35261,0.248704
1.40077,-0.706847
1.39022,-0.542069
1.37423,-0.908935
1.38707,-0.7353
1.39419,-1.00058
1.38734,-0.834562
1.36994,-0.676766
1.39867,-0.943255
1.38473,-0.199694
1.36023,-0.178487
1.34553,-0.0136535
1.40937,-1.16545
1.38315,-0.261549
1.385,-0.348787
1.38244,-0.357476
1.41232,-0.730527
1.39147,-0.417049
1.38632,-0.69893
1.36663,-0.253659
1.40404,-1.07433
1.43986,-1.5151
1.41493,-1.42699
1.36324,-0.319575
1.36476,-0.432391
1.38226,-0.552833
1.36876,0.0435118
1.35082,0.0456455
1.37281,-0.488141
1.34557,-0.39992
1.38805,-0.634171
1.3959,-0.98386
1.39336,-0.800017
1.38593,-0.863882
1.36026,-0.269488
1.37325,-0.210893
1.40425,-1.0303
1.38287,-0.873432
1.39474,-1.02952
1.39408,-0.711837
1.35809,-0.0162933
1.35925,-0.418992
1.36274,-0.361544
1.39403,-0.851367
1.39851,-0.796764
1.3699,-0.270957
1.41067,-0.999397
1.36461,-0.324334
1.403,-0.865203
1.38172,-0.228045
1.39528,-0.692289
1.37953,-0.335789
1.37333,-0.666469
1.41347,-0.694867
1.34596,0.0531828
1.43702,-1.15279
1.39612,-0.826806
1.44732,-1.77434
1.37465,-0.431194
1.37647,-0.755089
1.38631,-0.721463
1.36732,-0.154135
1.35747,-0.148742
1.35628,-0.15957
1.35421,-0.468554
1.40924,-0.783315
1.40064,-0.650901
1.4015,-0.715881
1.36492,-0.26917
1.34718,-0.0249359
1.39102,-0.985046
1.40873,-0.957462
1.37452,-0.783849
1.40385,-0.841544
1.38185,-0.241006
1.35187,-0.0288557
1.42433,-1.45569
1.39562,-0.698061
1.42337,-1.18135
1.36227,-0.225294
1.33733,-0.254078
1.386,-0.491171
1.38861,-0.514379
1.37719,-0.616594
1.36239,-0.290764
1.37741,-0.380915
1.43126,-1.64545
1.38607,-0.836695
1.39009,-0.806611
1.33563,0.352581
1.35456,-0.13951
1.37397,-0.462647
1.37044,-0.198288
1.36438,-0.398695
1.36516,-0.00376801
1.37418,-0.53023
1.35233,-0.346671
1.40182,-0.327455
1.38181,-0.70875
1.404,-0.827523
1.39055,-0.761443
1.3957,-0.346133
1.3675,-0.222479
1.35057,-0.372451
1.3792,-0.657114
1.41359,-1.16265
1.44534,-1.33835
1.35928,-0.479147
1.39739,-0.860663
1.38214,-0.234014
1.38488,-0.461561
1.38942,-0.423727
1.38829,-0.616644
1.37713,-0.917949
1.43896,-1.5316
1.3693,-0.284262
1.38683,-0.826416
1.35461,0.130682
1.38269,-0.147778
1.42245,-1.01736
1.42646,-1.07637
1.37933,-0.305877
1.40235,-0.628592
1.39714,-0.600262
1.4022,-0.477011
1.39094,-0.223599
1.39266,-0.642075
1.37681,-0.267235
1.39384,-0.58895
1.34801,0.101221
1.42965,-1.3728
1.42822,-1.23955
1.35347,0.0825177
1.39861,-0.534236
1.3856,-0.342681
1.35222,0.106973
1.38499,-0.807967
1.37097,-0.136843
1.37271,-0.235496
1.3964,-0.604656
1.35553,-0.403514
1.33907,0.109932
1.4094,-0.998329
1.42595,-1.25976
1.38194,-0.892954
1.39179,-1.00117
1.4029,-0.78568
1.35557,-0.451561
1.36182,-0.041586
1.41731,-1.23564
1.38288,-0.320591
1.37261,-0.305019
1.34841,-0.120523
1.39372,-0.564416
1.40512,-0.585845
1.39397,-1.00612
1.42294,-0.929598
1.40879,-0.748564
1.34799,-0.0405936
1.40487,-0.777138
1.37646,-0.634137
1.3786,-0.205576
1.42208,-1.28577
1.3443,0.25476
1.36414,-0.70983
1.4055,-1.17562
1.39784,-0.675405
1.37771,-0.867339
1.3838,-0.427635
1.39505,-0.549887
1.42323,-0.791607
1.36677,-0.144813
1.42388,-1.47389
1.42474,-0.969063
1.34906,0.0214937
1.36986,-0.107853
1.40806,-0.587157
1.35122,0.125387
1.41125,-0.950388
1.39556,-0.844275
1.43236,-1.48567
1.37914,-0.392985
1.36135,-0.377543
1.41986,-1.27983
1.42032,-1.1237
1.37893,-0.429858
1.41473,-1.32649
1.38186,-0.868902
1.35926,-0.216351
1.3713,-0.269523
1.41419,-1.23655
1.40788,-0.77464
1.36718,-0.333435
1.35878,-0.0394967
1.36708,-0.193635
1.34792,0.087576
1.3808,-0.735255
1.42247,-0.89614
1.39852,-1.32643
1.40238,-0.800161
1.37618,-0.508568
1.38426,-0.983131
1.39414,-0.7699
1.36918,-0.634943
1.39982,-0.761304
1.37302,-0.616017
1.39216,-0.897982
1.37773,-0.310315
1.36654,-0.36666
1.3922,-0.986919
1.38968,-0.451041
1.36802,-0.153812
1.38047,-0.858543
1.34996,-0.109509
1.39578,-0.850392
1.37525,-0.247824
1.40433,-0.33063
1.41267,-1.00723
1.38809,-0.613763
1.36264,0.101682
1.36153,-0.0905543
1.36125,-0.546232
1.36616,-0.210436
1.41691,-1.42403
1.37227,-0.150184
1.37771,-0.233584
1.41371,-1.0826
1.39119,-0.792866
1.33598,0.14144
1.38557,-0.635019
1.40805,-0.679857
1.36762,-0.123428
1.36331,0.31727
1.363,0.112284
1.39356,-0.926519
1.39395,-0.996377
1.4117,-0.901264
1.37874,-0.492189
1.39756,-0.70253
1.35582,-0.165889
1.37045,-0.239238
1.42366,-1.19478
1.34644,0.376266
1.37651,-0.338714
1.38044,-0.586043
1.41126,-0.884527
1.41432,-1.14545
1.36722,-0.372105
1.40015,-0.632214
1.38234,-0.519084
1.39752,-1.02419
1.38097,-0.427063
1.36957,-0.252924
1.3564,-0.106296
1.38534,0.0970564
1.39512,-0.594083
1.31038,0.367538
1.36471,-0.248369
1.42358,-1.24135
1.37909,-0.882355
1.39258,-0.86166
1.38088,-0.40978
1.37775,-0.274584
1.37868,-0.488889
1.39008,-0.706486
1.41177,-1.21469
1.37026,-0.295411
1.37957,-0.351726
1.35267,-0.481484
1.42425,-1.23951
1.36457,-0.555739
1.37256,-0.301931
1.38335,-0.868344
1.43891,-1.46292
1.37299,-0.493931
1.37109,-0.156103
1.3834,-0.2202
1.36708,-0.404615
1.36558,-0.200533
1.40449,-1.27191
1.40381,-0.997515
1.3661,-0.643637
1.37543,-0.7006
1.42168,-1.26094
1.34395,-0.038593
1.36031,-0.319323
1.36618,-0.481791
1.35752,-0.0280209
1.40018,-0.685405
1.35892,-0.27655
1.38103,-0.38126
1.37693,-0.368238
1.38293,-0.393736
1.37977,-0.865827
1.38022,-0.657811
1.38819,-0.499015
1.40494,-0.876877
1.38759,-0.685185
1.38444,-0.943367
1.37672,-0.398896
1.3952,-0.999999
1.37327,-0.321693
1.33512,0.40825
1.35473,-0.277303
1.41431,-1.07223
1.40153,-0.791213
1.38825,-0.619487
1.35416,-0.147266
1.40367,-0.772562
1.38446,-0.350801
1.40185,-1.02119
1.36806,-0.629114
1.34151,-0.121792
1.36212,-0.427078
1.41876,-1.60037
1.40398,-0.646111
1.37625,-0.599565
1.36877,-0.240613
1.37304,-0.357236
1.38832,-0.647174
1.37736,-0.691422
1.39579,-0.411713
1.39413,-0.739979
1.36805,-0.557348
1.38395,-0.356904
1.39765,-0.707316
1.38205,-0.612918
1.39372,-0.625555
1.38527,-0.7176
1.39238,-0.942133
1.37223,-0.504658
1.38484,-0.74269
1.3562,-0.227405
1.35129,-0.0639532
1.40474,-1.05834
1.4003,-0.750636
1.37483,-0.316007
1.39274,-0.580326
1.37531,-0.357615
1.38912,-0.800881
1.33518,0.266858
1.37093,-0.342779
1.41416,-0.877844
1.38826,-0.514838
1.41118,-1.19864
1.39474,-0.919797
1.38721,-0.418815
1.40718,-1.09974
1.35504,-0.148228
1.38844,-0.653902
1.374,-0.460369
1.33494,0.140793
1.38476,-0.382875
1.43435,-1.13568
1.37284,-0.405032
1.40991,-0.995826
1.38205,-0.723351
1.37593,-0.296231
1.37436,-0.394688
1.3971,-0.69203
1.36088,-0.723316
1.38176,-0.589793
1.38685,-0.526437
1.36444,-0.0589137
1.41511,-0.950663
1.41475,-0.823924
1.39697,-0.488989
1.36928,-0.377543
1.40495,-1.41585
1.3491,-0.338754
1.36084,-0.396565
1.35193,-0.218908
1.33824,0.0323308
1.40057,-0.759889
1.38801,-0.645465
1.36834,-0.38551
1.36051,0.0241873
1.3997,-0.72519
1.3744,-0.310469
1.41451,-0.850092
1.39645,-0.778121
1.33621,0.106468
1.39268,-0.680045
1.35753,-0.0349167
1.36701,-0.274491
1.39992,-0.47394
1.43724,-1.49754
1.36492,0.377635
1.35564,0.00723837
1.38966,-0.996331
1.39251,-0.843869
1.36399,-0.18715
1.37937,-0.440869
1.4083,-0.574015
1.33392,0.567951
1.43699,-1.38149
1.404,-1.0414
1.38211,-0.181674
1.38228,-0.617261
1.38044,-0.530631
1.39255,-0.664274
1.40164,-1.38789
1.44491,-1.80688
1.3675,-0.487782
1.40122,-0.549408
1.41229,-1.15838
1.36923,-0.56762
1.3752,-0.551047
1.36387,-0.307587
1.40931,-0.894442
1.41267,-0.97837
1.36151,-0.0229365
1.39597,-0.692857
1.37924,-0.502592
1.38235,-0.534995
1.40684,-0.967214
1.38936,-0.582016
1.36897,-0.198645
1.36603,-0.695312
1.36549,-0.265381
1.36427,-0.144429
1.40056,-0.563988
1.31699,0.203123
1.35256,-0.33308
1.38594,-1.07237
1.38393,-0.419181
1.40664,-0.923323
1.37754,-0.487069
1.36707,-0.39775
1.43445,-1.30893
1.4039,-1.03503
1.3902,-0.407531
1.35194,-0.107652
1.36114,-0.406879
1.39653,-0.630022
1.36783,-0.115768
1.45241,-1.52334
1.40304,-0.972714
1.41532,-1.11075
1.38001,-0.647143
1.35947,-0.0717489
1.39094,-1.08704
1.40752,-1.07699
1.36884,-0.150384
1.36697,-0.0372247
1.39001,-0.866957
1.38274,-0.194472
1.395,-0.874182
1.38972,-0.720662
1.36224,0.208093
1.38901,-0.68051
1.38828,-0.747576
1.38708,-0.79621
1.37773,-0.480324
1.36164,-0.535407
1.41773,-1.10274
1.39752,-0.706393
1.40998,-0.86379
1.39813,-0.886779
1.38389,-0.295682
1.37724,-0.561851
1.38739,-0.724061
1.37301,-0.283846
1.4064,-1.21402
1.37373,-0.479923
1.39687,-0.750437
1.38252,-0.247942
1.3939,-0.769915
1.40707,-0.99489
1.37856,-0.359733
1.3778,-0.600222
1.33338,0.565108
1.38003,-0.750293
1.34005,0.0868524
1.42176,-1.65526
1.37294,-0.193706
1.39131,-0.568119
1.39134,-0.357123
1.38244,-0.631354
1.37838,-0.463309
1.38808,-0.808783
1.34051,-0.103198
1.40517,-1.03272
1.38229,-0.538224
1.41305,-0.864281
1.40278,-0.875658
1.39177,-0.773481
1.39622,-0.562893
1.36006,-0.239308
1.34985,-0.051914
1.37287,-0.568716
1.36552,-0.251242
1.39439,-0.688793
1.35836,-0.122757
1.41782,-0.9581
1.41534,-1.11468
1.37959,-0.59925
1.37402,-0.265077
1.36687,-0.451517
1.39685,-1.37424
1.40924,-0.872613
1.41411,-1.1586
1.401,-0.980626
1.42325,-0.956089
1.36481,-0.673204
1.39386,-0.684264
1.38067,-0.757499
1.37599,-0.626207
1.40406,-0.800738
1.37121,-0.420737
1.38392,-0.586981
1.38856,-0.571292
1.38858,-0.511327
1.34519,0.0492591
1.37658,-0.62593
1.39852,-0.864813
1.3732,-0.376851
1.39421,-0.952998
1.40902,-1.22506
1.4404,-1.31744
1.38267,-0.343745
1.40028,-0.8498
1.39774,-0.725338
1.4079,-0.966551
1.40734,-1.21279
1.37598,-0.337452
1.4246,-1.1337
1.39664,-0.696259
1.37792,-0.713863
1.41689,-1.11615
1.36273,-0.233385
1.35611,0.125918
1.36125,-0.06478
1.39016,-0.822028
1.39207,-0.734853
1.40791,-1.09103
1.38805,-0.629517
1.37026,-0.207968
1.39483,-0.477368
1.41096,-1.1459
1.40078,-0.906349
1.37544,-0.71028
1.38806,-0.848386
1.36062,-0.373983
1.37113,-0.429005
1.38616,-0.697267
1.37923,-0.328151
1.38707,-0.729545
1.39098,-1.03672
1.43861,-1.17094
1.40595,-1.02651
1.39181,-0.599869
1.36442,-0.0955851
1.40547,-0.996381
1.40234,-0.747647
1.37906,-0.626196
1.37087,-0.279779
1.39713,-0.710823
1.39616,-0.633994
1.38482,-0.622567
1.37209,-0.306903
1.35053,-0.00446143
1.3568,0.179927
1.3249,0.558386
1.33387,0.0317952
1.39527,-1.11283
1.39075,-0.825074
1.42728,-0.857184
1.36864,-0.57028
1.36214,0.0248611
1.38893,-0.839494
1.38219,-0.713839
1.36282,-0.528829
1.3495,-0.250934
1.38383,-0.615396
1.39329,-0.490147
1.39501,-0.922034
1.41859,-0.736879
1.37258,-0.190003
1.39908,-0.802996
1.41314,-1.00198
1.39936,-0.784871
1.4161,-0.981729
1.44718,-1.33097
1.41514,-0.79539
1.3781,-0.830471
1.4195,-0.916965
1.38386,-0.64977
1.37231,-0.881439
1.38567,-0.488317
1.39488,-0.613472
1.3846,-0.674262
1.40417,-0.781286
1.42229,-1.37309
1.39066,-0.702235
1.38621,-0.849114
1.4051,-0.811501
1.38749,-0.740749
1.35997,0.212932
1.39023,-0.587704
1.39938,-0.847058
1.38472,-0.340544
1.39066,-1.03054
1.34606,-0.0535516
1.36115,-0.14599
1.36282,-0.442442
1.35599,0.030274
1.39388,-0.843207
1.37949,-0.396557
1.41103,-1.06254
1.37074,-0.116195
1.35709,-0.189278
1.34564,0.435241
1.36377,-0.615185
1.40578,-1.09036
1.41031,-0.930422
1.37759,-0.418733
1.37017,-0.355208
1.39305,-0.469164
1.37404,-0.59854
1.36777,-0.238068
1.37357,-0.366792
1.41696,-0.816238
1.38512,-0.728218
1.39325,-0.326047
1.38733,-0.601339
1.39054,-0.421762
1.39153,-0.644097
1.40455,-0.949578
1.39403,-0.899855
1.38292,-0.537135
1.39575,-0.470973
1.38119,-0.3971
1.33209,0.611566
1.37507,-0.433182
1.37194,-0.521944
1.36764,-0.427838
1.332,0.31395
1.37753,-0.595629
1.38711,-0.554519
1.40677,-0.749288
1.39624,-0.619269
1.42022,-1.14485
1.37139,-0.362258
1.38484,-0.236198
1.35629,-0.0510176
1.38429,-0.753455
1.39255,-0.555283
1.39519,-0.752848
1.39893,-0.743112
1.35945,-0.0685219
1.37957,-0.484587
1.3726,-0.29335
1.39004,-0.900967
1.38114,-0.530787
1.37819,-0.584603
1.43129,-1.36098
1.38381,-0.325089
1.38308,-0.967835
1.36823,-0.423561
1.3704,-0.524392
1.45913,-1.64055
1.43432,-1.44201
1.39173,-0.821546
1.38883,-0.327177
1.36342,-0.246392
1.39969,-1.00168
1.39944,-0.461411
1.38465,-0.65264
1.3513,-0.195363
1.37554,-0.625859
1.37364,-0.544602
1.39955,-0.76658
1.46285,-1.58472
1.35236,-0.332631
1.43607,-1.27343
1.38779,-0.493517
1.3521,-0.398923
1.34689,-0.198244
1.39048,-0.529976
1.33846,0.21803
1.36453,-0.365325
1.3773,-0.606057
1.41221,-0.685061
1.39225,-0.534684
1.36319,-0.32126
1.35221,-0.220862
1.39097,-0.57918
1.38763,-0.546457
1.37322,-0.271472
1.40563,-0.937564
1.41518,-0.947597
1.38212,-0.668837
1.37242,-0.498436
1.39388,-0.590803
1.36426,-0.381631
1.41409,-1.32364
1.36768,-0.233564
1.39316,-0.459037
1.3453,0.195715
1.36473,-0.371325
1.33529,0.269642
1.37692,-0.559743
1.36156,-0.296599
1.32836,0.381215
1.40947,-0.992311
1.40049,-0.911111
1.38492,-0.519125
1.38732,-0.441862
1.39929,-1.04664
1.4069,-0.349414
1.38454,-0.703038
1.3745,-0.416632
1.41819,-0.855206
1.40016,-0.801743
1.41616,-1.02166
1.40107,-0.982998
1.36359,-0.256019
1.39092,-0.891344
1.38501,-0.751187
1.39588,-0.652804
1.40587,-0.609617
1.35772,0.18109
1.37178,-0.231654
1.40189,-1.02702
1.33031,0.304757
1.38026,-0.676224
1.39187,-0.464959
1.40951,-0.628546
1.35525,-0.178817
1.32055,0.543086
1.35828,-0.473474
1.36276,-0.372556
1.37448,-0.341919
1.39746,-0.829544
1.36999,-0.457334
1.3867,-0.462105
1.35788,0.100863
1.38278,-0.449368
1.40079,-1.0889
1.38221,-0.642536
1.37057,-0.384281
1.39454,-0.362423
1.37923,-0.293181
1.40715,-0.817393
1.4186,-1.40798
1.36739,-0.351589
1.38482,-0.695672
1.41043,-1.12141
1.35904,-0.207459
1.38172,-0.781977
1.41634,-1.0809
1.37921,-0.495362
1.32286,0.509022
1.42304,-0.9081
1.38152,-0.429943
1.43541,-1.20025
1.41579,-1.29459
1.38153,-0.559885
1.40704,-0.748648
1.44973,-1.23615
1.41988,-1.12581
1.39293,-1.0524
1.41019,-1.10105
1.42561,-1.15555
1.36489,-0.280448
1.41978,-0.944066
1.39457,-0.668032
1.35342,-0.072525
1.38183,-0.578024
1.39592,-0.557182
1.38746,-0.398721
1.35602,0.133865
1.38401,-0.755982
1.35465,-0.242354
1.41038,-1.39165
1.40148,-0.732267
1.38481,-0.444669
1.41594,-1.17627
1.38284,-0.383487
1.33684,0.127955
1.36924,-0.173847
1.38875,-0.704091
1.39227,-0.457278
1.3969,-0.416349
1.3714,-0.55198
1.38675,-0.766083
1.38073,-0.726475
1.41153,-0.904222
1.37552,-0.265422
1.38684,-0.763764
1.38804,-0.70892
1.37126,-0.822365
1.36387,-0.233081
1.41833,-1.21519
1.3343,0.242611
1.36741,-0.447034
1.4009,-1.10571
1.38612,-0.647437
1.39291,-0.547766
1.40225,-1.16487
1.41163,-0.804838
1.4011,-0.572749
1.37735,-0.824901
1.38835,-0.824304
1.39928,-0.614379
1.39553,-0.589633
1.3884,-0.391942
1.43464,-1.27855
1.34882,-0.292503
1.40419,-0.905436
1.41139,-1.01258
1.39758,-0.681709
1.37914,-0.483959
1.39116,-0.631965
1.36988,-0.130506
1.39189,-0.473254
1.38678,-0.440519
1.37963,-0.598367
1.40465,-0.991186
1.38384,-0.534371
1.37974,-0.617669
1.35256,-0.197618
1.42186,-1.10272
1.37224,-0.26029
1.36334,0.116946
1.35855,-0.132508
1.41621,-1.28907
1.38428,-0.793598
1.35557,-0.117342
1.40106,-0.848139
1.34261,0.301121
1.34994,0.186023
1.41671,-0.946631
1.38163,-0.324584
1.41114,-0.781936
1.38367,-0.411979
1.40915,-0.679553
1.42103,-1.50159
1.40093,-0.558235
1.40895,-0.522804
1.36756,-0.515769
1.37833,-0.571203
1.35847,-0.3193
1.42274,-1.24391
1.4211,-1.36035
1.39311,-0.864821
1.36714,-0.408315
1.38327,-0.205337
1.37632,-0.742639
1.35919,-0.0292429
1.34011,0.0193741
1.38473,-0.824842
1.42015,-0.945689
1.36173,-0.21643
1.39355,-0.55236
1.39128,-1.11772
1.42163,-1.02374
1.39945,-0.909302
1.36797,-0.611116
1.40937,-1.00486
1.3941,-0.778071
1.3373,0.183026
1.35756,-0.320958
1.35805,-0.144696
1.38915,-0.504856
1.37544,-0.231595
1.41695,-1.09209
1.39698,-1.0473
1.37513,-0.445313
1.35053,-0.19605
1.37419,-0.654994
1.37175,-0.180882
1.36195,-0.227979
1.37872,-0.788619
1.39153,-0.568697
1.41241,-0.992976
1.40321,-0.895133
1.34006,0.418964
1.38258,-0.677975
1.40345,-0.849201
1.38104,-0.475672
1.37688,-0.84109
1.3954,-0.698708
1.41977,-1.09515
1.34806,0.168612
1.42246,-1.01821
1.41294,-1.41836
1.36638,-0.25662
1.41775,-1.34176
1.40662,-0.913179
1.4074,-1.32754
1.35514,-0.352414
1.39088,-0.588124
1.3907,-0.817943
1.38985,-1.00562
1.40837,-0.782356
1.33843,0.101118
1.38518,-0.600651
1.36705,-0.527831
1.38883,-0.633606
1.4309,-1.53406
1.41124,-1.05643
1.36889,-0.397429
1.42016,-1.37953
1.37896,-0.220216
1.39002,-0.616282
1.38016,-0.584029
1.41559,-1.08706
1.40324,-1.10962
1.35443,0.0594812
1.40461,-0.528572
1.38831,-0.613723
1.39936,-0.817036
1.3734,-0.321772
1.39378,-0.836528
1.40132,-0.76883
1.38871,-0.74591
1.36193,-0.229477
1.37865,-0.608574
1.42437,-1.16477
1.35763,-0.207866
1.36458,-0.134349
1.38742,-0.374165
1.37385,-0.553766
1.41716,-1.30279
1.38493,-0.847364
1.39018,-1.00038
1.39113,-0.71646
1.40739,-0.967477
1.4192,-0.666701
1.36008,-0.168102
1.36404,-0.734136
1.34387,0.149963
1.33185,0.00831582
1.38587,-0.50555
1.39853,-0.462422
1.343,-0.153077
1.39226,-0.200287
1.41523,-1.33529
1.36208,-0.294554
1.38466,-0.867939
1.3593,-0.174144
1.39261,-0.629188
1.38293,-0.502457
1.3667,-0.407131
1.36022,0.103548
1.37563,-1.03835
1.3885,-0.497838
1.38986,-0.649362
1.37896,-0.716198
1.37167,-0.758214
1.40954,-0.725348
1.39778,-0.805042
1.41095,-0.920706
1.38197,-0.536775
1.41328,-1.15355
1.3828,-0.302866
1.41453,-1.10055
1.38589,-0.537891
1.41612,-1.0856
1.35578,0.0588111
1.36627,0.0788286
1.38354,-0.590354
1.37738,-0.72055
1.3664,-0.224069
1.37907,-0.423439
1.36449,-0.334649
1.38385,-0.59038
1.36682,-0.4294
1.36186,-0.122274
1.38501,-0.613602
1.42048,-1.25834
1.35913,-0.533831
1.42293,-0.629738
1.36974,-0.263726
1.39419,-0.685863
1.37351,-0.327642
1.36554,-0.709663
1.39875,-1.00561
1.37713,-0.262005
1.36415,-0.561291
1.3835,-0.295209
1.38001,-0.489543
1.39072,-0.391886
1.37562,0.0597586
1.3656,-0.339855
1.35314,-0.172061
1.40628,-0.83829
1.36853,-0.149478
1.41365,-1.31292
1.38865,-0.831618
1.40533,-0.883807
1.37022,-0.357233
1.3694,-0.419705
1.40276,-1.25258
1.36262,-0.468673
1.38668,-0.99935
1.36242,-0.0629331
1.43093,-1.10729
1.40337,-0.944868
1.41047,-1.033
1.41952,-0.726415
1.41184,-1.03153
1.40271,-0.956962
1.35603,-0.358884
1.39031,-0.483462
1.34336,-0.343852
1.37865,-0.437414
1.3747,-0.674087
1.39831,-0.4581
1.3535,-0.503038
1.36156,-0.477054
1.39582,-0.521487
1.39452,-0.433203
1.38176,-0.325707
1.39804,-0.761389
1.38199,-0.565099
1.39123,-0.91035
1.37577,-1.02858
1.3937,-0.630265
1.36962,-0.689707
1.37164,-0.527154
1.39756,-0.719038
1.42406,-1.31801
1.37714,-0.441313
1.40384,-1.05252
1.3863,-0.536497
1.39937,-0.904564
1.40193,-0.614288
1.38888,-0.585861
1.44267,-1.52915
1.38476,-0.643341
1.38601,-1.05499
1.39768,-1.02524
1.3367,0.240712
1.3783,-0.553418
1.42417,-1.21029
1.38411,-0.532577
1.37649,-0.522103
1.34442,0.058698
1.38966,-0.823805
1.36473,-0.444758
1.4179,-0.722151
1.36508,-0.400512
1.35894,-0.232135
1.3784,-0.743397
1.36126,-0.154087
1.42032,-1.04715
1.43919,-1.67773
1.37008,-0.506595
1.4056,-1.17073
1.39608,-0.726865
1.3571,-0.191529
1.39512,-0.397923
1.40008,-0.695105
1.35618,-0.273712
1.39207,-0.540055
1.38659,-0.671727
1.37948,-0.469843
1.41712,-1.05653
1.37939,-0.348451
1.41215,-1.1259
1.38118,-0.540028
1.38432,-0.790786
1.40674,-1.26382
1.3859,-0.606774
1.3915,-1.08883
1.39454,-0.514578
1.36783,-0.0842994
1.32723,0.483024
1.34905,0.110471
1.37918,-0.53328
1.37058,-0.345906
1.36199,-0.543588
1.39137,-0.632962
1.40044,-0.925041
1.35709,-0.126388
1.38402,-0.546703
1.41062,-0.914306
1.37811,-0.331207
1.42323,-1.06809
1.41587,-1.11486
1.3937,-0.593598
1.31418,0.680015
1.35113,0.00181125
1.31661,0.577582
1.3837,-0.414144
1.37322,-0.534201
1.3927,-0.818298
1.39599,-0.583325
1.36938,-0.228016
1.3516,-0.171002
1.39797,-0.756149
1.39608,-0.501249
1.3783,-0.238999
1.37348,-0.231673
1.40135,-0.897461
1.35835,-0.462559
1.4008,-0.70416
1.35336,-0.157727
1.34907,-0.058385
1.35117,-0.501636
1.43217,-1.08738
1.41819,-1.31534
1.41984,-0.882266
1.37185,-0.196191
1.34571,0.172847
1.36208,-0.534697
1.35498,-0.126471
1.36436,-0.199465
1.40539,-0.978465
1.3937,-0.73873
1.38895,-0.64868
1.36264,-0.379591
1.38595,-0.53747
1.36629,-0.160358
1.41535,-1.02205
1.42022,-0.917716
1.38021,-0.166564
1.37768,-0.624079
1.38645,-0.763214
1.386,-0.619673
1.34875,-0.179592
1.35931,-0.400414
1.35232,-0.397175
1.40776,-0.944775
1.36087,-0.0420289
1.40483,-0.623458
1.39337,-0.418955
1.36814,-0.56364
1.384,-0.597263
1.35573,-0.28191
1.36862,-0.167004
1.39246,-0.432105
1.38896,-0.428631
1.37786,-0.522447
1.39172,-0.908316
1.37651,-0.213169
1.4012,-0.924773
1.45475,-1.68222
1.44848,-1.6151
1.37537,-0.415563
1.38576,-0.621639
1.39979,-0.936186
1.38338,-0.572342
1.41673,-1.11214
1.3934,-0.862178
1.42377,-1.10183
1.41824,-0.975831
1.3823,-0.531142
1.34375,0.107205
1.38332,-0.118874
1.39024,-0.871912
1.40697,-0.643326
1.37792,-0.739896
1.36564,-0.34762
1.31274,0.686194
1.39918,-0.841881
1.36436,-0.0814276
1.38019,-0.570261
1.37475,-0.746067
1.38523,-0.607697
1.3686,-0.299423
1.3828,-0.666392
1.42546,-0.657807
1.37993,-0.331952
1.36403,-0.375345
1.41483,-0.779589
1.43078,-1.41683
1.38966,-0.629085
1.38093,-0.664981
1.43656,-1.85143
1.38708,-0.706918
1.41286,-0.995798
1.37036,-0.230802
1.37128,-0.505386
1.41688,-0.953318
1.41666,-1.08357
1.32447,0.380348
1.34136,0.0433287
1.36359,-0.382688
1.40797,-0.807649
1.32783,0.300788
1.41515,-1.05821
1.40679,-1.10657
1.39733,-1.11927
1.42224,-0.935822
1.39862,-0.864162
1.39125,-0.846478
1.40939,-1.31089
1.37732,-0.349093
1.39106,-0.77966
1.39447,-0.635267
1.38711,-0.908436
1.3536,-0.0541271
1.3997,-0.341686
1.42266,-1.15172
1.41108,-0.967954
1.38191,-0.202439
1.41061,-1.13492
1.39471,-0.914309
1.37769,-0.813375
1.4008,-0.595499
1.39784,-1.06946
1.3877,-0.620585
1.36978,-0.303285
1.38012,-0.808317
1.35475,-0.39633
1.40179,-1.08384
1.38332,-0.740673
1.38463,-0.487335
1.3909,-0.645069
1.36693,0.14263
1.3533,-0.289557
1.41683,-0.858984
1.363,-0.367188
1.33161,0.355704
1.38347,-0.479005
1.41607,-0.927007
1.40594,-0.922141
1.31212,0.523127
1.38338,-0.743901
1.35445,-0.224915
1.38955,-0.345598
1.40893,-0.939305
1.37111,-0.582808
1.39058,-0.676615
1.36836,-0.343356
1.40081,-0.533893
1.40469,-0.930606
1.427,-1.16838
1.4172,-0.987279
1.37669,-0.573566
1.41491,-1.19697
1.38022,-0.584
1.39326,-0.700833
1.36003,-0.354061
1.40814,-0.94353
1.4039,-0.797335
1.42899,-1.03471
1.39915,-1.1956
1.36837,-0.296887
1.36274,0.0554113
1.38717,-1.06047
1.41037,-1.13862
1.38257,-0.486574
1.38943,-0.556195
1.3726,-0.518172
1.37738,-0.209139
1.42908,-1.43617
1.39859,-0.881994
1.38153,-0.571541
1.39522,-0.73673
1.42353,-1.20785
1.38949,-0.647842
1.36159,-0.0534795
1.3984,-0.838764
1.34947,-0.064576
1.38357,-0.460935
1.40064,-0.812068
1.38299,-0.492063
1.35655,-0.166789
1.39011,-0.686389
1.40191,-0.897411
1.39789,-0.768507
1.40953,-1.26089
1.34626,0.29006
1.38833,-0.306652
1.36876,-0.0652858
1.37599,-0.537232
1.41647,-0.739711
1.38517,-0.441487
1.39648,-1.11122
1.35801,-0.268786
1.37064,-0.36508
1.36165,-0.397617
1.38666,-0.628837
1.40238,-0.961053
1.40436,-0.913327
1.37323,-0.227822
1.35161,0.171196
1.39533,-0.964882
1.40012,-0.875973
1.40172,-1.23605
1.37997,-0.72688
1.39057,-0.558348
1.36543,-0.492531
1.37681,-0.40493
1.35141,0.0782805
1.37024,-0.277627
1.42043,-1.07232
1.37632,-0.401201
1.38771,-0.58231
1.35922,-0.313221
1.45092,-1.65075
1.40697,-0.923632
1.40076,-0.910159
1.37854,-0.287272
1.33863,0.157354
1.40187,-0.682684
1.36143,-0.0592563
1.39961,-0.66958
1.39649,-0.779014
1.34475,0.126243
1.39425,-1.10338
1.39793,-0.880138
1.40962,-0.991371
1.36102,-0.243469
1.38287,-0.671429
1.39281,-0.704335
1.35699,-0.0711198
1.38378,-0.524051
1.39399,-0.872744
1.37558,-0.615595
1.36409,-0.0474988
1.3846,-0.698932
1.39129,-0.505753
1.35712,-0.0164669
1.39785,-0.780391
1.39464,-0.845791
1.40299,-0.941289
1.399,-0.872901
1.36103,-0.0799269
1.35365,0.188285
1.38269,-0.482453
1.39296,-0.609238
1.33209,-0.0206552
1.3929,-0.471822
1.33656,-0.0228229
1.40072,-0.826134
1.36971,-0.400275
1.36434,-0.400507
1.36409,-0.313295
1.3711,-0.468548
1.39534,-0.759339
1.35193,0.0594053
1.40811,-0.969035
1.38205,-0.443694
1.38423,-0.624992
1.36977,-0.196703
1.38717,-0.69036
1.4144,-0.702839
1.41455,-1.45948
1.39968,-0.638025
1.39479,-0.761576
1.44004,-1.13947
1.34766,0.284808
1.40729,-1.28859
1.3682,-0.413603
1.40384,-0.529729
1.3836,-0.507684
1.39719,-0.779178
1.39723,-0.354549
1.39186,-0.659967
1.37879,-0.400024
1.4385,-1.0661
1.39104,-0.501478
1.37286,-0.592968
1.37673,0.0427519
1.37796,-0.676977
1.41318,-1.13649
1.38741,-0.380163
1.38551,-0.629436
1.40889,-1.12517
1.39451,-0.608995
1.38018,-0.569871
1.4022,-0.956124
1.37424,-0.730533
1.34855,0.0447913
1.40055,-0.886413
1.38667,-0.637949
1.36813,-0.377414
1.3868,-0.7396
1.38147,-0.905368
1.35724,-0.337772
1.38469,-0.439587
1.38272,-0.334974
1.41346,-1.01523
1.35915,-0.429409
1.40305,-0.904572
1.3889,-0.811683
1.4121,-1.06026
1.38818,-0.53676
1.37594,-0.801443
1.40051,-0.609802
1.37249,-0.315581
1.40248,-1.0875
1.36435,-0.0720951
1.39361,-0.691342
1.37881,-0.763856
1.34456,-0.288287
1.34997,0.0234205
1.38799,-0.455847
1.40838,-0.838029
1.37414,-0.62517
1.37188,-0.312463
1.38489,-0.548103
1.35576,-0.00208392
1.38588,-0.24292
1.38289,-0.371165
1.33935,-0.0327527
1.38404,-0.39661
1.39687,-0.729964
1.40511,-0.743755
1.38338,-0.421644
1.37217,-0.224646
1.37115,-0.370084
1.37289,-0.399452
1.33692,-6.83172e-05
1.39158,-0.590044
1.35868,-0.342816
1.43364,-1.07639
1.40392,-0.617151
1.37668,-0.378577
1.41639,-0.981782
1.34303,0.273432
1.42009,-0.916386
1.44199,-1.38268
1.39702,-0.901279
1.39925,-0.730505
1.39406,-0.77268
1.39285,-0.835641
1.39499,-0.858517
1.35747,-0.256569
1.37042,-0.496063
1.36775,-0.431352
1.40057,-0.723378
1.39005,-0.590396
1.40824,-1.27004
1.40146,-0.89025
1.35309,0.0271236
1.37801,-0.741527
1.41015,-0.884996
1.39295,-0.142388
1.36759,-0.331821
1.35409,-0.339845
1.40288,-0.833944
1.38899,-0.61148
1.40611,-0.54355
1.39087,-0.772433
1.39832,-1.10268
1.45561,-1.76886
1.41187,-1.38025
1.41316,-0.755244
1.34564,0.148324
1.39116,-0.475568
1.42747,-1.55379
1.40274,-0.826212
1.37578,-0.224321
1.39676,-0.872652
1.41507,-0.952343
1.3542,-0.619925
1.34915,-0.0198083
1.36545,-0.018353
1.36844,-0.200656
1.34986,0.181052
1.37518,-0.654406
1.36069,0.0386762
1.4,-0.740337
1.42471,-1.09886
1.38334,-0.758761
1.386,-0.705097
1.37941,-0.216115
1.42528,-1.44401
1.38806,-0.795183
1.39009,-0.539754
1.40022,-0.843616
1.35828,-0.139577
1.38867,-0.635286
1.38686,-0.753932
1.38583,-0.673877
1.36621,-0.424681
1.37243,-0.388884
1.38198,-0.722817
1.37679,-0.586837
1.36896,-0.471513
1.3518,-0.236967
1.40645,-0.722963
1.40678,-0.643441
1.39716,-0.861683
1.36528,-0.76174
1.36787,-0.55262
1.35565,-0.0990631
1.39036,-0.273755
1.37527,-0.461648
1.38411,-0.771815
1.36905,-0.00302438
1.34927,-0.162076
1.43839,-1.22598
1.45819,-1.68646
1.33271,0.226699
1.38701,-0.89406
1.40414,-1.07419
1.38736,-0.74264
1.38357,-0.694282
1.38965,-0.568897
1.37924,-0.747899
1.3603,-0.186534
1.39778,-1.22175
1.40227,-1.01212
1.40712,-0.679688
1.37164,-0.681139
1.38592,-0.4851
1.39731,-0.691503
1.42177,-1.21135
1.38071,-0.263087
1.3846,-0.157718
1.3965,-0.587696
1.36142,0.16769
1.3776,-0.514457
1.39266,-0.456491
1.40922,-0.931552
1.39997,-0.995825
1.3529,-0.153466
1.37451,-0.476253
1.37256,-0.405094
1.38061,-0.596812
1.4094,-0.807575
1.39123,-0.825999
1.43651,-1.17252
1.42746,-1.32144
1.39581,-1.01038
1.36763,-0.418207
1.40484,-0.711126
1.40253,-0.680125
1.36952,-0.38593
1.39824,-0.449027
1.35838,-0.413179
1.38636,-0.562424
1.35052,0.00403567
1.40938,-0.702082
1.3531,-0.0891014
1.39801,-0.739771
1.37015,-0.599085
1.3641,-0.0153676
1.39833,-0.826336
1.43587,-1.15293
1.36733,0.058756
1.37074,-0.363872
1.37398,-0.624429
1.36978,-0.272269
1.43311,-0.914537
1.38072,-0.257643
1.4347,-1.20229
1.37039,-0.293482
1.39858,-0.758296
1.41714,-1.11771
1.38635,-0.176428
1.40085,-1.06578
1.41977,-0.922833
1.38171,-0.201234
1.4016,-0.984852
1.35769,0.0344655
1.39299,-0.940684
1.3612,-0.286818
1.37794,-0.570765
1.3599,-0.216111
1.41355,-0.957012
1.38344,-0.506057
1.41055,-0.717115
1.37272,-0.389104
1.35219,-0.458219
1.3592,-0.422111
1.38398,-0.296662
1.39106,-0.584457
1.38871,-0.839252
1.38393,-0.756927
1.401,-0.514998
1.39799,-0.564796
1.37672,-0.394781
1.42958,-1.1604
1.36231,-0.146935
1.43196,-1.06732
1.40842,-0.869586
1.40795,-0.845473
1.3552,-0.236659
1.36803,-0.491477
1.39967,-0.812973
1.35866,-0.114062
1.4275,-1.4735
1.40802,-0.766993
1.38306,-0.500833
1.40421,-1.27452
1.34579,-0.185255
1.35786,-0.256204
1.39452,-0.543606
1.41992,-1.17687
1.45619,-1.34669
1.38993,-0.600286
1.3595,-0.169652
1.38338,-0.436637
1.40103,-0.456199
1.40855,-0.715185
1.37682,-0.120649
1.41966,-1.26081
1.39097,-0.882278
1.417,-0.892778
1.38246,-0.379046
1.41772,-0.960339
1.38207,-0.658709
1.40748,-0.859119
1.38525,-0.525044
1.36126,-0.421792
1.34822,0.133426
1.3689,-0.564247
1.36112,-0.111188
1.38405,-0.593506
1.3756,-0.59986
1.43072,-1.54172
1.38621,-0.808913
1.41711,-0.932122
1.38683,-0.646051
1.39965,-0.981872
1.36419,-0.257343
1.37808,-0.636526
1.40573,-0.705296
1.3875,-0.520063
1.36696,-0.292483
1.41573,-1.39692
1.40122,-0.782806
1.39839,-0.69469
1.38682,-0.352275
1.40213,-0.93657
1.35948,-0.105429
1.34662,0.190762
1.40842,-1.39573
1.38196,-0.609452
1.39181,-0.608743
1.36635,-0.355735
1.37072,-0.287846
1.40941,-1.08106
1.38167,-0.46591
1.37288,-0.5776
1.39651,-0.689743
1.41411,-1.03226
1.40182,-0.677261
1.41169,-0.842254
1.36956,-0.405124
1.41343,-0.875329
1.38217,-0.403672
1.38651,-0.298305
1.36288,-0.414263
1.35045,0.135467
1.40055,-0.869363
1.37437,-0.386789
1.35603,-0.214447
1.37515,-0.198775
1.41392,-1.28698
1.40979,-0.93188
1.38267,-0.65378
1.41381,-0.793618
1.35424,-0.204381
1.42139,-1.40968
1.3933,-0.765903
1.37948,-0.39816
1.40091,-0.952472
1.39802,-0.658345
1.37958,-0.214377
1.36233,0.0247498
1.35991,-0.392002
1.41906,-1.17143
1.40346,-0.886935
1.40915,-0.671201
1.34233,0.324597
1.36366,-0.268318
1.36334,-0.487144
1.40326,-0.733999
1.39615,-0.940064
1.38683,-0.603131
1.35747,-0.197637
1.40332,-0.923357
1.39663,-0.564541
1.36058,-0.07028
1.38738,-0.401733
1.39309,-0.535828
1.37412,-0.69869
1.3872,-0.756235
1.38419,-0.502828
1.39976,-0.76909
1.41501,-0.925005
1.39809,-1.22877
1.36982,-0.195777
1.38867,-0.766814
1.37508,-0.373029
1.39276,-0.70174
1.38678,-0.434111
1.40117,-1.06881
1.42213,-1.44235
1.40391,-0.87614
1.37863,-0.557707
1.42004,-1.16279
1.4297,-1.20056
1.39672,-0.81773
1.37842,-0.545759
1.34434,-0.141977
1.42227,-1.09969
1.38878,-0.502386
1.38505,-0.900771
1.39403,-0.294912
1.34296,-0.279632
1.34493,-0.0274244
1.37699,-0.124066
1.40163,-0.655705
1.38304,-0.430911
1.35125,-0.203958
1.40472,-0.807788
1.41034,-0.522488
1.38973,-0.593305
1.40242,-1.01712
1.34214,-0.0803208
1.37349,-0.507699
1.40621,-0.661296
1.39531,-0.670922
1.41286,-0.707315
1.39892,-0.79889
1.38274,-0.523574
1.40306,-0.591289
1.36254,-0.147922
1.39917,-0.601437
1.39107,-0.545463
1.35012,0.0498423
1.36705,-0.227183
1.38608,-0.571044
1.40468,-0.901049
1.37214,-0.167988
1.37727,-0.57822
1.40039,-0.665448
1.41331,-1.23991
1.38418,-0.354228
1.3778,-0.576484
1.31298,0.291547
1.379,-0.532435
1.40297,-0.553588
1.39198,-0.950374
1.34541,-0.0419922
1.37967,-0.596259
1.35788,-0.118664
1.39579,-0.731254
1.38626,-0.499079
1.40918,-0.841882
1.38677,-0.238588
1.37767,-0.437479
1.40285,-1.00017
1.41711,-1.18268
1.32754,0.331419
1.36719,-0.363732
1.37307,-0.230213
1.36318,-0.270614
1.3943,-0.778149
1.33297,0.203978
1.39413,-0.706875
1.35954,0.0626799
1.37538,-0.443244
1.3794,-0.844881
1.41582,-1.46015
1.41371,-0.853703
1.34279,0.07343
1.39417,-0.841701
1.36169,-0.3222
1.37847,-0.411842
1.39614,-0.755234
1.36329,-0.481883
1.34773,0.14613
1.4022,-0.561287
1.38905,-0.574101
1.39951,-0.681511
1.39569,-0.904812
1.37566,-0.368642
1.37836,-0.438936
1.39848,-0.721913
1.38471,-0.090084
1.39154,-0.592688
1.39533,-0.606074
1.41143,-1.32989
1.41955,-1.15916
1.41275,-1.19254
1.35793,-0.517044
1.38958,-0.380659
1.34718,0.18231
1.38305,-0.698573
1.40595,-0.912454
1.39596,-0.693411
1.36945,-0.339604
1.39504,-1.11358
1.42343,-1.09264
1.37114,-0.41316
1.40434,-0.445169
1.38181,-0.245646
1.38287,-0.205138
1.38935,-0.809128
1.40025,-1.00213
1.38872,-0.56896
1.38318,-0.720848
1.38457,-0.574469
1.38908,-0.70018
1.44563,-1.59957
1.39838,-0.734754
1.45389,-1.40911
1.43898,-1.09257
1.39435,-0.737915
1.37728,-0.443956
1.33951,-0.0636005
1.37335,-0.71304
1.41737,-1.0838
1.36366,-0.346549
1.37214,-0.447786
1.37766,-0.211019
1.39573,-0.882576
1.37865,-0.357925
1.42237,-1.19358
1.34034,-0.101153
1.34774,-0.117795
1.40071,-0.524711
1.41312,-0.909422
1.42226,-1.06229
1.37758,-0.0535979
1.39428,-0.728463
1.35665,-0.159137
1.3509,-0.333603
1.42132,-0.735603
1.35556,-0.147914
1.38589,-0.350097
1.36129,-0.393105
1.39421,-0.835215
1.35863,-0.71732
1.37784,-0.158587
1.38346,-0.465898
1.38639,-0.686228
1.38571,-0.968396
1.39469,-0.470349
1.35562,-0.206882
1.38162,-0.387982
1.32343,0.410937
1.38022,-0.756591
1.38881,-0.89472
1.4164,-1.27443
1.34412,0.0816993
1.39537,-0.328073
1.40259,-0.800111
1.35971,-0.261622
1.41108,-1.16313
1.38903,-0.383863
1.39575,-0.597951
1.36992,-0.43173
1.39667,-0.76333
1.36662,-0.372952
1.42463,-1.07802
1.41136,-0.81755
1.41117,-1.14647
1.42912,-1.15361
1.37271,-0.402097
1.33165,0.0417659
1.34512,0.0330779
1.39709,-0.838549
1.362,-0.331998
1.39902,-0.684607
1.36462,-0.250899
1.40691,-0.937631
1.4323,-1.23435
1.37612,-0.322055
1.39517,-0.899955
1.39545,-0.680766
1.38229,-0.0127788
1.3894,-0.462382
1.3542,-0.0773322
1.34455,0.00218262
1.3818,-0.986284
1.34746,0.129205
1.37088,-0.376491
1.41393,-0.706044
1.36758,-0.0159466
1.4028,-0.886196
1.39276,-0.783083
1.37101,-0.601619
1.37404,-0.110534
1.37255,-0.567052
1.38069,-0.180142
1.41968,-1.55305
1.37999,-0.602782
1.38003,-0.590517
1.36553,-0.487396
1.36093,-0.107646
1.39044,-0.795654
1.36578,-0.625923
1.36302,-0.261022
1.40262,-0.871549
1.39709,-1.01223
1.3736,-0.5024
1.36595,-0.320695
1.3772,-0.475493
1.41239,-0.826041
1.36224,-0.553359
1.38887,-0.663134
1.35064,-0.13026
1.39057,-0.722732
1.40993,-0.867956
1.37164,-0.757119
1.38512,-0.471186
1.42255,-0.912045
1.38247,-0.35825
1.37292,-0.552157
1.44018,-1.10935
1.38078,-0.6976
1.36976,-0.377964
1.41555,-1.02807
1.30051,0.703914
1.35902,0.0187518
1.38773,-1.00663
1.38908,-0.623185
1.38137,-0.352583
1.4027,-0.84762
1.38923,-0.590669
1.36725,-0.289376
1.3917,-0.583359
1.36748,-0.460838
1.42032,-1.24099
1.34773,0.0967875
1.36876,-0.549577
1.36829,-0.21103
1.33763,0.457145
1.39787,-0.655103
1.4192,-1.28698
1.3836,-0.365332
1.38747,-0.338794
1.39508,-0.457342
1.34688,-0.235459
1.37185,-0.390591
1.34956,-0.229625
1.37944,-0.840682
1.35858,-0.296079
1.40922,-0.960819
1.40326,-0.864034
1.36752,-0.656705
1.37829,-0.45426
1.39769,-0.663229
1.35143,-0.0907645
1.4237,-1.03762
1.40466,-1.02597
1.35951,-0.243962
1.35249,-0.232156
1.40893,-1.03289
1.36289,-0.255172
1.38451,-0.50703
1.38831,-0.883835
1.37497,-0.670421
1.3356,0.244681
1.3707,-0.256568
1.39003,-0.751166
1.35623,-0.218629
1.3621,-0.299732
1.43205,-0.94925
1.38244,-0.405582
1.40197,-0.598193
1.42247,-1.05809
1.36663,-0.321568
1.38215,-0.194587
1.33616,0.351384
1.42124,-1.11434
1.36528,-0.7352
1.36437,0.134866
1.36322,-0.129915
1.3935,-0.677771
1.36027,-0.3877
1.39314,-0.519501
1.3723,-0.112392
1.41695,-0.866878
1.4257,-1.14585
1.39942,-0.741128
1.38272,-0.740724
1.36545,-0.538379
1.35787,-0.316388
1.43583,-1.43555
1.36543,-0.518243
1.40458,-0.820995
1.3774,-0.538768
1.39692,-0.488901
1.35604,-0.215837
1.42292,-1.07184
1.38737,-0.480423
1.40907,-0.525344
1.40677,-0.760696
1.42442,-1.4572
1.39326,-0.761858
1.35853,-0.186267
1.3896,-0.439292
1.40454,-0.608653
1.39293,-0.873938
1.37481,-0.347115
1.38118,-0.607028
1.36535,-0.207824
1.39821,-0.610309
1.39952,-0.803844
1.37565,-0.598353
1.43284,-1.47777
1.38374,-0.678653
1.39161,-0.766175
1.37611,-0.497677
1.40872,-0.949659
1.4036,-0.65319
1.37979,-0.320363
1.34125,0.250793
1.32903,0.124846
1.38981,-0.747735
1.37986,-0.421714
1.37251,-0.337147
1.39788,-0.798926
1.35252,-0.466961
1.38961,-0.634475
1.39419,-0.743499
1.40623,-0.846035
1.41237,-0.919674
1.37612,-0.301577
1.37799,-0.492275
1.37614,-0.0743246
1.39185,-0.622151
1.34747,-0.207328
1.42198,-1.19986
1.40095,-0.904266
1.36165,-0.552489
1.43087,-1.47878
1.3446,0.108723
1.41315,-1.11663
1.37064,-0.0990607
1.39083,-0.459017
1.36116,-0.364266
1.39226,-0.52863
1.39235,-0.406091
1.37731,-0.666565
1.36533,-0.257254
1.38966,-0.744854
1.36988,-0.517559
1.36446,-0.406567
1.35354,-0.15342
1.38856,-0.834204
1.43315,-1.08347
1.39771,-0.889166
1.40139,-0.922219
1.38746,-0.788977
1.39651,-0.808544
1.39127,-0.530836
1.412,-0.978543
1.41407,-0.913308
1.36838,-0.525901
1.36162,-0.404719
1.38661,-0.971196
1.37765,-0.435765
1.36258,-0.0180352
1.39514,-0.928481
1.39028,-0.287264
1.38738,-0.761755
1.41185,-1.12342
1.38066,-0.574911
1.39033,-0.663239
1.40727,-0.950827
1.37999,-0.603198
1.39574,-0.676621
1.37241,-0.0520857
1.34036,-0.00441411
1.37391,-0.721579
1.40215,-1.06096
1.36357,-0.328597
1.37543,-0.592786
1.37998,-0.546858
1.42339,-0.910341
1.35827,0.018698
1.4074,-0.582822
1.36084,-0.314279
1.40225,-1.08569
1.41747,-1.03902
1.34886,0.471753
1.41855,-0.51291
1.38998,-0.421121
1.37091,-0.445546
1.36992,-0.222261
1.39233,-0.694738
1.41076,-0.84332
1.34578,-0.103775
1.35707,-0.123015
1.38143,-0.184983
1.39931,-0.621766
1.34141,0.407366
1.44922,-1.33614
1.3785,-0.359848
1.38884,-0.819161
1.37943,-0.584864
1.39798,-0.786187
1.38346,-0.366541
1.38278,-0.399902
1.39279,-0.534258
1.42112,-1.00742
1.39773,-0.676233
1.3932,-0.726941
1.41913,-1.09844
1.36988,-0.384583
1.40425,-1.0714
1.37489,-0.559292
1.39634,-0.82689
1.38566,-0.553825
1.34843,-0.0867087
1.40396,-0.817071
1.37142,-0.530103
1.38404,-0.299628
1.4238,-1.12432
1.38108,-0.440638
1.36519,-0.634708
1.3592,-0.397698
1.3946,-0.968231
1.36141,-0.340335
1.41369,-1.06406
1.41762,-1.31279
1.40827,-0.877153
1.34642,-0.345079
1.37417,-0.851571
1.39476,-1.0963
1.41086,-0.953986
1.38934,-0.995854
1.3864,-0.505667
1.36813,-0.454279
1.35593,-0.22749
1.3629,-0.266726
1.43318,-1.38957
1.36636,-0.171001
1.3832,-0.373698
1.4199,-1.18729
1.39482,-0.936651
1.41911,-1.15383
1.41318,-0.998548
1.38978,-0.784037
1.36197,-0.475763
1.36429,-0.445049
1.3804,-0.348008
1.38319,-0.483151
1.41234,-0.722953
1.39116,-0.501816
1.37241,-0.63843
1.38277,-0.481145
1.37472,-0.158406
1.35735,-0.236949
1.37511,-0.45866
1.3912,-0.68671
1.41469,-0.921364
1.38329,-0.404112
1.39938,-0.723976
1.39696,-0.812161
1.39806,-1.18811
1.31887,0.344317
1.37339,-0.101238
1.41323,-1.04374
1.39456,-0.627396
1.37443,-0.457147
1.37778,-0.333573
1.43331,-0.872901
1.39232,-0.305963
1.40821,-0.466767
1.36638,-0.404258
1.41128,-0.956665
1.43497,-0.780517
1.40505,-0.680399
1.35438,-0.366052
1.37853,-0.49644
1.38242,-0.243169
1.4026,-0.80477
1.3676,-0.396708
1.38753,-0.536691
1.41418,-0.865353
1.34814,-0.0441612
1.36489,-0.541155
1.41134,-1.06106
1.43591,-1.77592
1.35898,-0.331375
1.38521,-0.710949
1.34363,0.140859
1.3644,-0.290354
1.38258,-0.582701
1.38129,-0.336654
1.38217,-0.338645
1.41103,-0.921762
1.39181,-0.535481
1.38394,-0.47018
1.4202,-0.961217
1.34481,0.175317
1.3344,0.0542888
1.38195,-0.48171
1.41194,-0.92685
1.40234,-0.714411
1.3499,-0.252529
1.38924,-0.575385
1.40559,-1.12278
1.38584,-0.336268
1.36973,-0.150545
1.3946,-0.547275
1.40651,-1.06152
1.35169,-0.135282
1.41076,-0.948341
1.3631,-0.378201
1.37399,-0.708585
1.37331,-0.398724
1.38435,-0.524557
1.356,-0.557406
1.382,-0.694921
1.35034,0.0272252
1.36974,-0.649963
1.38511,-0.857706
1.37355,-0.477095
1.4089,-1.25659
1.3788,-0.510594
1.35243,-0.135222
1.42461,-1.28867
1.40658,-0.875229
1.37183,-0.13634
1.41895,-1.27787
1.35423,-0.122047
1.39391,-0.528016
1.41205,-0.89421
1.42312,-1.35288
1.40922,-0.948715
1.37352,-0.590537
1.38624,-0.408223
1.38289,0.00143078
1.38951,-1.12375
1.43855,-1.52017
1.40729,-1.00357
1.38735,-0.582075
1.39698,-0.788713
1.4081,-1.0623
1.34595,0.0380482
1.34391,0.076115
1.39316,-0.731874
1.41543,-0.95307
1.40803,-1.17649
1.35611,-0.175482
1.35782,-0.225951
1.41609,-1.02806
1.40557,-0.980158
1.39539,-0.591527
1.37955,-0.725833
1.40809,-0.74087
1.37513,-0.452515
1.38273,-0.395763
1.39692,-0.524404
1.34982,-0.0920047
1.40502,-0.720614
1.40339,-0.855178
1.39496,-0.618321
1.41403,-1.29793
1.37977,-0.686958
1.36421,-0.292091
1.39177,-0.815687
1.38398,-0.45682
1.34487,0.282407
1.42753,-0.893084
1.3538,-0.188928
1.42087,-1.18262
1.38223,-0.782904
1.39216,-0.69801
1.43134,-1.28632
1.36718,-0.54109
1.38515,-0.326499
1.40284,-0.980494
1.35932,0.138311
1.37547,-0.398825
1.36703,-0.491808
1.3932,-0.828755
1.39193,-0.635306
1.41466,-1.06004
1.38786,-0.616835
1.3698,-0.185272
1.41054,-0.99668
1.37735,-0.698806
1.32017,-0.0835772
1.39994,-0.60981
1.40003,-0.93188
1.40235,-0.969228
1.36997,-0.329411
1.36348,-0.647414
1.38239,-0.347296
1.39599,-0.888721
1.35471,-0.0642429
1.32926,-0.155309
1.37767,-0.330092
1.39859,-0.934995
1.42085,-0.910235
1.40416,-0.908847
1.34718,-0.174709
1.40065,-0.649733
1.40007,-1.12409
1.35215,-0.489558
1.33398,-0.125309
1.34245,0.221734
1.38347,-0.769213
1.41451,-1.11191
1.35782,-0.058346
1.43169,-0.88323
1.39409,-0.618795
1.40224,-0.858696
1.37055,-0.28037
1.375,-0.5858
1.36007,-0.378871
1.38407,-0.375746
1.36704,-0.396424
1.34251,0.238116
1.39434,-0.391828
1.41282,-1.32045
1.35344,-0.0329247
1.37998,-0.621045
1.40017,-0.679887
1.38312,-0.690816
1.38741,-0.669979
1.40855,-1.03076
1.38742,-0.613443
1.39959,-0.741001
1.3682,-0.505517
1.39972,-0.438624
1.35825,0.0275304
1.36537,-0.0003255
1.38256,-0.464885
1.42658,-1.34653
1.38929,-0.718423
1.34679,0.0233764
1.36312,-0.225231
1.3517,-0.00856895
1.37146,-0.488894
1.37615,-0.808582
1.37865,-0.577518
1.35879,-0.218328
1.38893,-0.484095
1.38259,-0.316789
1.39465,-0.859836
1.36909,-0.56731
1.42743,-1.16928
1.38666,-0.549951
1.35691,0.0349949
1.3876,-0.713003
1.41093,-0.938459
1.36706,-0.0220016
1.36461,-0.425293
1.37815,-0.477374
1.4198,-1.40831
1.39927,-0.611051
1.38505,-0.79796
1.3907,-0.842499
1.34629,0.195903
1.3891,-0.496166
1.35581,-0.145605
1.42074,-1.02709
1.41004,-0.886499
1.39035,-0.804275
1.41351,-0.856729
1.37496,-0.615863
1.41502,-1.0198
1.39103,-0.561388
1.3632,-0.266151
1.34364,-0.171815
1.38705,-0.610379
1.36665,-0.204591
1.38744,-0.384994
1.41634,-1.00247
1.39265,-0.551784
1.37986,-0.16371
1.3953,-0.477786
1.35194,-0.225473
1.38184,-0.391493
1.35415,-0.164141
1.40471,-0.88547
1.36455,0.0896414
1.37272,-0.502809
1.39186,-0.821888
1.43276,-1.30871
1.393,-0.590373
1.42768,-1.27089
1.38641,-0.429468
1.40106,-0.779693
1.41812,-1.05986
1.35554,-0.220345
1.36184,-0.473819
1.38958,-0.733087
1.35745,0.0128869
1.38884,-0.832262
1.3906,-0.638531
1.38001,-0.590138
1.39497,-0.807976
1.40796,-1.06622
1.35916,-0.460405
1.40939,-1.13338
1.38624,-0.565278
1.37931,-0.748853
1.36711,-0.0470066
1.38453,-0.740475
1.37317,-0.141401
1.35077,-0.024198
1.41308,-1.20144
1.35814,0.0872547
1.43282,-1.25606
1.42852,-1.52669
1.36069,-0.36566
1.3698,-0.310575
1.37563,-0.400896
1.40957,-0.570835
1.37132,-0.20909
1.38665,-0.604602
1.38575,-0.896749
1.37673,-0.424202
1.37268,-0.338746
1.36155,-0.206136
1.4011,-0.707512
1.41305,-1.07524
1.3824,-0.465255
1.3973,-1.05795
1.34583,0.0623666
1.38915,-0.855329
1.40722,-0.897675
1.37888,-0.594217
1.38465,-0.720013
1.4227,-1.06997
1.37273,0.0508259
1.35376,-0.266403
1.36716,-0.226831
1.38007,-0.315592
1.37777,-0.148566
1.39592,-0.711404
1.40114,-0.867157
1.37972,-0.429409
1.37911,-0.643467
1.38641,-0.382895
1.37947,-0.769217
1.35091,0.0835567
1.40949,-1.19173
1.35919,-0.157585
1.40432,-0.891405
1.40114,-0.756071
1.3704,-0.418463
1.36313,-0.359769
1.37488,-0.623047
1.37896,-0.471129
1.36595,-0.116752
1.40021,-0.891217
1.39628,-0.985807
1.43097,-1.36983
1.33924,0.338653
1.3818,-0.683311
1.39602,-1.01618
1.3578,-0.144978
1.33225,0.20614
1.40523,-0.767396
1.39311,-0.785314
1.38905,-0.607816
1.3495,0.285751
1.40289,-0.845707
1.41807,-0.990285
1.40767,-0.570541
1.3626,-0.415943
1.38775,-0.499846
1.40515,-1.00019
1.39589,-0.681836
1.3847,-0.920227
1.37385,-0.343789
1.41502,-1.07504
1.39589,-0.828291
1.4075,-1.13422
1.38466,-0.634046
1.41117,-0.821735
1.40968,-0.903848
1.39701,-0.612755
1.38386,-0.22846
1.38407,-0.48694
1.37953,-0.693463
1.34377,0.0218647
1.38725,-0.72958
1.39117,-0.612944
1.39453,-0.680504
1.37745,-0.670929
1.35948,-0.221079
1.39162,-0.35456
1.35347,0.192245
1.37959,-0.363107
1.42269,-0.804947
1.35245,-0.174723
1.37923,-0.746475
1.39042,-0.304533
1.4116,-1.02501
1.36252,-0.294035
1.34646,0.058676
1.3778,-0.757547
1.39611,-1.10056
1.40999,-0.863199
1.37538,-0.625747
1.38768,-0.585567
1.37652,-0.334774
1.36088,-0.218436
1.39234,-0.773359
1.37854,-0.537208
1.42269,-0.746696
1.39858,-0.435136
1.41683,-1.1897
1.37103,-0.319101
1.39107,-0.515549
1.37458,-0.483139
1.41583,-0.915606
1.41661,-1.0038
1.39417,-1.17567
1.36781,-0.398736
1.38342,-0.317609
1.38809,-0.850913
1.33544,0.259293
1.39517,-1.07825
1.40604,-1.23936
1.39295,-0.701003
1.36828,-0.214903
1.34061,0.317394
1.35798,-0.22216
1.39942,-0.999981
1.35967,-0.112303
1.41914,-1.03956
1.34552,-0.0633638
1.40642,-0.83596
1.36115,-0.30264
1.40279,-0.74699
1.34928,-0.0191946
1.35836,-0.106811
1.35077,-0.238844
1.35072,-0.00953026
1.35892,0.000429641
1.3677,0.0319279
1.36599,-0.393628
1.41591,-1.04715
1.45034,-1.52242
1.3946,-0.676666
1.42637,-1.18001
1.41221,-0.776614
1.39993,-0.443886
1.3476,0.377735
1.36272,-0.183162
1.35933,-0.134577
1.40237,-1.10412
1.38002,-0.437294
1.36257,-0.471338
1.38182,-0.336095
1.34059,0.00282483
1.41174,-0.90017
1.3731,-0.603266
1.4086,-1.06116
1.37345,-0.184453
1.34789,-0.131691
1.37386,-0.372582
1.40631,-0.890115
1.38674,-0.632843
1.42205,-1.41033
1.40722,-1.02005
1.39135,-0.615876
1.35474,-0.0104527
1.39631,-0.868801
1.40617,-0.800119
1.38922,-0.414307
1.3973,-0.840886
1.40319,-1.00114
1.42377,-1.13571
1.39929,-0.720803
1.36879,-0.276376
1.38571,-0.547981
1.39387,-0.644357
1.39055,-1.31333
1.34409,-0.447841
1.39932,-0.936063
1.37486,-0.676469
1.38437,-0.763731
1.38646,-0.828186
1.35668,-0.366485
1.4258,-1.67442
1.40005,-0.925141
1.37441,-0.484214
1.39369,-0.974407
1.35952,-0.370981
1.38542,-0.816747
1.36256,-0.23504
1.36099,-0.304853
1.37334,-0.450449
1.31707,0.166862
1.40823,-0.844529
1.34945,-0.312119
1.39362,-0.461975
1.43312,-1.37354
1.38419,-0.220728
1.35468,0.0150093
1.36908,-0.370036
1.38414,-0.574841
1.35905,-0.297666
1.3595,0.00700377
1.41415,-1.02313
1.36903,-0.462357
1.44186,-1.30545
1.36569,-0.230277
1.3741,-0.232726
1.43437,-1.15965
1.38628,-0.691387
1.33926,0.07302
1.431,-1.6131
1.40062,-0.815727
1.3654,-0.539709
1.34434,0.160674
1.40593,-0.764044
1.45707,-1.36272
1.42834,-1.09545
1.37233,-0.285315
1.34344,-0.0293892
1.43893,-1.55975
1.40648,-0.961575
1.35993,0.188023
1.41262,-1.15075
1.39307,-0.780172
1.38119,-0.721785
1.39201,-0.833213
1.39887,-0.560905
1.36701,-0.101223
1.38855,-0.691524
1.38252,-0.440151
1.41145,-1.00218
1.42469,-1.05425
1.36674,-0.250486
1.42754,-1.23698
1.39195,-0.433152
1.40533,-0.622257
1.38703,-0.760825
1.39617,-0.491619
1.38049,-0.526701
1.39822,-0.805685
1.37903,-0.548145
1.40562,-0.63886
1.42273,-1.29317
1.42458,-1.23428
1.39243,-0.727094
1.37046,-0.270204
1.34892,-0.266979
1.38893,-0.852146
1.40048,-0.567811
1.37938,-0.604588
1.43465,-1.36073
1.41023,-1.03245
1.40697,-0.904231
1.35087,0.0389658
1.37453,-0.285925
1.38727,-0.904488
1.3616,-0.291629
1.38265,-0.676625
1.37749,-0.857301
1.40554,-0.6379
1.35793,-0.288852
1.40153,-0.325486
1.34884,-0.118641
1.39649,-0.812234
1.36822,-0.595526
1.36992,-0.105859
1.38059,-0.660471
1.37082,-0.426071
1.33256,0.227093
1.4147,-1.10544
1.39707,-0.813549
1.35638,-0.292346
1.35204,-0.279641
1.35574,0.0671984
1.34907,-0.138345
1.37486,-0.333362
1.38894,-0.527226
1.40037,-0.62554
1.39149,-0.730416
1.36644,-0.418333
1.39463,-0.93516
1.37984,-0.505544
1.37964,-0.704347
1.34695,0.204011
1.37952,-0.438934
1.41784,-1.16444
1.40169,-0.690202
1.39152,-0.638832
1.36174,-0.16388
1.34537,-0.150545
1.38066,-0.442725
1.39186,-0.581755
1.39092,-0.624667
1.38329,-0.739105
1.39882,-0.667795
1.31594,0.392969
1.34191,0.0795719
1.38973,-0.823884
1.35957,-0.122952
1.36069,-0.206237
1.39461,-0.535171
1.3952,-0.541653
1.37175,-0.668913
1.39186,-0.746052
1.35321,-0.0271807
1.39161,-0.901573
1.32375,0.274126
1.36402,-0.0473284
1.38721,-0.84862
1.37173,-0.661105
1.38958,-0.517552
1.40143,-0.538657
1.40363,-0.810665
1.39734,-0.606786
1.36016,-0.162239
1.39648,-0.636647
1.38481,-0.263809
1.3623,0.104837
1.36112,-0.0731885
1.39323,-0.302319
1.4007,-0.984529
1.34558,0.192569
1.40312,-0.458189
1.37032,-0.487403
1.36172,-0.729785
1.4084,-0.685859
1.39937,-0.694146
1.38801,-0.633549
1.40382,-0.99816
1.3733,-0.59074
1.37449,-0.36426
1.38775,-0.584094
1.40287,-0.732074
1.36734,-0.547038
1.3617,-0.424431
1.37101,-0.249742
1.34238,-0.112941
1.41065,-1.30525
1.37925,-0.364315
1.35469,0.22483
1.35872,-0.225435
1.36815,-0.361707
1.39643,-0.659783
1.35985,-0.430694
1.38308,-0.743224
1.38617,-0.669821
1.34132,-0.245131
1.37518,-0.658917
1.38021,-0.701866
1.39521,-0.354016
1.3848,-0.881736
1.39216,-0.656773
1.39185,-0.871831
1.40795,-1.17426
1.36433,-0.258408
1.36827,-0.195062
1.3878,-0.0497332
1.361,-0.18284
1.39629,-0.908198
1.41032,-1.03944
1.38461,-0.65935
1.40931,-1.16015
1.38577,-0.78885
1.3915,-0.758469
1.41941,-0.916334
1.3897,-0.588207
1.41542,-0.86692
1.35055,-0.240113
1.36516,-0.076978
1.39372,-0.803361
1.41765,-1.3817
1.40172,-0.937628
1.40066,-1.06393
1.41567,-0.856286
1.39399,-0.855646
1.41044,-0.85344
1.40816,-1.15251
1.3854,-0.653462
1.41298,-0.779351
1.35732,-0.572602
1.38517,-0.622947
1.36752,-0.4328
1.44193,-0.880007
1.37882,-0.28853
1.39487,-0.717271
1.38922,-0.594757
1.37577,-0.666184
1.38574,-0.513682
1.38875,-0.107169
1.36869,-0.256957
1.40133,-0.480198
1.39373,-0.749456
1.37722,-0.654765
1.39754,-0.656311
1.38746,-0.634416
1.38978,-0.988636
1.36639,-0.079021
1.37295,-0.723687
1.39958,-0.643404
1.38853,-0.42219
1.42228,-1.42576
1.39506,-0.447526
1.37713,-0.381932
1.39178,-0.561241
1.37802,-0.553496
1.38461,-0.766187
1.38854,-0.962038
1.38029,-0.474301
1.37403,-0.296266
1.38125,-0.383873
1.38243,-0.520479
1.38464,-0.241767
1.39953,-0.848892
1.37284,-0.21835
1.37021,-0.215467
1.43711,-1.36189
1.40109,-1.21816
1.37885,-0.412608
1.40699,-0.937996
1.36888,-0.132064
1.35054,-0.317988
1.39882,-0.735122
1.40551,-0.670037
1.39925,-0.726443
1.40359,-1.1706
1.38203,-0.500675
1.41775,-1.2457
1.3797,-0.561929
1.40106,-0.801699
1.36963,-0.694088
1.39567,-0.856033
1.38606,-0.474259
1.35116,-0.217956
1.38774,-0.76825
1.3851,-0.384085
1.37322,-0.633329
1.41802,-1.12931
1.41862,-0.883577
1.39293,-0.844225
1.379,-0.35475
1.38591,-0.381141
1.36322,-0.411715
1.3836,-0.726743
1.36754,-0.464396
1.3853,-0.5449
1.36597,-0.664939
1.41282,-0.813251
1.36686,-0.654895
1.40209,-0.677958
1.36132,-0.360018
1.37779,-0.767806
1.43354,-1.09264
1.38792,-0.590818
1.38836,-0.659458
1.39582,-0.724597
1.39646,-0.967467
1.35595,-0.540827
1.43169,-0.826085
1.38485,-0.471125
1.37337,-0.378612
1.36324,-0.0479086
1.41126,-1.07698
1.36958,-0.712998
1.39811,-0.675819
1.34066,0.0397871
1.41643,-1.24146
1.37391,-0.471952
1.41007,-1.00663
1.3529,-0.132293
1.40327,-1.11526
1.3435,0.0386933
1.48433,-1.80798
1.38372,-0.346023
1.37939,-0.550312
1.38286,-0.741009
1.35566,-0.360375
1.34314,0.198508
1.32913,0.421699
1.36671,-0.29437
1.37386,-0.280641
1.39051,-0.769442
1.35884,-0.11459
1.37142,-0.423699
1.39237,-0.727108
1.40774,-1.28217
1.40866,-1.04421
1.3851,-0.234688
1.35589,-0.32
1.42108,-1.45962
1.35665,-0.150347
1.38959,-0.894018
1.33183,0.334443
1.40182,-0.931732
1.36275,-0.338742
1.3387,0.176784
1.38883,-0.77427
1.36985,-0.774217
1.40121,-0.682564
1.40387,-0.450994
1.41661,-0.680565
1.37782,-0.590992
1.38507,-0.671937
1.42247,-0.997928
1.38277,-0.313765
1.37974,-0.346422
1.38478,-0.616405
1.36841,-0.541566
1.37885,-0.543293
1.38224,-0.505506
1.34472,-0.252821
1.40839,-0.634261
1.35405,-0.315861
1.3826,-0.445666
1.38416,-0.347052
1.3819,-0.703669
1.41001,-0.965028
1.3961,-0.82228
1.37742,-0.248996
1.38886,-0.471859
1.37927,-0.146008
1.37818,-0.641826
1.38342,-0.551088
1.41363,-0.788521
1.39578,-0.400287
1.405,-0.845408
1.43452,-1.1734
1.38244,-0.800546
1.38198,-0.529773
1.37586,-0.543647
1.40437,-0.742499
1.39732,-1.05114
1.40535,-1.02774
1.39736,-0.743022
1.4059,-0.874337
1.3738,-0.466524
1.3429,0.108549
1.35875,-0.0282794
1.39009,-0.798142
1.35938,-0.298188
1.4008,-0.946456
1.41399,-1.17238
1.40179,-0.948883
1.40579,-0.681248
1.3944,-0.640595
1.38918,-0.489858
1.34364,-0.0717873
1.35804,-0.63248
1.37707,-0.579509
1.41028,-1.00471
1.37116,-0.623762
1.39662,-0.657822
1.40505,-0.939243
1.38024,-0.533024
1.38478,-1.2065
1.41257,-1.19455
1.41509,-0.707853
1.39379,-0.769792
1.37601,-0.226195
1.38823,-0.730596
1.38945,-0.760732
1.39582,-1.16324
1.36446,-0.624152
1.4284,-1.34183
1.39124,-0.318866
1.3839,-0.567512
1.42239,-1.00652
1.35141,-0.220664
1.40045,-0.596948
1.41838,-0.67411
1.37893,-0.396605
1.39061,-0.715279
1.39308,-0.718933
1.3681,-0.236416
1.37474,-0.356222
1.37722,-0.442938
1.43419,-1.25064
1.3691,-0.139654
1.38044,-0.797299
1.42481,-1.36979
1.34382,-0.171894
1.40482,-0.688274
1.34185,-0.00854046
1.36698,-0.4483
1.39612,-1.10033
1.37392,-0.458393
1.38217,-0.165744
1.39148,-0.875474
1.41278,-1.2021
1.36933,-0.306541
1.41228,-0.943477
1.39362,-0.55137
1.384,-0.543133
1.39056,-0.350603
1.39186,-1.04779
1.37634,-0.170873
1.35318,-0.303027
1.3798,-0.725195
1.36606,-0.448942
1.37614,-0.839368
1.41124,-1.09429
1.43636,-1.36429
1.36535,-0.310862
1.36485,-0.54705
1.40506,-0.835246
1.33471,0.163405
1.42855,-1.17851
1.38792,-0.347898
1.38824,-0.40229
1.42136,-0.912705
1.37312,-0.130189
1.41364,-0.758174
1.35056,0.231821
1.37616,-0.226137
1.34969,-0.063642
1.34944,-0.0934548
1.42914,-1.37908
1.35419,0.137872
1.39682,-0.768607
1.37122,-0.0969324
1.36388,-0.39318
1.40012,-0.812672
1.38908,-0.855452
1.41554,-1.14569
1.36381,-0.385741
1.39873,-0.934401
1.39958,-0.96827
1.36151,-0.0497807
1.33403,0.318733
1.38702,-0.608357
1.38777,-0.681647
1.37599,-0.496111
1.41798,-1.06426
1.37526,-0.372952
1.41142,-0.577113
1.37282,-0.520533
1.37498,-0.438401
1.38675,-0.79105
1.38786,-0.661578
1.40874,-1.00194
1.36092,-0.106392
1.40815,-0.661259
1.39767,-0.785162
1.40408,-0.76236
1.40869,-0.903494
1.3841,-0.549034
1.38197,-0.550598
1.35878,-0.104495
1.42109,-1.25114
1.34589,-0.223233
1.39362,-0.500705
1.3142,0.171004
1.42403,-1.16411
1.39808,-0.502109
1.39359,-0.735013
1.39575,-0.865154
1.38456,-0.550626
1.41533,-1.11193
1.38214,-0.704158
1.34927,-0.36922
1.38808,-0.289938
1.3697,-0.489212
1.42039,-1.27489
1.39097,-0.630753
1.38701,-0.653752
1.38473,-0.782093
1.37464,-0.745999
1.39476,-0.234824
1.37355,-0.57971
1.38326,-0.817096
1.38905,-0.906614
1.37839,-0.545912
1.38533,-0.629738
1.37143,-0.677269
1.38414,-0.796244
1.39384,-0.498244
1.39124,-0.633568
1.39251,-0.665425
1.36503,-0.155526
1.36391,-0.260888
1.37213,-0.222279
1.35947,-0.1996
1.35766,-0.314927
1.40224,-1.10851
1.36762,-0.371358
1.34559,0.149614
1.41234,-1.27458
1.37968,-0.72369
