slope,intercept
0.800333,0.158949
0.85845,-0.40215
0.769389,0.469223
0.889758,-0.412934
0.876348,-0.468065
0.881801,-0.446373
0.777956,0.712126
0.932199,-0.714784
0.808286,-0.130926
0.872786,-0.438124
0.837891,-0.28848
0.881288,-0.290782
0.858669,-0.293365
0.835621,-0.391297
0.747456,0.105171
0.744386,0.357599
0.866442,-0.53048
0.861716,-0.232121
0.746908,0.303179
0.761006,0.474927
0.905762,-0.636761
0.843187,0.00807098
0.793598,0.414205
0.869307,-0.242366
0.890107,-0.176847
0.812373,0.0319471
0.820519,-0.0207915
0.821078,-0.101859
0.808215,0.253624
0.753101,0.464118
0.84284,-0.130293
0.847056,-0.38149
0.828015,-0.0639721
0.885886,-0.479272
0.751873,0.502947
0.882929,-0.674507
0.897171,-0.220426
0.749045,0.615698
0.829192,-0.084097
0.906975,-0.700301
0.898628,-0.331938
0.720979,0.474524
0.923319,-0.485511
0.793903,0.165274
0.82741,-0.12431
0.812069,0.2461
0.897507,-0.859417
0.831415,-0.0813602
0.894426,-0.651939
0.906174,-0.584404
0.885109,-0.589383
0.853964,-0.0880534
0.841836,-0.475114
0.85005,-0.193737
0.832173,-0.0815188
0.840638,0.261691
0.826348,0.231925
0.773787,0.0552501
0.785907,0.444374
0.888454,-0.396387
0.824937,0.20056
0.830693,0.0389386
0.836527,-0.0619193
0.885686,-0.487628
0.867624,-0.37065
0.885772,-0.239605
0.785034,0.371417
0.872684,-0.163999
0.902961,-0.24029
0.786648,0.335183
0.814212,0.118452
0.820502,-0.00589062
0.909125,-0.540613
0.876577,-0.224736
0.806355,0.237587
0.828988,-0.245215
0.892925,-0.456004
0.79002,0.154903
0.853695,-0.343534
0.834165,-0.14713
0.813817,0.34465
0.809719,0.0796279
0.845749,-0.0333565
0.79922,-0.0486116
0.771132,0.533763
0.786067,0.26901
0.814228,-0.0375691
0.807523,0.330243
0.873015,-0.591592
0.851064,-0.376437
0.884326,-0.494176
0.76018,0.838061
0.893828,-0.329416
0.797577,0.323257
0.843219,-0.0640646
0.844039,-0.0384932
0.886863,-0.268101
0.803709,0.379534
0.810714,0.00931087
0.938381,-0.839873
0.841713,-0.107899
0.866095,-0.315905
0.814582,0.0709978
0.840832,-0.274958
0.832216,-0.291798
0.974259,-1.06152
0.766573,0.273196
0.86605,-0.230193
0.712711,0.638281
0.847645,-0.434115
0.83232,0.0293167
0.886837,-0.250044
0.851555,-0.398452
0.852327,-0.153085
0.87119,-0.640408
0.827227,-0.0289204
0.850332,-0.564248
0.79636,0.0287629
0.859134,0.0601128
0.816759,0.162854
0.859154,-0.51188
0.828457,-0.209988
0.850931,-0.347275
0.820726,0.250552
0.7896,0.173515
0.865061,-0.488347
0.824742,-0.0927243
0.778072,0.142653
0.871241,-0.539105
0.90285,-0.425982
0.831194,-0.172997
0.883952,-0.454791
0.797374,0.285259
0.82261,-0.20233
0.832426,-0.3173
0.845369,-0.063505
0.813233,-0.0573725
0.813798,-0.0680673
0.859112,-0.327309
0.892016,-0.31016
0.848395,-0.235203
0.802714,0.173113
0.856936,-0.391674
0.849015,-0.029834
0.814397,0.360474
0.87618,-0.439459
0.858384,-0.0680009
0.873725,-0.466148
0.843086,-0.363117
0.901843,-0.557361
0.815674,0.216214
0.823874,-0.00263101
0.869554,-0.293801
0.86823,-0.140461
0.861922,-0.372344
0.77156,0.103752
0.831497,-0.0953771
0.84911,-0.257872
0.856666,-0.086959
0.864772,-0.380399
0.898794,-0.501868
0.779627,0.0902961
0.893679,-0.119892
0.762039,0.505135
0.83531,0.554381
0.77593,0.274962
0.784941,0.350091
0.759748,0.0882207
0.823332,0.133641
0.885834,-0.484056
0.80295,0.330338
0.824425,0.00598589
0.760006,0.395837
0.806909,-0.0375736
0.760144,0.278173
0.898619,-0.350916
0.826669,-0.00193054
0.834668,-0.119735
0.899368,-0.627073
0.757034,0.429115
0.804411,0.133994
0.757878,0.313754
0.77261,0.421794
0.857996,-0.445505
0.791112,0.0450038
0.937684,-0.557777
0.889323,-0.324238
0.778146,0.43515
0.917583,-0.571775
0.729905,0.724649
0.896792,-0.288977
0.802886,0.488747
0.840429,-0.186944
0.842163,0.233853
0.810116,0.0849794
0.785388,0.282842
0.902306,-0.560286
0.801734,0.00368848
0.79407,-0.0854411
0.787989,0.491895
0.915231,-0.7998
0.843127,-0.0676989
0.838045,-0.0759644
0.849289,-0.141766
0.840554,-0.0164214
0.89124,-0.464349
0.891471,-0.2992
0.802861,0.280847
0.884473,0.0842134
0.81181,0.0352419
0.903148,-0.48208
0.787615,0.237957
0.78706,0.246859
0.858394,-0.166838
0.947172,-0.6987
0.834612,0.0850974
0.93393,-0.621217
0.819855,-0.189252
0.786557,0.433574
0.874001,0.0758389
0.833126,-0.148145
0.790072,0.517405
0.907433,-0.645642
0.862526,-0.51771
0.781485,0.179713
0.830054,-0.103389
0.81273,-0.202733
0.935558,-0.831799
0.890318,-0.383058
0.807247,-0.0799388
0.832859,0.00109935
0.891128,-0.911399
0.876783,-0.0803883
0.850069,-0.13561
0.841904,0.109525
0.893682,-0.582077
0.86566,-0.408378
0.9403,-0.863416
0.934673,-0.7128
0.897492,-0.450498
0.877054,-0.251865
0.680647,0.745597
0.79712,0.258903
0.859454,-0.11362
0.827557,0.17409
0.803426,0.221989
0.766292,0.50623
0.804955,0.141677
0.725204,0.368612
0.814984,0.177085
0.827219,0.10634
0.812279,0.0649411
0.813101,-0.117743
0.87376,-0.315827
0.865235,-0.152268
0.805497,0.270763
0.913907,-1.01295
0.778848,0.36649
0.846352,-0.00743332
0.88377,-0.710896
0.856488,-0.0884768
0.72903,0.488996
0.874473,-0.362123
0.895051,-0.47714
0.756713,0.199026
0.812867,-0.135506
0.833486,-0.104774
0.826402,-0.0544556
0.774268,0.179693
0.813404,-0.121614
0.86609,0.287502
0.891889,-0.427901
0.8737,-0.493805
0.774845,0.349621
0.781426,0.305685
0.890028,-0.231824
0.805178,0.165905
0.773208,0.188696
0.822088,0.353459
0.874308,-0.61758
0.916795,-0.465879
0.864709,-0.415196
0.804892,-0.0960412
0.768843,0.230055
0.819827,-0.158611
0.74322,0.417919
0.813837,0.0121382
0.886454,-0.374202
0.824413,-0.146474
0.829311,-0.090014
0.848807,-0.451877
0.906942,-0.221675
0.894999,-0.726068
0.844238,0.158076
0.843048,-0.174934
0.8713,-0.263526
0.730265,0.431193
0.866454,-0.119541
0.850544,-0.286157
0.873237,-0.217658
0.840723,0.132291
0.809236,-0.0706678
0.764329,0.632816
0.89625,-0.522225
0.914601,-0.369317
0.84597,-0.146385
0.864997,-0.260297
0.796867,-0.0896734
0.863766,-0.15959
0.858803,-0.246333
0.85524,-0.454166
0.830364,-0.115341
0.834013,-0.186149
0.910207,-0.482142
0.84264,-0.198648
0.85239,0.153801
0.766704,0.275586
0.827146,-0.262412
0.88497,-0.323966
0.80566,0.128493
0.837967,0.0100596
0.882687,-0.401611
0.877337,-0.40905
0.767506,0.231786
0.876248,-0.412338
0.821474,-0.288977
0.834529,-0.155379
0.817268,-0.332324
0.85842,-0.266041
0.76964,0.339842
0.775134,0.300047
0.81545,0.389715
0.781106,0.178185
0.935002,-0.791369
0.864845,-0.286969
0.839152,-0.235646
0.835414,0.0743399
0.865566,0.0213731
0.878034,-0.0136272
0.849133,-0.441483
0.851225,-0.225933
0.852764,-0.480105
0.785659,0.338672
0.876849,-0.518192
0.782441,-0.0374377
0.866644,-0.463286
0.814928,0.0718564
0.847085,-0.0391961
0.739286,0.699017
0.893724,-0.800017
0.77855,0.451971
0.869946,-0.669826
0.833533,-0.247702
0.838532,-0.00143437
0.911667,-0.564232
0.83024,-0.00160959
0.766127,0.358378
0.808548,-0.269855
0.897369,-0.381231
0.80862,-0.0319848
0.755801,0.493709
0.818487,-0.149031
0.816088,0.184574
0.761221,0.237292
0.884141,-0.384241
0.801296,0.329072
0.854005,-0.189996
0.837084,0.0495018
0.930752,-0.526543
0.894944,-0.580032
0.780598,-0.0446699
0.835702,-0.203368
0.906824,-0.386934
0.766377,0.204337
0.761128,0.442673
0.879761,-0.196429
0.742648,0.417368
0.832432,-0.127342
0.860211,-0.227934
0.823811,0.0951223
0.83548,-0.168428
0.882669,-0.248694
0.852328,-0.300298
0.794743,0.342581
0.910274,-0.583554
0.827225,-0.224325
0.845256,0.0893785
0.85018,-0.308834
0.823606,-0.0133366
0.829594,-0.0685576
0.893334,-0.232577
0.845678,-0.296683
0.839783,-0.085805
0.833771,-0.111987
0.827168,-0.0824456
0.863375,-0.253638
0.816871,0.0133635
0.886044,-0.254667
0.788498,0.0383083
0.882044,-0.177624
0.870962,-0.141716
0.900031,-0.446961
0.841042,0.0863276
0.857244,-0.258739
0.864331,-0.134701
0.897754,-0.619541
0.830233,0.182675
0.838607,-0.226294
0.81637,0.0839669
0.833808,0.089946
0.836591,-0.0478704
0.820149,0.221106
0.851746,-0.100403
0.853099,-0.123219
0.815482,0.105412
0.834557,-0.172191
0.855912,-0.0710604
0.807968,0.0489666
0.888091,-0.41873
0.840381,0.0958598
0.78039,0.236434
0.802945,0.0136484
0.833714,-0.11847
0.820147,0.291232
0.846126,-0.28519
0.789598,0.513495
0.746145,0.274806
0.873961,-0.00871533
0.776788,0.00348658
0.797067,0.231914
0.848565,0.0668046
0.7945,0.310474
0.91794,-0.964515
0.800078,0.0160768
0.845161,-0.157954
0.806002,0.0339716
0.80836,-0.0872958
0.808902,-0.0135356
0.793038,0.0679995
0.818378,-0.272004
0.856299,-0.510698
0.801541,0.172793
0.8708,0.170312
0.809148,-0.0353571
0.737231,0.518043
0.821601,0.0733787
0.866624,-0.230117
0.854861,-0.14122
0.7384,0.361578
0.886732,-0.319566
0.913417,-0.0526844
0.87487,-0.420004
0.834317,0.153616
0.781201,0.412196
0.762735,0.633121
0.855174,-0.105958
0.775043,0.304138
0.851219,-0.018886
0.896948,-0.70775
0.831866,0.119348
0.865043,-0.265308
0.844826,-0.0413729
0.824891,0.0934038
0.765209,0.218344
0.885945,-0.282367
0.822392,-0.0548308
0.762213,0.644937
0.765057,0.323062
0.853118,-0.71963
0.873818,-0.197762
0.778661,-0.0162924
0.902985,-0.353034
0.824252,-0.0259432
0.903921,-0.276059
0.844803,-0.184
0.828352,0.171352
0.865563,-0.36055
0.872832,0.0232261
0.786583,0.194366
0.904917,-0.271366
0.732659,0.805726
0.840793,-0.0481451
0.83509,-0.0752343
0.757488,0.445789
0.893257,-0.275705
0.8539,-0.166514
0.850061,-0.221941
0.860427,-0.242683
0.821411,0.144893
0.786064,0.304291
0.857041,-0.316949
0.82102,0.0259789
0.813704,0.362223
0.917876,-0.653165
0.773513,0.174867
0.794485,-0.0632805
0.7457,0.253263
0.798127,-0.0543076
0.777448,0.647854
0.846676,-0.28466
0.882325,-0.323542
0.92301,-0.522084
0.885305,-0.357675
0.853263,-0.129455
0.774252,0.263579
0.954357,-0.961976
0.831116,-0.158141
0.838196,-0.0228073
0.805845,0.304658
0.925533,-0.553716
0.802856,-0.00921608
0.902746,-0.25462
0.762882,0.257352
0.828384,-0.148241
0.864525,0.130795
0.899333,-0.454346
0.894283,-0.378815
0.732471,0.57996
0.952954,-0.68428
0.816476,-0.0879079
0.782829,0.30758
0.815358,0.203203
0.813233,0.173509
0.822101,0.334487
0.815809,0.315265
0.81869,-0.166675
0.833704,0.0059943
0.807794,-0.181365
0.84436,0.00979495
0.850512,-0.152302
0.799266,0.115639
0.800833,0.0304916
0.889439,-0.442988
0.878069,-0.305415
0.939006,-0.649216
0.872321,-0.0568311
0.75696,0.450835
0.799176,0.19501
0.882656,-0.451514
0.902152,-0.870198
0.796743,0.0471097
0.843003,-0.568349
0.799742,0.550729
0.817887,-0.0943061
0.911128,-0.266204
0.826713,-0.268974
0.85105,-0.485981
0.818313,0.0349274
0.9162,-0.858215
0.90553,-0.629173
0.789927,0.124528
0.854298,-0.258409
0.834274,-0.284096
0.838071,-0.109263
0.814221,-0.228052
0.874465,0.0438212
0.791662,0.37267
0.859672,-0.309273
0.882388,-0.426005
0.952189,-0.626064
0.809152,0.144619
0.841948,-0.34423
0.921003,-0.388235
0.846246,-0.119716
0.744102,0.477641
0.822162,-0.140683
0.777584,0.193338
0.966038,-0.942008
0.831215,-0.238609
0.861503,-0.513001
0.781732,0.349561
0.866029,-0.286329
0.900053,-0.404504
0.772862,0.578472
0.721138,0.743965
0.778328,0.498615
0.847856,-0.206921
0.7957,0.0236445
0.831984,0.0372131
0.842122,-0.0486078
0.855064,-0.50571
0.846422,-0.0832626
0.881506,-0.353193
0.795732,0.342964
0.845667,-0.513826
0.839408,-0.462889
0.786218,0.383988
0.819727,-0.230071
0.808407,0.15932
0.839486,-0.510245
0.867897,-0.240563
0.808022,0.018116
0.811436,0.36341
0.82547,-0.00522017
0.780278,-0.0257209
0.866623,0.0641837
0.861905,-0.0699016
0.786285,0.394702
0.866526,-0.358827
0.76853,0.633014
0.802966,0.110276
0.756637,0.41694
0.86618,-0.397332
0.875599,-0.293009
0.883258,-0.956915
0.906321,-0.34165
0.887024,-0.409233
0.871999,-0.273884
0.815652,0.225327
0.833624,-0.0988486
0.785622,0.113238
0.818961,-0.283078
0.787069,0.413835
0.810134,-0.0739265
0.856984,-0.426531
0.78816,-0.000138756
0.836489,-0.310596
0.860974,-0.298066
0.798709,0.0687249
0.851806,-0.40343
0.76227,0.227382
0.775488,0.438922
0.786147,0.260128
0.810506,-0.0628423
0.866766,-0.581326
0.826965,-0.520387
0.762748,0.171933
0.801593,0.286789
0.815628,0.142755
0.871413,-0.22045
0.847828,0.00454939
0.943495,-0.954841
0.808424,0.289046
0.808743,-0.214294
0.818026,0.00512982
0.845071,0.205859
0.702517,0.712322
0.835846,0.0999356
0.83619,-0.313664
0.902632,-0.580811
0.803053,0.0682381
0.863805,0.0368214
0.802392,-0.0919123
0.806865,0.192449
0.812731,0.189065
0.903209,-0.272581
0.873264,-0.292746
0.84755,-0.703329
0.926533,-1.06597
0.873102,-0.22716
0.866209,-0.11259
0.813656,0.0133895
0.784483,0.0626206
0.874346,-0.277857
0.851479,-0.350478
0.786274,0.404417
0.83829,0.0442072
0.847628,-0.326414
0.804037,0.0162719
0.868906,-0.429684
0.916445,-0.823614
0.901349,-0.795786
0.917697,-0.52431
0.672048,0.742957
0.783875,0.81462
0.864689,-0.3447
0.845995,-0.187246
0.836244,-0.251723
0.865093,0.0981816
0.887074,-0.515238
0.773752,0.561018
0.895349,-0.635013
0.866276,-0.418777
0.757644,0.30202
0.859222,-0.29089
0.831597,0.257005
0.749884,0.252111
0.868916,-0.429074
0.857195,0.216296
0.920519,-0.602271
0.891366,-0.423727
0.808367,0.0770579
0.834099,0.399543
0.811052,0.2329
0.830465,0.049605
0.892264,-0.440277
0.814305,0.187828
0.770652,0.367217
0.859333,0.0588703
0.841099,-0.104723
0.788153,0.332252
0.850899,-0.223076
0.846497,-0.192897
0.811363,0.208824
0.826424,-0.199392
0.955987,-0.751541
0.856612,0.00513793
0.841806,-0.171608
0.839885,-0.414356
0.814835,-0.0123614
0.844953,0.0782732
0.835209,0.00942078
0.798142,-0.0768629
0.87261,-0.303052
0.748141,0.606808
0.866474,-0.10804
0.906196,-0.60315
0.867223,-0.401207
0.814809,-0.116087
0.819007,-0.170223
0.803399,0.274225
0.861773,-0.547617
0.835069,0.0890998
0.855227,-0.208972
0.819143,-0.00349841
0.837137,0.11747
0.84847,-0.309506
0.796224,0.170267
0.850781,0.0876011
0.864229,-0.171851
0.887072,-0.0447299
0.84738,0.286529
0.814744,-0.14682
0.866969,-0.53174
0.805553,0.0664532
0.842091,-0.219889
0.809133,0.119605
0.819078,0.108511
0.84518,-0.172879
0.741426,0.445209
0.77343,0.375553
0.779963,0.47271
0.890434,-0.545064
0.849552,-0.261834
0.821095,0.149432
0.758442,0.495841
0.843852,-0.216099
0.969358,-0.936548
0.86413,0.144209
0.825699,-0.0729795
0.842285,-0.129513
0.846074,0.0270822
0.860991,-0.214829
0.773207,0.510279
0.794528,0.317446
0.712498,0.69893
0.869897,-0.141859
0.869339,-0.374011
0.748769,0.589593
0.835595,-0.253938
0.790569,0.0357161
0.88191,-0.0474868
0.865215,-0.274168
0.840149,-0.304443
0.775376,0.0906685
0.972495,-1.08673
0.764513,0.250196
0.889445,-0.444012
0.829932,0.332525
0.802784,-0.0553594
0.788054,0.0458865
0.794706,0.161964
0.835219,0.192882
0.855142,-0.155306
0.765805,0.349261
0.867975,-0.309162
0.829976,-0.218012
0.849104,-0.179175
0.928796,-0.651376
0.781805,0.5532
0.805061,0.0485493
0.883221,-0.456725
0.770663,0.311719
0.808146,0.312921
0.890165,-0.337239
0.805562,-0.0518842
0.829243,-0.123062
0.806556,0.037155
0.767965,0.7178
0.979916,-0.919882
0.789717,0.208136
0.856062,-0.310719
0.846017,-0.136208
0.827776,-0.090972
0.804949,0.207624
0.832509,-0.0974508
0.803291,0.0853796
0.88434,0.16743
0.796411,0.163403
0.92759,-0.958186
0.7722,0.314357
0.843792,0.014457
0.864834,-0.143384
0.749013,0.03941
0.838844,-0.247945
0.87193,-0.314374
0.752264,0.3823
0.874028,-0.233324
0.785433,0.259194
0.79211,0.259098
0.833223,0.314685
0.883867,-0.618919
0.854578,0.0048147
0.846219,-0.0800182
0.826322,0.148189
0.831781,0.0874522
0.759108,0.618063
0.780469,0.160466
0.775327,0.549142
0.840049,-0.0644184
0.780031,0.285557
0.891599,-0.569684
0.896742,-0.826214
0.816669,0.097149
0.814056,-0.217162
0.804527,0.170656
0.870659,-0.0385457
0.822577,0.174111
0.842639,0.114127
0.902803,-0.380064
0.875877,-0.189122
0.757689,0.506801
0.886406,-0.653111
0.89982,-0.317382
0.769736,0.309029
0.816942,0.250918
0.764345,0.14839
0.804508,0.11748
0.843689,-0.112357
0.895093,-0.400456
0.759966,0.694951
0.830757,-0.0756405
0.865228,0.0593486
0.847789,-0.298901
0.808203,0.109072
0.82394,-0.39611
0.873224,-0.455615
0.715267,0.589473
0.83412,-0.2929
0.877508,-0.321137
0.910346,-0.644675
0.87376,0.0311762
0.792434,0.0454068
0.882605,-0.392239
0.884412,-0.301667
0.860095,-0.398887
0.801414,0.256297
0.816562,-0.290035
0.753579,0.640234
0.813519,0.00163235
0.827221,-0.0380922
0.864286,-0.0992383
0.760773,0.140224
0.867143,-0.545986
0.847295,-0.32805
0.880937,-0.551784
0.79918,0.436991
0.838484,-0.0439901
0.826711,0.137864
0.757954,0.272767
0.765025,0.324853
0.811793,0.257919
0.80407,0.0655227
0.793789,-0.0145945
0.826398,-0.105159
0.812102,-0.0280648
0.84757,-0.431619
0.775879,0.409864
0.803681,0.237304
0.888591,-0.522371
0.848488,-0.139056
0.814868,-0.123437
0.859888,-0.483089
0.859798,-0.147022
0.817883,0.219895
0.78377,0.291704
0.805573,0.0548993
0.911632,-0.635203
0.93151,-0.584808
0.837782,-0.337187
0.79287,0.197347
0.753861,0.374298
0.921632,-0.439271
0.831584,-0.174678
0.789886,-0.0394068
0.732834,0.674806
0.847559,-0.0285382
0.809177,0.474763
0.842405,-0.317661
0.848112,0.233172
0.897153,-0.0869967
0.780633,0.308315
0.738225,0.404701
0.852251,-0.234579
0.839157,-0.161834
0.913091,-0.590708
0.876384,-0.349384
0.858828,-0.082971
0.831397,0.0385342
0.767144,0.316309
0.912516,-0.382706
0.820415,0.279359
0.820694,0.128213
0.892323,-0.335097
0.85749,-0.089693
0.889466,-0.805796
0.768036,0.378855
0.817046,0.227232
0.824049,-0.0556798
0.809893,0.472004
0.822276,-0.166453
0.843082,-0.365919
0.856779,-0.301557
0.850154,-0.315268
0.834757,0.203435
0.793753,-0.0757917
0.789155,0.21453
0.896072,-0.885501
0.813874,-0.311985
0.890737,-0.503908
0.836029,-0.228037
0.771318,-0.292782
0.823104,0.0370046
0.876569,-0.02252
0.912142,-0.57974
0.778184,0.398027
0.753695,0.118345
0.844961,-0.014491
0.737425,0.423562
0.859398,-0.277096
0.840512,0.192985
0.915795,-0.474696
0.797325,0.356598
0.784695,0.306202
0.807892,0.372808
0.857124,-0.39667
0.756472,0.455362
0.709254,0.853731
0.829565,-0.0384587
0.744217,0.276741
0.859216,0.000844204
0.820926,0.264809
0.901365,-0.612142
0.838189,-0.0321588
0.883139,-0.586766
0.82199,0.161179
0.802068,0.249764
0.793439,-0.148142
0.882058,-0.64376
0.772414,0.310133
0.823103,0.0114296
0.858434,0.0174885
0.824545,0.0982149
0.763244,0.391783
0.932328,-0.636355
0.819979,-0.110617
0.923023,-0.655959
0.820206,0.0020752
0.843969,-0.114195
0.811953,0.264052
0.801137,0.212701
0.802677,0.319029
0.839437,-0.15594
0.775841,0.321614
0.792105,0.482714
0.808594,0.229083
0.82487,0.0879896
0.830937,-0.27565
0.80001,0.134329
0.860333,-0.296181
0.824418,-0.0630437
0.895534,-0.848557
0.842156,-0.318854
0.821469,-0.0337988
0.800425,0.280805
0.82559,-0.309312
0.830776,-0.212066
0.807055,0.336992
0.858161,-0.192457
0.862405,-0.16692
0.850831,-0.255083
0.973009,-0.809536
0.757911,0.430413
0.90783,-0.525594
0.891346,0.0773869
0.837039,-0.430962
0.822407,-0.265619
0.76547,0.438105
0.798947,0.0392185
0.796211,0.391131
0.790597,0.0714656
0.81089,0.369379
0.84656,-0.403183
0.777331,0.342716
0.851721,0.0153259
0.798206,0.215234
0.881865,-0.295117
0.928428,-0.581594
0.861262,-0.592694
0.834171,-0.0665812
0.829317,-0.0575837
0.83792,-0.126371
0.794055,-0.0349679
0.822492,-0.0723692
0.879308,-0.217128
0.803983,0.222505
0.826771,-0.263475
0.79056,-0.128401
0.9214,-0.42256
0.82851,0.193895
0.926117,-0.657336
0.839969,-0.142518
0.805934,0.353896
0.91082,-0.511527
0.853321,-0.177143
0.795833,0.0298989
0.951344,-0.810172
0.885282,-0.091197
0.793827,0.332123
0.854964,-0.207972
0.862391,-0.179477
0.796935,-0.00450954
0.834367,0.120105
0.825947,0.0833478
0.81541,-0.0191444
0.836018,-0.0548964
0.822926,0.321802
0.877801,-0.470057
0.834094,-0.15052
0.78807,-0.0605412
0.856041,-0.332021
0.839757,-0.173072
0.82116,-0.274568
0.734831,0.558822
0.791494,0.2496
0.861779,-0.155244
0.886357,-0.331837
0.665327,0.721642
0.864518,-0.256706
0.850513,-0.733317
0.861476,0.113828
0.850239,-0.0978843
0.820615,0.0939727
0.857932,0.0106636
0.827032,-0.0475645
0.767808,0.252467
0.838543,-0.0729611
0.830944,-0.117857
0.837099,-0.0498039
0.895522,-0.840751
0.825478,-0.125349
0.80893,0.0387808
0.824795,0.123069
0.82019,0.0868936
0.79739,0.295582
0.799222,0.373766
0.808988,0.0658846
0.797114,-0.104049
0.78759,0.332436
0.845889,-0.0481714
0.777954,0.405309
0.837476,-0.235885
0.87894,-0.0908457
0.855206,-0.0350101
0.899278,-0.156188
0.856776,-0.187334
0.908533,-0.847895
0.874615,-0.547773
0.816698,-0.133914
0.789359,0.439549
0.810735,-0.0838106
0.719181,0.72463
0.815809,0.298754
0.856736,-0.253671
0.89107,-0.596945
0.889947,-0.535434
0.785597,0.17357
0.88173,-0.487979
0.837523,-0.191099
0.85839,-0.189396
0.85379,-0.690866
0.805981,-0.0470611
0.793007,0.0849554
0.849672,-0.245865
0.856668,-0.23697
0.702485,0.594199
0.749335,0.340219
0.845504,-0.0271968
0.873114,-0.152842
0.766668,0.138211
0.845702,-0.413829
0.820766,-0.0527597
0.776937,0.122138
0.753599,0.355321
0.840776,-0.0865235
0.913516,-0.436296
0.90616,-0.459376
0.83183,-0.181154
0.806823,-0.0430481
0.898815,-0.319311
0.863478,-0.0922342
0.825752,0.068467
0.800601,0.453761
0.781278,0.32565
0.94291,-0.741887
0.784348,0.177484
0.872024,-0.433886
0.817375,0.297419
0.88416,-0.385484
0.887491,-0.250938
0.849847,-0.102821
0.688237,0.981961
0.806342,0.26296
0.852249,-0.348709
0.81145,0.256692
0.880835,-0.504438
0.857355,-0.569224
0.858743,-0.184822
0.800883,0.138121
0.811933,0.0720845
0.845355,-0.125431
0.812755,-0.0205032
0.834559,-0.254832
0.839089,0.0234083
0.853021,-0.105878
0.862991,-0.542936
0.805037,0.136553
0.770596,0.161727
0.751652,0.303249
0.759834,0.584362
0.890125,-0.199815
0.958598,-0.711206
0.778299,0.430467
0.892478,-0.353175
0.77399,0.229036
0.873321,-0.264121
0.786422,0.407575
0.83631,-0.320565
0.828563,-0.375775
0.846841,-0.456004
0.786481,0.217274
0.758257,0.346729
0.777471,0.30382
0.97342,-0.833738
0.874147,-0.255663
0.802981,-0.00538523
0.81669,-0.11277
0.902931,-0.354067
0.860736,-0.208193
0.936269,-0.882151
0.897796,-0.434496
0.821961,0.175312
0.87276,-0.526188
0.767983,0.56347
0.848836,-0.337582
0.784159,0.265506
0.816909,0.0808405
0.863019,-0.249283
0.797494,0.109308
0.791275,0.376759
0.844939,-0.122264
0.802661,-0.0469403
0.719731,0.593523
0.972747,-1.02535
0.800952,0.191968
0.887734,-0.511568
0.914475,-0.621338
0.856975,-0.497145
0.838362,-0.292158
0.870593,-0.321006
0.850694,-0.161314
0.875928,-0.173507
0.81797,-0.0352374
0.839628,-0.269891
0.842195,-0.0243362
0.808964,0.328958
0.815534,-0.0472943
0.83966,-0.384075
0.819322,-0.257513
0.865202,-0.387224
0.791293,0.659154
0.78211,-0.151144
0.834756,-0.0648784
0.870092,-0.605826
0.854503,-0.462274
0.727609,0.620564
0.883785,-0.531133
0.753902,0.348148
0.808314,0.188052
0.731311,0.64858
0.846612,-0.305816
0.829254,0.153865
0.827106,-0.276865
0.892217,-0.438627
0.82841,-0.178091
0.795684,0.239744
0.8709,-0.336282
0.862756,-0.0542629
0.782569,0.61687
0.759141,0.471403
0.892534,0.0159683
0.848956,0.10664
0.794349,0.112629
0.871952,-0.15376
0.795393,-0.00308259
0.844635,-0.166145
0.868525,-0.0111831
0.892529,-0.4035
0.79033,0.220671
0.886227,-0.299461
0.794621,-0.12283
0.890021,-0.378502
0.853315,-0.120114
0.902718,-0.638044
0.868572,-0.534283
0.720405,0.672951
0.814901,-0.320389
0.864439,-0.0995161
0.829787,-0.408443
0.766759,0.516531
0.808577,0.0374292
0.78907,0.222515
0.819888,0.0915493
0.792453,0.166001
0.816455,-0.216033
0.847597,0.0156095
0.762422,0.0837834
0.79173,0.079446
0.828204,-0.122805
0.862752,0.0448323
0.837345,0.0398122
0.800863,-0.0517713
0.705249,0.754245
0.861778,-0.353644
0.820849,-0.111157
0.851145,-0.126064
0.856501,-0.13916
0.805961,0.412974
0.851918,-0.12564
0.846738,0.00303825
0.874005,0.0862792
0.848485,-0.305515
0.888639,-0.570816
0.830259,-0.00841413
0.85723,0.134841
0.873307,-0.344033
0.832151,-0.501688
0.803299,0.430048
0.843099,-0.376943
0.680083,0.925358
0.839481,0.142565
0.899258,-0.592527
0.809976,0.0277196
0.897888,-0.123036
0.792069,0.142542
0.809527,0.235612
0.897371,-0.218885
0.743092,0.74271
0.858865,-0.531106
0.782222,0.123331
0.785827,0.0966461
0.830872,0.150319
0.802878,0.0721236
0.823014,0.150336
0.836829,0.0983489
0.938443,-0.739393
0.775,0.116176
0.876647,-0.272524
0.823709,0.102304
0.812846,-0.0908561
0.798386,-0.111535
0.7902,0.128315
0.861009,-0.452586
0.773435,0.21889
0.86537,-0.129271
0.824767,0.183873
0.904983,-0.68061
0.891435,-0.186977
0.794822,0.303513
0.755511,0.346612
0.736708,0.547319
0.82683,-0.179112
0.825481,-0.158267
0.929895,-0.811779
0.826495,-0.382113
0.840312,0.068712
0.743492,0.663047
0.780487,0.0553319
0.83974,-0.222878
0.839751,0.0994401
0.803767,0.184649
0.864892,-0.355134
0.858832,-0.17841
0.806367,-0.169934
0.867959,-0.776836
0.912738,-0.756692
0.882168,-0.478134
0.916162,-0.34557
0.782687,-0.0026523
0.783492,0.187029
0.875296,-0.382203
0.795707,0.191128
0.782324,0.189093
0.827405,-0.0169656
0.871923,-0.223688
0.739521,0.608607
0.771961,0.552125
0.848556,-0.207365
0.906064,-0.591049
0.843272,-0.605635
0.851199,-0.111243
0.940028,-0.879548
0.825638,-0.192418
0.766975,0.306184
0.864812,0.0105711
0.842439,-0.157129
0.856699,-0.0443335
0.866454,0.0696289
0.903613,-0.314876
0.82319,0.114279
0.810698,0.381668
0.796208,0.495197
0.792666,0.240627
0.767879,0.32161
0.78787,0.375497
0.860532,-0.175471
0.873506,-0.740364
0.819062,-0.0589639
0.793585,0.476691
0.834967,0.133634
0.900351,-0.627858
0.718269,0.976939
0.776556,0.277879
0.849107,0.205176
0.943394,-0.492623
0.808871,0.106215
0.690483,1.19326
0.810963,0.331106
0.889013,-0.178059
0.921361,-0.556434
0.928615,-0.654962
0.834022,-0.0146555
0.851499,0.0422191
0.802285,0.0741888
0.882502,-0.52876
0.826048,0.0848132
0.787524,-0.00952091
0.797746,0.336402
0.864814,-0.311087
0.836802,-0.108863
0.812646,-0.0376301
0.926468,-0.529591
0.85949,-0.094801
0.801723,0.0530064
0.827357,0.15877
0.8136,-0.210458
0.833707,0.163152
0.806245,-0.169569
0.833865,0.341237
0.75375,0.812087
0.847048,0.0974444
0.898449,-0.105032
0.862438,-0.150535
0.841275,-0.276012
0.92649,-0.898598
0.765268,0.380608
0.883482,-0.330333
0.839331,0.190563
0.812386,0.173769
0.80857,0.117888
0.817767,-0.0372607
0.884547,-0.264286
0.861099,-0.30579
0.764517,0.666613
0.812865,0.013481
0.894515,-0.386193
0.819947,-0.270164
0.835896,0.00741217
0.877002,-0.524394
0.829599,-0.0317215
0.824049,0.146621
0.867252,-0.350389
0.914913,-0.862858
0.725252,0.366449
0.776543,0.00431743
0.793155,-0.0135101
0.903779,-0.260569
0.829871,0.210435
0.859254,-0.393433
0.733529,0.698747
0.802461,-0.15572
0.911215,-0.495945
0.780305,0.604676
0.871316,-0.181117
0.875506,-0.582836
0.873235,-0.298052
0.963764,-0.837519
0.883871,-0.530106
0.796509,0.321489
0.765388,0.53734
0.857474,-0.484033
0.863526,-0.365753
0.807949,0.0186184
0.892318,-0.194744
0.817857,-0.00843196
0.844116,-0.378536
0.749845,0.293786
0.822275,-0.185492
0.805761,0.554178
0.909805,-0.685634
0.871437,-0.236768
0.794037,0.147473
0.893951,-0.24883
0.767559,0.543549
0.867167,-0.301052
0.878696,-0.32054
0.839156,0.0591519
0.857003,-0.110745
0.799245,0.0993887
0.815094,0.00292546
0.89116,-0.313962
0.825304,-0.225929
0.871397,-0.353143
0.830791,0.0555267
0.959319,-0.93895
0.850126,-0.21362
0.834666,0.13833
0.792017,-0.239308
0.929038,-0.917912
0.831867,0.0192395
0.887186,-0.528865
0.771916,0.507017
0.802837,0.25593
0.816754,0.216682
0.845959,0.0321669
0.885252,-0.435615
0.794829,0.26784
0.750977,0.454477
0.815756,-0.206851
0.773605,0.102242
0.761171,0.478554
0.900332,-0.342553
0.925993,-0.492431
0.89199,-0.706536
0.803671,-0.0381247
0.777496,0.528997
0.846397,0.346616
0.803291,-0.0617712
0.860616,-0.0281131
0.839386,0.0844201
0.77873,0.317162
0.929544,-0.736082
0.806891,0.187809
0.808561,0.22698
0.8644,-0.454869
0.780605,0.309681
0.861703,-0.430444
0.809031,-0.321323
0.81011,-0.0287662
0.725873,0.740481
0.849394,-0.241733
0.79162,0.212101
0.765189,-0.0828609
0.793042,0.119521
0.828843,-0.281344
0.80881,0.162523
0.865691,-0.469839
0.885376,-0.716781
0.832671,-0.0946032
0.840651,-0.26927
0.852354,0.0815594
0.832035,0.00799277
0.986595,-0.726596
0.836748,-0.0541067
0.871484,-0.0963294
0.780025,0.00133419
0.885779,-0.125825
0.802266,0.0780764
0.83736,-0.388037
0.883827,-0.316303
0.798008,-0.244761
0.78632,0.332013
0.84195,-0.0523236
0.793074,0.26797
0.879622,-0.422564
0.803944,0.0569015
0.903894,-0.171607
0.83597,-0.206603
0.840393,0.121613
0.770549,0.251296
0.830062,-0.211253
0.799889,0.261002
0.788122,0.266199
0.783793,0.0399415
0.883593,-0.187293
0.864042,-0.341614
0.851028,-0.553736
0.824321,-0.163385
0.828192,0.0936
0.876984,-0.447315
0.816099,0.0634573
0.881591,-0.521775
0.868581,-0.294497
0.788542,0.221187
0.906011,-0.614365
0.846576,0.042985
0.805191,0.313081
0.830061,0.0575379
0.852161,-0.0155865
0.773591,0.0122829
0.875411,-0.104469
0.822714,0.348354
0.829684,-0.311338
0.874406,-0.345603
0.888647,-0.528844
0.837576,-0.342642
0.874728,-0.234389
0.825959,-0.486238
0.957271,-0.937754
0.842139,-0.261988
0.828534,-0.0862364
0.839656,-0.0908351
0.855915,-0.379858
0.835153,-0.030663
0.812108,-0.0544164
0.788621,-0.0616291
0.854725,-0.431217
0.827662,-0.308341
0.906439,-0.396918
0.853682,-0.136861
0.793999,-0.253994
0.849886,-0.188446
0.851157,-0.182777
0.836833,0.00863199
0.86145,-0.0305423
0.84677,-0.214769
0.923026,-0.357719
0.884329,-0.208676
0.809036,0.0824527
0.914227,-0.422286
0.856097,-0.542558
0.896669,-0.345313
0.763865,0.546386
0.830846,-0.0939099
0.864832,-0.21245
0.827609,-0.327706
0.695313,0.838694
0.929807,-0.857165
0.839492,-0.140289
0.847196,-0.0380926
0.855557,-0.160251
0.831515,0.0694222
0.85898,-0.331238
0.838468,-0.116186
0.795005,0.547511
0.811787,0.294474
0.880543,-0.468201
0.869374,-0.427283
0.846019,-0.215879
0.744949,0.557874
0.819444,-0.0729299
0.890638,-0.614045
0.855423,-0.044223
0.850473,0.0600075
0.925283,-0.506006
0.819585,-0.227732
0.818781,0.536283
0.921661,-0.609413
0.815783,0.257328
0.868176,-0.511374
0.878973,0.110689
0.86517,-0.103707
0.793428,0.245392
0.781232,0.153319
0.830978,-0.223184
0.894481,-0.547209
0.932497,-0.259469
0.923586,-0.673345
0.752912,0.275779
0.856998,-0.396606
0.806212,-0.012797
0.763713,0.368023
0.850541,-0.216286
0.741039,0.938109
0.758978,0.804936
0.775105,0.0452476
0.803186,0.0709361
0.773692,0.304184
0.833408,-0.559855
0.843296,0.0748297
0.788636,-0.119339
0.818453,-0.0791943
0.823855,0.104822
0.813692,-0.273305
0.800039,0.0204256
0.898499,-0.513011
0.825792,-0.0375284
0.820696,-0.00381907
0.751915,0.310209
0.830416,-0.198354
0.798039,0.101613
0.727225,0.754789
0.877704,-0.453186
0.869777,-0.297224
0.810816,0.139145
0.85242,-0.255132
0.882146,-0.137896
0.829427,0.141808
0.871217,-0.24912
0.73948,0.436695
0.822477,0.0624494
0.833601,0.0259556
0.904087,-0.398599
0.870291,-0.107302
0.892362,-0.71919
0.86121,-0.457826
0.747694,0.318351
0.796977,0.0647826
0.809312,0.328562
0.818575,0.0492582
0.760668,0.177555
0.743392,0.708498
0.864638,-0.0536313
0.857489,-0.302006
0.889216,-0.327006
0.826231,-0.035468
0.812621,-0.0928138
0.956946,-0.803112
0.76157,0.760667
0.842877,0.0583142
0.78358,0.28984
0.78627,0.369496
0.837489,0.251087
0.866704,-0.209174
0.812209,-0.0412802
0.860344,-0.351314
0.874151,-0.0656761
0.823408,-0.148283
0.917561,-0.481603
0.781627,0.285016
0.812385,0.127123
0.883846,-0.646085
0.867,-0.460916
0.798557,0.19304
0.967888,-0.73769
0.815184,0.505506
0.868471,-0.123866
0.861393,-0.19204
0.865974,-0.368517
0.734686,0.666768
0.829922,0.00578841
0.930824,-0.86144
0.860091,-0.0925954
0.866324,-0.227377
0.887026,-0.490818
0.783421,-0.0671542
0.85234,-0.0549041
0.829605,-0.200521
0.838501,-0.114975
0.886202,-0.607091
0.842498,-0.195981
0.830058,-0.162597
0.824528,0.100629
0.876661,-0.229859
0.846091,-0.422094
0.885204,-0.630481
0.823151,0.17637
0.805147,0.259526
0.859484,-0.0342157
0.785437,0.225101
0.842249,-0.0985779
0.87066,-0.480751
0.877767,-0.230838
0.810251,-0.103331
0.804249,0.119343
0.875366,-0.404328
0.881933,-0.229398
0.856904,-0.506994
0.80165,0.34966
0.780843,0.370018
0.814762,-0.192756
0.850569,-0.561883
0.762356,0.593115
0.764812,0.349784
0.79278,0.354356
0.892333,-0.381828
0.84625,-0.0543215
0.838148,-0.032509
0.91924,-0.528383
0.943864,-0.391094
0.910327,-0.702823
0.869109,-0.186996
0.799109,-0.229863
0.876447,-0.382315
0.865632,-0.520655
0.788759,0.279151
0.835138,0.181113
0.820803,-0.139609
0.883583,-0.19621
0.887561,-0.341689
0.804759,-0.12852
0.854808,0.23651
0.842042,-0.202834
0.853399,-0.372805
0.800336,0.406949
0.821391,0.258303
0.795778,0.50191
0.959806,-0.730508
0.857218,0.00853812
0.851865,-0.352813
0.770385,0.383874
0.791036,0.186021
0.771425,0.11329
0.834252,-0.182394
0.718693,0.633933
0.890355,-0.403056
0.868818,-0.181974
0.840305,-0.0214811
0.908099,-0.43145
0.839117,-0.0500518
0.871461,-0.402898
0.797369,0.103811
0.836498,0.0858521
0.774084,0.445822
0.912724,-0.591102
0.864108,-0.317398
0.777052,0.287811
0.918234,-0.596979
0.965976,-1.24716
0.886264,-0.12618
0.838233,-0.147342
0.80253,0.038538
0.850881,-0.0627598
0.803723,0.280865
0.726536,0.767812
0.776718,-0.00618897
0.806172,0.0629648
0.847546,-0.38063
0.811933,-0.223297
0.829464,-0.190792
0.897655,-0.397935
0.753054,0.355802
0.80218,0.13187
0.847636,-0.105557
0.842652,-0.25649
0.865613,-0.0442063
0.848338,-0.457167
0.823128,0.13561
0.810423,0.465188
0.850612,-0.128501
0.853372,-0.370353
0.823284,0.000819314
0.869439,-0.173632
0.839647,-0.15161
0.89736,-0.475151
0.776646,-0.0991814
0.764872,0.380584
0.867975,0.0688201
0.752524,0.330404
0.80229,-0.0984266
0.720101,0.740021
0.839635,0.133212
0.795672,0.174688
0.888751,-0.265445
0.783319,0.272135
0.830733,0.000386831
0.818493,-0.164731
0.785487,0.0839119
0.847489,-0.103916
0.857911,-0.001299
0.847945,-0.268079
0.815758,0.0619662
0.842064,-0.0119364
0.922772,-0.288901
0.825112,-0.0698641
0.771796,0.655942
0.869452,-0.26235
0.883819,-0.432416
0.888579,-0.450676
0.823304,-0.0431089
0.859631,-0.367973
0.815513,-0.229259
0.891689,-0.507997
0.854243,-0.180417
0.855966,-0.0677073
0.826003,-0.0283919
0.84341,-0.0319219
0.710523,0.71273
0.926906,-0.705492
0.870496,-0.29883
0.819452,0.224975
0.820669,0.0169933
0.964668,-0.921296
0.893103,-0.443296
0.830589,0.182759
0.7763,0.420825
0.901452,-0.54183
0.922608,-0.389412
0.881377,-0.551365
0.868427,-0.427149
0.869036,-0.425085
0.803112,-0.0181069
0.782668,0.0220439
0.891251,-0.723008
0.799958,0.330588
0.797539,0.0905355
0.885759,-0.622856
0.791504,0.502712
0.798652,0.262475
0.856554,-0.231378
0.810393,-0.363793
0.843138,-0.216334
0.878121,-0.290291
0.82485,0.463311
0.858965,-0.135629
0.892035,-0.270567
0.898126,-0.618385
0.798293,0.095165
0.847794,-0.224553
0.892925,-0.385905
0.855091,0.0424679
0.819139,-0.0896327
0.779553,0.281358
0.804695,0.340716
0.822787,-0.102549
0.816919,-0.0137399
0.74533,0.329997
0.861826,-0.407342
0.724653,0.545462
0.722107,0.210041
0.839486,0.000765367
0.809136,0.121185
0.790114,-0.000796374
0.782714,0.40288
0.834702,-0.0702846
0.820335,-0.150758
0.751823,0.504432
0.805636,0.190028
0.888009,-0.0827594
0.80519,0.187791
0.829112,-0.0803192
0.784426,0.134379
0.902567,-0.74742
0.823133,-0.114205
0.924181,-0.891768
0.912082,-0.462577
0.844278,-0.300401
0.867242,-0.527269
0.858104,-0.0820161
0.823686,0.182318
0.795661,0.271957
0.833187,-0.0791141
0.802518,-0.00939491
0.85363,-0.177837
0.795921,0.0813868
0.759382,0.279971
0.879948,-0.742644
0.795545,-0.0190434
0.897094,-0.271869
0.78537,-0.288151
0.840759,-0.174256
0.875381,-0.577351
0.797551,0.132298
0.818158,-0.0140592
0.896681,-0.386985
0.871127,-0.486802
0.813279,-0.0673416
0.832354,0.147856
0.819645,-0.0121856
0.829701,0.0227872
0.831691,-0.096661
0.874639,-0.0593789
0.896589,-0.432923
0.791255,0.214967
0.838313,-0.338226
0.907638,-0.374021
0.89751,-0.465558
0.853238,0.0480576
0.920205,-0.628001
0.763851,0.642201
0.768213,0.37871
0.803357,0.239396
0.888749,-0.53012
0.759253,0.540122
0.867718,-0.157656
0.893649,-0.617073
0.775402,0.00687684
0.864759,-0.46288
0.891048,-0.75968
0.768066,0.556239
0.824738,-0.17138
0.860529,-0.458412
0.836992,-0.274464
0.82444,-0.165122
0.823748,-0.0681557
0.904176,-0.601759
0.823231,0.0473084
0.891496,-0.627107
0.820248,-0.0111833
0.882807,-0.544013
0.763291,0.732525
0.851908,-0.0620759
0.888056,-0.301657
0.891407,-0.801506
0.693761,0.671676
0.834134,-0.0802703
0.81087,0.0470049
0.825037,-0.062848
0.881849,-0.599438
0.893957,-0.668143
0.776113,0.487402
0.742005,0.838261
0.79503,0.334865
0.869046,-0.525322
0.886825,-0.239405
0.829355,-0.231409
0.807808,0.0913345
0.867772,-0.596974
0.838535,-0.0777896
0.773903,0.736624
0.858572,-0.33286
0.820868,0.45129
0.76357,0.519638
0.832374,0.113012
0.799119,0.20231
0.824066,-0.490739
0.94692,-0.554683
0.889712,-0.438073
0.863878,-0.279931
0.848285,-0.20299
0.859491,-0.383392
0.856366,-0.172824
0.718958,0.584467
0.811467,0.11397
0.816025,0.0160356
0.842005,-0.245828
0.819688,0.286968
0.835028,0.0672756
0.825239,0.152077
0.871631,-0.293508
0.73702,0.730244
0.756843,0.650556
0.867696,-0.0916174
0.791724,0.139354
0.823653,0.331223
0.780895,0.375023
0.934368,-0.547436
0.810372,0.0137822
0.786792,0.431614
0.819349,-0.279191
0.777246,0.385991
0.832727,-0.461483
0.797804,-0.329963
0.940728,-0.643353
0.696952,0.485941
0.8986,-0.509952
0.821206,0.181999
0.924965,-0.376946
0.773722,0.505664
0.834696,-0.303184
0.842907,-0.216734
0.835374,0.140916
0.803271,0.23519
0.835026,-0.0579159
0.887204,-0.297501
0.857464,-0.435306
0.808623,0.0824965
0.804742,-0.107354
0.770101,0.449213
0.806747,-0.0856681
0.910051,-0.409547
0.82362,-0.0786503
0.917409,-0.712131
0.931002,-0.664158
0.887769,-0.495134
0.856936,-0.317568
0.925069,-0.572214
0.747459,0.740136
0.75234,-0.124958
0.862389,-0.284642
0.884836,-0.415974
0.956482,-0.926938
0.828036,0.148484
0.873312,-0.343299
0.744792,0.474595
0.826897,0.0909904
0.841853,-0.00941457
0.825725,-0.0179535
0.881948,-0.454791
0.857704,-0.0572975
0.833595,0.311809
0.879156,-0.73233
0.825752,-0.157566
0.829139,0.188376
0.776858,0.198914
0.763853,0.434448
0.841792,-0.181351
0.861303,-0.462319
0.928548,-1.2589
0.891709,-0.680668
0.867071,-0.273226
0.803985,0.279997
0.8567,-0.276531
0.919055,-0.690565
0.85299,-0.192279
0.790549,0.300827
0.833638,0.0228411
0.88634,-0.581636
0.782062,0.400428
0.836009,-0.0938265
0.784603,-0.042726
0.752027,0.280943
0.883158,-0.586943
0.861734,-0.212705
0.792423,0.0444965
0.830684,-0.0777281
0.891256,-0.405338
0.85829,-0.340759
0.787417,0.34747
0.813592,-0.123687
0.864678,-0.208999
0.677597,0.7844
0.92515,-0.737697
0.84417,0.0028256
0.689212,0.830453
0.824146,0.0914641
0.836642,0.0179481
0.821011,0.0058736
0.913226,-0.708518
0.882197,-0.159696
0.792965,-0.138344
0.813584,0.213786
0.821374,-0.187623
0.878251,-0.257927
0.755175,0.535546
0.830194,-0.0257664
0.84814,-0.0654742
0.878508,-0.157214
0.839778,-0.315384
0.809897,0.124815
0.77097,0.396237
0.777238,0.130373
0.785003,0.211717
0.820255,-0.193029
0.810122,-0.274733
0.828517,0.248176
0.897006,-0.420292
0.827836,-0.0678143
0.736631,0.747864
0.804523,0.0189222
0.885583,-0.426339
0.856083,-0.199759
0.787179,-0.117993
0.79383,0.195471
0.804164,0.186584
0.848556,0.0198621
0.909721,-0.838238
0.745047,0.7996
0.797261,0.602466
0.713556,0.832916
0.785809,0.256288
0.869482,-0.110086
0.863127,-0.66266
0.867139,-0.228517
0.891435,-0.438634
0.82319,0.376547
0.831886,-0.0189539
0.775335,0.584295
0.727405,0.639218
0.963535,-0.623339
0.870553,-0.190287
0.911815,-0.648551
0.794872,0.147401
0.761689,0.129196
0.888302,-0.523842
0.768888,0.351861
0.917906,-0.544273
0.733782,0.354097
0.838434,-0.224032
0.795648,0.522575
0.729995,0.67943
0.723611,0.483315
0.773675,0.102928
0.701899,0.690573
0.865534,-0.202342
0.824933,0.0672284
0.797477,0.547834
0.802166,0.123356
0.831141,0.263547
0.864709,-0.252364
0.817097,-0.0219101
0.808585,-0.0203494
0.871339,-0.715956
0.877436,-0.554893
0.870568,0.0344445
0.800739,-0.184834
0.870431,-0.167349
0.825522,-0.282942
0.89154,-0.67443
0.828366,-0.27794
0.800887,0.242356
0.812429,-0.142362
0.732593,0.539012
0.86094,-0.362766
0.802966,0.212127
0.866359,-0.376243
0.81654,0.0883464
0.87739,-0.638469
0.839911,-0.306372
0.869246,-0.357462
0.880197,-0.375379
0.809329,0.314894
0.814009,0.154365
0.878326,-0.496376
0.879641,-0.0841584
0.836391,-0.405047
0.855332,-0.231448
0.840576,-0.114832
0.870553,-0.279121
0.858072,-0.494686
0.873348,-0.469989
0.791648,0.080826
0.747156,0.478557
0.85068,-0.271647
0.791998,0.609368
0.844822,0.11156
0.889375,-0.295624
0.786174,0.235527
0.83502,-0.14124
0.884728,-0.402155
0.795063,0.54244
0.919648,-0.747046
0.820492,0.0286243
0.866301,-0.628744
0.875708,-0.269623
0.899024,-0.256054
0.902703,-0.235253
0.787623,0.139326
0.912633,-0.507199
0.77574,0.364154
0.871245,-0.245804
0.851245,-0.309805
0.838962,-0.059933
0.875158,-0.225701
0.884226,-0.485765
0.752005,0.199544
0.853346,-0.235498
0.7352,0.679302
0.821793,-0.121343
0.913117,-0.807487
0.856102,0.124909
0.881907,-0.526272
0.743669,0.304556
0.929118,-0.687896
0.876685,-0.192386
0.839512,-0.172728
0.779053,0.356228
0.800933,-0.236723
0.765604,0.228348
0.887702,-0.478966
0.832506,0.0409492
0.861458,-0.297307
0.806748,0.284088
0.757534,0.251085
0.797647,-0.14175
0.845937,-0.292944
0.745696,0.348399
0.894459,-0.547526
0.843517,-0.168735
0.807112,-0.194897
0.810251,-0.137849
0.731831,0.552338
0.807831,-0.126265
0.849514,-0.0815585
0.862328,-0.306018
0.847161,-0.491589
0.897083,-0.409767
0.753306,0.368423
0.798461,0.0752454
0.846308,0.0158158
0.883702,-0.225363
0.851968,-0.0637251
0.862674,-0.135541
0.821012,-0.385335
0.770596,0.0217378
0.882264,-0.613806
0.858256,-0.0510432
0.829792,-0.166432
0.772697,0.228349
0.769229,0.415598
0.83595,0.208887
0.864483,-0.0905095
0.891082,-0.414295
0.836683,-0.290953
0.891473,-0.611655
0.848116,-0.213214
0.862703,-0.454213
0.826679,-0.13499
0.803458,0.276594
0.835157,-0.290194
0.759774,0.2303
0.770954,0.143308
0.818114,0.0564386
0.824234,-0.000888305
0.843791,-0.132016
0.756791,0.28023
0.855606,-0.0654562
0.775973,0.301764
0.887038,-0.631363
0.819816,-0.170036
0.851424,-0.176701
0.913682,-0.613443
0.78243,0.340362
0.838112,-0.105802
0.867309,-0.579124
0.815532,0.202957
0.83188,-0.0332459
0.851636,0.10495
0.817244,-0.118763
0.816925,0.16282
0.850208,-0.454192
0.823346,-0.060097
0.804571,0.167161
0.835193,-0.262357
0.729613,0.372254
0.880002,-0.304713
0.877489,-0.109944
0.892593,-0.392305
0.69253,0.960971
0.860359,-0.469678
0.757771,0.261935
0.791071,0.509938
0.917698,-0.485501
0.81659,-0.204137
0.915073,-0.226845
0.837089,-0.141517
0.885541,-0.632193
0.805915,0.291335
0.723611,0.488944
0.775758,0.403195
0.810207,-0.0341955
0.862909,-0.23062
0.824792,-0.232485
0.781298,0.281241
0.740974,0.579852
0.93475,-0.514339
0.80021,0.094939
0.868088,-0.698093
0.867948,-0.213529
0.882191,-0.574752
0.858678,-0.252948
0.736565,0.467309
0.915557,-0.543322
0.873422,-0.433035
0.777702,0.550899
0.85495,-0.0233155
0.810557,-0.0279539
0.756484,0.62939
0.858571,-0.135197
0.87159,-0.330805
0.857392,-0.188787
0.780176,0.367027
0.819912,0.0294395
0.876942,-0.439511
0.845619,0.180508
0.841505,-0.379059
0.895671,-0.235959
0.808834,-0.0229214
0.821467,-0.00251511
0.851834,0.0680727
0.838377,0.124733
0.816968,-0.293056
0.859824,-0.0194039
0.884018,-0.553378
0.876374,-0.373432
0.809163,0.298784
0.793605,0.0879833
0.805769,0.316511
0.820833,-0.0339022
0.917454,-0.593866
0.793862,0.175889
0.760699,0.318531
0.837614,-0.0233642
0.825447,0.158218
0.907252,-0.267301
0.695305,0.79717
0.873939,-0.595021
0.93639,-0.969136
0.784443,0.0384581
0.809658,-0.330871
0.871978,-0.0472279
0.811693,-0.0922664
0.79367,0.202299
0.858561,-0.366981
0.883477,-0.00930591
0.804807,0.200145
0.779818,0.0442394
0.762672,0.178751
0.877573,-0.606652
0.720951,0.570325
0.700746,0.872671
0.893965,-0.332418
0.821712,-0.172389
0.843435,-0.128167
0.931214,-0.355623
0.788067,0.385901
0.801341,0.245666
0.78772,0.352712
0.7985,0.0844383
0.854084,-0.310581
0.814834,0.102556
0.9056,-0.5301
0.885311,-0.371633
0.883953,-0.132929
0.838111,0.0151832
0.811048,0.194252
0.89749,-0.20535
0.875626,-0.625517
0.811634,0.0764315
0.846177,0.0867483
0.768911,0.556173
0.791242,-0.152503
0.905932,-0.673619
0.869206,-0.405156
0.902315,-0.543722
0.825716,0.0500738
0.845766,-0.415128
0.902423,-0.51728
0.806112,0.269708
0.782196,-0.0598343
0.848286,-0.134551
0.772216,0.315341
0.782873,0.13971
0.856015,-0.217512
0.810354,-0.12879
0.74678,0.340095
0.677242,0.893693
0.917632,-0.343052
0.877799,-0.509115
0.776998,0.0774089
0.840567,-0.0681405
0.801705,0.0518246
0.856472,-0.167202
0.861382,-0.243982
0.846808,-0.33717
0.849502,-0.266767
0.773903,0.444768
0.86643,-0.578803
0.896617,-0.546959
0.797099,-0.0969398
0.78896,0.42411
0.729242,0.509802
0.878326,0.0331696
0.797664,0.0526296
0.79982,0.0718737
0.889509,-0.558572
0.812368,0.172744
0.872213,-0.0428101
0.712052,0.315829
0.87363,-0.237635
0.931455,-0.717748
0.822408,0.202609
0.856226,0.220996
0.866926,-0.339972
0.781367,0.176988
0.87841,-0.556569
0.813637,0.16781
0.763004,0.319227
0.876366,-0.673672
0.83154,-0.00553655
0.85962,-0.233985
0.782447,0.16924
0.917425,-0.427971
0.845793,-0.278484
0.885013,-0.454493
0.803999,-0.18173
0.863249,-0.340494
0.895641,-0.288697
0.807296,0.400266
0.801917,0.100907
0.838802,0.0350227
0.790447,0.406142
0.819429,-0.0188688
0.81057,-0.0338043
0.85029,0.0621399
0.799027,0.166329
0.852715,-0.166103
0.815382,0.184781
0.827697,0.141393
0.845154,-0.153775
0.89762,-0.634742
0.867651,-0.280884
0.893871,-0.387065
0.827396,0.00489628
0.790002,0.148538
0.829387,-0.0255637
0.82675,-0.202168
0.847743,-0.147115
0.873647,-0.0290927
0.788026,0.100975
0.888084,-0.459074
0.819126,0.0390217
0.785273,0.15151
0.835933,0.223267
0.884273,-0.359429
0.779438,0.156375
0.944791,-0.724655
0.850023,-0.319097
0.855034,-0.536199
0.786697,0.537403
0.824739,0.120243
0.803374,0.0599622
0.791547,0.292571
0.720747,0.641639
0.832136,-0.151258
0.88457,-0.51701
0.876099,-0.590058
0.971228,-1.10704
0.799194,0.483737
0.813788,-0.258576
0.801521,0.0597418
0.873747,-0.871806
0.816176,0.285154
0.872663,-0.00768585
0.825891,-0.0819363
0.855902,-0.359258
0.817759,0.0622794
0.752422,0.647879
0.767833,0.309784
0.815382,0.191391
0.933919,-1.04885
0.835,-0.0466085
0.797532,0.266204
0.838708,-0.192543
0.859376,-0.0265705
0.877698,-0.200749
0.876593,-0.346611
0.825263,0.0765191
0.899141,-0.576083
0.748377,0.562071
0.851373,0.00523253
0.839829,0.286268
0.847619,0.269775
0.886174,-0.265927
0.874542,-0.702797
0.806632,-0.135205
0.770769,0.329195
0.895096,-0.308376
0.904714,-0.713909
0.876489,-0.621932
0.814922,-0.0256402
0.922322,-0.981202
0.903384,-0.611146
0.784555,0.617235
0.878321,-0.308583
0.832313,-0.0763566
0.8238,0.0837925
0.819189,0.0554618
0.849173,-0.0958644
0.741419,0.442474
0.778951,0.171996
0.805189,-0.0207838
0.766105,0.474692
0.876399,-0.480184
0.924219,-0.69505
0.859675,-0.0633181
0.811602,0.0181254
0.823067,-0.151312
0.847273,-0.0377697
0.829647,-0.0696022
0.721799,0.805687
0.752665,0.475044
0.690554,0.72147
0.83104,-0.0947925
0.83605,0.122053
0.818093,0.166361
0.866401,-0.157864
0.751595,0.142737
0.807402,-0.0105275
0.818415,0.182795
0.857299,-0.344244
0.797279,0.0556542
0.852181,0.341485
0.882391,-0.295296
0.837417,-0.147808
0.788206,-0.079904
0.861677,-0.369992
0.712694,0.745483
0.840603,-0.273593
0.862007,-0.0454999
0.845187,0.0221414
0.918257,-0.688308
0.828543,0.0050674
0.869986,-0.632114
0.874809,-0.107928
0.78877,0.0907721
0.919132,-0.357763
0.911233,-0.363069
0.99631,-1.05418
0.804649,0.437472
0.783924,0.0330781
0.73565,0.578947
0.743396,0.363712
0.785023,-0.0850864
0.836149,0.0719118
0.86455,-0.167781
0.856583,-0.253392
0.81097,-0.295653
0.799039,0.333898
0.863434,-0.0280525
0.738865,0.506679
0.833119,-0.086222
0.863227,-0.440772
0.74906,0.41338
0.792819,0.254862
0.867524,-0.455609
0.893387,-0.341752
0.826923,-0.118226
0.778075,0.355765
0.837983,0.100926
0.944998,-0.717912
0.707985,0.713487
0.904262,-0.504292
0.872912,-0.550318
0.897745,-0.57565
0.809752,0.0916269
0.819866,0.0983824
0.852343,-0.217784
0.837005,-0.205583
0.826497,-0.182396
0.865669,-0.0181229
0.886003,-0.331223
1.01421,-1.23156
0.779931,0.541583
0.797097,0.0107489
0.807194,-0.130945
0.810629,0.0794395
0.872786,-0.647256
0.936649,-0.548876
0.860984,-0.138638
0.82592,0.287659
0.760367,0.336687
0.808682,0.272878
0.857031,-0.330257
0.81617,0.0780434
0.793882,0.358811
0.865311,-0.217363
0.880144,-0.537315
0.770187,0.267788
0.865551,-0.14226
0.858481,-0.0346313
0.865931,-0.251529
0.835824,-0.414675
0.817325,-0.13415
0.81482,-0.0244528
0.881925,-0.140142
0.826732,-0.155241
0.891438,-0.587548
0.866282,-0.00826496
0.817147,-0.0506833
0.85252,-0.0250514
0.903098,-0.829921
0.868553,-0.203039
0.816083,0.340439
0.78127,-0.0532557
0.842798,0.25832
0.82262,-0.0635588
0.759086,0.445292
0.833163,-0.0847212
0.805554,0.417184
0.893887,-0.545376
0.809559,0.201331
0.77182,0.258638
0.886945,-0.303438
0.808962,0.185401
0.777666,0.569535
0.774487,0.505216
0.867364,-0.655954
0.896531,-0.424671
0.865729,-0.103776
0.866809,-0.242082
0.856145,-0.162946
0.81949,0.155263
0.835131,0.0601334
0.872976,-0.281795
0.867488,-0.00458452
0.883419,-0.638965
0.84007,0.046114
0.816134,0.0600738
0.850256,0.0366829
0.855716,-0.174735
0.896334,-0.334556
0.7634,0.441983
0.897569,-0.302777
0.915439,-0.612633
0.851442,-0.0557929
0.844714,-0.420299
0.884824,-0.527038
0.779045,0.729275
0.881565,-0.327702
0.839482,-0.366121
0.83997,-0.175962
0.752805,0.66036
0.797464,-0.0624896
0.798252,0.0591374
0.829073,-0.546496
0.811141,0.230476
0.847481,-0.0414194
0.859073,-0.0236385
0.834231,-0.275691
0.78014,0.370273
0.811983,0.271913
0.864273,-0.302167
0.826793,-0.144295
0.802811,-0.141094
0.849664,-0.23075
0.952359,-0.92408
0.729926,0.738311
0.837688,0.175479
0.794739,0.395687
0.830529,-0.0795901
0.898034,-0.54929
0.732469,0.498808
0.86428,-0.0725007
0.808047,-0.318841
0.809358,0.0858682
0.856105,-0.188958
0.810084,0.0917141
0.803858,0.119451
0.77917,0.296923
0.879609,0.0494158
0.793632,-0.00956813
0.863221,-0.449118
0.837292,-0.311592
0.753392,0.492552
0.870434,-0.448741
0.880293,-0.746368
0.814245,0.105403
0.771702,0.347133
0.857833,0.022502
0.702683,0.736852
0.832607,-0.0126787
0.839408,-0.159106
0.815983,-0.288724
0.855572,-0.037328
0.864704,-0.434966
0.848044,-0.0116024
0.905773,-0.264702
0.770024,0.297415
0.821712,0.113472
0.711502,0.521075
0.920075,-0.293868
0.737967,0.762497
0.854376,-0.494914
0.841607,-0.0774304
0.893938,-0.521273
0.863015,0.0815663
0.808786,0.270892
0.895139,-0.712025
0.815698,-0.0320783
0.753862,0.150021
0.816647,-0.415522
0.865083,-0.335709
0.90164,-0.358752
0.927866,-0.746559
0.837346,-0.26594
0.836597,-0.441754
0.877314,-0.554716
0.890955,-0.192426
0.883092,-0.597773
0.813532,-0.0393639
0.915156,-0.853155
0.751082,0.629567
0.891865,-0.693781
0.807017,0.0853922
0.828625,-0.0419466
0.808888,-0.109029
0.834879,-0.281039
0.852958,-0.00556503
0.853091,0.0420867
0.811309,-0.056918
0.791217,0.077825
0.812965,0.0960551
0.902985,-0.443726
0.768161,0.338708
0.849078,-0.364959
0.87206,0.119075
0.869692,-0.283464
0.813202,0.359866
0.774907,0.345858
0.838259,-0.15662
0.84302,-0.21102
0.87208,-0.10794
0.776526,0.164764
0.820486,0.0386454
0.846673,-0.348566
0.77846,0.251092
0.854868,-0.321244
0.830182,0.124607
0.84428,-0.249814
0.84831,-0.117032
0.807272,-0.294774
0.836286,0.0432582
0.865653,-0.0706255
0.791056,0.464871
0.851721,-0.5865
0.812369,0.0498058
0.807109,-0.242491
0.848571,-0.237477
0.808689,-0.0217851
0.851409,0.149984
0.883077,-0.241954
0.812034,0.352679
0.852094,-0.0986986
0.794939,0.149911
0.792462,0.0794535
0.853639,-0.420912
0.936467,-0.887228
0.809085,-0.0215274
0.787718,0.250246
0.876481,-0.235581
0.83236,-0.315196
0.915116,-0.811802
0.849138,-0.135568
0.911677,-0.452887
0.773032,0.119654
0.83368,-0.331085
0.835555,0.156545
0.799901,0.147664
0.824172,0.0920331
0.813126,-0.204819
0.762649,0.205113
0.806889,0.0885444
0.807796,0.0287559
0.736249,0.728633
0.888889,-0.29018
0.814611,-0.17741
0.848857,-0.216637
0.824999,0.0685462
0.832632,-0.219405
0.761523,0.290714
0.825009,-0.113056
0.817949,-0.0996003
0.805447,-0.242003
0.831277,0.0450462
0.863473,-0.132721
0.839948,0.127054
0.882532,-0.303194
0.864959,-0.0212714
0.796289,0.257023
0.788836,0.0805062
0.765158,0.274574
0.82127,0.0488362
0.879981,-0.235518
0.788218,0.602981
0.781784,0.297705
0.85665,-0.641623
0.887573,-0.627908
0.873012,-0.467591
0.786636,0.358901
0.876077,-0.290059
0.837641,0.073402
0.869746,-0.351789
0.830322,0.419839
0.861696,0.0197578
0.887391,-0.375889
0.787742,0.421434
0.762856,0.291894
0.840629,-0.18659
0.794261,0.726675
0.88394,-0.147523
0.79119,0.359412
0.817835,-0.0830945
0.81306,0.179787
0.872013,-0.46205
0.881939,-0.383854
0.874204,-0.279167
0.86308,-0.456143
0.881901,-0.792307
0.84871,-0.0831471
0.894344,-0.389036
0.858495,-0.387796
0.904846,-0.392565
0.789508,0.0514831
0.861143,0.148444
0.847489,-0.497369
0.892027,-0.472593
0.834588,-0.295741
0.912282,-0.589679
0.836174,-0.101376
0.831766,-0.372809
0.801268,0.0435407
0.82521,-0.130149
0.936881,-0.445467
0.845059,-0.356654
0.82,-0.137232
0.742407,0.338975
0.844186,-0.162404
0.872594,-0.592506
0.831874,0.193955
0.772358,0.135487
0.900661,-0.735461
0.901058,-0.5771
0.813499,-0.331627
0.8596,-0.182322
0.741407,0.113157
0.760225,0.00366173
0.743399,0.502803
0.791246,0.296373
0.798005,0.210742
0.809165,0.0591311
0.902048,-0.481741
0.835516,0.0330462
0.835087,-0.246193
0.741487,0.391661
0.890277,-0.563463
0.934399,-0.945487
0.820387,-0.077745
0.844578,-0.0223431
0.82584,0.25872
0.812454,0.158033
0.860716,-0.361826
0.840595,0.270703
0.873076,-0.123743
0.777483,0.162907
0.839679,-0.269851
0.837156,0.111379
0.782989,0.488957
0.728229,0.715337
0.784591,0.245058
0.829014,-0.0838376
0.765952,0.363534
0.889181,-0.431996
0.788006,0.159077
0.827282,-0.376987
0.896512,-0.576944
0.77877,0.50112
0.877118,-0.462032
0.790409,0.342669
0.722073,0.710035
0.841021,0.0196022
0.785119,0.406685
0.752518,0.749119
0.862167,-0.0509157
0.859201,-0.170707
0.89304,-0.226977
0.852184,-0.147112
0.876007,-0.158884
0.911371,-0.730108
0.916968,-0.607867
0.830283,0.10735
0.753182,0.462627
0.864237,-0.319854
0.868773,-0.427111
0.827796,0.0601021
0.772688,0.188523
0.861178,-0.209036
0.774324,0.116504
0.792289,0.038583
0.831597,-0.0310391
0.837343,-0.137942
0.841048,0.159337
0.867499,-0.292155
0.84293,-0.0416385
0.854481,-0.132052
0.766426,0.43159
0.855355,-0.121046
0.864494,-0.24779
0.876736,-0.536867
0.835371,0.186891
0.846143,0.0178157
0.888939,-0.212745
0.771966,0.37316
0.775139,0.0616382
0.905546,-0.49523
0.854047,-0.0723644
0.88221,-0.331037
0.799716,-0.00484985
0.889012,-0.180252
0.832116,0.227945
0.712499,0.492467
0.834174,-0.187612
0.801884,0.177908
0.849551,-0.0695795
0.762286,0.173336
0.865306,-0.472216
0.85282,-0.210428
0.849199,0.0443918
0.873121,-0.456152
0.870286,-0.430948
0.80123,0.0649854
0.860621,-0.445069
0.916479,-0.272548
0.876933,-0.336825
0.810243,0.214529
0.905818,-0.874314
0.881635,0.0265069
0.792769,-0.140777
0.82253,0.249986
0.868836,-0.0433009
0.858742,-0.168466
0.878791,-0.516883
0.83249,0.119124
0.904673,-0.676458
0.885536,-0.495206
0.895874,-0.177199
0.895564,-0.318732
0.813879,0.280028
0.784547,0.338729
0.826064,-0.0669099
0.859088,-0.0456181
0.876994,-0.476081
0.828381,-0.0207643
0.925529,-0.869969
0.78338,0.138427
0.874649,-0.552421
0.861296,-0.174838
0.77839,0.241164
0.836943,0.0102028
0.804984,-0.031458
0.811104,0.315218
0.885814,-0.589977
0.819094,-0.138
0.789262,0.0170691
0.887716,-0.608071
0.849151,0.256821
0.778316,0.0562753
0.82465,-0.190947
0.783901,0.197251
0.748291,0.763339
0.84889,0.145043
0.817319,0.164685
0.832002,-0.0344045
0.825495,0.221386
0.864503,-0.327488
0.861246,-0.109954
0.831572,-0.303791
0.81919,0.0312145
0.789059,0.12532
0.857886,-0.287971
0.873189,-0.529125
0.910485,-0.379471
0.905104,-0.278559
0.84324,-0.40301
0.864328,-0.4173
0.769568,0.294422
0.802885,0.00565811
0.892868,-0.232259
0.814515,0.166696
0.772383,0.360241
0.747056,0.464977
0.829715,0.0832903
0.854051,-0.266396
0.831873,-0.083504
0.746394,0.199199
0.801995,0.181552
0.755628,0.392879
0.853856,-0.11152
0.741117,0.693988
0.783047,0.426973
0.924851,-0.652919
0.851823,-0.275599
0.867781,-0.644749
0.877079,-0.193645
0.820092,0.126086
0.832462,0.0264871
0.837445,-0.280486
0.811366,0.136013
0.846283,0.406817
0.789694,0.263066
0.815739,0.243493
0.745345,0.247353
0.820952,-0.130329
0.836498,-0.305921
0.853388,-0.209253
0.826981,0.017394
0.750505,0.597876
0.8827,-0.559205
0.90259,-0.312054
0.883913,-0.653671
0.853365,0.00709777
0.815614,0.0514971
0.84776,-0.44446
0.880475,-0.486784
0.843439,-0.161367
0.775926,0.384211
0.812066,-0.301243
0.815912,0.171882
0.832844,0.207102
0.827676,0.285338
0.893002,-0.452741
0.827886,-0.237464
0.84035,-0.162281
0.886747,-0.30206
0.853645,-0.378633
0.825439,-0.179565
0.820876,0.139086
0.814249,0.235797
0.741018,0.299507
0.831041,0.00316855
0.735854,0.399503
0.853834,-0.321018
0.853375,-0.240293
0.817269,0.00574961
0.861232,-0.0554514
0.819142,-0.156171
0.801392,0.194596
0.779064,0.0417482
0.81308,0.218717
0.860335,-0.292033
0.863364,-0.371391
0.743755,0.401601
0.868276,-0.362166
0.779445,0.294088
0.881708,-0.259354
0.861642,-0.0472411
0.833585,0.0438106
0.851664,-0.375225
0.806376,0.170512
0.888596,-0.496964
0.8064,0.0137334
0.849183,-0.359049
0.858452,-0.151743
0.883732,-0.383559
0.842348,-0.0114742
0.868835,0.0793841
0.886242,-0.329169
0.806216,-0.104464
0.813443,-0.0106359
0.825294,-0.259211
0.830204,0.00273311
0.921364,-0.48401
0.873803,-0.0149969
0.758462,0.0635025
0.774932,0.274077
0.883666,-0.244565
0.797012,0.184994
0.880552,-0.314684
0.76516,0.454541
0.839946,0.0559504
0.860264,-0.332363
0.808761,0.0671607
0.905872,-0.67185
0.777322,0.210977
0.827498,-0.111791
0.799075,0.184605
0.849117,-0.218108
0.922805,-0.883653
0.819873,-0.0333898
0.751142,0.505632
0.811389,0.128477
0.753172,0.268797
0.808897,0.273701
0.80615,0.301306
0.872782,-0.606373
0.837673,-0.0301612
0.719533,0.811998
0.852282,-0.185661
0.753905,0.308135
0.752759,0.138515
0.893163,-0.402341
0.852271,-0.143649
0.782394,0.276923
0.796631,0.0612184
0.869061,-0.141666
0.795054,0.0009976
0.80738,0.103733
0.772853,0.116611
0.86276,-0.20218
0.82662,-0.136771
0.843981,-0.34186
0.799286,0.356821
0.75377,0.520015
0.762042,0.608114
0.917984,-0.613943
0.803743,0.282473
0.848244,-0.250143
0.796931,0.0292594
0.762804,0.336469
0.828472,-0.0510587
0.829855,-0.193995
0.866807,-0.452531
0.840984,-0.307692
0.792742,0.107339
0.865819,-0.112978
0.805928,0.168749
0.793097,0.0515907
0.845014,-0.102524
0.853857,-0.456452
0.772883,0.376029
0.886522,-0.540272
0.830652,-0.15383
0.780259,-0.0910095
0.900984,-0.423525
0.829376,0.0083101
0.867074,-0.164146
0.796691,0.187027
0.835472,-0.288349
0.804973,0.236783
0.85755,0.104601
0.901448,-0.343271
0.856018,0.222489
0.870349,-0.234544
0.851972,-0.280261
0.835931,0.0318983
0.803373,0.345119
0.871805,-0.0918885
0.931749,-0.96658
0.822409,0.477607
0.896348,-0.287414
0.891807,-0.468386
0.858816,-0.250408
0.790952,0.195199
0.788641,0.332435
0.91019,-0.367336
0.861629,-0.225256
0.752701,0.132825
0.805199,-0.118772
0.815842,0.0124143
0.77083,0.307549
0.835843,0.146744
0.759279,0.492156
0.852913,-0.606985
0.785523,0.587413
0.857648,-0.254256
0.838142,-0.309165
0.853636,-0.428436
0.889086,-0.62468
0.889874,-0.652718
0.822816,0.178925
0.804457,0.559208
0.817235,0.432213
0.86427,-0.350071
0.839025,0.061312
0.758019,0.446573
0.812172,0.011299
0.739746,0.305906
0.82048,0.134774
0.869655,-0.436452
0.806608,0.16138
0.82496,0.0976477
0.759736,0.414066
0.815422,0.191623
0.796225,0.0191707
0.798899,-0.0160169
0.854472,-0.363617
0.896255,-0.470159
0.750698,0.339385
0.82052,-0.00940592
0.800593,0.211783
0.939357,-0.622634
0.778281,0.497626
0.80192,0.104443
0.852764,0.0760242
0.74154,0.672649
0.880596,-0.298987
0.872633,-0.562871
0.823192,0.210575
0.870979,-0.476337
0.756087,0.388251
0.856303,-0.31432
0.891533,-0.383621
0.837634,0.233366
0.795352,0.0310137
0.83944,-0.301944
0.769216,0.411702
0.859637,-0.0398895
0.862093,-0.122984
0.846197,0.0977475
0.901764,-0.402572
0.757328,0.456491
0.893566,-0.546171
0.780234,0.335837
0.916788,-0.414838
0.8792,-0.339354
0.821188,-0.360151
0.857532,-0.393481
0.804823,-0.11469
0.864448,-0.404614
0.754309,0.333563
0.773716,0.280927
0.849444,-0.335427
0.887871,-0.336323
0.845066,0.033956
0.857471,-0.414242
0.894725,-0.388231
0.911974,-0.554251
0.921327,-0.77446
0.79065,0.487047
0.721106,0.771311
0.798128,-0.253804
0.897577,-0.608878
0.868207,-0.159066
0.779373,0.425835
0.804632,0.465642
0.764689,0.310722
0.801419,0.243723
0.92714,-0.34081
0.824705,0.0012931
0.737975,0.5064
0.770738,0.652576
0.748025,0.366872
0.77731,-0.020819
0.779001,0.162934
0.817641,-0.261515
0.847879,-0.163054
0.796571,0.0323495
0.904171,-0.436159
0.835839,0.378667
0.736915,0.650081
0.836857,0.0426814
0.846905,-0.0197532
0.841922,-0.0936709
0.784009,0.157604
0.876909,-0.393043
0.784515,0.680289
0.87299,-0.103891
0.722061,0.745903
0.906208,-0.332983
0.854128,-0.471941
0.8186,-0.129751
0.88364,-0.298618
0.775163,0.481092
0.895439,-0.519444
0.650765,1.08685
0.780945,0.177692
0.85655,-0.157768
0.866252,-0.318501
0.809648,-0.104424
0.85407,-0.220726
0.774057,0.499294
0.891314,-0.466248
0.826678,0.0204342
0.873609,-0.348169
0.753823,0.537816
0.878861,-0.428974
0.881198,-0.0223291
0.773525,0.264727
0.822096,-0.231551
0.814212,0.250998
0.923812,-0.744908
0.806499,-0.0533997
0.819577,0.0583121
0.928648,-0.690329
0.838091,-0.248276
0.837094,-0.0630748
0.745397,0.255763
0.857108,-0.109535
0.848987,-0.156846
0.844353,-0.228077
0.833971,-0.0637312
0.754739,0.625329
0.818929,-0.09988
0.87186,-0.271746
0.849196,-0.509883
0.858514,-0.230049
0.874781,0.0636758
0.884003,-0.409096
0.788359,0.361996
0.835896,0.0155165
0.774313,0.279569
0.863343,0.00104197
0.795674,0.441244
0.801227,0.0231943
0.780902,0.654286
0.883,-0.638519
0.850894,-0.0286809
0.857516,-0.244021
0.840968,0.053795
0.841084,0.326928
0.865282,-0.377423
0.873395,-0.350782
0.895739,-0.470661
0.838234,0.0100055
0.853899,-0.144687
0.79393,0.417554
0.770503,0.386229
0.882773,-0.394399
0.769127,0.380744
0.901499,-0.702323
0.816779,-0.0884973
0.80888,-0.011278
0.920184,-0.545355
0.868498,-0.163065
0.883852,-0.616572
0.77584,0.121653
0.786227,0.444472
0.905394,-0.335273
0.88303,-0.166628
0.742376,0.931856
0.883804,-0.237718
0.827018,0.0440909
0.782214,0.1912
0.830141,-0.11944
0.824248,0.202968
0.868881,-0.396656
0.858903,-0.480599
0.77845,0.25436
0.859683,-0.201941
0.879381,-0.179483
0.901809,-0.283019
0.803397,0.277626
0.90102,-0.684774
0.734484,0.705236
0.755727,0.482767
0.752628,0.666655
0.755835,0.901084
0.883253,-0.359724
0.822639,0.207715
0.844537,-0.169679
0.713057,0.430653
0.690764,0.70603
0.815111,-0.0898145
0.956656,-0.881909
0.888584,-0.658064
0.806827,0.247043
0.786653,0.0431448
0.881633,-0.0539059
0.845386,0.107671
0.834653,-0.288373
0.846438,-0.226616
0.823871,0.0556453
0.760291,0.509977
0.800382,0.174519
0.8685,-0.253839
0.825384,-0.180705
0.906983,-0.3228
0.870565,-0.361742
0.840287,0.119118
0.818468,-0.0141328
0.814763,0.105439
0.838374,0.0555033
0.841767,-0.00640107
0.801034,-0.450498
0.869515,-0.359569
0.820423,0.0824107
0.886271,-0.235222
0.875186,-0.477311
0.874881,0.00757987
0.889473,-0.190012
0.880413,-0.279324
0.922914,-0.539359
0.825282,0.304648
0.871506,-0.163942
0.783716,0.131811
0.778247,0.396884
0.744254,0.383625
0.850114,0.00163814
0.850444,-0.342082
0.842963,0.0586582
0.857832,-0.415155
0.848611,-0.4097
0.84449,-0.0833194
0.82396,0.159348
0.854287,-0.193275
0.781109,0.266782
0.777192,0.21727
0.828998,-0.0739378
0.855453,-0.279563
0.817349,-0.14655
0.841393,-0.310731
0.776829,0.297694
0.764847,0.164425
0.863125,0.0414429
0.781759,0.39422
0.783494,0.366005
0.877557,-0.237126
0.89058,-0.37794
0.839324,-0.325363
0.913276,-0.547104
0.76275,0.540344
0.704654,0.482543
0.751738,0.579425
0.907388,-0.377757
0.827479,0.0446854
0.778537,0.387841
0.785335,0.221026
0.810339,0.0785875
0.819634,-0.42565
0.788157,0.359484
0.856792,-0.460012
0.823204,-0.31177
0.806013,0.00685978
0.821684,0.121911
0.828345,-0.331225
0.810126,0.329118
0.810875,-0.347202
0.834103,-0.060843
0.855133,0.0495471
0.813104,0.161654
0.879841,-0.463058
0.8067,0.145115
0.862815,0.00946499
0.815093,-0.230514
0.930292,-0.788751
0.845955,-0.351115
0.834748,0.280208
0.796585,0.637266
0.813613,0.00961001
0.884106,-0.427554
0.894813,-0.349839
0.841019,-0.330115
0.849364,-0.206933
0.899841,-0.643302
0.857836,-0.115002
0.773141,0.358272
0.806062,-0.0156375
0.784659,0.224977
0.812373,-0.168683
0.775198,0.283166
0.765057,0.503422
0.774551,0.117025
0.901302,-0.661409
0.795004,0.130529
0.847855,0.207593
0.767282,0.287169
0.817974,0.321889
0.909069,-0.895335
0.811488,0.184732
0.822033,-0.0456348
0.818868,0.269746
0.785405,0.454547
0.832401,-0.0948098
0.796728,-0.105526
0.820917,0.33367
0.799047,0.0756882
0.735953,0.179961
0.95683,-0.970558
0.798864,-0.140633
0.850008,-0.0137974
0.85434,-0.479646
0.782727,0.496422
0.865327,-0.308887
0.830103,-0.340459
0.824285,0.361667
0.756319,0.440975
0.907159,-0.949409
0.84226,-0.0820392
0.906207,-0.543559
0.860018,0.0282496
0.896405,-0.413274
0.840606,0.216685
0.89108,-0.29247
0.870359,-0.428547
0.883722,-0.273683
0.818723,0.0742253
0.795237,0.397191
0.835509,0.195056
0.822152,0.16682
0.850743,0.211048
0.897154,-0.22964
0.87443,-0.128237
0.874328,-0.13484
0.864461,-0.238625
0.87264,-0.498014
0.916544,-0.763784
0.765146,0.760213
0.944715,-0.887154
0.877707,0.00176896
0.86346,-0.0357271
0.859292,-0.223871
0.763717,0.246436
0.821644,0.171858
0.870895,0.0307809
0.814843,0.132882
0.856282,-0.148402
0.782417,0.170146
0.908787,-0.753772
0.849418,-0.466405
0.835583,0.0749403
0.837954,0.119526
0.77978,0.143368
0.84197,-0.266352
0.859936,-0.0924338
0.824742,0.135558
0.835374,-0.0414682
0.854585,-0.438153
0.852486,-0.165415
0.772504,0.291281
0.813236,0.186331
0.813576,0.325735
0.812007,-0.119402
0.789965,0.0884806
0.678503,1.05871
0.82303,0.136343
0.858974,-0.572602
0.8756,-0.41106
0.772124,0.365746
0.86113,-0.427255
0.816495,-0.129823
0.866825,-0.376916
0.796524,0.191585
0.783838,0.386484
0.818579,0.107999
0.794721,0.328428
0.780999,0.277331
0.747171,0.473148
0.854854,-0.338105
0.799228,0.0334146
0.771879,0.455244
0.884842,-0.481515
0.778577,0.57378
0.841079,-0.0446524
0.724708,0.113464
0.760916,0.291802
0.838847,-0.350009
0.788104,0.106149
0.781588,0.134463
0.900973,-0.636804
0.884655,-0.320707
0.855125,-0.238625
0.794878,-0.0398955
0.908903,-0.19119
0.827829,0.0477443
0.771708,0.237982
0.79182,0.49521
0.841756,-0.331783
0.879783,-0.278179
0.691391,0.699384
0.843722,-0.0308511
0.8106,0.204613
0.828626,-0.146258
0.828237,-0.174179
0.879796,-0.339574
0.804349,0.131317
0.838907,-0.319153
0.81159,0.180687
0.859392,-0.296626
0.859125,-0.354154
0.854858,-0.537023
0.822049,-0.33953
0.716729,0.768722
0.88992,0.0830005
0.816365,0.029468
0.915479,-0.625724
0.949754,-0.964651
0.901355,-0.374046
0.865305,-0.763507
0.784487,0.607443
0.858676,0.0910621
0.823302,0.021289
0.772952,0.2041
0.786834,0.188832
0.874856,-0.275415
0.832062,-0.142068
0.827198,-0.308112
0.809279,-0.0304691
0.79761,0.112647
0.84574,-0.16731
0.861529,-0.229566
0.769279,0.570993
0.877857,-0.301947
0.866135,0.0615679
0.86938,-0.282372
0.832589,0.00332426
0.881689,-0.529102
0.910891,-0.693279
0.877736,-0.688436
0.836593,-0.113559
0.812588,0.177167
0.791492,0.399738
0.947016,-1.09414
0.850682,0.100964
0.833278,-0.057509
0.909849,-0.464442
0.756563,0.619306
0.863987,-0.257644
0.815001,0.154493
0.83706,0.0146669
0.899156,-0.752995
0.8373,0.062824
0.817907,0.0531575
0.847932,-0.250908
0.82325,0.0409335
0.891456,-0.269357
0.932528,-0.805985
0.805962,0.0516007
0.824216,0.265706
0.797552,0.283043
0.887915,-0.460989
0.938371,-0.945969
0.825632,-0.412768
0.81455,0.0565477
0.875902,-0.586337
0.79869,0.372515
0.761081,0.786284
0.849366,-0.202157
0.821107,-0.0327702
0.777098,0.347588
0.851317,-0.187487
0.79709,0.315348
0.805711,0.0977995
0.863815,-0.642671
0.795806,0.0294768
0.891173,-0.439468
0.815216,-0.0245729
0.761381,0.689046
0.872781,-0.245351
0.843543,0.0237899
0.895553,-0.540306
0.924833,-0.613464
0.795641,0.285507
0.75878,0.00686554
0.773264,0.437798
0.765608,0.314343
0.796249,0.181031
0.825947,-0.11526
0.870636,-0.477309
0.83921,-0.00641281
0.771751,0.388926
0.864751,-0.702839
0.859756,-0.22245
0.868213,-0.353225
0.808654,0.349072
0.917329,-0.669645
0.753117,0.489524
0.952602,-0.818221
0.796192,0.326999
0.864296,-0.500681
0.888603,-0.229974
0.864326,-0.47788
0.770289,0.637221
0.851548,-0.365252
0.811686,0.190817
0.857481,-0.238004
0.839515,-0.150795
0.8225,0.115205
0.777076,0.427653
0.878405,-0.468365
0.836842,0.311318
0.805081,0.023537
0.885636,-0.509454
0.904,-0.457349
0.878195,-0.354243
0.88002,-0.655257
0.851379,-0.131054
0.967496,-1.00323
0.888076,-0.34197
0.835573,-0.131306
0.81038,0.3429
0.851444,-0.118502
0.7913,0.250697
0.913824,-1.01833
0.856565,-0.403655
0.946818,-0.776831
0.91183,-0.460217
0.807126,0.147618
0.805022,0.22795
0.998538,-0.903698
0.820453,-0.126557
0.819918,-0.211718
0.730579,0.330464
0.797349,0.0519499
0.823869,-0.247216
0.906556,-0.539524
0.875521,-0.285641
0.862566,-0.425884
0.783164,0.592445
0.842458,-0.210145
0.818092,0.258853
0.755179,0.425904
0.856901,-0.339429
0.780588,0.22042
0.868829,-0.254374
0.790701,0.348607
0.762676,0.219053
0.79443,0.157529
0.798603,0.0182345
0.779107,0.561719
0.810409,-0.0226599
0.755458,0.0995041
0.793472,0.188478
0.812161,0.212962
0.90311,-0.295821
0.799768,0.00415012
0.871287,-0.442364
0.775868,0.125405
0.855598,-0.177625
0.845435,-0.126108
0.792017,0.313416
0.837192,0.0304666
0.814187,-0.0355977
0.859003,-0.246665
0.904228,-0.362908
0.819311,0.231317
0.910878,-0.609497
0.801002,0.00784078
0.871897,-0.364907
0.827221,-0.430785
0.878911,-0.489571
0.875024,-0.00420457
0.80873,-0.0266995
0.796906,0.00815864
0.775738,0.486227
0.853825,-0.0568457
0.878582,-0.278397
0.787841,0.128995
0.887904,-0.363648
0.864925,-0.259538
0.898405,-0.395263
0.76792,0.0604603
0.781889,0.73598
0.789728,0.260648
0.912387,-0.710495
0.896821,-0.73709
0.813505,-0.0947797
0.85766,-0.417434
0.83391,-0.122729
0.81351,0.0550944
0.862198,-0.206437
0.855205,-0.093801
0.894983,-0.44552
0.821926,-0.17899
0.894907,-0.528789
0.74905,0.339536
0.864248,-0.287742
0.754523,0.689617
0.830798,-0.201243
0.85504,-0.387045
0.80766,0.427349
0.78192,0.6093
0.851369,0.171852
0.837739,-0.0562859
0.861691,0.0527849
0.916841,-0.427284
0.898611,-0.443456
0.864687,-0.4441
0.851044,-0.120352
0.893124,-0.64988
0.818968,0.0154424
0.859707,-0.365364
0.85637,-0.186545
0.765095,0.370645
0.94496,-0.973465
0.871745,-0.194463
0.790567,0.00941376
0.915144,-0.669245
0.886343,-0.139744
0.860889,-0.275285
0.84035,-0.0848428
0.754782,0.349081
0.770983,0.172829
0.824661,0.0368689
0.93133,-0.550207
0.882586,-0.470174
0.859829,-0.0195018
0.914086,-0.93092
0.853731,-0.312887
0.751307,0.551252
0.810017,-0.0132376
0.810049,-0.0690206
0.76739,0.526194
0.793565,0.197031
0.877799,-0.499373
0.894443,-0.159758
0.740022,0.464761
0.858626,-0.0603025
0.899989,-0.350544
0.793118,0.0231709
0.882146,-0.500154
0.774647,0.122152
0.810363,-0.214966
0.845467,-0.295128
0.733487,0.536007
0.782852,0.0623052
0.764705,0.391824
0.808018,-0.0572353
0.802052,0.206592
0.841844,-0.136184
0.752688,0.470734
0.89296,-0.559322
0.891458,-0.272718
0.856186,-0.259621
0.923989,-0.424279
0.722099,0.80876
0.887636,-0.202737
0.851557,-0.223874
0.812299,-0.132607
0.784092,0.126029
0.834498,-0.573778
0.883571,-0.19382
0.857552,-0.265938
0.762172,0.243662
0.906938,-0.587825
0.804992,-0.0943065
0.870879,-0.42606
0.772281,0.622722
0.851522,-0.108746
0.834569,-0.545953
0.837029,-0.0315929
0.823398,0.0976457
0.837331,0.393734
0.825986,-0.0563722
0.795016,-0.213669
0.775687,0.404168
0.816733,0.237546
0.861026,-0.452511
0.877428,-0.398492
0.882876,-0.0253933
0.739881,0.584853
0.883387,-0.825624
0.790601,0.200954
0.863785,-0.419723
0.889552,-0.851317
0.786076,-0.0943718
0.843188,0.0712831
0.798157,0.379056
0.8336,-0.0103801
0.849283,-0.0516781
0.825053,0.103334
0.82332,-0.0152089
0.763505,0.0152255
0.813898,0.030296
0.838692,-0.0924746
0.861367,-0.0359264
0.78913,-0.156317
0.793232,0.486803
0.847031,0.197842
0.910777,-0.605923
0.839187,-0.0891367
0.928341,-0.945943
0.842324,-0.131539
0.869983,-0.0403637
0.871048,-0.398956
0.862825,-0.342799
0.797174,0.0215883
0.719388,0.655839
0.819827,0.514052
0.815047,0.184265
0.895443,-0.211419
0.80328,-0.336131
0.789181,0.134346
0.862155,-0.292049
0.864607,0.0241216
0.873366,-0.202296
0.857069,-0.224647
0.858101,-0.0409605
0.864102,-0.4203
0.720845,0.640948
0.842367,-0.332535
0.757589,0.675761
0.808322,0.10053
0.810092,0.260393
0.783452,0.518716
0.838157,-0.025775
0.851081,0.067237
0.799319,0.178898
0.756276,0.632203
0.840779,0.0439523
0.850085,-0.228867
0.830446,-0.172197
0.834905,-0.291262
0.822772,0.369558
0.781633,0.395627
0.742981,0.727265
0.795255,0.272514
0.805648,0.355257
0.81496,0.29965
0.780581,0.152169
0.838778,-0.343471
0.76774,0.194773
0.86068,-0.263591
0.850448,0.051706
0.879249,-0.414469
0.846651,-0.159509
0.974836,-0.905018
0.812723,0.209567
0.848962,-0.35427
0.791235,0.122186
0.890549,-0.538192
0.813246,-0.146783
0.792132,-0.161121
0.949052,-0.799844
0.838497,-0.0317573
0.829258,0.115371
0.857671,-0.100662
0.809443,-0.258655
0.808711,0.34728
0.848744,-0.34456
0.864913,-0.61356
0.764487,0.148581
0.842275,-0.433052
0.795845,0.181797
0.865041,-0.469818
0.827857,-0.200865
0.807684,0.17139
0.90808,-0.761903
0.78005,0.218747
0.817747,-0.45176
0.808939,-0.0656726
0.810906,0.386042
0.819317,0.0202412
0.854126,-0.471833
0.841995,-0.111815
0.884487,-0.483571
0.803674,0.305829
0.804107,-0.00192361
0.798039,0.0765509
0.886282,-0.304783
0.801249,0.0788691
0.914734,-0.72743
0.850114,0.0889887
0.847201,-0.380251
0.785181,0.0146022
0.865087,-0.156948
0.883055,-0.684894
0.88167,-0.448557
0.787524,0.192421
0.804226,0.405761
0.825034,-0.220735
0.875554,-0.408282
0.725078,0.346787
0.773798,0.843854
0.708751,0.57594
0.841703,-0.169374
0.857541,0.013173
0.814202,0.107395
0.825553,-0.234935
0.823071,0.0763341
0.937207,-0.399586
0.801825,-0.143798
0.791029,0.373742
0.760735,0.527706
0.769171,0.490143
0.941052,-0.895874
0.843304,0.136739
0.830996,-0.263507
0.857103,-0.230751
0.821508,-0.0576357
0.872953,-0.0709143
0.899738,-0.306359
0.89623,-0.456188
0.819857,-0.0115158
0.858124,-0.226642
0.854622,0.0508314
0.832935,0.181827
0.884068,0.00315141
0.806185,0.299488
0.861471,-0.0495983
0.809056,0.0611741
0.941891,-0.306906
0.830521,-0.0193796
0.851805,0.094812
0.791161,0.406775
0.778705,0.36125
0.789076,0.160698
0.949148,-1.18522
0.83649,0.0581335
0.809071,-0.0390043
0.81945,-0.233349
0.845808,-0.151038
0.738317,0.0923251
0.858885,-0.278542
0.871706,-0.279307
0.747095,0.714719
0.754745,0.340455
0.805768,0.160855
0.74885,0.454252
0.849539,0.309981
0.805521,0.234911
0.847667,0.0210848
0.83831,-0.387106
0.820076,-0.0740162
0.78936,0.296318
0.881278,-0.334299
0.775154,-0.0991821
0.864106,-0.32132
0.842147,0.202422
0.814593,0.277144
0.84132,-0.211329
0.775608,0.286244
0.893973,-0.632255
0.829183,-0.232335
0.838757,-0.19392
0.821795,-0.0441428
0.901498,-0.26012
0.70066,0.600981
0.732264,0.761605
0.707883,0.359669
0.781073,0.33957
0.854223,-0.17816
0.808359,0.200782
0.798227,0.457108
0.830572,-0.0392483
0.856442,-0.468864
0.783634,0.306653
0.739101,0.0629361
0.808694,0.157612
0.900318,-0.219246
0.840968,-0.398562
0.832402,-0.0164182
0.919015,-0.656753
0.800663,0.32335
0.845647,-0.250214
0.779005,0.337878
0.833722,0.186407
0.91328,-0.56317
0.729414,0.647666
0.916089,-0.535374
0.864645,-0.5071
0.764349,0.462634
0.743919,0.612039
0.92801,-0.632148
0.862616,-0.136282
0.765132,0.354279
0.859621,-0.605193
0.742418,0.790359
0.870115,-0.44284
0.850494,-0.222346
0.788284,0.193568
0.806302,0.0286806
0.844042,-0.310859
0.884664,-0.587971
0.829679,0.0700891
0.848815,-0.0675628
0.83287,0.0302157
0.858651,-0.153781
0.873454,-0.31533
0.725776,0.92485
0.731426,0.491653
0.883617,-0.51237
0.820082,-0.128834
0.760189,0.051254
0.883722,-0.223566
0.845773,0.0937956
0.805461,0.299128
0.889655,-0.444803
0.875036,-0.335891
0.825297,0.00662607
0.871634,-0.650996
0.828459,0.0296792
0.84503,-0.368681
0.889105,-0.176786
0.869619,-0.445584
0.821764,0.0140098
0.772782,0.356548
0.804901,-0.135897
0.80929,0.293142
0.720999,0.279233
0.772447,0.482407
0.902755,-0.61915
0.821562,0.120242
0.799733,0.209513
0.871768,-0.383667
0.822723,-0.470928
0.757321,0.302318
0.764856,0.4282
0.832043,-0.377799
0.771755,0.433472
0.894803,-0.651224
0.840533,0.165652
0.80105,0.150157
0.805186,0.182514
0.834918,0.0388995
0.8714,-0.285303
0.849353,-0.106191
0.785912,0.332477
0.810097,0.255938
0.89698,-0.498851
0.742778,0.58732
0.816883,-0.103477
0.830253,-0.172271
0.818025,-0.134272
0.86607,-0.0746025
0.77393,0.136059
0.878853,-0.106765
0.818101,0.484908
0.830845,-0.0631094
0.806545,0.112807
0.889475,-0.499656
0.838076,0.149426
0.832607,-0.0389809
0.94006,-0.831501
0.860701,-0.433608
0.856489,-0.230573
0.799102,0.142531
0.760702,0.112084
0.844573,0.206988
0.851094,-0.161935
0.782704,0.22261
0.794002,0.15189
0.770609,0.395613
0.906632,-0.61295
0.821122,-0.0218821
0.69836,0.473168
0.7432,0.745357
0.85038,-0.501478
0.811184,0.340068
0.803095,0.202377
0.887465,-0.397521
0.905743,-0.563148
0.862017,-0.0953745
0.783273,0.335492
0.845893,-0.0368244
0.851605,-0.17396
0.806211,0.0122622
0.842908,-0.0799867
0.843269,-0.335174
0.889949,-0.520286
0.894547,-1.09847
0.802808,0.0793832
0.801507,0.373824
0.838105,-0.218443
0.913879,-0.360187
0.881378,-0.473217
0.78882,0.245075
0.852418,-0.161901
0.836573,-0.403199
0.839479,-0.277271
0.866065,-0.478874
0.842337,-0.270939
0.938215,-0.39872
0.826756,0.186354
0.872051,-0.370225
0.841258,-0.0840975
0.880579,-0.393212
0.825472,0.0568715
0.835667,-0.263289
0.83118,-0.0498898
0.80941,-0.166033
0.81773,0.182382
0.802171,0.175973
0.827897,-0.215023
0.811229,-0.0241936
0.79487,0.244672
0.847375,-0.0768008
0.800304,-0.0291289
0.83726,-0.059679
0.945345,-1.04701
0.861008,0.1955
0.790386,0.385068
0.777838,0.488988
0.875526,-0.49996
0.851141,0.0269094
0.880132,-0.478209
0.77453,0.355693
0.796675,0.0372
0.855898,-0.38836
0.864385,-0.130866
0.905849,-0.491513
0.814284,0.0604861
0.736936,0.380863
0.782995,0.232054
0.929051,-0.43654
0.915989,-0.479139
0.742386,0.229684
0.76109,0.198619
0.866735,-0.643922
0.808125,-0.00708991
0.908198,-0.379519
0.818605,-0.00208068
0.839256,0.028178
0.894758,-0.242979
0.794287,0.361031
0.931818,-0.609819
0.746518,0.751853
0.810262,0.136981
0.749016,0.313539
0.860572,-0.277815
0.866097,-0.0373993
0.829598,-0.0375253
0.783074,0.0589877
0.823192,0.233764
0.903274,-0.602347
0.794472,0.220719
0.773141,0.246018
0.882283,-0.743367
0.811724,0.0806835
0.862187,-0.157238
0.861115,-0.236099
0.844153,-0.0882109
0.947428,-0.295883
0.829064,-0.0226795
0.873874,-0.22129
0.852379,-0.342959
0.873795,-0.286229
0.854352,-0.380552
0.881659,-0.550223
0.915735,-0.669045
0.839014,-0.0786442
0.906721,-0.441508
0.917342,-0.539598
0.750271,0.384065
0.745797,0.245935
0.743947,0.312307
0.85102,-0.123036
0.772049,0.130926
0.693266,0.80701
0.827766,0.344598
0.783466,0.267313
0.767276,0.181072
0.916858,-0.689568
0.801455,-0.0058977
0.853787,-0.0299761
0.857849,-0.386053
0.871692,-0.369729
0.832508,-0.00476936
0.842847,-0.302243
0.879442,-0.239122
0.811246,-0.108449
0.858774,-0.0238219
0.79162,-0.220305
0.886777,-0.432269
0.827839,-0.162099
0.810257,0.0624642
0.788211,0.401799
0.851238,-0.120321
0.878017,-0.30331
0.810127,-0.0820713
0.80447,-0.137554
0.872906,-0.0583994
0.878061,-0.330688
0.835261,-0.214996
0.862618,-0.191394
0.873064,-0.105869
0.808714,-0.161658
0.870399,-0.234915
0.843832,0.00263239
0.795204,0.141776
0.888143,-0.423919
0.743055,0.576866
0.750557,0.71446
0.876236,-0.329758
0.81683,-0.0597583
0.782909,0.350014
0.870193,-0.474621
0.92267,-0.577065
0.83912,0.017297
0.826001,0.0913228
0.796671,0.0654729
0.824151,-0.19012
0.773261,0.312622
0.838897,0.0755305
0.798425,0.407299
0.865034,0.056303
0.797935,0.111876
0.917725,-0.834088
0.858588,-0.0880446
0.840494,-0.36453
0.838786,-0.0256553
0.899713,-0.626773
0.864689,-0.089952
0.874778,-0.376044
0.89333,-0.322891
0.829011,-0.416261
0.854668,-0.288279
0.845892,-0.0668141
0.855816,-0.0336515
0.812081,-0.0678463
0.839127,-0.155493
0.828259,0.140834
0.866167,-0.506712
0.826209,0.0152197
0.829753,0.0364594
0.888882,-0.354193
0.889558,0.0170282
0.824494,-0.298524
0.961676,-0.889128
0.823384,-0.166195
0.918926,-0.707667
0.912317,-0.809776
0.725956,0.866818
0.828994,0.0299326
0.758501,0.25825
0.877486,-0.236481
0.911072,-0.637444
0.84196,-0.157172
0.948108,-0.556772
0.839333,0.0989588
0.834484,-0.405903
0.800684,-0.13679
0.860932,0.0320454
0.841257,2.02082e-05
0.794472,0.398071
0.872671,-0.423951
0.784948,0.283517
0.827726,0.0291379
0.797688,0.0776466
0.813036,-0.111931
0.854187,-0.437964
0.908171,-0.604505
0.851668,-0.235957
0.821933,-0.0973154
0.821876,-0.325367
0.843318,-0.186264
0.85403,-0.270462
0.921359,-0.448946
0.754728,0.451122
0.805522,0.321693
0.831804,0.00486469
0.810193,-0.164235
0.812512,0.137136
0.832841,0.0303075
0.836596,-0.144722
0.872981,-0.245198
0.814661,0.125689
0.854424,0.239287
0.77114,0.478922
0.838998,-0.640809
0.900339,-0.741205
0.774832,0.160128
0.791266,0.234722
0.804091,0.00512666
0.799643,-0.0383621
0.794008,0.219501
0.886499,-0.0952382
0.898455,-0.502705
0.846323,-0.273331
0.752755,0.445769
0.840041,-0.129233
0.81506,-0.00651771
0.860057,-0.488543
0.775198,0.302817
0.844138,-0.0822273
0.860111,-0.322425
0.795225,0.243724
0.897913,-0.631521
0.810022,0.106526
0.872549,-0.102581
0.795446,0.571774
0.856985,0.0190409
0.842528,-0.166975
0.790084,-0.0173731
0.811026,0.398762
0.788256,0.114767
0.766875,0.340434
0.801834,0.291791
0.83002,-0.0815771
0.824201,-0.0869225
0.882565,-0.27049
0.783056,0.0970512
0.793673,0.041091
0.871155,-0.299743
0.691139,0.723386
0.820122,0.0188428
0.838393,-0.208366
0.89311,-0.573995
0.874718,-0.0661777
0.870338,-0.501417
0.895761,-0.0901519
0.812257,0.214777
0.827602,0.200641
0.795561,0.330324
0.843676,-0.7749
0.784198,0.494955
0.869217,-0.685999
0.869794,-0.500881
0.786701,0.259334
0.817969,0.148691
0.822042,0.135574
0.781434,0.224655
0.754803,0.272975
0.866858,-0.184372
0.780539,0.533311
0.94755,-1.09704
0.908092,-0.528306
0.754866,0.4495
0.954941,-0.902147
0.805338,-0.0294297
0.777578,0.28855
0.928207,-0.643837
0.820173,-0.310775
0.885054,-0.366514
0.822659,0.175884
0.84964,-0.272893
0.906165,-0.480346
0.924768,-0.786604
0.841447,0.0322375
0.826511,0.0466619
0.874465,-0.0696266
0.852381,0.14054
0.877994,-0.336043
0.844194,0.165266
0.798324,0.110647
0.782225,0.376573
0.757311,0.356119
0.91456,-0.524137
0.901259,-0.630553
0.917091,-0.782242
0.795026,-0.0720694
0.936863,-0.742144
0.758529,0.311036
0.758628,0.938554
0.861827,0.374498
0.809901,0.0744174
0.812126,0.00764149
0.852806,-0.266756
0.741161,0.594914
0.769358,0.0292019
0.891121,-0.707603
0.898577,-0.393709
0.789771,0.0100811
0.817791,0.0506313
0.84534,-0.154447
0.817348,0.360049
0.84732,0.0514939
0.898437,0.0925831
0.848832,-0.00899383
0.913996,-0.449173
0.918375,-0.581457
0.858529,-0.472824
0.803262,-0.0281306
0.922576,-0.832566
0.848908,-0.228779
0.844142,-0.537107
0.857432,-0.30771
0.864731,-0.285564
0.922893,-0.666265
0.815643,0.173353
0.883326,-0.230631
0.909654,-0.286673
0.838813,-0.128878
0.901176,-0.549106
0.900023,-0.611169
0.784078,0.236825
0.876732,-0.594802
0.891098,-0.252348
0.819052,0.139695
0.755779,0.398591
0.921355,-0.229802
0.929472,-0.718324
0.97561,-0.878936
0.793144,0.0780472
0.84565,-0.247545
0.87287,-0.356405
0.877044,-0.451813
0.812929,-0.174931
0.831062,0.270387
0.814452,0.284232
0.897913,-0.868284
0.894647,-0.468594
0.8393,-0.0280212
0.815677,-0.00371704
0.833666,-0.402322
0.865154,-0.551457
0.879269,-0.710189
0.843633,0.216229
0.816291,0.0619446
0.868396,-0.360206
0.809157,-0.263171
0.815706,0.298763
0.840974,-0.361597
0.824847,-0.189126
0.831249,0.517371
0.874151,-0.540092
1.00641,-1.08028
0.793291,0.0711488
0.841184,0.0703126
0.887372,-0.53718
0.808221,0.0324921
0.801746,0.114323
0.841056,0.183811
0.888904,-0.211458
0.826757,-0.328361
0.859909,-0.346913
0.842508,0.0777291
0.86635,-0.320265
0.778725,0.277165
0.822124,-0.394314
0.778852,0.211853
0.828618,0.162832
0.748378,0.769086
0.773405,0.299384
0.925964,-0.61713
0.783315,0.235315
0.916622,-0.507863
0.878717,0.140657
0.788872,0.455801
0.797674,0.137054
0.788801,0.134067
0.916824,-0.332924
0.866125,0.000710646
0.867066,-0.321467
0.869469,-0.282232
0.882393,0.0558747
0.842438,-0.101622
0.739825,0.478175
0.856785,-0.309986
0.887109,-0.543357
0.864067,-0.0418752
0.753712,0.442852
0.798406,-0.246308
0.871512,-0.308649
0.778685,0.580851
0.929331,-0.901193
0.788925,0.391617
0.839017,0.166178
0.823964,0.0798041
0.73525,0.919074
0.780947,0.283964
0.818305,0.594282
0.849391,0.0628648
0.894002,-0.755425
0.820832,0.11276
0.893052,-0.611452
0.850173,0.151254
0.803449,0.054115
0.887861,-0.446806
0.881567,-0.192607
0.845858,0.0553553
0.834814,0.043675
0.853205,-0.157992
0.867474,-0.455025
0.827669,-0.0777792
0.856655,0.128335
0.896374,-0.489769
0.913886,-0.380368
0.853374,-0.24166
0.726222,0.595201
0.977886,-0.640237
0.867598,-0.3924
0.797213,0.314519
0.775999,0.0311329
0.783284,0.289682
0.930923,-0.83264
0.797328,0.251968
0.793395,0.29038
0.865435,-0.22839
0.839683,-0.0110548
0.841457,0.0870223
0.778669,-0.0444868
0.795612,0.156953
0.812442,0.409155
0.838172,-0.0602966
0.913701,-0.557746
0.826542,0.16676
0.858494,-0.14841
0.832911,-0.0114604
0.775912,0.274211
0.882494,-0.228124
0.777802,0.746694
0.889709,-0.587758
0.752483,0.772159
0.842826,-0.0406751
0.8955,-0.422118
0.804696,0.319458
0.835765,0.0355331
0.836643,-0.126569
0.791418,0.0510302
0.820837,0.227268
0.815431,-0.171021
0.778911,0.284057
0.900715,-0.470105
0.845306,-0.0162517
0.814736,0.0277185
0.749132,0.112329
0.853885,-0.181915
0.892988,-0.507657
0.709046,0.847387
0.88147,-0.283389
0.845881,-0.152022
0.818557,0.334017
0.805254,-0.12183
0.863529,-0.332548
0.871186,-0.286736
0.854924,-0.103654
0.902056,-0.662428
0.781149,0.0582412
0.837102,0.087437
0.868561,-0.607536
0.830159,0.140388
0.831717,0.374858
0.863547,-0.103576
0.827038,0.0515301
0.874974,-0.271351
0.815953,-0.240105
0.772575,0.0285343
0.897202,-0.436175
0.811304,0.215157
0.797224,0.186555
0.784224,0.425002
0.848136,-0.200024
0.862005,-0.369899
0.906924,-0.378638
0.812577,0.144765
0.863619,-0.473662
0.893735,-0.506287
0.770709,0.501412
0.863477,-0.0465773
0.869931,-0.437343
0.836024,-0.146221
0.775806,0.430862
0.827162,-0.055392
0.832425,-0.0799976
0.917898,-0.616462
0.834328,0.192288
0.81244,0.323925
0.82963,0.0109084
0.848656,-0.336627
0.921079,-0.549094
0.842197,-0.213769
0.809839,0.324152
0.777001,0.352508
0.794931,0.113412
0.874824,-0.549146
0.902925,-0.51375
0.783643,0.230374
0.828452,0.0393651
0.837031,-0.00891368
0.788779,0.213402
0.762986,0.218107
0.804315,0.133447
0.886513,-0.614124
0.833905,0.272126
0.860509,-0.321523
0.923516,-0.991825
0.849577,-0.239949
0.834948,-0.090516
0.77134,0.60145
0.867071,-0.13675
0.760101,0.304738
0.852117,-0.334319
0.796297,0.0298034
0.847208,-0.059171
0.786822,0.421859
0.881645,-0.685166
0.897325,-0.50152
0.832667,-0.272629
0.840511,-0.0929636
0.907254,-0.339162
0.915853,-0.530173
0.820294,-0.0838123
0.834632,0.0990382
0.892472,-0.326398
0.862558,-0.450679
0.835952,0.10115
0.796956,0.29006
0.886603,-0.379105
0.850039,-0.0267748
0.848845,-0.258511
0.845504,0.165315
0.850613,-0.181025
0.810734,0.438922
0.855598,0.0512737
0.805029,0.507962
0.831197,-0.375195
0.873542,-0.0405383
0.770241,0.391112
0.83519,-0.0529028
0.695439,0.666048
0.813513,0.120927
0.852197,-0.274608
0.744583,0.57187
0.841533,-0.291354
0.840074,-0.102385
0.834616,-0.0592126
0.788996,0.412277
0.761403,0.0085263
0.809295,0.197874
0.789965,0.365713
0.810269,0.90738
0.80328,-0.0596233
0.857006,-0.0463053
0.808974,-0.032946
0.882898,-0.389411
0.851411,-0.254789
0.85335,-0.428498
0.866322,-0.394837
0.852329,-0.44926
0.855001,-0.10025
0.746318,0.186301
0.852234,-0.329044
0.811774,0.0983491
0.813885,-0.192541
0.869066,-0.177722
0.815787,-0.0557371
0.820038,-0.0361026
0.828026,0.0472077
0.77943,0.49435
0.814813,0.0343937
0.853242,-0.252865
0.831917,0.121048
0.873749,-0.442869
0.910192,-0.845358
0.977819,-0.946199
0.898102,-0.438137
0.902382,-0.448317
0.915855,-0.708646
0.933236,-0.569262
0.812997,0.301036
0.883511,-0.589583
0.773992,0.12919
0.867086,-0.419351
0.856544,-0.295318
0.728445,0.605835
0.810208,-0.101666
0.781432,0.321518
0.77986,0.202963
0.834388,-0.150754
0.872457,-0.595644
0.885144,-0.511058
0.843567,-0.450398
0.849635,-0.167999
0.856512,-0.451662
0.915917,-0.485273
0.859574,-0.246168
0.759327,0.463294
0.876566,-0.410824
0.896238,-0.176698
0.835074,-0.0230422
0.892997,-0.489824
0.864528,-0.148633
0.893843,-0.13212
0.827254,0.317078
0.749651,0.750946
0.876857,-0.287552
0.870838,-0.0843374
0.806913,0.277715
0.858972,-0.224827
0.819035,-0.150557
0.821172,-0.367797
0.836881,0.39577
0.831732,-0.226332
0.80996,0.0688555
0.798303,0.24585
0.816147,-0.0210169
0.834249,-0.267277
0.895637,-0.0151688
0.805345,0.30048
0.862735,-0.339056
0.820163,-0.178231
0.837392,-0.228251
0.772824,0.199351
0.808713,-0.0731238
0.858248,-0.205858
0.87095,-0.263947
0.825282,0.0917026
0.747976,0.614775
0.854161,-0.194925
0.787367,0.261424
0.80792,-0.0956396
0.802657,0.148565
0.868064,-0.32596
0.818693,-0.231042
0.833239,-0.353638
0.826334,0.111754
0.841893,-0.00955281
0.865926,-0.56166
0.752751,0.493819
0.840467,0.122283
0.814845,0.0760656
0.813521,0.052894
0.824044,0.0119961
0.797543,-0.337316
0.94037,-1.05763
0.816083,0.288942
0.819247,-0.0766784
0.837366,-0.175056
0.812611,-0.134731
0.838259,-0.0987245
0.820968,-0.14565
0.822282,-0.154633
0.912149,-0.287718
0.905405,-0.0153841
0.813799,0.0125109
0.801967,-0.168479
0.83894,0.184491
0.866143,-0.217267
0.900873,-0.818043
0.799316,0.0867935
0.783968,0.16939
0.785324,0.367894
0.835266,-0.0255047
0.859893,-0.509357
0.927362,-0.869539
0.934495,-0.764153
0.823059,-0.045782
0.835137,-0.199453
0.825616,-0.35092
0.771288,0.317711
0.745715,0.699807
0.917502,-0.931715
0.882307,-0.285647
0.796508,0.00846146
0.815701,-0.201552
0.765188,0.55108
0.774246,0.447335
0.912052,-0.50828
0.886081,-0.0647508
0.799459,-0.304962
0.787243,0.358721
0.85506,-0.188387
0.932985,-0.675988
0.76393,0.00762435
0.865534,-0.403311
0.850545,-0.0918054
0.831342,-0.506554
0.838389,0.0462846
0.872251,-0.449255
0.818183,0.18579
0.892552,-0.73922
0.890888,-0.152943
0.789785,0.127467
0.780612,0.0587416
0.8207,0.109755
0.839013,0.118306
0.851639,-0.198698
0.759865,0.434085
0.80509,0.457681
0.866644,-0.156813
0.909447,-0.691786
0.888679,-0.5028
0.822452,-0.312203
0.84718,0.122132
0.788821,0.428003
0.812821,0.270711
0.890401,-0.441723
0.836928,-0.0769552
0.795889,0.254316
0.883134,-0.106556
0.822307,-0.243739
0.80826,-0.0293725
0.8466,-0.337362
0.810739,0.388808
0.869117,-0.639173
0.895298,-0.365293
0.953622,-0.419064
0.853377,-0.456382
0.763606,0.383062
0.888373,-0.448793
0.756545,-0.131472
0.905593,-0.277891
0.818071,0.178598
0.869706,-0.0443014
0.861114,-0.572242
0.808153,0.138896
0.883654,-0.37325
0.825843,-0.0893003
0.810756,-0.0105676
0.85917,-0.401582
0.848692,0.046465
0.760963,0.485275
0.849288,-0.0235547
0.846131,0.0746402
0.824759,0.271137
0.856283,-0.291522
0.845349,-0.258437
0.733597,0.788591
0.832716,-0.00376372
0.786185,0.163472
0.764335,0.168013
0.817204,0.0805789
0.758651,0.0546563
0.771467,0.440971
0.853865,0.0841461
0.827169,-0.025989
0.868135,-0.600825
0.935882,-0.59771
0.813401,-0.200661
0.828041,-0.144434
0.82278,0.177227
0.797629,0.231069
0.779807,0.158899
0.811221,-0.0119665
0.83528,-0.355858
0.899887,-0.626789
0.84087,-0.0439228
0.883252,-0.508875
0.838277,0.0614497
0.880042,-0.531962
0.884758,-0.378705
0.787312,0.478478
0.858397,-0.0137714
0.909343,-0.557433
0.746826,0.517833
0.867552,-0.21086
0.77061,0.40342
0.817836,0.264712
0.818857,0.515793
0.77881,0.369353
0.852829,-0.00150495
0.84247,-0.0742294
0.836045,0.0832561
0.834451,0.621248
0.872453,-0.193375
0.832541,-0.247077
0.745021,0.464983
0.87221,-0.57692
0.740552,0.179616
0.828581,-0.00481468
0.897829,-0.598667
0.790114,0.137321
0.856676,-0.0377067
0.828611,0.0928069
0.80911,0.349054
0.825683,0.227967
0.849796,0.0804164
0.913513,-0.647564
0.794757,-0.0376059
0.782233,0.404785
0.756384,0.302853
0.784678,0.0601264
0.904192,-0.632982
0.905651,-0.542783
0.869908,-0.335245
0.832961,-0.074811
0.818134,-0.10305
0.838409,0.203393
0.836124,0.180459
0.839233,-0.101295
0.884571,-0.347669
0.834348,-0.346096
0.848864,-0.23968
0.80612,0.370578
0.930603,-0.578011
0.853254,-0.216122
0.766185,0.174254
0.943429,-0.788656
0.83575,-0.208874
0.743241,0.49705
0.869851,-0.142778
0.767644,0.377225
0.898474,-0.466995
0.83864,-0.0535452
0.802488,-0.0156689
0.841015,-0.0282378
0.82744,-0.0367662
0.78144,0.535272
0.760921,0.452238
0.80752,0.100241
0.809535,0.102
0.819263,0.00417116
0.815256,-0.211022
0.927628,-0.643306
0.817907,-0.395335
0.772795,0.380777
0.869083,-0.196562
0.918918,-0.365472
0.781167,0.41957
0.796307,0.211254
0.877512,-0.0639264
0.787005,0.36507
0.902994,-0.260012
0.818312,-0.094522
0.825507,-0.130453
0.878948,-0.262017
0.772954,0.482312
0.76405,0.433993
0.832438,0.0192677
0.869246,-0.862649
0.830109,-0.260624
0.833572,-0.157361
0.833552,-0.190725
0.825506,0.175232
0.825769,0.00789093
0.879193,-0.460943
0.877262,-0.721308
0.78729,-0.0435684
0.875483,0.0292602
0.85422,-0.417687
0.823512,0.0168848
0.774915,0.443493
0.837285,-0.144967
0.814949,0.0855865
0.850519,-0.145998
0.762591,0.420588
0.885998,-0.620961
0.760197,0.4014
0.797684,-0.123418
0.922847,-0.949624
0.867455,-0.422274
0.880296,-0.0828754
0.825528,0.0541256
0.907749,-0.646911
0.828316,-0.256301
0.871684,-0.505439
0.866863,0.0433176
0.917748,-0.44238
0.751169,0.0608238
0.84007,-0.404572
0.874073,-0.179513
0.883438,-0.418477
0.884315,-0.0757778
0.875458,-0.19418
0.831803,0.248669
0.851831,0.098678
0.820161,0.251381
0.845696,-0.0997523
0.86943,0.164369
0.84083,-0.0875414
0.81376,-0.153556
0.907151,-0.712611
0.847595,-0.0657285
0.901971,-0.887585
0.864047,-0.294468
0.816473,0.0205336
0.827363,0.155239
0.894427,-0.420342
0.873886,-0.436161
0.780663,0.382657
0.862791,-0.239547
0.809251,-0.0159545
0.904681,-0.736303
0.837392,0.130692
0.848179,-0.0743155
0.720651,0.601769
0.771099,0.368356
0.851732,-0.366022
0.880663,-0.373391
0.872037,-0.49684
0.909077,-0.39165
0.81751,0.048583
0.864464,-0.504907
0.862566,-0.260909
0.866284,-0.0441238
0.812085,-0.016028
0.889885,-0.382833
0.736185,0.61639
0.822979,-0.335171
0.816462,-0.13182
0.837386,-0.108642
0.790496,0.0106173
0.866118,-0.529063
0.832896,-0.414746
0.802219,0.239368
0.829497,-0.0170177
0.76791,0.462476
0.806645,0.235537
0.935909,-0.636461
0.842267,-0.179021
0.832555,0.0174902
0.820494,0.134585
0.786234,0.244449
0.830293,-0.0178412
0.877275,-0.290893
0.862245,-0.191346
0.835114,-0.0108775
0.817835,-0.169914
0.738047,0.338241
0.79951,0.172723
0.853152,-0.23102
0.910993,-0.633016
0.768953,0.418956
0.836185,0.0373289
0.798803,0.211583
0.872593,-0.431541
0.819203,0.0374685
0.81573,0.113385
0.80713,-0.212857
0.849268,-0.326566
0.789255,0.257916
0.863806,-0.374208
0.838107,-0.381849
0.776031,0.682174
0.864885,-0.300287
0.763729,0.208078
0.77155,0.326655
0.752247,0.241709
0.777549,0.153637
0.844434,-0.359432
0.865654,-0.613016
0.851022,-0.239126
0.75818,0.431744
0.918623,-0.58975
0.827542,0.22456
0.883528,-0.207395
0.818958,-0.203714
0.85445,-0.261421
0.804407,0.26472
0.820514,0.229265
0.857981,0.0587195
0.836955,0.112588
0.84733,-0.356359
0.860101,-0.258226
0.833574,0.214378
0.816069,-0.0610012
0.82098,-0.0969683
0.730414,0.796422
0.780757,0.439861
0.876543,-0.307464
0.813345,-0.0949146
0.774662,0.523422
0.848048,0.0379017
0.942853,-0.321982
0.856838,-0.0314703
0.8297,0.211362
0.841128,0.219072
0.850857,-0.390508
0.880792,-0.184491
0.848073,-0.570573
0.795852,0.393239
0.868059,-0.34176
0.858721,-0.00727644
0.893877,-0.496293
0.849444,0.0568105
0.820084,0.364931
0.838409,-0.402159
0.863839,-0.0312089
0.779301,0.150188
0.89274,-0.488298
0.877834,-0.125067
0.800913,-0.0501464
0.892381,-0.264608
0.79534,0.141405
0.796474,0.249315
0.783841,-0.111647
0.775011,0.174581
0.793812,0.232894
0.898513,-0.667976
0.846024,-0.114263
0.810179,0.162138
0.805028,0.000213287
0.836691,0.0899726
0.808198,0.0832692
0.901925,-0.726594
0.891461,-0.759132
0.83716,-0.0143777
0.822606,0.065573
0.870756,-0.223281
0.8476,0.13518
0.75274,0.546442
0.877466,-0.151033
0.772295,0.153419
0.766454,0.65916
0.835435,-0.184935
0.815503,-0.090867
0.785015,0.0964063
0.853567,0.0549748
0.869186,-0.509919
0.91004,-0.6209
0.801609,0.498063
0.865507,-0.292372
0.877478,-0.100444
0.901182,-0.706092
0.906649,-0.254738
0.859028,-0.331252
0.813887,0.0931612
0.77932,0.450137
0.818966,0.125004
0.869555,-0.670238
0.925634,-0.579846
0.834563,-0.180342
0.853793,-0.0162049
0.853649,-0.107383
0.964894,-0.53371
0.841979,-0.169257
0.798824,0.204719
0.831544,0.102141
0.83429,-0.120361
0.887935,-0.618578
0.899932,-0.181967
0.874713,-0.42695
0.798738,0.0218744
0.924484,-0.560393
0.84424,-0.194953
0.819012,0.185521
0.837648,0.0198187
0.816171,-0.0617827
0.798762,0.277934
0.884769,-0.318784
0.873141,-0.184781
0.796224,-0.00540772
0.814414,-0.130576
0.877845,-0.394684
0.829275,0.0821841
0.922704,-0.588333
0.84184,-0.190289
0.798977,-0.046291
0.866374,-0.486587
0.79605,0.187518
0.92395,-0.72921
0.805531,0.0329767
0.831849,-0.427908
0.832315,0.0651746
0.714067,0.15656
0.844424,-0.145784
0.787814,-0.123445
0.818527,-0.203705
0.860052,-0.49587
0.833568,-0.180775
0.873291,-0.315414
0.887586,-0.476771
0.831082,0.0116147
0.920156,-0.279688
0.897698,-0.431343
0.861013,-0.455214
0.766853,-0.0555482
0.973565,-0.883473
0.792907,0.26403
0.807551,0.387799
0.846321,-0.0328743
0.851231,-0.136956
0.843657,-0.190352
0.90072,-0.448772
0.826049,-0.186004
0.721721,0.612269
0.83502,-0.111108
0.781735,0.258014
0.888247,-0.483598
0.848637,-0.00703708
0.889552,-0.458
0.857205,-0.115309
0.873988,-0.332949
0.78064,0.234983
0.811706,0.0433456
0.833263,-0.311451
0.757484,0.504326
0.841536,-0.151855
0.867659,-0.744263
0.870912,-0.333727
0.75605,0.471768
0.873642,-0.424686
0.781991,0.314183
0.876735,-0.519379
0.870153,-0.693894
0.836594,-0.163745
0.785872,0.355505
0.81692,0.0806926
0.796058,-0.0437734
0.912959,-0.59134
0.843294,-0.101505
0.945261,-0.838435
0.903819,-0.0710374
0.824235,-0.0319824
0.765817,0.571503
0.767414,0.248921
0.872213,-0.330197
0.856099,-0.228206
0.872955,-0.260953
0.916604,-0.77446
0.845126,0.0782456
0.92533,-0.455663
0.83834,0.0658603
0.82371,0.19979
0.809907,0.419457
0.830416,0.0365701
0.847939,0.014327
0.801929,0.273966
0.827608,0.0436052
0.82883,-0.265115
0.819531,-0.267845
0.908463,-0.427346
0.873086,-0.5549
0.829444,-0.0319873
0.811531,0.0239517
0.774452,0.118267
0.683022,0.81878
0.850144,0.0486749
0.804361,0.377845
0.785941,0.243047
0.920431,-0.633486
0.856141,-0.300579
0.845854,0.118528
0.817345,-0.384124
0.837173,0.142435
0.823813,0.253783
0.892376,-0.714999
0.88559,-0.432998
0.88737,-0.448619
0.885775,-0.527945
0.801927,0.278504
0.796977,-0.0406308
0.749726,0.361495
0.85374,0.126926
0.751702,0.615095
0.874358,-0.566483
0.77882,0.463715
0.719523,0.497846
0.867499,-0.436362
0.839838,-0.36943
0.784719,0.35182
0.811144,-0.0645324
0.786315,0.229077
0.780437,0.42683
0.833615,0.331869
0.883105,-0.684681
0.866428,-0.477896
0.833033,-0.0247493
0.862653,-0.252668
0.84834,-0.196379
0.837375,-0.0831526
0.803409,0.318251
0.728552,0.946602
0.877431,-0.505721
0.910717,-0.358723
0.786704,-0.126848
0.810933,-0.133834
0.835348,-0.0393783
0.88124,-0.212044
0.881562,-0.181843
0.801566,0.281354
0.810488,0.193399
0.887198,-0.45351
0.732816,0.672833
0.860522,-0.305968
0.74822,0.638668
0.876655,-0.668042
0.810077,0.122168
0.867508,-0.440921
0.783314,0.435443
0.820455,-0.211851
0.847911,-0.0361789
0.889692,-0.646466
0.78175,0.554461
0.861968,-0.626415
0.843917,-0.00579618
0.78307,0.231668
0.808135,0.353746
0.884825,-0.235447
0.813597,0.00642048
0.796779,0.180026
0.869515,-0.22272
0.750398,0.807963
0.793945,-0.0546396
0.83745,-0.10268
0.83045,-0.125552
0.919028,-0.688724
0.773073,0.209656
0.885659,-0.547439
0.870225,-0.275185
0.752673,0.434875
0.847081,-0.170577
0.815501,-0.120837
0.907856,-0.602537
0.804612,0.237629
0.852033,-0.0500056
0.879296,-0.389069
0.826068,0.198145
0.844169,-0.253119
0.853258,-0.169229
0.809096,0.0810353
0.841955,-0.379892
0.866813,0.284158
0.84471,-0.10414
0.830514,0.152001
0.863112,0.0115727
0.797056,-0.0890894
0.814463,-0.00453508
0.889324,-0.676545
0.810432,-0.0412636
0.737462,0.506761
0.838869,-0.109497
0.834336,-0.0244819
0.889695,-0.23371
0.817715,-0.186276
0.815617,0.110588
0.880452,-0.656602
0.866828,-0.279939
0.875273,-0.334457
0.836462,-0.274179
0.76507,0.128458
0.804194,-0.00291385
0.894764,-0.243796
0.801202,0.148514
0.673682,0.983942
0.898372,-0.664854
0.845525,-0.213673
0.842407,-0.231021
0.81272,-0.124788
0.87151,-0.204055
0.845181,0.137731
0.773043,0.180436
0.802721,0.0163584
0.771826,0.302442
0.770532,0.442299
0.822795,-0.592129
0.847569,0.00350933
0.863014,-0.405663
0.836638,-0.155658
0.852369,-0.236131
0.885415,-0.167407
0.963362,-0.69488
0.797629,0.0928908
0.80186,0.395536
0.852881,-0.351734
0.752993,0.394297
0.884635,-0.368494
0.814291,-0.505948
0.813853,-0.170095
0.766623,0.331205
0.883529,-0.364238
0.788443,0.353473
0.903942,-0.635414
0.785246,0.111513
0.906892,-0.370073
0.817179,0.478569
0.845794,-0.40786
0.841358,-0.126603
0.894832,-0.449271
0.805824,0.207347
0.910681,-0.363486
0.82957,0.156145
0.886472,-0.422129
0.77893,0.0862061
0.838559,0.225878
0.883996,-0.637331
0.904059,-0.737294
0.826953,0.142535
0.862508,-0.269635
0.828473,0.00790367
0.866361,-0.386158
0.811948,0.19032
0.826805,0.18574
0.859479,-0.345733
0.861197,-0.36148
0.837276,-0.217788
0.915157,-0.246894
0.803186,0.202442
0.837459,-0.302298
0.736534,0.641092
0.79306,0.0909235
0.925887,-0.811933
0.787218,-0.0908407
0.728064,0.438575
0.834467,0.0120694
0.843647,-0.0592667
0.966569,-0.970191
0.78634,0.0606836
0.866133,-0.222608
0.808429,0.31119
0.793542,0.0496822
0.826779,0.244481
0.807522,0.45798
0.820898,0.302699
0.846933,0.104044
0.768078,0.380475
0.874281,-0.0678763
0.858073,-0.0839128
0.911758,-0.80071
0.851747,-0.247123
0.852786,-0.268375
0.898674,-0.455237
0.804431,-0.258074
0.750807,0.230477
0.907313,-0.619267
0.787576,-0.0925078
0.862258,-0.575934
0.884391,-0.417648
0.743093,0.544516
0.858645,-0.702973
0.866643,0.0457379
0.856571,-0.312684
0.79611,-0.232632
0.865632,-0.158013
0.845915,-0.216623
0.837401,-0.024003
0.784127,0.276978
0.878414,-0.49602
0.845557,-0.179773
0.869818,-0.184454
0.849468,-0.383252
0.797899,0.166041
0.851041,-0.199094
0.724133,0.981015
0.777212,0.262257
0.836535,0.156738
0.799369,0.574677
0.828543,0.0955383
0.837691,-0.163863
0.778663,0.11965
0.853591,-0.259334
0.897923,-0.142358
0.915304,-0.682848
0.815646,-0.353499
0.822065,0.383435
0.768692,0.212811
0.825796,-0.151297
0.877695,-0.498939
0.844675,-0.0725201
0.877149,-0.191874
0.860021,-0.569479
0.83505,-0.0345909
0.803806,-0.0106856
0.838364,-0.637118
0.857939,-0.689192
0.80436,0.406583
0.851264,-0.147142
0.859674,0.109403
0.818033,0.134028
0.823003,0.117619
0.813983,0.0823739
0.719662,0.727105
0.916968,-0.576225
0.840115,-0.316884
0.83289,-0.303197
0.821327,-0.0965601
0.87616,-0.277761
0.835801,-0.0395855
0.867859,-0.203732
0.792399,0.205539
0.843284,-0.511888
0.753048,0.175435
0.810733,0.265368
0.798902,0.414408
0.932869,-1.20953
0.898624,-0.395368
0.773847,0.40943
0.837654,-0.0136503
0.890862,-0.237551
0.806081,0.173438
0.814177,0.123397
0.860006,0.0477113
0.849351,-0.16795
0.839118,-0.00382413
0.78513,0.195958
0.873297,-0.658136
0.831419,0.27356
0.838821,-0.253272
0.842267,-0.458185
0.866329,-0.223466
0.842685,0.159369
0.908543,-0.762641
0.780704,0.450924
0.834042,-0.331926
0.89952,-0.46862
0.904676,-0.263
0.912389,-0.270744
0.799241,-0.20677
0.814391,0.0425339
0.845449,-0.015074
0.786484,0.47394
0.820807,0.103049
0.86801,-0.234292
0.83716,0.184624
0.739613,0.619265
0.738898,0.561237
0.878599,-0.286512
0.88349,-0.462788
0.87281,-0.602577
0.841072,-0.119549
0.758553,0.373838
0.837341,-0.242677
0.791387,0.309678
0.863873,-0.354787
0.856981,-0.00393984
0.868087,-0.380571
0.804211,0.116639
0.944054,-0.757181
0.88308,-0.0959442
0.835498,-0.0599709
0.766225,0.365643
0.875249,-0.303883
0.800334,-0.0162518
0.87418,-0.297779
0.832969,-0.0871781
0.791343,-0.140861
0.776292,0.282325
0.868314,-0.239123
0.846374,-0.0366522
0.859589,-0.397658
0.846259,-0.568477
0.781196,0.0812081
0.795278,0.0273402
0.839766,-0.262847
0.81226,0.00788404
0.805282,-0.0709566
0.866067,-0.395999
0.796211,0.042802
0.906113,-0.650455
0.894423,0.0222405
0.806764,-0.174525
0.880442,-0.2619
0.84188,-0.30884
0.868523,-0.352996
0.873826,-0.336422
0.883813,-0.636663
0.896208,-0.452202
0.845004,0.263055
0.882896,-0.502486
0.750527,0.415221
0.880732,-0.309033
0.82425,0.248082
0.844355,-0.124938
0.903254,-0.300354
0.891531,-0.366935
0.789209,0.310547
0.888265,-0.187158
0.8655,-0.367557
0.832597,-0.0162399
0.851843,-0.22649
0.796306,-0.050062
0.81043,-0.195553
0.703351,0.69565
0.813498,-0.114989
0.768077,0.205689
0.898199,-0.574235
0.826791,-0.124996
0.907801,-0.529182
0.943836,-1.29398
0.820009,-0.343871
0.865891,-0.0981376
0.818437,-0.179008
0.796779,0.389418
0.787044,0.152671
0.82768,0.00757763
0.841876,-0.476161
0.85489,-0.222386
0.859482,0.313799
0.809679,-0.347656
0.817976,-0.443971
0.831125,-0.202002
0.807503,-0.0073865
0.780945,0.491659
0.863726,-0.108745
0.78552,0.394902
0.767615,0.729451
0.824817,0.0280773
0.935996,-0.642695
0.827116,-0.0379025
0.848094,-0.404865
0.731513,0.500256
0.935647,-0.598011
0.860247,-0.233249
0.808379,0.140902
0.894164,-0.386353
0.825928,0.409294
0.905848,-0.575687
0.820917,0.00404692
0.731655,0.50333
0.812736,-0.12645
0.866736,0.0194069
0.734365,0.283761
0.823975,-0.282657
0.820611,-0.0644436
0.776022,0.129486
0.798162,-0.0201405
0.791321,0.133543
0.807978,0.155767
0.818714,0.0985714
0.760792,0.425225
0.793017,0.15429
0.843254,-0.51477
0.891912,-0.29569
0.909792,-0.558319
0.841361,-0.111848
0.830512,0.0383624
0.824747,0.00558112
0.829423,-0.110796
0.734208,0.508944
0.895576,-0.361761
0.782581,0.129432
0.872428,-0.370871
0.831787,0.0326978
0.762184,0.364156
0.816885,0.248511
0.891615,-0.592447
0.779443,0.16677
0.871133,0.02885
0.735207,0.502305
0.858309,-0.391164
0.842579,-0.11902
0.829797,0.0389933
0.786553,0.0555812
0.816178,0.261776
0.925012,-0.598395
0.751201,0.545231
0.885957,-0.750215
0.925008,-0.355162
0.761518,0.343711
0.76872,-0.182548
0.878562,-0.679837
0.82978,0.201292
0.840349,-0.0166753
0.793564,0.125385
0.865686,-0.030122
0.823425,0.170641
0.845471,-0.00919227
0.829606,-0.161706
0.748804,0.431867
0.843597,-0.259416
0.896904,-0.573095
0.930686,-0.857009
0.882393,-0.222613
0.933401,-1.02364
0.860177,-0.365606
0.939453,-0.787815
0.811316,0.0393687
0.818215,0.112038
0.822226,0.0454329
0.804155,0.0529502
0.894909,-0.372094
0.823348,-0.124567
0.961823,-1.05964
0.924499,-0.81127
0.856713,-0.231671
0.8767,-0.356782
0.829386,0.189287
0.779867,0.292241
0.882766,-0.371103
0.864153,0.116124
0.863676,-0.154462
0.868322,-0.466328
0.83586,-0.328493
0.879768,-0.293078
0.886725,-0.379757
0.883452,-0.943554
0.828553,-0.411222
0.838727,-0.398403
0.781502,0.320326
0.82128,0.0595895
0.772082,0.476337
0.852067,0.0627144
0.876799,-0.359579
0.931008,-0.300172
0.850833,-0.338156
0.863008,-0.401561
0.791682,0.3208
0.861002,-0.604699
0.794488,0.235102
0.889481,-0.377877
0.807781,0.277043
0.765079,0.240267
0.796288,0.208152
0.864015,0.173371
0.876205,-0.602645
0.811546,-0.0655329
0.8111,-0.178092
0.845925,-0.0435929
0.878349,-0.602765
0.921181,-0.299471
0.850017,-0.21699
0.855547,-0.351418
0.933769,-0.396436
0.874687,-0.275327
0.862353,-0.386921
0.752485,0.56552
0.880293,-0.402358
0.824686,0.12941
0.807369,0.0185207
0.826492,0.0489545
0.865599,-0.0490401
0.802248,0.408749
0.867261,-0.268747
0.860576,-0.685812
0.860212,-0.478164
0.836088,-0.199111
0.874505,-0.368358
0.883289,-0.352575
0.855812,-0.503318
0.867746,0.0666585
0.90923,-0.67515
0.858883,-0.123552
0.804059,-0.295225
0.891246,-0.443727
0.853347,-0.0229636
0.868926,-0.356457
0.74999,0.331464
0.812598,0.220322
0.843332,-0.272172
0.837688,-0.0716377
0.830304,-0.116112
0.808141,-0.12479
0.896089,-0.453299
0.822719,-0.0952914
0.769128,0.155706
0.795862,0.0109256
0.888895,-0.841576
0.859686,-0.341155
0.75808,0.304502
0.771026,-0.00131257
0.91296,-0.469591
0.843092,-0.224987
0.893781,-0.296368
0.809313,0.237135
0.875009,-0.472691
0.869104,-0.119475
0.764875,0.2522
0.817261,-0.0450046
0.806883,0.147673
0.770702,0.164976
0.904121,-0.868378
0.87596,-0.267467
0.891645,-0.369851
0.912293,-0.673313
0.755197,0.486063
0.813893,-0.283392
0.843662,0.236192
0.80925,-0.00886647
0.857604,0.069311
0.77248,0.352989
0.846538,-0.169204
0.783329,0.31538
0.831624,0.0494033
0.889126,-0.152397
0.879586,0.049136
0.724255,0.53214
0.83553,-0.124173
0.780243,0.451468
0.852958,-0.483724
0.93841,-0.846476
0.882094,-0.51175
0.767504,0.355117
0.776181,0.460915
0.820312,0.0134382
0.874367,0.0737722
0.811222,0.197662
0.816635,0.0168181
0.751358,0.563878
0.869748,-0.29841
0.811204,0.144207
0.80515,0.241797
0.761539,0.649596
0.868064,-0.42472
0.885903,-0.663093
0.840379,0.0411455
0.798027,0.0699372
0.834176,-0.224761
0.839141,0.108613
0.851441,-0.410602
0.823504,-0.0804924
0.803174,0.0932065
0.747339,0.682825
0.857464,0.0805185
0.792381,-0.133549
0.874288,-0.235274
0.852209,-0.0319973
0.833619,-0.179192
0.806388,0.115389
0.831058,-0.400479
0.855254,-0.314452
0.827732,0.179232
0.826777,0.0307571
0.910829,-0.543254
0.773351,0.233058
0.788086,0.11784
0.794466,0.461689
0.803027,-0.085529
0.853269,-0.314808
0.822839,0.0896401
0.852387,-0.392342
0.799402,0.0181649
0.750717,0.227301
0.803669,0.133805
0.851365,-0.166161
0.825421,0.0117936
0.939943,-0.77339
0.828271,-0.00771772
0.859099,-0.380788
0.74432,0.716819
0.807167,-0.16943
0.794665,-0.0853656
0.814081,-0.431601
0.937078,-0.969608
0.872074,-0.673201
0.92116,-0.61412
0.738773,0.580521
0.854584,-0.0278254
0.811734,0.203774
0.796514,0.166878
0.859084,0.0436459
0.878265,-0.295901
0.853364,-0.660642
0.861827,-0.206139
0.862351,-0.403446
0.784867,0.0512714
0.75773,0.45862
0.660767,1.02328
0.837371,-0.0843181
0.750169,0.671441
0.847711,-0.0227523
0.82143,0.273822
0.803513,-0.173065
0.904359,-0.72356
0.795774,0.034368
0.866106,-0.274216
0.804586,0.111704
0.833356,-0.301851
0.822632,0.276616
0.839547,0.115586
0.810038,0.0264667
0.812679,0.0818423
0.836804,-0.45167
0.907081,-0.639454
0.934878,-0.575068
1.0115,-1.29364
0.825525,-0.0391323
0.92995,-0.716669
0.835376,-0.0922824
0.766189,0.372124
0.825214,0.0802765
0.803827,0.685151
0.804229,0.0884697
0.779242,0.464157
0.868026,-0.116304
0.814488,0.0381934
0.932672,-0.767234
0.869685,0.0639287
0.782409,0.309194
0.870785,-0.22938
0.860933,-0.459502
0.861224,-0.404142
0.885998,-0.397063
0.798871,0.0166051
0.8475,-0.0413747
0.869274,-0.240899
0.81968,0.0160836
0.809252,0.266244
0.852181,-0.248888
0.736669,0.537107
0.863651,-0.178743
0.886931,-0.428665
0.889049,-0.774022
0.864612,-0.512062
0.784858,0.141922
0.94479,-0.729817
0.836244,-0.174041
0.90939,-0.822881
0.857077,-0.113605
0.883195,-0.334982
0.735939,0.447191
0.768048,0.155722
0.803091,0.0143508
0.772918,0.359418
0.884331,0.113437
0.892123,-0.755445
0.852263,-0.364863
0.846224,-0.170015
0.793984,0.0831281
0.851782,-0.36376
0.786896,0.400747
0.833725,0.267165
0.84924,-0.0713666
0.800629,-0.23715
0.852602,0.187699
0.915376,-0.440721
0.851305,-0.0517641
0.858029,-0.0544056
0.793328,0.376527
0.846536,-0.128601
0.938928,-0.901669
0.82196,-0.147693
0.873437,-0.420722
0.788111,0.426605
0.781776,0.310534
0.821212,0.0993395
0.881071,-0.178599
0.862196,-0.109721
0.741691,0.596047
0.777538,0.308923
0.899731,-0.382447
0.782272,0.211037
0.833674,-0.124404
0.809925,0.0325646
0.918527,-0.671143
0.97522,-1.05298
0.841774,-0.00619188
0.760764,0.450065
0.83833,-0.194231
0.829801,-0.144133
0.891301,-0.373417
0.906487,-0.489524
0.7913,0.0991813
0.846273,-0.328232
0.823282,0.271347
0.847128,0.0126855
0.829044,-0.0479259
0.845815,-0.383616
0.706636,0.939457
0.873194,-0.326806
0.791445,0.171871
0.853111,-0.00997215
0.800622,-0.0867458
0.849692,-0.0747025
0.954449,-0.956244
0.831703,-0.3996
0.81597,-0.0436206
0.899356,-0.357073
0.806063,0.128183
0.815994,0.00996841
0.793953,0.0802069
0.874345,-0.459255
0.822307,0.21065
0.850168,-0.261391
0.837612,-0.252355
0.719265,0.460161
0.820393,0.163488
0.805263,0.172851
0.946998,-0.4732
0.82895,-0.17001
0.898547,-0.60066
0.818221,0.416935
0.795748,0.233639
0.877601,-0.472262
0.82569,0.243979
0.836079,-0.0398638
0.854512,0.076977
0.773985,0.341972
0.860697,0.224612
0.835553,-0.140447
0.835844,-0.32602
0.826353,0.0725
0.826674,0.0715814
0.837977,0.113056
0.834283,0.198225
0.837375,0.0539131
0.831306,-0.15603
0.80337,0.348915
0.882561,-0.691055
0.829805,0.28866
0.814581,0.0389997
0.901848,-0.275087
0.832503,0.0196245
0.82229,-0.000596762
0.852898,-0.348178
0.836953,-0.0626683
0.86065,-0.266636
0.806727,0.454465
0.91243,-0.333157
0.865449,0.203551
0.863047,-0.381249
