slope,intercept
1.02663,0.508685
1.02144,0.543883
1.06279,0.203782
1.11381,0.100328
1.08521,0.0766244
1.11704,0.126985
1.07982,0.180055
1.09142,-0.111924
1.13125,0.0034917
1.10664,0.10431
1.13272,0.15135
1.16343,-0.238712
1.15475,-0.255507
1.14802,-0.147455
1.10101,0.251203
1.00753,0.282454
1.12228,-0.0950337
1.07199,0.163371
1.19439,-0.33552
1.13574,0.114515
1.00264,0.561975
1.13234,0.101206
1.00967,0.473769
1.08197,0.179148
1.10361,0.300552
1.13504,0.175309
1.10059,-0.0935467
1.12027,-0.131184
1.24109,-0.474506
1.10245,0.0294041
1.08732,0.456172
1.15846,-0.04961
1.12505,0.167471
1.08844,0.074923
1.09105,0.1938
1.17364,-0.260213
1.21565,-0.169744
1.06657,0.504279
1.07749,0.155491
1.18192,-0.167184
1.03555,0.256118
1.06922,0.212779
1.13617,0.0754626
1.01292,0.282626
1.10971,0.224865
1.03338,0.34284
1.07226,0.22564
1.05462,0.114356
1.10819,-0.0423698
1.06822,0.0715348
1.01624,0.350625
1.18642,-0.123666
1.03606,0.40532
1.0942,0.299277
1.11433,0.112719
1.07891,0.260348
1.08982,0.29638
1.08178,0.251269
1.07607,0.00540852
1.06621,0.226749
1.07718,0.0844894
1.07942,0.341497
1.06666,0.210934
1.07922,-0.0677344
1.06427,0.27973
1.02712,0.297135
0.960296,0.435806
1.08113,0.0363469
1.05908,0.185002
1.02815,0.292989
1.03822,0.401244
1.16347,0.0775572
1.17911,-0.135305
1.18436,-0.0142246
1.13219,0.167592
1.19587,-0.117221
1.04935,0.233435
1.15625,-0.294704
1.04676,0.38871
1.19454,-0.220174
0.990685,0.558843
1.10007,0.103848
1.11498,0.236049
0.978346,0.674208
1.08229,0.200036
1.14257,-0.106869
1.10408,0.0268544
1.04844,0.224821
1.02553,0.282416
0.984715,0.590711
1.10551,-0.0339878
1.13026,0.323237
1.10996,0.11403
1.20415,-0.14775
1.16546,-0.107662
0.854428,0.903638
1.15412,-0.0458766
1.00856,0.392992
1.03215,0.372133
1.03973,0.390025
1.1316,0.148652
1.13045,-0.0154578
0.963061,0.739827
1.02663,0.272718
1.09389,0.224268
1.10036,0.0844811
1.15246,-0.249798
1.16705,-0.14774
1.05624,0.317308
1.17429,-0.330154
1.04946,0.401526
1.10889,-0.0432641
1.07947,0.433633
1.14437,0.0990053
1.05007,0.224203
1.1596,0.179062
1.11429,0.204787
1.19634,-0.0900448
1.04217,0.398667
1.07339,0.43366
1.18443,-0.197588
1.0778,0.233451
0.997246,0.33858
1.01596,0.30112
1.11602,0.192205
1.08065,0.215102
1.11311,-0.0156047
1.027,0.451312
1.08476,0.273516
1.1465,-0.0486884
1.03696,0.172165
1.1773,-0.153272
1.08835,0.191044
1.11407,0.0958724
1.11227,-0.024236
1.07598,0.13513
1.04507,0.396148
1.10283,0.10917
1.04172,0.49988
1.10945,-0.073669
1.11507,-0.0956961
1.06292,0.227332
1.15222,0.0558784
1.05621,0.26964
1.00918,0.517307
1.10522,0.117561
1.13626,0.0197734
1.09894,0.213323
1.05034,0.489814
1.10954,0.0841177
1.17309,-0.0194426
1.01169,0.379006
1.10315,0.32176
1.05866,0.412354
1.08625,0.115405
1.0803,0.254424
1.06437,0.263042
1.03362,0.514151
0.974384,0.747205
1.11591,0.155991
1.09023,0.0195372
1.13417,0.0834845
1.02217,0.52954
1.11847,0.0129088
1.0139,0.360787
1.05169,0.317964
1.02705,0.45785
1.0203,0.587228
1.09341,0.196681
1.04738,0.26333
1.04687,0.169171
1.08869,0.062931
0.943373,0.597943
1.13479,-0.0161072
1.08495,0.297858
1.05353,0.367225
1.11075,0.0690699
1.13924,-0.0655629
1.07913,0.0582421
1.06371,0.188922
1.09099,0.168678
1.13618,-0.00287157
1.09122,0.243648
1.12249,0.115428
1.08722,0.161841
1.12016,0.322428
1.11175,0.176013
1.13712,0.0460158
1.02455,0.300453
1.09166,-0.0631404
0.989168,0.278627
1.01395,0.16768
1.08817,0.164468
1.07244,0.308005
1.05644,0.302188
1.07563,0.432654
1.09651,0.147942
0.957651,0.673697
1.08317,0.0973187
1.04485,0.260616
1.04463,0.358963
1.0876,0.0822731
1.11365,0.154293
1.07341,0.231153
1.08744,0.0265769
1.1967,-0.340894
1.29714,-0.611231
1.09266,0.195476
1.06106,0.297098
1.16735,-0.217751
1.06951,0.258456
1.08809,0.164593
1.01424,0.321719
1.03348,0.443768
1.07106,0.306922
1.15287,-0.271607
1.08834,0.0478667
1.15512,-0.211393
1.05138,0.052883
1.08368,0.2895
1.03728,0.236701
1.05417,0.173914
1.12662,0.0139449
1.07552,0.317235
1.15588,-0.129713
1.14304,-0.266891
1.14303,-0.200109
1.05648,0.249982
1.12372,0.0829593
1.09613,0.0173706
1.08034,0.275911
1.0776,0.200175
1.07173,0.266749
1.17002,-0.141341
1.02377,0.536206
1.14921,-0.255111
1.17964,-0.173408
1.10439,0.0367022
1.0989,0.248515
1.05638,0.0377692
1.04623,0.533485
1.12861,-0.0424202
0.961335,0.861776
1.1391,-0.00734692
1.04214,0.0397714
1.07175,0.00252805
1.07769,-0.13714
1.082,0.0993707
1.09815,0.0302254
1.07573,0.300605
1.06951,0.227623
1.05288,0.174245
1.07449,0.228296
1.08145,0.109503
0.931939,0.946563
1.04276,0.121724
1.12716,0.063225
1.07423,0.286564
1.00663,0.402308
1.06641,0.355929
1.12158,0.180396
1.08484,0.0705296
1.05656,0.186433
1.11327,0.045767
1.04465,0.347375
1.18423,-0.322834
1.13714,0.177555
1.1314,0.147946
1.16533,-0.226751
1.01589,0.587992
1.22001,-0.431132
1.01338,0.465404
1.0115,0.336773
1.14887,-0.0945877
1.10067,0.166432
1.0316,0.448977
1.04153,0.39526
1.21451,-0.354058
1.0391,0.673511
1.15698,-0.00894049
1.08357,0.251152
1.05453,0.183824
1.11166,0.0751825
1.14967,-0.129926
1.06068,0.263613
1.08131,0.172809
1.08542,0.126204
1.15248,0.12424
1.31222,-0.63882
1.14634,0.109641
1.1453,-0.115869
1.13056,0.0581806
1.11714,0.102891
1.07347,0.0930038
1.11728,0.176443
1.01372,0.463555
1.12151,-0.0627747
1.16442,0.0548685
1.06387,0.201914
0.963847,0.53725
1.11773,0.16989
1.0014,0.538525
1.15334,-0.0338905
1.08327,0.305465
1.05465,0.468963
0.989178,0.562496
1.0031,0.453741
1.03862,0.37675
1.08354,0.23075
1.22339,-0.416878
1.19013,-0.134022
1.0625,0.21581
1.05429,0.342316
1.05379,0.227933
1.10413,0.156971
1.01984,0.393639
1.10184,0.182425
1.13365,0.228045
1.14705,-0.179413
1.15081,-0.122259
1.12513,0.0289959
1.1438,-0.18126
1.08369,0.217278
1.03199,0.440679
1.05203,0.317203
1.05381,0.342044
1.02816,0.34257
1.17101,-0.0872616
1.05979,0.299436
1.07054,0.226189
1.02355,0.451629
1.15447,-0.109353
0.974694,0.508799
1.12107,0.191604
1.11246,-0.193004
1.04003,0.169458
1.04987,0.249258
1.08022,0.218753
1.06394,0.366314
1.06297,0.346434
1.03613,0.31436
1.18881,-0.315093
1.03434,0.291194
1.14927,-0.0200303
1.08862,0.277787
1.08074,0.489314
1.14074,-0.116444
1.12678,-0.156723
1.10346,0.299784
1.11094,0.15083
1.06623,0.373451
1.10476,0.229904
1.12072,0.0926581
1.09775,-0.0221721
1.10623,-0.0380401
1.04559,0.291731
1.02071,0.311016
0.977622,0.501389
0.987927,0.640248
1.08042,0.239999
0.997665,0.354966
1.21341,-0.233916
0.97329,0.538173
1.05728,0.309534
1.10695,0.0148848
1.04113,0.197108
1.11558,-0.22922
1.00644,0.469828
1.09557,0.220348
1.14297,-0.226063
1.18058,-0.223878
1.0594,0.109468
1.04161,0.387564
1.15645,-0.252003
1.07021,0.26631
1.12751,0.26241
0.995798,0.556616
1.12837,-0.0188018
1.13038,0.154632
1.04422,0.420726
1.09549,0.259716
1.12255,0.112957
1.14088,-0.128714
1.12513,-0.204784
1.0682,0.402676
1.09675,0.0799878
1.09787,0.188087
1.13607,-0.259636
1.18185,-0.0160338
1.0861,0.0750248
0.994198,0.493007
1.18362,-0.161552
1.11013,-0.0981631
1.07398,0.495457
1.0862,0.0885984
1.12132,0.152086
1.06479,0.407733
1.13878,0.171168
1.08901,0.139983
1.094,0.0484906
1.04114,0.127794
1.0743,0.369089
1.02599,0.434861
1.09786,0.192857
1.11999,0.0926515
1.0769,0.0937646
1.05126,0.25213
1.05075,0.452084
1.15131,0.0363485
1.11494,0.14029
1.06761,0.255765
1.09784,0.211
1.0656,0.224457
1.19269,-0.159509
1.07551,0.0738868
1.05998,0.217585
1.09632,0.112775
1.11517,0.127748
1.13117,-0.163311
1.00293,0.568065
1.12389,-0.0693435
1.14932,-0.0465377
1.10121,-0.0506745
1.08425,0.265425
1.06472,0.188323
1.12573,-0.114925
1.19042,-0.166462
1.07179,0.102641
1.05821,0.605457
1.08967,0.286923
1.0293,0.449641
1.06475,0.326699
1.14735,-0.159817
1.04305,0.215999
0.961693,0.867755
1.15428,0.0778858
1.09093,0.00675538
1.08706,0.145887
1.03037,0.516364
1.00622,0.562105
1.06191,0.0987797
1.0935,0.25074
1.05244,0.239123
1.08184,0.174058
1.2215,-0.410819
1.11941,0.159576
1.1073,0.107301
1.11933,-0.0442016
1.13604,-0.185638
1.0869,0.144786
0.977235,0.675562
1.10477,-0.030862
1.18686,-0.130676
1.03233,0.258742
1.08867,0.0721762
1.11693,0.090272
1.14433,-0.169151
1.14911,-0.0357792
1.11354,-0.0357482
1.06723,-0.0787194
1.07523,0.0685996
1.10808,0.273846
1.09363,0.184087
1.08235,0.1429
1.05682,0.323036
1.12187,0.163112
1.11414,0.102149
1.1566,-0.317251
1.08048,0.33746
1.06133,0.170449
1.05949,0.23881
0.997055,0.411592
1.07689,0.145927
1.0414,0.384701
1.01274,0.284953
1.08909,0.116676
1.10918,0.201225
1.12433,-0.0259568
1.05692,0.382935
1.13141,-0.207235
1.07607,0.239136
1.08358,0.112191
1.10295,-0.122858
1.11589,0.153679
1.03142,0.343819
1.06763,0.356201
1.09453,0.224834
1.02044,0.570958
1.11571,0.0149656
1.13155,0.0538105
1.01424,0.539636
1.14752,-0.258152
1.13955,0.0364752
1.07335,0.171225
1.10042,-0.0415604
1.1311,-0.0493556
1.14907,0.0348603
1.02117,0.264441
1.10292,0.0169487
1.09077,-0.110351
1.06799,0.251339
1.12094,0.0431674
1.0652,0.384822
1.07298,0.364619
1.04307,0.260839
1.0936,0.248963
1.13655,0.0933181
1.05115,0.250664
1.0885,0.255265
1.12503,-0.00180591
1.09106,0.221097
1.07657,0.24206
1.0572,0.231251
0.995042,0.651448
1.12334,0.209157
1.11648,0.0269041
1.06735,0.369317
1.09782,0.0481142
1.08942,0.223303
1.10906,0.0843121
1.14672,-0.194611
0.994148,0.446708
1.16533,-0.115027
1.08154,0.358998
1.01483,0.349672
1.05566,0.437832
1.12546,0.0499962
1.06399,0.144946
1.13068,0.0235707
1.08697,0.421124
1.08165,0.210839
1.03121,0.337819
1.09337,0.163016
1.09181,0.217587
1.10737,-0.00525416
1.13527,0.119791
1.1208,0.0799229
1.09987,0.0152793
1.07272,0.10225
1.16084,-0.215261
1.09313,0.0627421
1.15666,-0.0895035
1.10101,0.256651
1.09867,0.211236
0.944219,0.757912
1.04473,0.306221
1.01795,0.449856
1.06059,0.197614
1.13805,0.0330676
1.09947,0.159581
1.12818,-0.148465
1.14345,0.0632566
1.0376,0.472355
1.15304,-0.00302351
1.08187,0.200614
1.09874,0.0700106
1.12572,0.215742
1.0068,0.669895
1.01792,0.319929
1.10967,0.0850144
1.13875,-0.0178964
1.14936,0.035493
1.01972,0.546217
1.11186,-0.00266417
1.11056,-0.150791
1.10067,-0.0138374
0.984754,0.602212
1.02973,0.387378
1.10333,0.141689
1.04265,0.275626
1.07833,0.181836
0.983531,0.56696
1.09401,0.177384
1.07002,0.274253
1.13592,0.122224
1.14846,-0.122523
1.14935,0.117911
1.07082,0.206186
1.03536,0.450657
1.13417,-0.0896176
1.09513,0.170535
1.09651,-0.142385
1.15986,-0.282353
1.11916,0.0598854
1.04291,0.376564
1.20701,-0.362559
1.04352,0.20124
1.2057,-0.0950213
0.987602,0.526
1.01833,0.488685
1.15587,-0.0545661
1.086,0.0673876
1.06495,0.375806
1.07886,0.0903623
1.02419,0.25913
1.11057,0.0629735
1.07794,0.202466
1.09376,0.0106075
1.02343,0.514977
1.18698,-0.0992402
1.09092,-0.102026
1.10388,0.0970491
1.10542,0.0806223
1.11104,0.302289
1.12826,0.12689
1.07824,0.34955
1.06908,0.298569
1.04479,0.0849854
0.994617,0.413681
1.13437,0.105518
1.06183,0.22384
1.03902,0.538412
1.04463,0.242351
1.09712,0.0726732
1.1174,0.0921214
1.07375,0.241054
1.07602,0.304131
1.11291,0.0640056
0.970608,0.876219
1.07019,-0.0109197
1.05088,0.182636
0.9888,0.53081
1.04779,0.327018
1.04936,0.191095
1.0459,0.470621
1.10418,0.205093
1.11427,0.033877
1.08042,0.216199
1.15384,-0.0418997
1.10923,0.26781
1.13167,0.0133727
0.990462,0.630764
0.990174,0.286183
1.1099,0.0514468
1.10071,0.0323384
1.02181,0.464969
1.08595,-0.00901481
1.0755,0.237532
1.09277,-0.092932
1.08737,0.310219
1.05103,0.115884
1.13537,-0.044172
1.0582,0.390721
1.05891,0.244574
1.04367,0.257546
1.14552,-0.17297
0.949465,0.673271
1.11287,0.32763
1.15156,-0.181105
1.07395,0.255849
1.07363,0.247926
1.06273,0.175777
1.09431,0.27844
1.12004,0.0549131
1.06072,0.0311562
1.09267,0.158253
0.952104,0.4843
1.18046,-0.0460117
1.13894,-0.0339731
1.11814,-0.21972
1.12414,0.100681
1.0324,0.588617
1.04128,0.42548
1.07873,0.160346
1.10363,-0.0324854
1.10483,-0.131609
1.09689,0.260322
1.09623,-0.00703118
1.03313,0.427292
1.07044,0.328775
1.10733,0.18952
1.00153,0.477962
1.12938,0.137266
1.07384,0.134319
1.08351,0.200593
1.02678,0.217349
1.05851,0.269249
1.09484,0.114802
1.05842,0.238241
1.054,0.177573
1.13182,-0.0269334
1.09193,0.187679
1.0668,0.278015
1.11701,0.161156
1.13906,0.10329
1.10597,0.0737621
1.17936,-0.186527
1.02089,0.523806
1.07834,0.187221
1.04002,0.444459
1.07163,0.297411
1.02265,0.470765
1.12655,0.0994781
0.961704,0.837594
1.05204,0.370224
1.05123,0.165686
1.01198,0.390762
1.06476,0.227257
1.06215,0.0968643
1.05576,0.0587231
1.13113,-0.182179
1.06001,0.324852
1.08581,0.172994
1.09799,0.241477
1.08318,0.110502
1.10965,-0.142933
1.03298,0.128237
1.00759,0.369443
0.986404,0.771202
1.17975,-0.16992
1.09449,0.24256
1.07868,0.274743
1.11041,-0.014582
1.09093,0.121485
1.03085,0.256181
1.0714,0.107493
1.12893,-0.177389
1.06712,0.318047
1.13093,0.0746283
1.05428,0.257549
1.17303,-0.262855
1.07917,0.0761672
1.0364,0.348836
1.18368,-0.273524
1.03153,0.566098
0.94505,0.684952
1.10901,0.130827
1.09818,0.300451
1.10561,-0.0205576
1.11188,0.189187
1.0573,0.255153
1.08066,0.253143
1.12247,-0.0238721
1.09715,0.0702098
1.09759,0.133982
1.08061,0.103461
1.11493,0.020227
1.11802,0.118016
1.07235,0.177612
1.01937,0.329875
1.14798,-0.231996
1.12581,0.0450456
1.16256,-0.160498
1.13718,-0.143227
1.13019,0.00859736
1.08732,0.185216
1.07603,0.287162
1.10461,0.209029
1.16928,-0.107258
1.04751,0.232418
1.14408,0.120622
1.02369,0.492135
1.12835,0.142006
1.11577,0.157241
1.04555,0.36868
1.06932,0.0116903
1.05449,0.216655
1.07391,0.057259
1.08245,0.142109
1.17926,-0.348952
1.06495,0.184089
1.08802,0.143811
1.04891,0.35696
1.0763,0.321062
1.06732,0.197397
1.039,0.332834
1.07199,0.176644
1.13002,-0.0714173
1.01395,0.306656
1.13576,-0.121222
1.16976,-0.374569
1.0562,0.223996
1.00304,0.703362
1.09801,-0.0867144
1.0755,0.321963
1.06025,0.25803
1.25036,-0.291885
1.13186,0.0918608
1.14644,-0.0130394
1.12426,-0.0765985
1.1603,-0.153639
1.03874,0.158772
1.12764,0.175238
1.04932,0.372564
1.16295,-0.000193671
1.11192,0.115893
1.03275,0.578587
1.0894,0.128727
1.04338,0.158014
1.05326,0.204927
1.14118,-0.0752734
1.10335,0.130362
1.06742,0.341102
1.10183,0.355608
1.19112,-0.342006
1.11429,0.24551
1.0992,0.0965661
1.12359,-0.126528
1.07724,0.259932
1.09176,0.219514
1.12901,0.106544
1.13379,-0.00445314
1.08918,0.0831325
1.11147,0.0483057
1.08995,0.247942
1.03166,0.435005
1.10119,-0.000735308
1.15863,-0.21768
1.0982,0.171078
1.16861,-0.123038
1.13447,-0.164612
1.0523,0.317759
1.15488,0.253213
1.13392,-0.121737
1.04338,0.257153
0.993031,0.532701
1.08295,0.266927
1.06667,0.18331
1.1272,0.159667
1.05715,0.124816
1.07233,0.157102
1.0437,0.211619
1.12842,0.108197
1.14078,0.0196031
1.06154,0.491577
1.12059,0.191988
1.09294,0.121265
1.09324,0.0458576
1.18276,-0.169868
1.05677,0.291646
1.10768,0.0411881
1.09219,0.11919
1.03439,0.467721
1.12099,0.0215448
1.20263,-0.332278
1.06564,0.417462
1.10291,0.27502
1.06095,0.261171
1.01596,0.459931
1.03236,0.539395
1.15785,-0.259474
1.0707,0.178576
1.14821,-0.199823
1.09321,0.187267
1.10257,0.0392253
1.02836,0.347848
1.13911,0.106039
1.08592,0.174342
1.09584,0.284129
1.10737,0.136169
1.10165,0.280978
1.05651,0.164374
1.07391,0.109513
1.02226,0.551524
1.18392,-0.223505
0.974564,0.667884
1.16472,-0.0960341
1.12505,-0.155502
1.1344,0.233941
1.19159,-0.231906
1.0949,0.210562
1.04724,0.226461
1.05867,0.395577
1.20073,-0.286681
1.02673,0.430418
1.05351,0.208882
1.12907,0.0318707
1.0642,0.34472
1.10557,0.0686202
1.15557,-0.0487152
1.09426,-0.00212314
1.11565,0.114889
1.12073,-0.0435664
1.12411,0.0851098
1.09536,0.213636
1.06112,0.496138
1.07391,0.171873
1.1449,-0.0898051
1.01327,0.337667
1.08223,0.131888
1.1508,0.0374957
1.08023,0.337136
1.00843,0.339039
0.980271,0.712051
1.0611,0.395135
1.1103,-0.112012
1.08263,0.139456
1.12838,0.233813
1.05943,0.242436
1.05308,0.483422
1.12379,-0.231653
1.08972,0.00699902
1.1267,-0.0457248
1.1345,-0.0283278
1.11605,0.126988
1.11584,0.280056
1.10804,0.000918168
1.08616,0.142747
1.2041,-0.289802
1.18705,-0.29099
1.11269,0.0503451
1.13217,0.0925279
1.08282,0.286612
1.12449,0.148982
1.11311,-0.0833932
1.02823,0.555279
1.10056,0.147843
1.10356,0.129212
1.15413,-0.233729
1.08541,0.326249
1.14038,0.121805
0.999748,0.51972
1.09176,0.0118287
1.12345,0.033152
1.14979,-0.100473
1.09822,0.157976
1.11431,0.0211552
1.06459,0.332115
1.04115,0.342608
1.09607,0.116862
1.15245,-0.183949
1.11701,0.0894792
1.04633,0.171744
1.12412,-0.0942017
1.06292,0.0856488
1.03515,0.282978
1.11847,-0.10325
1.11316,-0.0600666
1.07613,0.117117
1.10778,0.00727924
1.15735,0.0193614
1.17153,-0.132727
1.14417,-0.106196
1.1407,0.00250077
1.03378,0.552014
1.12351,0.103615
1.06072,0.194416
1.10387,-0.0223298
1.07918,-0.0453092
1.10454,0.284966
1.01097,0.425728
1.11183,0.216542
1.11953,-0.0348638
1.17592,-0.173034
1.1058,0.0777895
1.10885,0.082158
1.07603,-0.00147336
1.0941,0.264131
1.04356,0.447389
1.08474,0.308387
1.12755,-0.000805171
1.03162,0.234195
1.05553,0.263269
1.07965,0.324241
1.1029,-0.0938814
1.14305,0.0215092
0.992106,0.517624
1.13358,-0.224777
1.08726,0.0105772
1.12338,0.176591
0.987129,0.662449
1.15201,-0.00888331
1.13574,-0.0449751
1.14557,-0.163014
1.09157,0.107819
1.14441,-0.120651
1.178,-0.171723
1.08691,0.291196
1.08716,0.290327
0.974011,0.447876
1.02635,0.549529
1.11934,0.0560262
1.12698,0.105603
1.07315,0.260533
1.09193,0.233852
1.07691,0.158609
1.12665,0.0125575
1.09314,0.07523
1.09492,0.207084
1.14198,-0.0109021
1.06177,0.111945
1.10363,0.0684271
1.11685,0.0846008
1.11422,0.0891268
1.00125,0.542134
1.06581,0.471574
1.04634,0.425008
1.14951,-0.158658
1.02913,0.311041
1.12609,0.028673
1.17088,-0.238653
1.04539,0.434017
1.1039,-0.0625479
1.0882,0.307654
1.1262,0.0181512
0.973789,0.592792
1.14887,-0.243583
1.04774,0.256327
1.05314,0.459166
1.04686,0.259552
1.1574,0.0300212
1.09418,0.0415823
1.00208,0.586996
1.10637,0.246254
1.10731,0.0827727
1.14667,-0.0137589
0.982451,0.536359
1.08603,-0.00743536
1.0789,0.394635
0.998693,0.374649
1.01003,0.366669
1.18859,-0.482533
0.988971,0.519855
1.18656,-0.0750898
1.14838,0.017471
1.18354,-0.487151
1.1533,-0.144205
1.05488,0.280645
1.05895,0.244417
1.10057,0.208611
1.15714,-0.184807
1.09431,0.258647
1.13394,-0.124801
0.903111,1.0711
1.0523,0.489809
1.04981,0.138081
1.15924,-0.332945
1.10321,0.0382706
1.12311,-0.0337853
1.11945,-0.0442729
1.10435,0.263579
1.092,0.278771
1.1415,-0.0308919
1.14921,-0.168412
1.11005,-0.0581329
1.02413,0.345131
1.09833,-0.0836661
1.14685,-0.124001
1.03426,0.384134
1.10082,0.00131217
1.11577,0.107123
1.0164,0.485845
1.11153,0.1456
1.10572,0.000446069
1.12137,0.106331
1.10396,0.0138165
1.08311,0.111444
1.12945,0.145048
1.07992,0.0937797
1.12057,-0.0212984
1.03246,0.27303
1.14605,-0.167243
1.09814,0.342759
1.02967,0.397277
0.998729,0.515413
1.17868,-0.326319
1.10081,0.274696
1.05327,0.231907
1.22331,-0.283911
0.97373,0.49058
1.13738,0.144999
0.999545,0.564501
1.07647,0.27915
1.16417,-0.137587
1.0697,0.156382
1.04464,0.230375
1.16356,-0.112279
0.975661,0.491388
1.09854,0.126169
1.05254,0.262019
1.02664,0.633034
1.16016,0.0315317
1.07411,0.165452
1.08136,0.121912
1.0076,0.34016
1.1737,-0.163692
1.13724,-0.0218751
1.09284,0.144449
1.04403,0.224044
1.13902,-0.129798
1.10688,0.0972402
1.09647,0.0320636
1.03501,0.145165
1.03007,0.550588
1.06047,0.394748
1.09969,0.235394
1.05342,0.198794
1.09103,0.0892336
1.18608,-0.147165
1.09607,0.155196
1.08556,0.0701919
1.04535,0.340869
1.10845,0.303635
0.965058,0.76854
1.06744,0.214644
1.10516,-0.0876904
1.11653,0.103937
1.05127,0.22673
1.15049,-0.165167
1.13802,0.215855
1.10666,0.0644764
1.08338,0.224385
1.14481,-0.0176148
1.10062,0.0580086
1.08727,0.369205
1.09477,0.178747
1.05584,0.279427
1.01007,0.39453
1.10618,0.0879168
1.14288,-0.0178055
1.10092,0.31851
1.08232,0.256081
1.12014,-0.143084
1.10713,-0.0772091
1.12653,0.0782908
1.08198,0.128961
1.1139,-0.0382707
1.08923,0.297171
1.11859,0.143307
1.09482,0.137294
1.09366,-0.00570057
1.08603,0.174529
1.17673,-0.3607
1.12358,0.0772494
1.12775,0.117275
1.08816,0.200098
1.11406,0.148353
1.09877,0.111595
1.06632,0.249929
1.17545,-0.282044
1.10193,0.101621
1.08995,0.264245
1.05723,0.507058
1.09655,0.311536
1.07854,0.0238367
1.10822,-0.0697502
1.07229,0.252662
1.08948,-0.0102229
1.10854,0.163302
1.09762,0.323088
1.1298,-0.169326
1.08859,0.424053
1.07873,0.415319
1.11588,-0.161845
0.947796,0.590174
1.06512,0.409663
1.04179,0.339026
1.07302,0.203808
1.01465,0.447257
1.03375,0.308633
1.1175,0.0323503
1.14462,0.0161678
0.998179,0.484368
1.20444,-0.413922
1.05002,0.251836
0.995051,0.474431
1.02022,0.418552
0.992782,0.226256
1.13533,-0.102016
1.09296,0.0306906
1.17129,-0.0830617
1.04679,0.0888359
1.15358,-0.156633
1.0586,0.356099
1.16002,-0.117111
0.996484,0.586419
1.10082,0.0992946
1.12985,-0.213852
1.14598,-0.134404
1.10329,0.0855657
0.995309,0.426401
1.10906,-0.0603591
1.10048,0.0915638
1.11903,0.139093
1.08268,0.199058
1.07503,0.27783
1.1276,-0.0433009
1.14117,-0.157406
1.06999,0.0928077
1.06735,0.425425
1.08053,0.204486
1.01469,0.482031
1.01523,0.497201
1.07907,0.129611
0.978788,0.42126
1.08121,0.240439
1.10057,0.00494998
1.14687,-0.110324
1.03117,0.524152
1.04537,0.299618
1.0022,0.53066
1.05808,0.304015
1.02493,0.487795
1.12066,0.101242
1.08647,0.230855
1.08737,0.212841
1.19443,-0.173284
1.06147,0.249512
1.14394,-0.0866581
1.01805,0.283303
1.12519,0.0380191
1.07157,0.331932
1.09019,0.145934
1.17655,-0.00852725
1.10992,0.247558
1.07427,0.215277
1.06601,0.300978
1.1199,-0.0105549
1.08731,0.334083
1.15559,-0.408145
1.02408,0.496989
1.09965,0.207524
1.14196,-0.00226383
1.10894,0.0183325
1.04083,0.469597
1.08564,0.0119091
1.05328,0.0333102
1.0694,0.319237
1.05315,0.305672
1.09178,0.065193
1.16602,-0.231989
1.01668,0.565534
1.05339,0.359971
1.09089,0.23271
1.08807,0.0836995
1.05814,0.178093
1.13968,0.101505
1.11094,0.0631002
1.09852,0.0793069
1.09264,-0.012666
1.07632,0.122913
1.13882,-0.0432609
1.01845,0.381622
1.15523,-0.144493
1.21287,-0.178777
1.1331,-0.0470499
1.10836,0.189712
1.06796,0.224793
1.05365,0.127403
1.08107,0.233685
1.12511,0.0851586
1.09763,0.102596
1.09309,0.207414
1.13729,0.166574
1.1153,0.224662
1.06907,0.257627
1.07482,0.279922
1.11875,0.098656
0.973379,0.668008
1.14265,0.0644483
1.05451,0.255503
1.18708,-0.206961
1.11665,0.215154
1.0525,0.390721
1.02317,0.390634
1.10846,-0.0712716
1.10949,0.384828
1.07108,0.133353
1.09879,0.136201
0.999995,0.602281
1.07691,0.329259
1.08657,0.0353306
1.08983,0.192686
1.0872,0.214158
1.05686,0.286221
1.04784,0.646984
1.00425,0.410803
1.07406,0.260963
1.0582,0.344496
1.16662,-0.0640054
0.989662,0.171296
1.1446,-0.198275
1.0225,0.671746
1.12787,-0.102359
1.1189,0.171871
1.05284,0.416966
1.16891,-0.0790299
0.92998,0.857226
1.0344,0.365343
1.05895,-0.021439
1.00498,0.521412
1.01167,0.596511
1.14037,-0.256705
1.09461,0.110187
1.01832,0.45302
1.06268,0.173157
1.04167,0.388574
1.01158,0.376196
1.04445,0.39004
1.09723,-0.0496686
1.14198,0.0606893
1.05927,0.428413
1.11554,-0.0743567
1.15159,-0.108196
1.0333,0.40783
1.05954,0.262615
1.1735,-0.178856
1.12895,0.140703
1.04503,0.187888
1.0433,0.519475
1.06614,0.212097
1.16779,-0.341002
1.06338,0.261733
1.06509,0.246231
1.06227,0.498566
1.04042,0.230024
1.05287,0.142081
1.08279,0.331853
1.19825,-0.252769
1.04842,0.385015
1.14904,-0.0477231
1.10144,0.154629
1.11691,-0.0199193
1.04183,0.444373
1.06232,0.135015
1.1077,-0.0762103
1.18207,-0.121351
0.924025,0.982787
1.08659,0.237204
1.04676,0.266245
1.15144,-0.0339478
1.15458,-0.109762
1.15019,-0.167357
1.03134,0.454756
1.10356,-0.0143686
1.11491,0.137598
1.13653,-0.106452
1.08706,-0.0521818
1.03436,0.528367
1.03559,0.382684
1.02045,0.33918
1.19411,-0.444393
1.12827,-0.15619
1.12281,-0.0886887
1.02638,0.44717
1.07003,0.341534
1.14024,-0.147266
0.98972,0.444327
1.12109,0.10306
1.18937,-0.152072
1.04158,0.326015
1.02018,0.73154
1.05926,0.292563
1.16611,-0.106835
1.0931,0.152414
1.01574,0.385039
0.990946,0.589629
1.01006,0.439628
1.11415,0.12511
1.15553,-0.08675
1.14598,0.117981
1.09391,0.0197296
1.08004,0.366159
1.19353,-0.29266
1.09144,0.199287
1.07917,0.0921878
1.07902,0.360385
1.04783,0.309463
1.12177,0.0630211
1.06394,0.287674
1.10487,0.0457403
1.04289,0.304953
1.1848,-0.236981
1.09393,0.149597
1.11376,-0.0179844
1.05703,-0.0141384
1.05956,0.111611
1.12462,0.162399
1.19025,-0.28206
1.12941,0.247098
1.16574,-0.22757
1.08894,0.0433737
1.07192,0.309945
1.01176,0.398127
1.18619,0.0222897
0.942684,0.79874
1.04348,0.324284
1.01491,0.505692
1.12377,-0.0666245
1.08711,0.178806
1.18103,-0.232389
1.05164,0.316148
1.13007,-0.162953
1.05735,0.150183
1.04342,0.39649
1.01783,0.430327
1.12409,-0.0493578
1.02006,0.398136
1.11891,0.125279
1.09362,0.186041
1.0891,0.350339
1.11569,0.234999
1.09489,0.0398625
1.10842,0.0959535
1.01873,0.458784
1.02011,0.320648
1.10999,-0.0195236
1.07841,0.399239
1.07817,0.213689
1.06092,0.17724
1.08683,0.199128
0.957796,0.727703
1.06683,0.218674
1.11303,0.131531
1.10223,0.0494944
1.04712,0.102482
1.072,0.146877
1.18761,-0.32183
1.0299,0.404933
1.02748,0.278649
1.01825,0.409304
1.06781,0.114456
1.06336,0.299776
1.05154,0.265048
1.03624,0.41333
1.07308,0.0455434
1.07765,0.185285
1.10542,0.159385
1.02123,0.520228
0.976985,0.529329
0.989507,0.723359
1.18158,-0.159587
0.993434,0.525784
1.05472,0.39199
1.11799,0.0983778
1.03283,0.443128
1.14662,0.0405125
1.10062,0.126532
1.11037,0.212071
1.05481,0.352625
1.04852,0.393042
1.01991,0.214948
1.0881,0.304722
1.07234,0.463968
1.09267,0.108299
1.13117,0.160638
1.11624,0.140481
1.01331,0.358695
1.01053,0.365477
1.04949,0.372615
1.12274,-0.26014
1.03578,0.195257
1.01242,0.40853
1.12876,0.0636078
1.03931,0.530708
1.1148,0.0854682
0.990593,0.457052
1.00384,0.252372
1.09305,0.422263
1.07528,0.262952
1.08635,0.204945
1.06361,0.268033
1.08699,0.3565
0.946385,0.727914
1.04475,0.340074
1.04612,0.385489
1.03974,0.462066
0.984134,0.568379
0.981805,0.488306
1.12646,-0.0468588
1.03972,0.305304
1.0912,0.163202
1.07814,0.203963
1.14442,0.133919
1.10889,0.213919
1.04745,0.316836
1.01926,0.247754
1.11547,-0.0379251
1.05093,0.353944
1.11803,-0.0294754
1.12394,0.197271
1.11678,0.124136
1.12156,0.203968
1.04265,0.406844
1.12851,0.206909
1.09355,0.314259
0.960624,0.633971
1.12336,0.0421521
1.03949,0.397492
0.963386,0.577331
1.21029,-0.357949
1.1249,0.0398478
0.976061,0.604025
1.06794,0.391677
1.06327,0.42478
1.12996,0.166698
1.14231,0.0141633
1.07434,0.221147
1.01495,0.273594
1.069,0.0828898
1.1233,0.0679696
1.06289,0.182931
1.17877,0.0586719
1.17924,-0.115198
1.06012,0.248098
1.07081,0.410635
1.08161,-0.0592457
1.03172,0.443196
1.19304,-0.182784
0.965264,0.502753
1.16155,-0.0115848
1.09739,0.0485113
1.08441,0.0354445
1.08423,0.264823
1.03837,0.317109
1.06205,0.082304
1.09042,0.173069
1.0741,0.361753
1.01216,0.496206
1.13665,-0.0571574
1.09024,0.140542
1.13113,-0.103604
1.11149,0.177561
1.00581,0.596891
1.10205,0.203766
1.02965,0.148656
1.15807,-0.115496
1.14827,-0.347642
1.13926,0.00701195
1.06977,0.280825
1.03781,0.234422
1.05973,0.220877
1.13148,0.203451
0.997004,0.513501
1.07486,0.0967502
1.07687,0.221726
1.1156,-0.0979191
1.05723,0.452201
1.10535,0.319773
1.12053,0.0294952
1.09323,0.0272735
1.06752,0.378332
1.14407,-0.0557374
1.04638,0.294925
1.12106,-0.0250374
1.13328,-0.045936
1.05272,0.177038
1.02835,0.459291
1.14752,0.0902599
1.05335,0.242059
1.07596,0.0940423
1.05343,0.349998
1.09662,0.139302
1.07404,0.268099
1.03156,0.424307
1.13156,0.0840942
1.05193,0.308774
1.06879,0.0284946
1.03401,0.291313
1.05152,0.239018
1.1532,-0.00246727
1.01196,0.504488
1.12931,-0.139167
1.03768,0.415239
0.944038,0.496004
1.12226,0.115368
1.14565,-0.174455
1.14381,0.0942754
1.05302,0.0735119
1.03028,0.31654
1.08326,0.111777
1.08274,0.0777282
1.06444,0.116225
1.04613,0.458566
1.07849,0.360546
1.0077,0.578023
1.07724,0.275332
0.981308,0.559865
1.11471,-0.114725
1.14921,-0.0366926
1.12605,0.0635161
1.09469,0.206886
1.04152,0.428287
1.18007,-0.304839
1.11229,0.184597
1.08679,0.139296
1.16722,-0.28603
1.08497,0.141331
1.08269,0.258161
1.06809,0.219535
1.10129,0.102144
1.09075,0.0840536
1.05309,0.471277
1.13636,-0.140197
1.08655,0.185401
1.10277,0.15848
1.13316,-0.198558
1.01214,0.538917
1.09999,0.254835
1.13047,-0.0931696
1.10404,-0.00698306
1.07922,-0.0730633
1.09219,0.122249
1.07056,0.346192
1.11303,0.117524
1.10431,0.118967
1.08243,0.236041
1.15995,0.0633842
1.1135,0.125884
1.02561,0.468073
1.04125,0.288673
1.01986,0.408356
1.0908,0.139421
1.03234,0.329439
1.07823,-0.0193891
1.08839,0.126354
1.10095,0.0636638
1.05802,0.26866
1.10998,0.157957
1.0595,-0.00430335
1.13607,-0.113215
1.10078,-0.0409836
1.11312,-0.0908429
1.15806,0.183124
1.08188,0.178271
1.08008,0.167999
1.11705,-0.0967132
1.08381,0.18192
1.01418,0.451239
1.08636,-0.0798245
0.963792,0.611189
1.12728,0.0475709
1.07115,0.331497
1.02024,0.411762
1.23448,-0.36522
1.09287,0.187663
1.06181,0.236239
1.08971,0.195346
1.14888,-0.294237
1.06023,0.131062
1.12076,-0.0716147
1.05537,0.348878
1.08188,0.288153
0.980998,0.464588
1.06881,0.461737
1.07815,0.210812
1.03678,0.49732
1.08052,0.380617
1.04443,0.313976
0.995968,0.521619
1.11336,-0.0415778
1.02107,0.362263
1.09593,0.132011
1.14888,-0.0215653
1.02258,0.407523
1.07568,0.0705674
1.04138,0.246763
1.04826,0.269614
1.02874,0.482235
1.04809,0.221457
1.0664,0.288152
0.975367,0.337757
1.0606,0.264748
1.12415,0.0229337
1.12215,-0.214826
1.12307,-0.115199
1.12554,0.110563
1.11686,0.000807123
1.089,0.294476
1.04781,0.248748
1.12844,0.0849958
1.08269,0.0937116
1.15591,-0.0134618
1.12623,0.153072
1.02851,0.440292
1.05906,0.230912
1.19166,-0.205597
1.03346,0.391356
1.14634,-0.0081179
1.11526,0.137622
0.973238,0.611018
1.0751,0.0884079
1.1069,0.0210585
1.12101,0.0330708
1.09115,0.145652
1.13315,0.055892
1.03265,0.214101
1.02339,0.436886
1.07942,0.172215
1.03185,0.20247
1.01827,0.456002
0.967799,0.617127
1.05383,0.412976
1.16308,0.0207705
1.0832,0.179523
1.06199,0.392751
1.05084,0.279373
1.12661,0.0242903
1.02523,0.216606
1.1484,-0.144204
1.03481,0.379541
1.108,0.0795473
1.04021,0.371337
1.14744,-0.158415
1.11239,0.0175962
1.07135,0.163364
1.12212,0.133057
1.08411,0.268426
1.08477,0.0166953
1.1329,-0.0414743
1.1033,-0.109638
0.983612,0.634035
1.0584,0.209885
1.02106,0.420521
1.12863,-0.33011
1.07194,0.293456
1.05184,0.360785
1.15051,0.103752
1.23533,-0.540678
1.14012,-0.144172
1.11994,-0.0426169
1.1655,-0.15151
1.13959,0.155394
1.02027,0.519782
1.11402,0.207718
1.04381,0.318213
1.06587,0.283478
1.12147,0.0224014
1.08796,0.162674
1.09793,0.0414875
1.21031,-0.211866
1.14597,0.0153492
1.06848,0.398019
1.11789,-0.100491
1.14307,0.113571
1.07462,0.37979
1.13808,-0.0470887
1.14802,-0.144994
1.12509,0.0536571
1.09366,0.0222613
1.05202,0.305779
1.13762,-0.025112
1.17275,0.00546778
1.1453,-0.0786804
1.12732,-0.0345175
1.11022,-0.000804596
1.12201,-0.0387591
1.10147,0.236721
1.08288,0.231467
1.01822,0.411599
1.08195,0.299814
1.09959,0.27332
1.05234,0.328721
1.11308,-0.0104139
1.10654,-0.0185579
1.10196,0.0361557
1.12222,0.0652359
1.06307,0.214304
1.08893,0.413819
1.10552,0.0196617
1.13322,0.0289324
1.13092,0.012506
1.06726,0.246451
1.19563,-0.232551
1.00228,0.493492
1.13834,-0.0832902
1.10804,0.10172
1.07887,0.0974104
1.03322,0.431149
1.03815,0.38008
1.10076,0.0775677
1.12024,0.0332192
1.10897,-0.0960943
1.00617,0.503045
1.03014,0.480231
1.13056,0.134567
1.05668,0.0880613
1.09144,0.406485
1.11422,-0.107731
1.07226,0.0910893
1.04578,0.494159
1.10942,0.166583
0.964653,0.801536
1.05285,0.318858
1.16475,-0.0151592
1.10246,0.0869746
1.09435,0.168393
1.13772,0.15783
1.02423,0.362533
1.04811,0.290915
1.06366,0.305978
1.08584,0.152408
1.02552,0.510827
1.0345,0.0294812
1.09139,-0.0232922
1.0474,0.4324
1.03679,0.333405
1.08431,0.240818
1.12393,0.0461765
1.12155,0.151361
1.17582,-0.342641
1.2305,-0.259865
0.996119,0.500754
1.11351,0.149327
1.19384,-0.248389
1.17672,-0.141003
1.16027,-0.126982
1.01275,0.276733
1.13158,0.14125
0.958438,0.700362
1.04064,0.248789
1.05006,0.346048
1.06779,0.180385
1.06906,0.182358
1.09204,0.306449
1.06066,0.191871
1.05618,0.259381
1.11853,0.0684179
1.10146,0.0329511
1.03438,0.185318
1.06624,0.187613
1.12485,-0.109339
1.10492,-0.102531
1.15612,-0.221352
1.09185,0.166864
1.09589,0.28041
1.0702,0.236592
1.08893,-0.0962701
1.04351,0.261066
1.02599,0.289802
1.09678,0.238825
1.15584,-0.0879739
1.09726,0.104451
1.06002,0.318127
1.18463,-0.321056
1.1343,0.0984701
1.07414,0.0639483
1.15777,-0.0296632
1.07128,0.25768
1.03918,0.342998
1.03295,0.496216
1.1062,0.0899286
1.02964,0.375048
1.07694,0.23409
1.15105,-0.0366606
1.15078,-0.0267984
1.0613,0.301693
1.06893,0.101118
0.957363,0.869893
1.01407,0.525289
1.12369,0.127589
1.10836,0.151434
1.10481,0.334958
1.07671,0.165524
1.1654,-0.366573
1.15342,-0.0843381
1.11449,-0.100951
1.18,-0.19254
1.18341,-0.228659
1.09829,0.211627
0.961185,0.771005
1.11234,-0.123872
1.08486,0.170655
1.09191,0.177946
1.11442,0.235707
1.09638,0.127179
1.13589,-0.142022
1.05945,0.419813
1.12883,-0.106761
1.11679,0.128855
1.15226,-0.00525256
1.09647,0.112737
0.980513,0.792086
1.03606,0.186461
1.02195,0.366951
1.04006,0.322057
1.00791,0.45683
1.10883,0.0352573
1.11271,0.0785159
1.10654,0.0902167
1.05917,0.522966
1.06345,0.426518
1.08008,0.326808
1.04421,0.37164
1.10175,0.0265948
1.10668,-0.0883619
0.995278,0.610823
1.07367,0.149484
1.09671,0.166431
1.08462,0.177077
1.03869,0.489152
1.1094,-0.0861073
1.10279,-0.0313574
1.16067,-0.0559817
1.0707,0.234252
1.17337,-0.123579
1.06966,0.246739
1.03815,0.344092
1.16081,-0.0878879
1.11396,0.0197954
1.10919,0.204303
1.03311,0.393041
1.1589,0.0756225
0.99923,0.380774
0.992231,0.57203
1.12007,0.00601754
1.10759,-0.0872189
1.06869,0.117241
1.06721,0.21824
1.12773,0.127016
1.17473,0.0838489
1.09088,0.125128
1.08856,-0.0947202
1.09025,-0.000421072
1.06712,0.36036
1.12359,0.0950413
1.03311,0.536329
1.06235,0.0749197
1.15581,-0.0744732
1.04587,0.190871
1.01961,0.491116
1.14396,0.0315332
1.14524,-0.0580117
1.10644,0.113507
1.03435,0.506983
1.11144,0.0754012
1.13651,-0.0394784
1.07501,0.167466
1.10006,0.292994
1.10754,0.0195331
1.02775,0.560341
1.076,0.0600554
1.09693,0.178863
1.04861,0.339525
1.09376,0.0768209
1.1276,-0.0751942
1.16449,-0.211089
1.02268,0.298366
1.13386,0.0566346
1.16951,-0.348195
1.01919,0.477025
1.12716,0.0782405
1.13311,0.0237078
1.14183,-0.0994468
1.03056,0.303762
1.06966,0.188481
1.15988,-0.116693
1.10104,0.162662
1.17024,-0.0794462
1.11838,-0.100688
1.03865,0.526148
1.06237,0.293684
1.09475,0.0967541
1.12931,0.066123
1.03678,0.384772
1.08227,0.255186
1.20824,-0.129184
1.05024,0.509782
1.0445,0.409567
1.09346,0.161154
1.13305,0.25018
1.10668,0.31365
1.15064,-0.161044
1.0253,0.488263
1.10882,0.197999
1.22861,-0.366036
1.07284,0.139233
1.14847,0.0768733
1.08402,0.140459
1.1592,-0.00520487
1.0199,0.256144
0.945919,0.776923
1.12987,-0.169257
1.03656,0.350444
1.01179,0.373673
1.07495,0.349478
1.10841,0.23499
1.17674,-0.0135135
1.21544,-0.324548
1.18609,-0.228621
1.06901,-0.00712671
1.09366,0.039964
1.03735,0.339728
1.04,0.438837
1.07107,0.3055
1.07149,0.17955
1.07572,0.316295
1.03593,0.372448
1.0587,0.391941
1.0168,0.350849
1.01929,0.425722
1.11276,-0.0715275
1.00178,0.513872
1.07229,0.290263
1.01075,0.48084
1.05642,0.00873177
1.04105,0.252181
1.0678,0.186162
1.10109,0.228779
1.04586,0.399912
1.09267,0.0514858
1.09417,0.0308739
1.02994,0.55868
1.13918,0.0377998
0.92794,0.805792
1.098,0.119347
0.999523,0.675164
1.03821,0.411125
1.05813,0.226061
1.08048,0.0615647
1.08099,0.394901
1.05766,0.330678
1.07883,0.0715688
1.03932,0.182988
1.02072,0.41621
1.12862,-0.0247442
1.00939,0.293452
1.07473,0.126823
1.08671,0.179889
1.0752,0.25803
1.06995,0.247837
1.12325,-0.0803151
1.07596,0.123487
1.02048,0.347705
1.1066,0.0864035
1.09664,0.147284
1.08736,0.362785
1.03642,0.159123
1.05987,0.107682
1.11489,0.0350675
1.07353,0.118001
1.07149,-0.0144918
1.06749,0.264348
1.05838,0.262302
1.12018,0.030994
1.12015,0.149042
1.11251,-0.0813202
0.988427,0.84763
1.12728,0.123976
1.07351,0.105316
1.10599,-0.0233245
0.974024,0.614972
1.10963,0.0696326
1.02705,0.510143
1.1022,0.190736
1.06826,0.274957
1.08939,0.219997
0.993648,0.564733
1.04015,0.462779
1.07564,0.160616
1.08062,0.336051
1.07167,0.180105
1.02857,0.443847
1.1002,0.178899
1.12204,0.103735
1.04397,0.0972867
1.0179,0.649783
1.00121,0.561243
1.11172,0.0999453
1.06865,0.105369
1.09469,0.249887
1.17813,-0.0296419
1.1453,0.0436464
1.06038,0.359861
1.07442,0.377587
1.01224,0.525999
1.07883,0.118515
1.0573,0.282064
1.08231,0.269245
1.12413,-0.0309499
1.11031,0.179467
1.04692,0.306416
1.0771,0.261208
1.05699,0.351132
1.0948,0.173598
1.03183,0.215328
1.10858,0.026376
1.05432,0.0585388
1.03568,0.375794
1.04648,0.466476
0.999428,0.550721
1.12293,-0.0253464
1.09928,0.0275182
1.04071,0.51773
0.988069,0.500455
1.07477,0.183602
1.03958,0.465795
1.03824,0.355144
0.979382,0.458961
1.06015,0.231159
1.08061,0.11465
1.19069,-0.330092
1.07342,0.107585
1.00332,0.401815
1.10261,0.0181466
0.921645,0.757356
1.09323,0.066623
1.06823,0.163379
1.03288,0.370048
1.10751,-0.0911571
1.11004,0.0526644
1.03302,0.290023
1.03627,0.460363
1.05069,0.200419
1.0451,0.294973
1.09738,0.269206
1.01952,0.364687
0.978373,0.515528
1.03803,0.299229
1.15208,-0.118974
0.989451,0.606648
1.05823,0.158528
1.08723,0.0942428
1.17149,-0.0817189
1.09508,0.136648
1.05386,0.249369
1.07735,0.307179
1.0832,0.0773991
1.14036,0.0574497
1.07181,0.274901
0.977011,0.622121
1.05158,0.173103
1.08885,0.174136
1.04454,0.526634
1.08468,0.207756
1.09269,0.0255803
1.12311,0.0713721
1.12064,0.155274
1.06175,0.436588
1.04719,0.41002
1.20736,-0.131577
1.04618,0.14936
1.01384,0.538009
1.0761,0.204899
1.08661,0.0307417
1.0716,0.216339
1.11697,-0.0199492
1.09528,0.190883
1.20197,-0.267433
1.0527,0.448082
1.11427,0.0440145
1.07079,0.316155
1.10355,0.202894
1.18848,-0.202137
1.10576,0.230394
1.04341,0.303666
1.196,-0.413564
1.08096,0.259739
1.096,0.175603
1.02961,0.455122
1.04593,0.366747
1.03223,0.436342
1.07034,0.308556
1.11264,0.143163
1.15173,-0.17795
1.11127,0.1011
1.19422,-0.239738
1.17384,-0.314322
1.05136,0.360048
1.0489,0.392422
1.05966,0.251025
1.09521,0.129319
1.17475,-0.119809
1.01263,0.387855
1.01959,0.505371
1.10587,0.0959563
1.03397,0.515026
1.11222,0.165405
1.05652,0.26772
1.13766,-0.0375284
1.15624,-0.0520206
1.06265,0.22597
0.980347,0.668951
1.12955,0.107862
1.04256,0.580125
1.07942,0.293361
1.12244,-0.00857155
1.07688,0.0300603
1.0949,0.110701
1.16497,-0.328612
1.04701,0.396418
1.05259,0.306494
1.05486,0.0732084
1.09376,0.102498
0.994628,0.574405
1.06603,0.403232
1.07582,0.272301
1.16897,-0.069165
1.15782,0.0690718
1.13515,-0.113213
1.15507,-0.110716
1.03663,0.313876
1.06819,0.277687
1.05759,0.392593
1.16778,-0.0663213
1.1535,-0.129835
1.09435,0.0108697
1.04108,0.408929
1.15677,-0.135101
1.0181,0.366882
1.07097,0.186205
1.16426,-0.231838
1.19419,-0.378181
1.08651,0.276425
1.15157,0.0409541
1.06949,0.214225
1.04466,0.539432
1.06026,0.248629
1.07182,0.322663
1.05668,0.36738
1.10981,-0.0706911
1.22769,-0.246105
1.05103,0.22217
1.13683,-0.0143991
1.04616,0.291292
1.06948,-0.103794
1.07566,0.152036
1.00095,0.395226
1.04314,0.353095
1.07034,0.289429
1.14782,-0.0817333
1.06466,0.407136
1.04837,0.3248
1.13525,-0.240438
1.16646,-0.0963299
1.11169,0.0849555
1.05674,0.30712
1.15401,-0.0395878
1.0511,0.408909
1.07683,0.0263614
1.09874,0.292567
1.04775,0.355453
1.04471,0.394105
1.14066,-0.0820891
1.11799,0.0237274
1.11136,0.119263
1.10061,0.308617
1.02094,0.489149
1.14527,-0.0489798
1.02935,0.0575968
1.01621,0.482083
1.07715,0.239964
1.09474,0.249785
0.982213,0.4313
1.15945,-0.188087
1.12582,0.012457
1.04142,0.2124
1.06994,0.0830921
1.13789,-0.111028
1.06809,0.134391
1.11343,-0.058511
0.984666,0.483598
1.12196,0.0928606
1.11731,0.0723888
1.06436,0.268878
1.15865,-0.0471303
1.08683,0.223448
1.19695,-0.159647
1.18572,-0.0720771
1.06769,0.209932
1.08359,0.0110781
0.896737,0.930284
1.08576,0.400718
1.19977,-0.39149
1.14738,-0.139821
1.1323,-0.0422544
1.00875,0.420824
1.16959,0.0475016
1.1057,-0.0651324
1.04704,0.291842
1.05773,0.117252
1.08159,0.197793
1.11857,0.0805234
1.06088,0.226207
0.951233,0.771284
1.19789,-0.476918
1.07171,0.21198
1.10826,-0.00526345
1.1523,0.0642937
1.23253,-0.524934
1.01686,0.555921
1.02601,0.571351
1.05394,0.216168
1.09584,0.119391
1.15017,0.0418194
1.06829,0.316806
1.18917,-0.197263
0.987749,0.255745
1.1557,-0.0624599
1.07095,0.190463
1.11449,0.077921
1.09682,0.102697
1.1034,0.115932
0.975869,0.614456
1.12191,0.118887
1.13846,-0.0679662
1.01191,0.392423
1.04129,0.274397
1.11888,-0.0795278
1.095,0.171306
1.08952,0.18713
0.998337,0.624806
1.05186,0.123008
1.12731,-0.0539339
1.09507,0.0937471
1.16996,-0.0851585
1.06026,0.180128
1.08958,0.0928721
1.1426,-0.0133391
1.0858,0.155404
1.04435,0.31095
1.12224,0.193797
1.12682,-0.0225409
1.08123,0.241263
1.09515,0.00658115
1.07457,0.231751
1.05552,0.322182
1.09669,0.106283
1.05648,0.144271
1.12554,0.0927708
1.13234,-0.110929
1.13607,-0.253242
1.02798,0.348182
1.13844,-0.0866654
1.07435,0.164969
1.0726,0.144858
1.07754,0.262729
1.20489,-0.281792
1.12833,0.191181
1.14957,-0.0152921
1.19628,-0.395353
1.11959,0.110104
0.999961,0.29343
1.09851,0.122626
1.12235,0.0243271
1.14009,-0.0935783
0.987141,0.496831
1.03099,0.431577
1.09149,0.0968282
0.992403,0.620142
1.07355,0.460852
1.10169,0.153263
1.00561,0.379639
0.994017,0.617789
1.09435,0.124725
1.16667,-0.22254
1.13037,-0.0651622
1.21453,-0.356449
1.05554,0.361979
1.08975,0.301296
1.02113,0.630829
1.05808,0.0790039
1.08843,0.14973
0.996838,0.621283
0.985359,0.54771
1.15062,-0.0861043
1.04944,0.244927
1.14993,0.117423
1.18914,-0.0842322
1.13759,-0.217696
1.04855,0.0696998
1.14788,-0.308248
1.12355,-0.027743
1.12864,0.194271
1.0364,0.445146
1.18494,-0.270776
1.00623,0.572009
0.982888,0.608674
1.10774,-0.129376
1.11187,-0.0488369
1.06198,0.00578899
1.17044,-0.260982
1.0508,0.305569
1.06036,0.218693
1.13637,0.0133075
1.13661,0.0453845
1.17426,-0.192621
1.15962,-0.237017
1.02683,0.425053
1.03994,0.622995
1.14203,0.158332
1.11013,0.0628545
1.1236,0.0366675
1.0721,0.0700748
0.999285,0.603169
1.02642,0.232495
1.10239,0.363927
1.05422,0.465857
1.1034,0.197783
1.15283,-0.0340205
1.1079,0.212963
1.06275,0.380478
1.02265,0.599871
1.14168,-0.0682773
0.99002,0.52358
1.0836,0.100664
1.0474,0.172035
1.03304,0.290548
1.14018,-0.0605549
1.04514,0.493942
1.13463,-0.0402118
1.09946,0.33115
1.13575,-0.106598
0.989418,0.425161
1.14172,0.0186093
0.949095,0.620596
1.05462,0.239591
1.03127,0.40719
1.10182,0.26758
1.00959,0.682437
1.04119,0.37482
1.04697,0.479894
1.14726,0.00987216
0.985037,0.705292
1.15849,-0.100477
1.04188,0.300805
1.00472,0.425873
1.09762,0.257021
0.985484,0.692318
1.11478,-0.028045
1.1331,0.141514
1.09696,0.0769132
1.13451,-0.0716414
1.12492,0.0340544
1.08792,0.145586
1.08876,0.153544
1.0984,0.0242323
1.05209,0.525359
1.08933,0.0838878
1.00019,0.444626
1.14398,0.0714033
1.10375,0.0873516
1.03174,0.272371
1.13869,-0.0805553
1.11182,0.0609227
1.06898,0.330766
1.18657,-0.148523
1.06489,0.231079
1.07999,0.0948041
1.07402,0.327976
1.12831,-0.0295707
0.985241,0.578553
1.08211,0.302856
1.10492,0.0657543
1.08318,0.22697
1.05671,0.3257
1.01646,0.508447
1.16335,-0.0514905
1.12998,-0.323437
1.09668,0.0846761
1.11925,0.143118
1.06017,0.158863
1.10235,0.234724
1.05814,0.384003
1.07825,0.248656
1.05905,0.225529
1.06127,0.211262
1.04628,0.564503
1.21908,-0.514565
1.04911,0.298913
1.10045,-0.140946
0.997803,0.714423
1.08615,0.250086
1.14493,-0.101083
1.12463,0.0621709
1.13995,-0.116719
1.07431,0.420734
1.10106,0.0375727
1.02967,0.359183
0.972418,0.664125
1.1275,0.0476076
1.18067,0.0770368
1.13092,0.00499217
1.16382,-0.0346232
1.16265,-0.130894
1.05876,0.22604
1.12752,0.122569
1.09964,0.192044
1.11019,0.126072
1.05269,0.345313
1.07921,0.064807
1.07157,0.267239
1.13667,-0.157923
1.12079,-0.229122
1.04839,0.444294
1.09179,0.364819
1.10546,-0.0162309
1.06829,0.252082
1.1601,0.0792008
1.19495,-0.259039
1.14238,-0.0572674
1.15256,-0.0545968
1.04441,0.111463
1.04688,0.479252
1.01689,0.390234
0.955198,0.74492
1.09295,0.382414
1.19739,-0.064127
1.14406,-0.035375
1.13365,0.0527169
1.07874,0.0621578
1.09932,0.133886
1.17788,-0.184174
0.975476,0.724493
1.05728,0.312523
1.14807,-0.226218
1.10971,0.123639
1.00367,0.618425
1.02292,0.137289
1.11299,-0.0910463
1.05713,0.28034
1.0469,0.277146
1.03041,0.46778
1.09597,0.369338
1.12366,0.0872372
1.10189,0.378275
0.985266,0.426096
1.11213,0.208853
1.07632,0.106914
1.08573,0.251788
1.02065,0.370181
1.05764,0.610008
1.1334,-0.0925409
1.18907,-0.101958
1.15981,-0.056595
1.07771,0.00595486
1.08341,0.117123
1.06845,0.194667
1.12169,-0.0361663
1.13392,-0.039219
1.0954,0.231271
1.18341,-0.0995385
1.12782,-0.0566833
1.12561,0.147025
1.12593,-0.0231751
1.05978,0.178835
1.17166,-0.265539
1.06606,0.288033
1.16571,-0.162281
1.17024,-0.105771
1.0255,0.45948
1.05383,0.388813
1.04913,0.54177
1.00502,0.640596
1.05843,0.157088
1.05953,0.312563
1.03292,0.369164
1.09994,-0.0342279
1.20746,-0.251223
1.08159,0.363346
1.0602,0.289435
1.08847,-0.0470887
1.19366,-0.353102
1.07494,0.0232509
1.05802,0.330088
1.10367,0.0146271
1.08951,0.288689
1.07383,0.302294
1.08448,0.0151008
1.08774,-0.0343478
1.28064,-0.524768
1.0605,0.0851232
1.01244,0.459605
0.990445,0.480424
1.12168,0.0672438
1.065,0.240656
1.05522,0.223255
1.02519,0.334253
1.2025,-0.404252
1.12167,0.0389649
1.04647,0.183993
1.18494,-0.163827
1.06321,0.0369544
1.08684,0.167777
1.02786,0.503357
1.15155,0.063498
1.13004,0.0148811
1.05002,0.292839
1.06235,0.137918
1.09225,0.309539
1.10968,0.202978
1.14452,-0.00347633
1.15153,0.0166189
1.0837,0.383914
0.996264,0.578154
1.08613,0.171829
1.132,0.0775165
1.07229,0.182153
1.0527,0.457898
1.14264,0.107181
1.12271,-0.137395
1.16959,-0.190733
1.16309,0.0836194
1.08783,0.160479
1.04976,0.376342
1.03657,0.33383
1.10848,0.247189
1.0662,0.299475
1.08581,0.0603877
1.11617,-0.0259734
1.06121,0.289763
0.965452,0.601716
1.05544,0.159421
1.07655,0.246497
1.00486,0.640504
1.18265,-0.206331
1.07823,0.143965
1.13845,0.195761
1.07177,0.359867
1.07037,0.222013
1.08445,0.229571
1.00276,0.610263
1.04777,0.511127
1.05586,0.196947
1.10066,0.174694
1.10257,-0.142312
1.17484,-0.153694
1.12978,-0.125279
1.04592,0.511548
1.0985,0.229002
1.03374,0.441707
1.05503,0.0742651
1.20327,-0.137516
1.23932,-0.320104
1.05437,0.200841
1.15501,0.0337634
1.22502,-0.441488
1.17907,-0.292116
1.09319,-0.0144722
1.11756,0.17358
1.05904,0.242326
1.09851,0.108603
1.0817,0.260473
1.05975,0.107219
1.09684,0.0684659
1.14977,-0.255925
1.01799,0.478304
1.15182,0.00229655
1.10763,0.0692572
1.05672,0.476384
1.03791,0.364022
1.14022,-0.125974
1.00897,0.463759
1.07008,0.210814
1.037,0.353837
1.18537,-0.174297
1.0531,0.352099
1.09042,-0.0195882
1.19204,-0.507351
1.09571,-0.0598383
1.07977,0.139326
1.06857,0.234346
1.0618,0.183846
1.17189,-0.0390319
0.964535,0.722434
1.11789,0.125281
1.14462,0.000255887
1.19066,-0.177364
1.13282,-0.0470302
1.19497,-0.209817
1.1386,0.0278392
1.099,0.162488
1.08098,0.199244
1.13365,-0.0294799
1.10517,-0.0780259
1.0722,0.116314
1.01925,0.452935
1.10061,0.0180985
1.08708,0.146247
1.10518,0.128715
1.05887,0.210583
1.00732,0.480223
1.00482,0.41742
0.988898,0.492282
1.0253,0.285547
1.15568,0.0475151
1.10586,0.233204
1.05994,0.237351
1.08719,0.228772
1.14093,0.0538797
1.10826,0.0621572
1.05752,0.205666
1.12753,-0.211458
1.0365,0.37726
0.994579,0.608494
1.07187,0.34494
1.05199,0.291767
1.1211,-0.144702
1.01077,0.467621
1.12265,0.0626284
1.17852,-0.0263889
1.07375,-0.0694285
1.1614,-0.073495
1.03142,0.377344
1.08963,0.375428
1.10497,0.110052
1.05545,0.217213
1.02082,0.364304
1.16094,-0.302344
1.00778,0.390068
1.11208,-0.011987
1.13712,-0.0777026
1.0839,0.0780557
1.06844,0.263844
1.00536,0.691669
1.01211,0.350455
1.05875,0.335238
1.06046,0.294162
1.05732,0.0641859
1.15371,-0.178635
1.12954,0.147288
1.08541,-0.0399001
1.16751,-0.0957687
1.11499,0.0672401
1.09272,0.274539
1.13862,-0.0727633
1.08667,0.300281
1.06066,0.00427517
1.12415,0.0784266
1.07181,0.176403
1.13026,-0.190147
1.09966,0.214257
1.0854,0.166019
1.06072,0.125113
1.03252,0.570501
1.04313,0.38089
1.01712,0.751703
1.18258,-0.214376
1.07087,0.158352
1.12635,0.0476584
1.10559,0.196403
1.06795,0.369429
1.08776,0.184771
1.06403,0.183966
1.1207,0.14271
1.08039,0.150641
1.13422,0.00773894
1.08336,0.238772
1.00363,0.436458
1.19942,-0.305343
1.06721,0.341895
1.06426,0.250676
1.03411,0.317024
1.05409,0.172479
0.988118,0.542761
1.02163,0.333723
1.10218,0.126434
1.01635,0.376527
1.06738,-0.09483
1.12965,0.036823
1.07015,0.436069
1.08137,0.0276021
0.999357,0.535485
1.19624,-0.402882
1.06026,0.292984
1.07945,0.242936
1.03398,0.692615
1.1273,-0.101779
1.14683,-0.105792
1.14621,-0.0182915
1.09882,0.247156
1.14335,-0.0282966
1.09045,0.174079
1.12215,-0.209168
1.13033,0.135226
1.11801,0.199965
1.10389,0.122212
1.11791,0.296398
1.14062,0.085768
1.08878,0.146641
0.991917,0.602913
1.15557,-0.166437
1.07914,0.340213
1.07392,0.35026
1.07191,0.328817
1.05847,0.109837
1.03709,0.219981
1.05481,0.397393
1.14821,-0.379414
1.04251,0.157632
1.14939,-0.0749115
1.05196,0.460659
1.18002,-0.23648
1.08583,0.248867
1.10056,0.0265506
1.08204,0.0942255
1.06655,0.348422
1.0498,0.423854
1.02036,0.508295
1.06066,0.338455
1.12668,0.0240874
1.10961,0.168923
1.06482,0.251672
1.1498,0.101922
1.17617,-0.189428
1.06044,0.389305
1.09251,0.0042747
1.10762,0.143307
1.04622,0.463048
1.08412,0.272971
1.12949,0.157261
1.11657,0.117831
1.11095,0.203525
1.01151,0.448935
1.01914,0.39472
1.0216,0.471646
1.07323,0.220902
1.11311,-0.0753769
1.11681,0.116518
1.00528,0.388805
1.14231,-0.11142
1.13319,-0.161828
1.0047,0.584089
1.08506,0.244109
1.13832,-0.0626061
1.12418,0.0998224
1.0237,0.35085
1.08528,0.258553
1.15271,0.253133
1.15873,-0.201614
1.0278,0.348822
1.10241,0.125196
1.13447,0.0516396
1.00582,0.637758
1.10288,0.33378
1.08411,0.303816
1.00486,0.67165
1.09682,0.184894
1.13789,0.168599
1.12751,-0.179328
1.08339,0.175247
1.05864,0.238695
1.08159,0.0996705
1.14684,-0.145573
1.0803,0.0347995
1.09372,0.398777
1.0604,0.270488
1.01206,0.61209
1.06174,0.274256
1.14114,-0.1444
0.99653,0.458242
1.21577,-0.162318
1.15637,-0.0762566
1.10814,0.140788
1.05325,0.203862
1.14169,-0.0862971
1.11407,0.121029
1.05442,0.2839
1.09486,0.0127365
1.0293,0.402319
1.04818,0.532898
1.1121,-0.155757
1.09228,0.164417
1.0081,0.507452
1.00748,0.61468
1.0933,0.2878
1.11703,0.0388764
1.1507,-0.150943
1.07124,0.104433
1.07778,0.156631
1.16736,-0.0668267
1.11881,0.162615
1.09329,0.302701
1.10737,0.0836752
1.02945,0.599871
1.11167,0.0628063
1.12671,0.232474
1.05206,0.320622
1.06603,0.222047
1.03849,0.373026
1.14455,-0.121664
0.995908,0.349159
1.09268,0.390991
1.10358,0.0682659
1.07869,-0.0663115
1.09041,0.0359562
1.06798,0.107839
1.08794,0.0975851
1.08115,0.0574649
1.17846,-0.214574
1.06759,0.182437
1.11327,0.162963
1.05094,0.334692
0.976668,0.582394
1.07569,0.0710756
1.169,-0.244542
1.14038,-0.00804621
1.09701,0.0830701
1.02127,0.345995
1.13441,0.0245818
1.10949,0.0871891
0.922313,0.767759
1.01135,0.515066
1.15088,-0.021237
1.06509,0.260431
1.07563,0.395001
1.05969,0.238062
1.18084,-0.263371
1.09938,0.107756
1.10669,0.137224
1.13129,-0.0372381
1.06573,0.12684
1.09653,0.0500273
1.01946,0.319435
1.16183,0.122034
1.01708,0.465949
1.16141,-0.02549
1.15444,-0.132173
1.05078,0.391984
1.10526,0.187277
1.09085,0.239043
1.15559,-0.0179238
1.03905,0.345607
1.07562,0.220953
1.04557,0.226604
1.03537,0.175506
1.06475,0.0776556
0.99382,0.49703
1.10304,-0.0849968
1.08267,0.137076
1.05638,0.470396
1.0405,0.264483
1.09986,0.038987
1.06063,0.223129
1.01003,0.577242
1.15016,-0.209692
1.06601,0.0271437
1.01862,0.348986
1.07554,0.28916
1.07391,0.153378
1.11854,-0.0255658
0.987634,0.577515
1.05288,0.318777
1.07998,0.23751
1.0716,0.224121
1.08344,0.19084
1.11932,0.10717
1.13294,-0.00227494
1.11038,0.199833
1.14036,0.0305549
1.0485,0.131645
1.10571,0.223904
1.17816,-0.140969
1.04171,0.295618
1.04154,0.307015
1.10795,0.114845
1.1216,0.174244
0.968645,0.497564
1.09343,0.0370863
1.05538,0.123995
1.1129,0.103694
1.00918,0.58344
1.01909,0.214323
1.0188,0.583701
1.06122,0.475826
1.07621,0.275228
1.07646,0.170281
1.14716,-0.0181481
1.08899,0.0700784
1.11659,0.0158257
1.07013,0.469928
1.16244,-0.11232
1.03449,0.433794
1.15956,-0.0642225
1.05674,0.0401895
1.13164,-0.150609
1.08517,0.199013
1.10872,0.049529
1.09225,0.334149
1.08733,0.302882
1.03321,0.538058
1.16204,-0.153645
1.11329,0.0716267
1.03656,0.381798
1.10978,0.00611413
0.99903,0.673009
1.05571,0.344662
1.12359,-0.05223
1.13969,-0.131855
1.14334,-0.125386
0.952064,0.511259
1.04781,0.492693
1.11996,-0.0235468
1.04162,0.32355
1.13224,-0.246193
1.05081,0.182712
1.02596,0.20425
1.09442,-0.0152341
1.21647,-0.24407
1.11147,0.0116824
1.11851,0.0177399
1.05965,0.293848
1.04771,0.276044
1.08906,0.221971
1.11925,-0.289752
1.11227,0.22183
1.01251,0.516253
1.09866,0.0742377
1.08718,0.30362
1.07512,0.0832742
1.06661,0.674389
1.04907,0.233011
1.1282,0.0916756
1.13473,-0.152992
1.01519,0.36291
1.05714,0.205355
0.997158,0.411674
1.01931,0.488739
1.07602,0.196559
1.03283,0.345976
1.10728,-0.040562
1.16685,-0.0322579
1.07382,0.357494
1.08227,0.288114
1.14786,0.0165508
1.08901,0.0233524
1.07923,0.0856526
1.05853,0.500345
1.04312,0.192536
1.12847,-0.0963433
1.09595,0.179508
1.13426,0.103028
1.06708,0.172119
1.0404,0.148236
1.16733,-0.0256702
1.04109,0.358565
1.1158,-0.00847492
0.98392,0.494378
1.06155,0.0917928
0.933626,0.643506
1.13607,0.127334
1.13932,-0.0529803
1.00021,0.582605
1.00733,0.433469
1.14547,-0.172323
1.08984,0.25926
1.0399,0.296357
1.15275,-0.0704143
1.05014,0.41024
1.13789,-0.0460038
1.11311,-0.0762665
1.12022,0.0220584
1.09601,0.259884
1.17974,-0.053579
1.13757,-0.283648
1.11892,0.0337232
1.17042,0.0313266
1.05658,0.276141
1.0142,0.481221
1.06235,0.339885
1.04632,0.394846
1.06423,0.200716
1.01136,0.4582
1.041,0.300086
1.09119,0.282484
1.05887,0.188117
1.1347,-0.130734
1.09411,0.290071
1.22131,-0.504903
1.1054,0.245207
1.03596,0.317343
0.965985,0.553456
1.02636,0.468747
1.15827,-0.133901
1.15732,-0.243444
1.13088,-0.0606342
1.14366,0.121993
1.00552,0.57844
1.1119,0.0541258
1.09401,0.0322849
1.08137,0.110083
1.18973,-0.152213
1.14152,0.0417816
1.04836,0.279093
1.10095,0.106891
1.01288,0.422685
1.23416,-0.402515
1.16771,-0.12479
1.02898,0.50435
1.10307,0.15088
1.13785,0.175086
1.02056,0.248335
1.02427,0.373172
1.09761,0.16845
1.01378,0.411156
1.05861,0.200104
1.08066,0.247366
1.14909,0.0859199
0.984957,0.649443
1.05305,0.206322
1.14733,-0.00132444
1.05906,0.138462
1.10058,0.0917232
1.06434,0.312003
1.06851,0.0945088
1.14745,0.128515
1.0639,0.208432
1.09862,0.00845387
1.1051,-0.0972253
1.08996,0.248997
1.09272,0.204039
1.05219,0.205878
1.10487,0.241746
1.10969,0.0119859
1.06011,0.409034
1.02278,0.238214
1.15292,-0.176618
1.05971,0.283797
1.04902,0.555351
1.2134,-0.20774
1.0213,0.391328
1.11266,0.130974
1.09862,0.126316
1.0471,0.211761
1.1267,0.0310845
1.04377,0.191818
1.08051,0.136923
1.09298,0.0297285
1.0691,0.347134
1.13613,-0.421935
1.08018,0.223093
1.13498,-0.0145749
0.97458,0.500171
1.12319,0.0994001
1.09693,0.266792
1.11662,0.158165
1.08041,0.180547
1.11158,0.0892097
1.10081,0.287737
1.05038,0.366157
1.06511,0.41305
1.09136,0.291492
1.13481,0.108388
1.13159,0.0633805
0.954985,0.581527
1.03091,0.273596
1.10622,0.0539902
1.0741,0.0513363
1.06058,0.279072
1.12619,-0.134559
1.09963,0.0355507
1.11488,0.0863326
1.15695,0.18445
1.07639,0.26497
1.05893,0.296187
1.06877,0.382933
1.02287,0.436721
1.06684,0.408646
1.05277,0.29434
1.09012,0.120933
1.08019,0.166312
1.0983,0.0177065
1.07916,0.114698
1.14573,-0.130215
1.05931,0.384979
1.12482,0.0893031
1.13729,-0.0327804
1.06498,0.239294
1.04334,0.283688
1.16905,-0.132358
1.07211,0.0853498
1.04316,0.261101
1.04676,0.363633
1.07554,0.309745
1.08316,0.200371
1.0872,0.18926
1.01066,0.628308
1.12813,-0.0343607
1.10842,0.0853513
1.13298,-0.0433652
0.921637,0.698968
1.0755,0.236548
1.10708,-0.0202609
1.10635,-0.07064
1.06441,0.184439
1.12776,0.10248
1.03634,0.397619
1.08056,0.175395
1.05402,0.270417
1.03022,0.418166
1.10815,0.240306
0.988267,0.53815
1.02875,0.354375
1.0358,0.347256
1.1236,-0.122677
1.10718,0.0242059
1.05117,0.302649
0.957363,0.46614
1.09702,0.366773
1.16465,0.159263
1.02003,0.644312
1.03445,0.315844
1.08274,0.270447
1.03314,0.501801
1.11802,-0.0425588
1.10017,0.238396
1.19404,-0.148736
0.996231,0.437712
1.06886,0.161808
1.12054,-0.152366
1.16012,-0.170164
1.16294,-0.117429
1.18389,-0.00312356
1.09129,0.146093
1.11369,-0.186556
1.11671,-0.0527608
1.03031,0.425594
1.06707,0.514544
1.03263,0.172459
1.12117,0.0390922
1.15023,-0.0685361
1.11287,0.0391207
1.05055,0.472421
1.13737,0.05153
1.06719,0.243226
1.08889,0.290859
1.13469,0.0360358
1.13518,-0.150791
1.1311,-0.164066
1.0211,0.402335
1.02726,0.562
1.02877,0.530076
1.0677,0.272811
1.10322,0.0139969
1.02693,0.602968
1.07879,-0.0255928
1.07714,0.140148
1.16338,-0.181524
1.1167,0.264682
1.01973,0.462968
1.10705,-0.00234093
1.13265,-0.0480689
0.989669,0.277638
1.08781,0.156955
1.08811,0.0792703
1.05406,0.353037
1.17597,-0.041359
1.08401,0.289931
1.08211,0.291799
1.06011,0.200105
1.12611,0.00756765
1.11557,0.160423
1.0905,0.327739
1.14464,0.168954
1.07166,0.354398
1.08961,-0.00584599
1.15062,-0.070052
1.09762,0.183644
1.0637,0.288019
0.978718,0.591501
1.02298,0.481085
1.13578,0.110356
1.06716,0.151726
1.13436,0.029708
1.05236,0.56146
1.15325,-0.017908
1.06882,0.190788
1.11197,-0.0211393
1.09404,0.12647
1.0764,0.196367
1.01129,0.621946
1.10987,0.13786
1.03995,0.314523
1.03208,0.265716
1.24248,-0.454879
1.11954,0.0250826
1.11292,-0.0627604
1.18444,-0.0823674
1.09071,0.260685
1.10014,0.243576
1.02519,0.414637
1.07013,0.232602
1.10709,0.150827
1.0175,0.351789
1.03826,0.0432235
1.06658,0.470557
1.06704,0.256581
1.11788,0.0634993
1.12352,0.197028
1.12415,-0.016198
1.09897,0.0295015
1.01454,0.490938
1.03388,0.40668
1.09871,0.0734718
1.00354,0.582375
1.01284,0.263575
1.10026,0.068459
1.10354,0.204021
1.09267,-0.0266431
1.01211,0.355054
1.03738,0.39375
1.13564,-0.0438736
1.05846,0.428709
1.20658,-0.263446
1.14946,-0.227811
0.966677,0.786674
1.06791,0.295895
1.00787,0.483999
1.09499,0.20586
1.14587,-0.182546
1.13517,0.199441
1.06292,0.292324
1.08005,0.220587
1.01473,0.626766
1.06367,0.209339
1.07733,0.0518251
1.04988,0.344926
1.01704,0.615551
1.02038,0.393387
1.04843,0.378183
1.09111,0.223608
1.0396,0.154648
1.15124,0.079214
1.0625,0.267167
1.05452,0.153697
1.11076,-0.0388556
1.07809,0.264578
1.12535,0.0920427
1.10912,0.244917
1.12226,0.181598
1.04275,0.48305
1.12556,-0.0730375
1.08082,0.256943
0.990348,0.747811
1.07045,0.28272
1.06548,0.374054
1.08646,0.192351
1.04146,0.27328
1.16651,-0.197739
1.06112,0.17478
1.04009,0.487996
1.01537,0.476151
0.995521,0.438041
1.02445,0.659852
1.14074,-0.0332772
1.257,-0.419745
1.0598,0.392613
1.14026,-0.00992289
1.04438,0.3776
1.08751,-0.0401026
1.12872,0.0829338
1.12813,-0.103738
1.09899,0.0370044
1.0253,0.527027
1.17074,-0.121732
1.12407,-0.0642999
1.14791,-0.165438
1.05654,0.307152
1.0595,0.117876
1.14966,0.0487863
1.0672,0.272805
1.111,0.141144
1.15987,-0.00617884
1.11681,0.0638486
1.0471,0.600444
1.05632,0.182051
1.0808,0.22005
1.11416,0.12385
1.16322,-0.0101583
1.03168,0.486043
1.06021,0.211676
1.05018,0.348742
1.02388,0.236621
1.09644,0.220714
1.08893,0.0339847
1.04689,0.621136
1.16197,-0.150065
1.15929,-0.243971
1.06086,0.276626
1.07424,0.292675
1.20625,-0.359409
1.06669,0.161388
1.07036,0.339153
1.04965,0.319677
1.15074,0.0972492
1.0283,0.410996
1.12116,0.172104
1.11053,0.283447
1.14749,0.117942
1.00823,0.619546
1.10139,0.223415
1.02733,0.367258
1.14252,0.0479259
1.03564,0.419655
1.07435,0.202676
1.15383,0.0362431
0.98632,0.609107
1.12554,-0.0633462
1.04353,0.43162
1.17306,-0.185515
1.13282,0.047896
1.10917,-0.0049167
1.16727,-0.0646045
1.06256,0.391072
1.16438,-0.151797
1.08895,0.256812
1.01478,0.436755
0.994557,0.540963
1.01716,0.408312
1.04374,0.258316
1.08858,0.262186
1.12554,0.0191604
1.08779,0.0960573
1.07786,0.0727828
1.19735,-0.263406
1.10018,0.244288
1.08751,0.185533
1.09893,0.225181
1.04581,0.263406
1.04181,0.301913
1.10646,0.121166
1.04949,0.283576
1.08439,0.185137
1.05365,0.198086
1.03665,0.358958
1.09056,0.149168
1.04701,0.435285
1.13572,-0.143061
1.02178,0.431058
1.19743,-0.418511
1.1323,-0.0333895
0.989594,0.305432
1.09251,0.129413
1.15024,-0.0210255
1.10808,0.0618668
1.06169,0.302741
1.09409,0.224768
1.2238,-0.525005
0.998899,0.562099
1.10224,0.00419883
1.07102,0.305217
1.05954,0.156678
1.12652,0.0191506
1.10281,0.0236635
1.14581,-0.0676868
1.06897,0.244559
1.113,-0.0355764
1.09253,0.0979366
1.12182,0.0998675
1.10136,0.297047
1.02711,0.43012
1.06801,0.1324
1.12232,-0.0771277
1,0.666634
1.00568,0.404616
1.08298,0.212614
1.11964,-0.0919444
1.09775,0.151556
1.17767,-0.296403
1.04396,0.387522
1.16797,-0.357092
0.991118,0.586547
1.04248,0.179525
1.05373,0.363421
1.10195,0.108506
1.01981,0.355363
1.08843,0.137887
1.12453,-0.126467
0.995558,0.577178
1.11769,0.0593173
1.03645,0.0777223
1.11931,0.126275
0.922132,0.835915
1.06569,0.439161
1.08652,0.196014
1.04901,0.0561099
1.09269,0.167313
1.12188,0.188635
1.01209,0.473698
1.11421,0.0256858
1.14738,0.0996795
1.0319,0.527867
1.12121,0.0783574
1.10847,-0.066068
0.99109,0.611447
1.13384,-0.0434059
1.09422,0.0543707
1.08551,0.00851541
1.03716,0.560345
1.18353,-0.0965325
1.09281,0.12217
1.06586,0.342289
1.11877,0.161646
1.04351,0.391761
1.07387,0.378694
1.12957,-0.0111357
1.21262,-0.215508
0.972417,0.654858
1.08096,0.369155
1.09997,0.0523839
1.07299,0.380345
1.03774,0.378678
1.09612,-0.148551
1.09434,0.280681
1.10847,0.231105
1.01248,0.357657
1.10634,0.13002
1.15082,-0.0674132
1.0144,0.532927
1.15746,-0.14058
1.04089,0.336454
1.01981,0.492434
1.08776,0.260735
1.13992,-0.0525563
1.08044,0.0481508
1.0791,0.209412
1.13807,-0.126159
1.00466,0.408251
1.03302,0.300878
1.10091,0.0719236
0.967684,0.652437
1.07031,0.0485542
1.01023,0.286012
1.06227,0.352638
1.10214,0.0758098
1.09899,0.0641806
1.05586,0.200698
1.10254,0.114849
1.07577,0.155356
1.03388,0.125408
1.13648,-0.113672
1.11218,0.092758
1.13351,-0.0672635
1.02099,0.6485
1.08614,0.0671659
0.99345,0.714472
1.03764,0.437646
1.09792,0.156697
1.10119,0.0414376
1.10441,0.333302
1.03047,0.428166
1.05593,0.194301
1.1025,0.173131
1.21015,-0.364777
1.1511,0.0699389
1.13734,-0.0197883
0.936859,0.749149
0.935023,0.617472
1.0396,0.561198
1.02338,0.693664
1.19006,-0.100897
1.08261,0.198509
1.07649,0.251157
1.07409,0.202143
1.19705,-0.339256
1.0377,0.328715
1.07762,0.331525
1.1433,0.0535748
1.02252,0.276701
1.09615,0.192541
1.06209,0.420626
1.13974,-0.058935
1.09794,0.197716
1.09481,0.0956464
1.07887,0.258034
0.985039,0.523668
1.06175,0.385083
1.13792,-0.117352
1.06966,0.0451749
1.23047,-0.37578
1.09913,0.0670506
1.16901,-0.104588
1.14725,-0.100055
1.04674,0.380218
1.09522,0.0794147
1.09096,0.163498
1.06367,0.0958909
1.10735,0.0375309
1.1367,-0.237749
1.15372,-0.135059
1.01679,0.397702
1.0953,0.0526214
1.05522,0.259878
1.11244,0.129481
1.06277,0.252858
1.11881,0.0680782
1.09158,0.126372
1.14672,-0.118223
1.04038,0.443975
1.14568,-0.142654
1.11755,0.259855
1.06553,0.350413
1.12506,0.0949037
1.13647,0.0679823
1.0432,0.505705
1.20039,-0.308665
1.13269,-0.107892
1.07921,0.315091
1.01492,0.433197
0.983225,0.729725
1.15578,-0.0820353
1.04042,0.30727
1.09418,0.243206
1.14431,0.108172
1.15311,-0.0677625
1.07179,0.0826203
1.08214,-0.037089
1.11424,0.350489
1.12991,-0.0464641
1.18661,-0.163971
1.11717,0.288268
1.13534,-0.0417352
1.11104,0.106962
1.02507,0.206739
1.07951,0.037664
1.07643,0.53812
1.07746,-0.0172047
1.12213,0.0941074
1.02081,0.39502
1.21536,-0.259417
1.13733,0.100857
1.02036,0.327161
1.12625,0.0530071
1.07001,0.46741
1.17271,-0.295426
1.09506,0.0930331
1.0477,0.372579
1.08784,0.113387
1.12792,-0.144625
1.15664,0.0317064
1.06314,0.244737
0.966298,0.718226
1.03765,0.215145
1.20118,-0.37099
1.0158,0.432046
1.07713,0.444593
1.15465,0.157684
1.05154,0.142627
1.12727,0.0990177
1.16185,-0.17303
0.973713,0.577309
1.11686,0.0776154
1.17629,-0.185339
1.06449,0.396325
1.12447,0.028259
1.05583,0.314263
1.18499,-0.236526
1.08553,0.059193
1.0438,0.343736
1.05901,0.265594
1.0525,0.0494656
1.05517,0.452069
1.05637,0.190188
1.16725,-0.0502302
1.08821,0.296415
1.06871,0.345119
0.980061,0.743772
1.08352,0.151384
1.1578,-0.152271
1.14439,-0.228117
1.05678,0.335099
1.18403,-0.13649
1.08059,-0.0522101
1.09929,0.102818
1.11654,-0.0301891
0.994275,0.467932
1.08356,0.11079
1.05588,0.0599707
1.10396,0.124008
1.06783,0.187116
1.09795,0.200267
1.15451,-0.230892
1.07587,0.0993929
1.16737,0.0748162
1.17947,-0.214179
1.08691,-0.00335675
1.06889,0.232789
1.12416,-0.0363829
1.12186,0.261757
1.12819,0.130865
1.11478,0.0216372
1.07454,0.231694
1.17381,-0.254367
1.13641,-0.185628
1.02265,0.52284
1.13264,0.00615002
1.11851,-0.125576
1.04176,0.189419
1.08321,0.200243
1.17199,-0.170425
1.107,-0.0185841
1.06441,0.121386
1.13444,0.000645563
1.09901,0.283298
1.14774,-0.0217409
1.13292,0.2657
1.16081,-0.198815
1.04538,0.337811
1.10186,0.124007
1.18158,-0.212497
1.08502,0.237015
1.15119,0.0711216
0.934807,1.02768
0.982088,0.413256
1.07217,-0.0236799
1.05243,0.382861
1.11047,0.138499
1.00972,0.344315
0.992578,0.678988
1.10999,0.187497
1.08569,0.241786
1.12194,-0.00231309
1.04088,0.487116
1.07719,0.170885
1.01923,0.30098
1.08792,0.219187
1.10016,0.017357
1.16437,0.0352697
1.11073,0.130465
1.11198,0.0422222
1.10828,0.0838665
0.997233,0.501912
1.19026,-0.285977
1.08209,0.173494
1.02813,0.533562
1.03472,0.265824
1.15257,-0.0337798
1.11494,0.227831
1.12226,-0.0860218
1.20786,-0.356206
1.03827,0.353027
1.07306,0.341219
1.05222,0.410932
1.03907,0.404227
1.14942,-0.156888
1.09979,0.174547
1.13362,0.0775052
0.999076,0.547574
1.0991,0.284343
1.16567,0.0177691
1.15801,-0.0262289
1.01233,0.446968
1.0722,0.231392
1.09,0.30732
1.11959,-0.16804
1.13028,0.0289464
1.08473,0.0822861
0.989953,0.533493
1.11659,0.00710769
1.1079,-0.0761453
1.18669,-0.139491
1.04473,0.355096
1.1269,0.218436
1.11154,-0.0285482
0.94417,0.681256
1.04843,0.353293
1.09786,0.199419
1.06436,0.173727
1.22961,-0.361439
1.08819,0.0608713
1.10698,0.0690112
1.08264,0.0822862
1.09043,0.0614562
1.10872,0.159486
1.08456,0.147735
1.06216,0.183383
1.15325,-0.168772
0.979209,0.565987
1.07329,0.0964226
1.01407,0.406045
1.13546,-0.263562
1.06153,0.100953
1.04087,0.488035
1.12349,-0.0259522
1.06622,0.0341168
1.0206,0.396275
1.0435,0.244507
1.07362,0.22682
1.10923,0.0839585
1.03198,0.347868
1.09104,0.114567
1.05847,0.405327
1.09034,0.238242
1.01025,0.372905
1.13029,-0.116606
1.12182,0.00385814
1.07753,0.0462848
1.08033,0.373331
1.04582,0.487436
1.14124,-0.026651
1.07335,0.331309
1.06004,0.148706
1.0412,0.372177
0.996676,0.566566
1.11696,0.131215
1.06957,0.295569
1.21364,-0.476708
1.07042,0.370671
1.04625,0.286574
1.0627,0.439189
1.11327,0.0140993
1.14698,-0.154872
1.14257,-0.103982
1.15651,-0.28773
1.07917,0.151388
0.995976,0.473347
1.05829,0.0944297
1.03648,0.284709
1.04998,0.194306
1.12048,0.0831179
1.09247,0.123373
1.02061,0.469525
1.09828,0.0528786
1.16509,-0.33072
1.07314,0.131739
1.09465,0.0897168
1.04452,0.552533
1.02993,0.37312
1.16851,-0.0169989
1.01448,0.428625
1.12186,0.0357906
1.13269,0.0586408
1.14241,-0.0308821
1.03295,0.34579
1.04387,0.294585
1.15188,-0.0395231
1.0105,0.58069
1.16304,-0.165918
1.1548,0.100966
1.03542,0.450067
1.1299,0.0561923
1.15532,-0.298283
1.07336,0.171664
0.951967,0.569028
1.09113,-0.0229641
1.12679,0.0486381
1.10402,0.26598
1.09403,0.407896
1.11017,0.225008
1.1198,0.223523
0.986941,0.641231
1.13302,0.124224
1.09286,0.0125
1.07163,0.0893464
1.10263,0.10045
1.07007,0.310002
1.11924,0.172489
1.12346,0.140003
1.04159,0.151949
1.1403,0.0536946
1.06073,0.38864
1.16767,0.0350828
1.13959,-0.0831495
0.959534,0.659922
1.18534,-0.214859
1.0731,0.241639
1.10131,0.211223
1.10534,0.385443
1.09302,0.422183
1.02077,0.600761
1.09971,0.00229001
1.14693,-0.0644394
1.08402,0.0252819
1.10572,0.378165
1.0857,0.319075
1.02695,0.460676
1.09963,0.145016
1.06614,0.22462
1.09409,0.105801
1.15189,-0.0609186
1.04328,0.322947
1.07727,0.518034
1.14104,-0.120449
1.06949,0.510771
1.04884,0.341836
1.09445,0.183582
1.067,0.0874446
1.08396,-0.092319
1.03149,0.461669
1.14564,0.0795341
1.10587,0.251008
1.10229,0.108215
1.00139,0.505625
1.03333,0.212386
1.08461,0.263567
1.0921,0.124645
1.19269,-0.28472
1.1504,-0.0594662
1.03041,0.178162
1.08012,0.19444
1.20659,-0.15542
1.06115,0.381713
1.17546,-0.333435
1.02563,0.544836
1.03754,0.243741
1.09225,-0.0126858
1.1364,-0.0261017
1.15218,-0.412015
1.17267,-0.171613
1.03925,0.34989
1.12366,-0.044563
1.10895,0.24066
1.09447,0.1802
1.08032,0.315052
1.05178,0.362927
1.01032,0.335203
1.11749,0.115681
1.09456,0.146368
1.12915,-0.0116547
1.19318,-0.200535
1.11417,0.204589
1.07012,0.0494075
1.22537,-0.323441
0.967782,0.520719
1.16322,-0.216039
1.16346,0.00599279
1.09134,0.277859
1.07608,0.0698754
1.09669,0.0673328
1.14075,-0.205753
1.0455,0.178476
1.08369,0.297842
1.03479,0.326681
1.11583,0.189361
1.04443,0.442985
1.18701,-0.157117
1.19241,-0.00861735
1.02663,0.188749
1.21973,-0.0582961
1.12571,-0.029834
1.04075,0.469997
1.01116,0.454599
1.04649,0.287356
1.09983,0.0991317
1.05388,0.241607
1.03369,0.230499
1.18674,0.0550505
1.12148,-0.018486
1.1787,-0.277934
1.05558,0.484255
1.10064,0.119422
1.05416,0.429932
1.2104,-0.207622
1.099,0.044977
1.09634,0.149517
1.02466,0.198465
1.10024,0.102209
1.13565,0.144195
1.16065,0.0141387
1.10607,0.149338
1.09225,0.0478743
1.03108,0.361895
1.17917,-0.0199151
1.07799,0.119189
1.10064,0.271745
1.12826,0.185374
1.10685,0.158941
1.14804,0.21436
1.04265,0.10227
1.09768,-0.160071
1.14193,0.154361
0.974651,0.708751
1.06526,0.238473
1.16321,-0.288466
1.00397,0.388138
1.02844,0.408022
1.07961,0.154405
1.05562,0.152334
1.07094,0.188797
1.07297,0.419172
1.07509,0.028738
1.04097,0.290276
1.14467,0.132814
1.13067,0.0491822
1.03341,0.283148
1.06689,0.316877
1.08562,0.0289673
1.15634,-0.141567
1.19616,-0.0722715
1.10055,0.16821
1.11935,0.0481661
1.07523,0.37537
1.04352,0.41017
0.974137,0.510541
0.986651,0.430524
1.15057,0.0202514
1.19924,-0.518262
1.02331,0.315855
0.999577,0.463924
1.04523,0.245311
1.05164,0.40426
1.12593,0.140566
1.09756,0.021535
1.01763,0.35104
1.08527,0.236
1.12799,0.0971698
1.08596,0.156981
0.978058,0.896669
1.09185,0.00825159
1.14161,-0.101205
1.12373,0.329205
0.985352,0.637898
1.24569,-0.374643
1.04469,0.430326
1.12949,0.0496534
1.09388,0.0865554
1.15783,-0.162541
1.15356,-0.0518609
1.04589,0.352189
1.07116,0.116232
1.12453,0.165317
1.11805,-0.043405
1.08168,0.14442
1.07603,0.104019
1.16171,-0.0997847
1.05853,0.300278
1.05498,0.444434
1.07686,0.22487
1.02897,0.445455
1.10138,0.109507
1.17699,-0.237753
1.03198,0.371921
1.04252,0.34596
1.16052,-0.112764
0.976111,0.680092
1.09926,0.120382
1.22614,-0.289258
1.12016,-0.00036303
1.02593,0.274985
1.02532,0.543355
1.11466,0.134175
1.02828,0.394452
1.06167,0.453256
1.10876,0.223807
1.13947,0.140398
1.12795,-0.0251454
1.06521,0.338891
1.14992,0.106306
1.1099,-0.120842
1.09612,0.288791
1.04089,0.283159
1.15508,0.02759
1.03935,0.387305
1.13119,-0.0373557
1.02303,0.341646
1.19367,-0.131181
1.05798,0.320966
1.10107,-0.0925477
1.04799,0.219024
1.10684,0.300267
1.09523,0.0711119
1.11609,0.172732
1.04379,0.19143
1.08689,0.243572
1.12243,-0.109005
1.07964,0.239662
1.09236,0.133589
1.11206,0.155095
1.12859,-0.0702099
1.05826,0.445145
1.1628,-0.160077
1.13913,0.144012
1.18176,-0.499904
1.15371,-0.115711
1.00514,0.509006
1.06509,0.121934
1.12833,0.0706798
1.05929,0.300279
1.08011,0.222019
1.07457,0.382441
1.13363,0.0986124
1.09256,0.193317
1.12936,-0.00713214
1.03834,0.491547
0.961849,0.570187
1.09467,0.160896
1.06553,0.397347
1.09728,0.0956398
1.00762,0.39118
1.07545,0.182667
1.13736,-0.110182
1.08473,0.272469
1.15743,0.0432057
1.18141,-0.332598
1.05237,0.39898
1.14906,-0.230807
1.04049,0.536509
0.978524,0.549531
1.20356,-0.318414
1.08962,0.326543
1.13645,0.0387487
1.14002,-0.00180229
1.07877,0.276047
1.12166,0.0970379
1.13009,0.0463583
1.1676,0.0186573
1.07332,0.413282
1.15135,-0.0219637
1.06236,0.219842
1.17401,-0.30892
1.04324,0.495924
1.12285,-0.0504577
1.05942,0.23781
1.1869,-0.344618
1.10065,0.0728021
1.07718,0.0609525
1.10562,0.11379
1.14016,-0.116708
0.962881,0.825755
1.02244,0.652603
1.0597,0.407417
1.07663,0.157287
1.02523,0.275828
1.12354,0.0650623
1.09335,0.128844
1.20991,-0.491461
1.10732,0.145195
1.03455,0.499937
1.13103,-0.0411821
1.1046,0.148378
1.0517,0.320118
1.18358,-0.364397
1.13657,-0.0244337
1.07269,0.234593
1.16252,-0.100568
1.17118,-0.0235428
1.09156,0.275629
1.09828,0.157018
1.01816,0.446743
1.01196,0.384288
1.19689,-0.303495
1.07484,0.184927
1.00591,0.158658
1.09775,0.0431921
1.23527,-0.451692
1.13562,0.0597241
1.06032,0.40042
1.11503,0.0362271
1.03904,0.356362
1.07578,0.14438
0.991465,0.524284
1.09109,0.199848
1.07243,0.18041
1.08877,-0.0174705
1.08052,0.469949
1.20564,-0.393616
1.0989,0.263993
1.09397,0.210472
1.11206,0.0418123
1.08154,0.21149
1.1078,0.231026
1.15982,-0.0368726
1.13093,-0.074715
1.00388,0.520772
1.02167,0.6192
1.15592,-0.0101285
1.07242,0.183076
1.01812,0.501092
1.10799,0.19721
1.04149,0.466943
1.07804,0.216717
1.02395,0.482737
1.08867,0.379705
1.14473,-0.0222107
1.05393,0.266188
1.07098,0.522538
1.08376,0.203303
1.12925,0.0993942
1.12116,0.0276482
1.18493,-0.359214
1.09586,0.22202
1.13357,-0.11378
1.05169,0.418136
1.13523,0.206234
1.15629,-0.0636194
1.16252,-0.251305
1.03979,0.43359
1.08407,0.128033
1.00277,0.504346
1.02385,0.285168
1.07599,0.0400683
1.05429,0.102994
1.17113,-0.322416
1.05487,0.46016
1.01147,0.502034
1.12623,0.0842718
1.06642,0.249426
1.00401,0.443855
1.06575,0.0728079
1.11962,0.104949
1.07965,0.124463
1.0934,0.261958
1.0885,-0.0274658
1.09391,0.108226
1.15378,0.0457723
1.16886,-0.319181
1.13216,-0.0286659
1.11382,0.141796
1.03327,0.3955
1.10926,-0.037764
1.07238,0.248628
1.09575,0.124745
1.13008,0.133405
1.14746,-0.0264921
1.08736,0.0255131
1.08887,0.239665
1.14757,-0.074389
1.01902,0.542541
1.00855,0.437581
1.03387,0.386715
1.05692,0.205558
1.06547,0.419628
1.09108,0.138859
1.05254,0.355497
0.974435,0.460392
1.13924,0.189625
1.14432,-0.121171
1.13371,0.0146846
1.11344,-0.0588626
1.0549,0.38891
1.17489,-0.349494
1.04462,0.40926
1.08466,0.316797
1.11835,-0.0279952
1.09358,0.151016
1.03251,0.37315
1.07262,0.194286
1.0665,0.301886
1.04539,0.352177
1.13174,-0.0216256
1.13951,-0.045549
1.19987,-0.264713
1.17178,0.0874488
1.14692,-0.0835599
1.12029,-0.00641509
1.08716,0.171016
1.05998,0.26495
1.01967,0.608108
1.10241,0.250482
1.06919,0.172944
1.07808,0.156918
1.17566,-0.212023
1.0232,0.443402
1.04916,0.492679
1.12363,0.00707089
1.12715,-0.0215983
1.06736,0.120209
1.11673,-0.019203
1.02075,0.447812
0.993447,0.457457
1.11155,0.0243118
1.13199,-0.117907
1.09001,0.334694
1.04501,0.457876
1.08655,0.219831
1.18268,-0.32273
1.06948,0.194253
1.04651,0.367876
1.09201,-0.0152284
0.951508,0.736683
1.13929,-0.192045
1.02662,0.543198
1.10542,0.0394719
1.14601,-0.0727449
1.07613,0.244591
1.14387,0.168879
1.04897,0.395487
1.08765,0.234798
1.02495,0.356169
1.15194,-0.223812
1.13006,0.201935
1.13492,0.123226
1.21863,-0.478662
1.06871,0.558882
1.06193,0.241592
1.16131,-0.0297655
1.06275,0.190528
1.05398,0.298714
1.05026,0.211213
1.14645,-0.0762938
1.08922,0.132466
0.990907,0.588622
1.04735,0.421456
1.14316,-0.0314841
1.06012,0.081004
1.12711,0.11247
1.11179,-0.0679939
1.11612,0.105965
1.05688,0.283651
1.03088,0.422752
1.12402,0.182536
1.16391,-0.128591
1.08311,0.388171
1.17097,-0.178364
1.13232,-0.0301253
1.14612,-0.0191001
1.04534,0.271167
1.10744,0.00390688
1.02592,0.285797
0.978611,0.560549
1.02426,0.682614
0.9811,0.594354
1.11767,0.0110151
1.09315,0.0730966
1.04575,0.437977
1.06667,0.314269
1.06363,0.332173
1.09957,0.151871
1.07875,0.271961
1.06554,0.238372
1.13176,-0.159748
1.16462,-0.155711
1.02465,0.471126
1.09708,0.156415
1.14978,-0.174261
1.07823,0.218679
1.05459,0.0188364
1.08665,-0.00734678
1.01431,0.455668
1.09588,0.0108132
1.20416,-0.272815
1.07268,0.255826
1.14245,-0.0619637
1.12889,0.137854
1.00099,0.400623
1.09364,0.0350159
1.11989,0.0208885
1.0371,0.195179
1.01554,0.391135
1.08451,0.356221
1.11506,0.109519
1.10169,0.124478
1.07624,0.228338
1.03733,0.200855
1.11313,-0.0653298
1.17193,-0.107391
0.99391,0.572398
1.02778,0.38024
0.949348,0.726128
1.05105,0.480601
1.20323,-0.312056
1.13522,-0.201045
1.07828,0.240669
1.08973,0.156326
1.11203,0.129954
1.07556,0.161395
1.13389,-0.0126317
1.13255,0.0907771
0.924763,0.712602
1.11629,0.0620347
1.13442,0.0161354
1.10441,0.241522
1.04851,0.112165
1.04162,0.366574
1.05015,0.199872
1.11508,0.256747
1.09678,-0.0239879
1.13906,0.20064
1.04674,0.179829
1.14116,0.0281868
1.16801,-0.0530785
1.035,0.43479
1.08139,-0.113774
1.13882,-0.147186
1.09937,0.190958
1.0482,0.209676
1.03823,0.558511
1.04181,0.34683
1.15816,-0.0908105
1.05569,0.169191
1.01876,0.417377
0.995093,0.465549
1.01818,0.519319
1.09465,0.0758127
1.08692,0.00152511
1.06869,0.265705
1.08172,0.310193
0.928316,0.877531
1.12405,-0.0111188
1.06998,0.332617
1.10294,-0.0113282
1.16758,0.0366517
1.06653,0.271068
1.09061,0.0400381
1.10113,0.127523
0.994396,0.683403
1.12308,0.0329383
1.09243,0.0812509
0.986086,0.582424
1.05113,0.127728
1.16497,-0.196613
1.1143,-0.162312
1.09677,0.0604727
1.13627,0.0698753
1.11653,0.0759822
0.972166,0.346824
1.10946,-0.0306201
1.10935,0.0851124
1.14609,0.16753
1.09289,0.164301
1.07307,0.121389
1.03697,0.295198
1.03179,0.0821045
1.10357,-0.0464249
0.998201,0.35239
1.13463,0.0501428
1.15281,0.0184756
1.0712,0.372777
1.06899,0.138808
1.08869,0.213334
0.964047,0.586394
1.12917,-0.0608958
1.08426,0.243727
1.10777,-0.0138893
1.11618,0.0646249
1.08591,0.102627
1.2126,-0.324646
1.06062,0.335173
1.07066,0.125824
1.06307,0.127791
1.10036,-0.037008
1.02978,0.438922
1.07669,0.289581
1.11901,-0.0818274
1.09097,0.366587
1.03545,0.38789
1.122,0.036472
1.07404,0.308976
1.08953,0.172285
1.12241,0.00771261
1.15898,-0.255158
1.13854,0.348798
1.12808,-0.0735732
1.13387,-0.213801
1.09011,0.235766
1.08984,0.440449
1.11566,0.11522
1.06762,0.450897
1.05788,0.422316
1.15056,-0.339855
1.13452,0.0281291
1.15413,-0.279435
1.06788,0.323879
1.10372,0.0838909
1.02132,0.311266
1.07685,0.103445
1.14127,-0.0805254
1.07453,0.0631245
1.12657,-0.0715157
1.0986,0.0139393
1.1273,0.161331
1.13514,-0.0478472
1.06122,0.367631
1.0545,0.249497
1.00691,0.6092
1.08269,0.307248
1.08062,0.208995
1.13005,0.0117109
1.01592,0.434421
1.06124,0.378533
1.15567,0.0277856
1.07755,0.153914
1.13539,0.00895734
1.09705,0.0305201
0.949033,0.642069
1.08767,0.203561
1.14462,0.018169
1.06102,0.210465
1.20548,-0.225234
1.2244,-0.233842
1.07585,0.184071
0.990675,0.759122
1.06546,0.256022
1.11814,-0.102032
1.03494,0.368718
1.01851,0.467603
1.11446,-0.0185967
1.17647,-0.157189
1.02232,0.471018
1.05233,0.24491
1.16274,-0.00562086
1.01081,0.499291
1.06647,0.30824
0.965063,0.648192
0.981791,0.533246
0.942928,0.673781
1.02018,0.498741
1.09777,0.0200127
1.13871,-0.0128351
1.02459,0.307897
1.10067,-0.00465979
1.07397,0.0516031
1.08181,0.455561
1.12763,0.0358705
1.0463,0.370755
1.01362,0.451099
1.12377,-0.0344632
1.08506,0.26379
1.13004,-0.0224421
1.13032,0.0484622
1.0151,0.290103
1.13313,-0.140427
1.12457,0.166586
1.09463,0.109884
1.11095,-0.161658
1.1529,-0.0500502
1.09737,0.0270753
1.16626,-0.187392
1.13838,0.0104709
1.1162,-0.139281
1.14771,-0.0449494
1.08733,0.404604
0.966455,0.542629
1.11117,0.202904
1.1834,-0.328548
1.06381,0.251822
1.03767,0.444115
1.13865,-0.157412
1.00929,0.284046
1.12626,-0.0822617
1.09686,0.00484784
1.08868,0.26733
1.17076,-0.2201
1.08697,0.214963
1.10865,-0.177367
1.03538,0.223203
1.11242,0.178552
1.13523,0.00587976
1.11041,0.174695
1.22503,-0.262043
1.11983,0.0158303
0.995961,0.36156
1.14623,0.145039
1.11623,0.0130905
1.11895,-0.206776
1.05238,0.307762
1.07511,0.049047
1.06544,0.330344
1.1211,-0.0125031
1.10685,-0.00838188
1.08013,0.153682
1.07543,-0.108512
1.0448,0.287163
1.07777,0.291794
1.02341,0.348733
1.10449,0.244529
1.13036,0.0228505
1.1658,-0.364613
1.07556,0.409966
1.01598,0.458101
1.04968,0.369916
1.0733,0.289404
1.1863,-0.174292
1.07634,0.290981
1.10969,0.121657
1.14184,0.261497
1.09838,0.0557403
1.18045,-0.151639
1.15527,-0.0987055
1.07496,-0.115156
1.03585,0.546505
1.09048,0.161119
1.1379,-0.0235951
1.12652,0.220643
1.15405,-0.00769528
1.01826,0.401956
1.05028,0.366747
1.05347,0.334097
1.17686,-0.0671333
1.09465,0.174496
1.10863,0.237044
1.03716,0.357169
1.22663,-0.288239
1.03647,0.333575
1.01929,0.506566
1.21616,-0.161058
1.0348,0.449439
1.16752,0.108494
1.08281,0.104111
1.12093,-0.0211849
1.19102,-0.159486
1.03492,0.584414
1.10964,-0.0391811
1.09528,0.000572415
1.13395,-0.261536
1.05207,0.460154
1.14621,0.0448393
1.0989,-0.140394
1.08111,0.146167
1.0304,0.474534
1.16001,-0.224563
1.15866,-0.0244409
1.18054,-0.107617
1.06463,0.180966
1.02298,0.30159
1.04713,0.289344
1.06271,0.201479
1.13471,-0.0235032
1.10753,-0.0820113
1.14231,-0.129299
1.06291,0.553372
1.10835,-0.0154895
1.1049,0.0637375
1.13875,0.240299
1.14842,-0.0992577
1.07415,0.0433202
1.09701,0.276289
1.1082,0.119081
1.13538,0.0125093
1.13504,-0.0322174
1.08509,-0.00642934
1.06965,0.145442
1.12842,-0.0235603
1.09922,0.12637
1.09928,0.338486
1.0699,0.223523
1.07023,0.214263
1.15846,-0.00661591
1.10018,0.0473259
1.12575,0.142856
1.12362,0.0112832
1.08564,0.0996777
1.1562,-0.0554249
1.10531,-0.145403
1.01882,0.334927
1.11147,0.000264816
1.13777,0.177653
1.06935,0.284394
1.08791,-0.0415005
1.22533,-0.292324
1.15982,-0.133736
1.05756,0.168899
1.04876,0.185546
1.01599,0.38127
1.16541,-0.280367
1.07715,0.176696
1.0872,0.200096
1.14237,-0.177084
1.06271,0.611707
1.01769,0.307558
1.04895,0.30753
0.956,0.455088
1.07852,0.291746
1.15069,0.0370575
1.04646,0.110793
1.12245,0.355057
1.0278,0.274346
1.12555,-0.0296931
1.1212,0.0646773
1.04828,0.262116
1.0711,0.276531
0.942013,0.510228
1.0815,0.0864072
1.11689,0.0855471
1.10126,0.18437
1.02645,0.391034
1.18077,-0.308915
1.05237,0.122491
1.04813,0.289712
1.03645,0.243749
1.05665,0.238578
1.13564,0.0710402
1.10736,0.283169
1.14506,-0.0893183
1.16927,-0.124719
1.01397,0.39503
1.10975,0.307462
1.11084,0.0908051
1.08738,0.157118
1.00809,0.551994
1.07179,0.158268
1.07039,0.318642
1.20978,-0.287168
1.0709,0.286227
1.00221,0.485296
1.07019,0.235387
1.18646,-0.223182
1.12077,-0.0167635
1.0686,0.364776
1.16996,-0.152336
1.03762,0.28506
1.00851,0.385232
1.13084,-0.105585
1.07855,0.135323
1.15614,-0.0315513
1.04545,0.291392
1.1643,-0.00784786
1.04551,0.324881
1.10062,0.0513979
1.15001,-0.240899
1.05243,0.449861
1.04988,0.420661
1.07167,0.311918
1.01414,0.407488
1.06712,0.117585
1.03318,0.322975
1.18551,-0.119713
1.20572,-0.319531
1.11435,0.13538
1.12453,0.0397645
1.07622,0.174728
0.98602,0.288092
1.09369,0.0758833
1.11245,0.0706133
1.0467,0.530767
1.12903,0.0960671
1.04513,0.457794
1.01543,0.548495
1.10731,0.157605
1.1429,-0.107795
1.06419,0.199638
1.12194,0.108839
1.09798,0.00529022
1.06182,0.485805
1.13743,0.0500721
1.10999,-0.196283
1.07427,0.156502
1.14264,-0.00450181
1.18665,-0.0660206
1.14699,-0.0442257
1.08347,0.171637
1.0423,0.310621
1.06512,0.102769
1.12331,0.00893979
1.1451,-0.00345789
1.11596,0.167833
1.04617,0.287345
1.0479,0.382835
0.980082,0.640299
0.994957,0.449535
1.14262,-0.240742
1.04261,0.354348
1.03562,0.337558
1.12302,-0.0353886
1.04676,0.215188
1.0456,0.540533
1.20009,-0.369816
1.12368,0.134159
1.0665,0.249533
1.08851,0.156384
1.04949,0.401385
1.01018,0.55311
1.10332,0.0785655
1.06047,0.211857
1.07323,0.0293221
1.05908,0.53304
1.07333,-0.0441331
1.11548,-0.0308405
1.07265,0.181158
1.12952,0.236317
1.08058,0.265809
1.12395,0.104099
1.10787,0.17465
1.03815,0.185901
1.1412,0.10523
1.09771,0.188376
1.0726,0.351483
1.12777,0.0160225
1.05302,0.151095
1.06943,0.467214
1.07607,0.114013
1.07005,0.224808
1.06464,0.0398471
0.972558,0.547199
1.04329,0.414866
1.0975,0.0827851
0.950282,0.644513
1.18799,-0.0956347
1.13504,0.0864684
1.08249,0.309975
0.981042,0.551414
1.10751,0.0746595
1.02412,0.498307
1.15099,-0.0163861
1.12977,-0.244248
1.09415,0.155189
1.13048,0.233608
1.03832,0.145275
1.07342,0.138462
1.13847,-0.124288
0.971471,0.721595
1.16191,-0.126057
1.05999,0.381142
1.14099,-0.0725328
1.12293,0.160784
1.13725,0.00700134
1.00928,0.718117
1.08475,0.167203
1.08067,0.0588292
1.10894,0.0471358
1.09079,0.204802
1.02945,0.318286
1.11341,0.000830184
1.13385,0.165155
1.03615,0.232027
1.06956,0.312278
1.1017,0.143187
1.0968,0.095234
1.11718,0.0675167
1.11335,0.156928
1.11361,0.134742
1.04835,0.474147
1.03426,0.364899
1.10343,0.352842
1.11644,0.128231
1.09468,0.0856723
1.0087,0.638607
1.15312,-0.13195
1.05637,0.264749
1.08801,0.0893135
1.01133,0.595192
1.14975,-0.0411915
1.01687,0.626859
1.13827,-0.0147835
1.09603,0.29203
1.099,0.109173
1.09144,0.0568625
1.15584,-0.108533
1.01328,0.290444
1.01437,0.597243
1.03308,0.513777
1.10021,0.0161418
1.09851,0.135172
1.04934,0.200806
0.997957,0.567903
1.10143,0.224144
1.19134,-0.262674
1.07041,0.0819365
1.16143,0.00467989
1.05649,0.185655
1.09843,0.149678
1.0193,0.478175
1.08269,0.225099
1.10741,0.0508119
1.07668,0.213502
1.04016,0.220741
1.10886,0.245725
1.08256,0.304783
1.04504,0.413765
1.05127,0.640515
1.06642,0.401979
1.02398,0.37347
1.03721,0.601964
1.13371,-0.00258954
1.12939,0.0535527
1.07281,0.34552
1.08056,0.190163
1.08554,0.178992
1.04304,0.368449
1.03598,0.343621
1.08246,0.237447
1.1076,0.0921206
1.10051,0.209505
0.957381,0.617657
1.10052,-0.0342724
1.05789,0.379142
1.02325,0.395737
1.14782,-0.00522002
1.11066,0.138541
1.02633,0.198299
1.07032,0.289771
1.06481,0.178195
1.10998,0.0763445
1.12407,0.050082
1.13651,0.0618908
1.01272,0.537291
1.09167,0.180158
1.19814,-0.387875
1.09403,0.0953961
1.06241,0.30236
1.09219,0.226106
1.0993,-0.237837
1.05933,0.150454
1.09362,0.414575
1.04274,0.278927
0.998897,0.509339
1.10555,0.271884
1.03254,0.391705
1.10391,-0.127356
1.14217,-0.0553359
1.04852,0.373853
1.193,-0.167541
1.18227,-0.112849
1.22642,-0.264267
0.998865,0.500164
1.0953,0.179048
1.16589,-0.256713
1.06172,0.337871
1.06495,0.24864
1.13393,-0.0338441
1.04841,0.505701
1.08138,0.356412
1.11155,0.178964
1.10368,0.202353
1.14439,-0.0220202
1.09146,0.219525
1.07949,0.0354614
1.01498,0.465687
0.994346,0.675142
1.20707,-0.306034
1.0736,0.125455
1.09186,0.148944
1.09177,0.133128
1.12587,-0.07752
1.14244,-0.00869378
1.10455,0.0834003
1.11953,0.0763219
1.11725,-0.0616315
1.05842,0.370802
1.1028,0.0912371
1.09933,0.0327568
1.11491,0.339456
0.991745,0.356968
1.09394,0.0351562
1.1412,-0.111714
0.994491,0.615359
1.16518,-0.135619
1.07673,0.202901
1.13424,-0.0838352
1.05642,0.137108
1.05411,0.136383
1.22589,-0.352766
1.06234,0.29052
1.0282,0.495219
1.11463,0.0652929
1.12659,0.00495013
1.01728,0.51409
1.0061,0.4061
1.04027,0.27096
1.1,0.317401
1.03782,0.496832
1.03531,0.483
1.04559,0.229988
1.09511,-0.0276158
1.08504,0.0422093
1.05615,0.13845
1.06128,0.0810236
1.07567,0.277524
1.17353,-0.0310247
1.24902,-0.427708
1.02238,0.217866
1.13786,0.0376532
1.11142,0.059996
1.01137,0.412176
1.09533,0.228908
1.01136,0.574769
1.08211,0.238115
1.14857,-0.125158
1.10896,0.282113
1.1541,0.00074229
1.06548,0.25168
1.08739,-0.0274498
1.06697,0.18606
1.09647,-0.0446166
1.02325,0.496001
1.04874,0.336809
1.14557,0.0390353
1.0451,0.237896
1.03701,0.283194
1.08704,0.0993709
1.15618,-0.0419259
1.03154,0.250137
1.03447,0.0892948
1.00966,0.576809
1.12695,-0.226879
1.07066,0.22412
1.14973,0.121262
1.06418,0.27624
1.08277,0.224372
1.03479,0.498318
1.07015,0.176197
1.06113,0.265132
1.01526,0.423022
0.992058,0.655455
1.09915,0.260137
1.02189,0.463646
1.02903,0.632115
1.1648,-0.176105
1.09743,0.114033
1.12969,0.0230836
1.12899,-0.0797989
1.09351,0.139625
1.09837,0.127763
1.11448,0.120549
1.0222,0.31994
1.11992,0.18518
1.01673,0.508338
1.04319,0.255951
1.03329,0.674097
1.1156,0.0369546
1.17412,-0.286157
1.04308,0.332584
1.01611,0.627403
1.10731,-0.0971822
1.05343,0.355737
1.05821,0.272931
0.984881,0.475256
1.10245,0.044072
1.13865,0.125661
1.12604,0.120229
1.19186,-0.254392
1.07283,0.320892
1.12578,0.232168
1.11704,0.0730857
0.956126,0.718918
1.18517,-0.228882
1.09867,0.263953
1.03231,0.461122
0.996984,0.38504
1.01427,0.50578
1.04438,0.326985
1.1341,-0.110183
1.02348,0.380987
1.1488,-0.0696584
1.11023,-0.0307441
1.07681,0.371512
1.11918,0.0886957
1.04628,0.374596
1.12981,-0.00286429
0.938382,0.62276
1.11251,0.0526623
1.09434,0.211964
1.03923,0.383943
1.17006,-0.261593
1.21312,-0.223881
1.0809,0.237803
1.21551,-0.381932
1.12235,0.180444
1.10738,-0.0234941
1.14425,-0.0248181
1.13787,-0.157695
1.12627,-0.127253
1.14185,0.0710823
1.05046,0.240182
0.991343,0.532935
1.07217,0.199873
1.10672,0.26628
1.112,0.214643
1.08696,0.0365739
1.11302,-0.0163835
1.05096,0.402714
1.12506,-0.199836
0.978621,0.644074
1.17841,-0.138403
1.07452,0.194512
1.13792,0.0195727
1.01816,0.326665
1.10866,0.307194
1.13324,-0.200534
1.07865,0.0980543
1.06624,0.0526975
1.02752,0.473162
1.04782,0.388521
1.12096,-0.0181915
1.05732,0.426252
1.08021,0.483237
1.11046,-0.0217208
1.13513,-0.118872
1.06969,0.222466
1.00121,0.520349
1.10186,0.103514
1.11584,0.111469
1.14608,-0.021884
1.0387,0.484272
1.09258,-0.0296098
1.10696,0.124928
1.06846,0.123541
1.01885,0.352454
0.992672,0.454387
1.08945,0.203284
1.18543,-0.121583
1.20009,-0.174385
1.09327,0.116036
1.03794,0.512698
1.0318,0.192914
1.1287,-0.0234422
1.06389,0.272714
1.07047,0.219655
1.22109,-0.369278
1.10346,0.192773
1.08622,0.179561
1.05927,0.242704
1.07056,0.00974143
1.06651,0.272493
1.12658,0.112675
1.04487,0.156983
1.21685,-0.273452
1.15752,0.0555419
1.01619,0.453327
1.1138,0.058266
1.03528,0.619543
1.06692,0.12422
1.09922,0.205722
1.11627,-0.0318602
0.987189,0.356669
1.09124,0.127986
1.07103,0.114702
1.07069,0.18426
0.960848,0.665155
1.11987,0.194058
1.13416,0.0138378
1.12442,-0.00740867
1.07425,0.338171
1.01657,0.408899
1.12922,-0.0951875
1.12302,-0.0599906
1.0405,0.432032
1.09297,0.375679
1.08911,0.15344
1.19695,-0.234315
1.08493,0.0207036
1.16714,-0.253673
1.13534,-0.17573
1.03189,0.31995
1.14222,-0.0631862
1.01224,0.719797
1.05547,0.250819
1.11942,0.0915967
1.1064,0.193665
1.1879,-0.371982
1.056,0.379486
1.07008,0.267676
1.03827,0.314559
1.09568,0.214702
1.1774,-0.0993133
1.05771,0.314909
1.07148,0.17804
1.08183,0.37144
1.0113,0.451351
1.17176,-0.140892
1.19082,-0.310032
1.03894,0.265506
1.11204,0.0633881
1.13527,0.140589
1.16788,-0.113994
1.15347,-0.129933
1.01744,0.173664
1.05935,0.230797
0.932403,0.757779
1.08805,0.449564
1.09008,0.32504
1.08716,0.124409
1.07746,0.511858
1.0224,0.520266
1.03488,0.39068
1.19714,-0.380891
1.09208,0.233659
1.11553,0.0455923
1.03122,0.333342
1.09704,0.0787259
1.08222,0.434977
0.983652,0.532781
1.16806,-0.242277
0.965653,0.561153
1.04887,0.43305
1.07774,0.00998056
1.10621,0.12791
1.02658,0.587212
1.10419,0.157263
1.04979,0.294756
1.06881,0.278923
1.08397,0.232276
1.15793,-0.225393
1.11127,0.145607
1.21687,-0.381597
1.02881,0.508114
1.11159,0.038343
1.16912,-0.314798
1.11281,0.0674524
1.06063,0.41865
1.17123,-0.0377676
1.17573,-0.186067
1.02431,0.588174
1.09469,0.0144178
1.06409,0.278493
1.075,0.129217
1.00908,0.376674
1.03887,0.248925
1.19876,-0.302938
1.07752,0.194279
1.05856,0.357332
0.97978,0.399834
1.02851,0.41112
1.11242,-0.0758429
1.11881,0.215182
1.03752,0.0441848
1.12346,0.179416
1.09275,0.344438
1.00551,0.436016
0.98594,0.410179
1.08657,0.2064
1.17405,-0.215157
1.25026,-0.447286
1.11052,-0.0314906
1.15827,-0.114276
1.04985,0.34071
1.04403,0.434947
1.12237,-0.0756312
1.06969,0.324408
1.05451,0.452536
1.06447,0.244428
1.09928,0.0696871
1.12174,0.030165
1.24887,-0.419313
1.0771,0.556858
1.15596,-0.0866154
1.12668,0.0518658
1.09197,-0.0340688
1.07662,0.19702
1.02795,0.738596
1.1006,0.144386
1.15125,-0.130091
1.1761,-0.199224
0.998194,0.491732
1.02597,0.301938
1.04414,0.231457
1.09094,0.163646
1.05001,0.32499
1.08538,0.110802
0.984574,0.454554
1.20183,-0.277828
1.08137,0.251976
1.09325,0.236152
1.06541,0.249608
1.12703,0.187008
1.03286,0.571246
1.10269,0.160299
1.09349,0.0719987
1.11422,0.0185512
1.1267,-0.00896639
1.01934,0.457253
1.15244,-0.216567
1.16825,0.116025
1.00172,0.532684
1.0373,0.459288
1.09509,0.0827268
1.13604,0.0650475
1.07375,0.135991
1.12703,-0.0126815
1.12964,0.215067
0.986163,0.6154
1.07582,0.224932
1.07388,0.198065
1.19058,-0.398919
1.04273,0.261502
0.999303,0.472638
1.04658,0.545136
1.0596,0.21208
1.10101,0.209047
1.13484,-0.106119
1.09302,0.194077
1.03776,0.515859
1.01609,0.394894
1.1173,0.216884
1.08352,0.329841
0.991952,0.410172
1.08099,0.269993
1.06527,0.42334
1.14207,0.169186
1.05177,0.0864598
1.06922,0.151635
1.08794,0.280621
1.07135,0.057197
1.06702,0.384562
1.04624,0.540627
1.1462,-0.16862
1.1282,0.116327
1.10806,0.0717739
1.11279,0.0484926
0.957217,0.585751
1.13019,-0.215731
1.10395,-0.0674448
1.10555,0.0467615
1.23191,-0.202368
1.10628,0.0991436
0.94848,0.36914
1.11972,0.135207
1.08435,0.0729072
1.09972,0.199849
1.04093,0.192234
1.05504,0.294126
1.05747,0.228601
1.11966,0.081996
1.00237,0.536803
0.997967,0.506728
1.04038,0.524504
1.06938,0.126908
1.02268,0.218948
1.16531,-0.119515
1.02715,0.497574
1.12237,0.00497183
1.14879,0.0642749
1.13414,0.0793916
1.06598,0.320507
1.17209,-0.231387
1.08241,0.275118
1.08825,0.151246
1.07063,0.214949
1.09524,0.222354
1.12583,-0.124684
1.12653,-0.0101091
1.12531,-0.057957
1.09534,0.392442
1.05313,0.102921
1.04394,0.371669
1.11469,-0.0763936
1.14677,0.0324929
1.0766,0.173881
1.07446,0.13668
1.02414,0.481345
1.12243,0.13972
1.0679,0.251853
1.07092,0.19711
1.00781,0.467991
1.15244,0.0660403
0.9134,0.629123
1.03479,0.419176
1.0856,-0.0561624
1.09829,-0.00124266
1.047,0.348449
1.1002,0.238464
1.11852,-0.091877
1.15818,-0.0378836
1.12496,0.170432
1.03558,0.41762
0.996801,0.429097
1.0415,0.561679
1.09382,0.0626194
1.05158,0.361977
1.06616,0.357901
1.1691,0.0233036
1.05166,0.288231
1.09873,0.0414151
1.11221,0.133192
1.05095,0.232292
1.10755,0.146364
1.1278,-0.118579
1.10693,0.0814386
1.1277,0.0574151
1.03216,0.0133231
1.09536,0.312237
1.03963,0.644371
0.991274,0.6119
1.11317,0.0229831
1.1027,0.109232
1.10529,-0.0599898
1.02935,0.0665772
1.12313,0.134009
1.12591,-0.0321847
1.0521,0.251095
1.04041,0.349378
1.06013,0.235226
1.10419,0.0647669
1.10641,0.0666517
1.22797,-0.347562
1.08959,0.131113
1.03619,0.344887
1.051,0.262837
1.00962,0.510771
1.00056,0.340627
1.15691,0.0565262
1.17064,-0.164839
1.00931,0.645539
1.06552,-0.0348843
1.06559,0.37859
1.08295,0.189159
1.04631,0.22516
1.16592,0.0732054
1.0197,0.46356
1.11613,-0.022443
1.14024,-0.12493
1.03705,0.354318
1.1003,0.0578847
1.03008,0.418578
1.16435,-0.196507
1.12315,0.0285127
1.10978,-0.109314
1.02143,0.41782
1.05931,0.264921
1.1003,0.0621155
1.15322,0.102008
1.1612,-0.023069
1.15377,0.0043592
1.09604,-0.0352522
1.07115,0.369282
1.05952,0.466787
1.05167,0.29892
1.0775,0.200785
1.13188,0.168143
1.09426,0.39835
1.08472,0.0424835
1.07145,0.19117
0.974803,0.520575
1.11119,-0.0251627
1.02916,0.474595
1.06097,0.199856
1.09746,0.203298
1.15968,-0.122945
1.07251,0.116679
1.00985,0.457203
1.11693,-0.0297273
1.14852,-0.0212533
1.13409,0.10056
1.09911,0.228975
1.07317,0.404858
1.1034,-0.0356198
1.08563,0.353618
1.18736,-0.15419
1.10682,-0.116023
1.13033,0.0535964
1.09345,0.326116
1.11587,-0.0384038
1.05181,0.133708
1.05695,0.32567
1.05711,0.281505
1.13771,0.0238387
0.992822,0.545369
1.06726,0.2827
1.03534,0.524927
1.18835,-0.145215
1.18873,-0.260609
1.19059,-0.176677
1.09454,0.114084
1.05666,0.369153
0.949032,0.786204
1.05766,0.259779
1.1339,-0.0112844
1.04241,0.4021
1.16644,-0.188681
1.17297,-0.0032598
1.12869,0.125847
0.987263,0.437602
1.16044,-0.123694
1.01896,0.413389
1.17061,-0.111004
1.15745,0.121618
1.11689,0.0798466
1.14264,-0.0545745
1.06117,0.393098
1.11595,-0.0361098
1.14209,-0.110138
1.08577,0.111883
1.15438,-0.00716783
1.07527,0.165563
1.06562,0.0531827
1.10942,0.0173432
1.1261,0.190538
1.19928,-0.18482
1.09536,0.1841
1.13904,-0.146772
1.07235,0.288082
1.09952,0.134013
1.04098,0.443518
1.06553,0.297681
1.0913,0.140796
1.11078,0.190787
0.999,0.427007
1.1136,-0.0383004
1.12418,0.0787768
1.19948,-0.241044
1.08918,0.181729
1.09178,0.283724
1.03348,0.357737
1.08446,0.0714419
1.20584,-0.193578
1.02897,0.592484
1.12722,-0.123282
1.12536,-0.137041
1.08373,0.156764
1.06391,0.588162
1.17786,-0.151147
1.15447,0.10813
1.14254,0.21701
1.04201,0.351791
1.04119,0.553341
1.11959,0.177087
1.06556,0.299358
1.02158,0.418539
1.05051,0.291208
1.07256,0.0362534
1.01424,0.625804
1.08294,0.194712
1.04819,0.263236
1.14342,-0.0970351
1.12219,0.123469
1.14801,0.117719
1.02564,0.493772
1.12824,0.00469064
1.09761,-0.0113635
1.10133,0.280708
1.11483,0.132741
1.06409,0.292366
1.11992,0.0688806
1.09175,-0.0240878
1.0551,0.369409
1.10732,0.0795893
1.14781,-0.0749902
1.03623,0.472754
1.09953,0.264746
1.10145,0.178641
1.08107,0.0494145
1.11015,-0.0502776
1.15047,0.0189849
1.0867,0.0446835
1.08261,0.0654215
1.13718,0.0517646
1.1879,-0.230428
1.03078,0.286521
1.12585,0.149811
1.12459,-0.078898
1.01932,0.462588
1.11429,0.182022
1.12796,0.0447732
1.12956,0.250388
1.02514,0.450872
1.05547,0.178798
1.13817,0.129789
1.1283,0.00290965
1.03919,0.335962
1.06957,0.248062
1.08693,0.0927205
1.07257,0.139187
1.12673,-0.0512361
1.106,0.0385833
1.07556,0.0948471
1.00766,0.603913
1.03415,0.3777
1.05376,0.294497
1.11033,0.179205
1.13224,0.108461
1.17781,-0.149745
1.19763,-0.237575
1.04506,0.233466
1.05494,0.405348
1.10078,0.165719
1.10438,0.226493
1.06488,0.127262
1.13294,0.278084
1.04605,0.289038
1.06221,0.145225
1.09381,0.354613
1.17635,-0.126782
1.16736,-0.0658141
0.928612,0.815202
1.14169,-0.110688
1.09151,0.147339
1.02763,0.591018
1.11749,0.205974
1.05352,0.138168
1.11224,0.0182588
1.07681,0.168413
1.10401,0.0929592
1.10367,0.0653416
1.04477,0.422714
1.17861,-0.232945
1.05549,0.197312
1.12424,-0.0783036
1.06153,0.389681
1.17312,-0.273324
1.10726,0.0463588
1.01913,0.389034
1.14646,-0.104938
1.02091,0.278378
1.15986,-0.0245631
1.03527,0.341823
0.989788,0.571031
1.10356,0.0973776
1.12754,0.0481895
1.07182,0.173944
1.09059,0.0448585
1.07322,0.346975
1.1195,-0.0923538
1.03125,0.275482
1.18533,-0.382514
1.04627,0.649477
1.13599,0.0299335
1.01109,0.491793
1.06962,0.201762
1.199,-0.441086
1.10718,0.0651985
1.15634,0.00455722
1.14122,0.152629
1.13192,-0.133696
0.956802,0.349409
1.21729,-0.21029
1.11605,-0.0915252
1.11719,0.0829867
1.04681,0.276233
1.18463,-0.190596
1.04235,0.455918
1.12443,0.225965
1.16539,-0.0232957
1.19371,-0.315892
1.09204,0.102813
1.14103,-0.00278258
1.12235,-0.0794062
1.20148,-0.537829
1.04693,0.0881717
1.14056,-0.0758295
1.1384,-0.134386
1.11759,-0.0624919
1.134,0.0483285
1.08117,0.325277
1.05519,0.0866648
1.03297,0.555885
1.07987,0.0262301
1.12771,-0.177316
1.03844,0.351026
1.14667,-0.379012
1.06644,0.378332
1.15099,-0.0345036
1.06237,0.406633
1.07384,0.283352
1.04886,0.316735
1.07587,0.232689
1.08393,0.316638
1.0939,0.261918
1.05313,0.231413
1.12215,-0.0177237
1.10039,0.223214
1.12168,-0.127564
1.03052,0.395761
1.11535,0.0246459
1.1437,-0.0707908
1.04836,0.182994
1.04554,0.243509
1.11341,0.122026
1.04036,0.333837
1.03314,0.413025
1.04724,0.359677
1.08062,0.0898245
1.10771,0.332471
1.14254,0.0574278
1.10536,0.169944
1.04002,0.445114
1.05277,0.219911
1.07803,0.20693
1.13219,-0.0216196
1.04691,0.259246
1.13611,0.0648387
1.07134,0.199256
1.22327,-0.38234
1.14175,0.0402207
1.04429,0.465523
1.09287,0.109003
1.06722,0.378722
1.08854,0.136139
1.02992,0.546951
1.10242,0.154917
1.14717,-0.206465
0.950047,0.870463
1.13799,-0.268888
1.09883,0.0536432
1.15653,-0.198318
1.08823,0.404938
1.14846,-0.148554
1.0981,0.240151
1.05664,0.313234
1.09057,0.343712
1.0887,0.217136
1.00079,0.725092
1.05854,0.194844
1.04307,0.344463
1.09454,0.0222088
1.08898,0.30426
1.15824,-0.0454542
1.08539,0.160488
1.09524,0.32903
1.11876,-0.0168866
1.06689,0.546674
1.04941,0.207602
1.10217,0.03139
1.13269,0.115545
1.11994,0.0604476
1.13151,-0.16586
1.17543,-0.045261
1.0632,0.313453
1.09229,0.184961
1.09337,0.321894
1.07716,0.209368
1.07826,0.345858
1.01911,0.490704
1.07232,0.390307
1.05733,0.201608
0.994901,0.51396
1.05854,0.267722
1.01194,0.611964
1.16403,-0.22862
1.03047,0.418545
1.17588,-0.233681
1.01675,0.296292
1.19521,-0.0901678
1.06862,0.342099
1.08756,0.0923529
1.05388,0.279993
1.01143,0.60843
0.995528,0.502463
1.16636,-0.0817995
1.11998,0.211721
1.05199,0.274304
1.08718,0.281291
1.08268,0.36731
1.09919,-0.044647
1.07836,0.131581
1.05963,0.253092
1.05842,0.336075
1.06204,0.0687462
1.06585,0.316841
1.09676,0.180227
1.01375,0.356479
1.02614,0.349238
1.06319,0.286223
1.13506,0.129855
1.04221,0.283274
1.07156,0.287095
1.22564,-0.325584
1.10363,0.104886
1.0709,0.0189752
1.0864,0.176908
1.05841,0.31198
1.15952,-0.20727
1.05088,0.310047
1.06172,0.15122
1.04319,0.197601
1.08776,0.255133
1.0399,0.302517
1.02389,0.462977
1.15685,-0.0241157
1.1177,-0.132877
0.982301,0.514021
1.07449,0.15569
0.969235,0.47814
1.10773,0.00235108
1.03989,0.297471
1.06121,0.182592
1.06588,0.388066
0.952159,0.84801
1.04746,0.521456
0.9999,0.471476
1.06888,0.044917
1.09186,0.281908
1.0508,0.30123
1.18526,-0.271762
1.07738,0.384214
1.163,-0.178948
1.11424,-0.00849071
1.07847,0.141906
1.10345,0.0745293
1.18685,-0.202892
1.09879,-0.0265568
1.07224,0.385479
1.06889,0.268447
1.18134,-0.314554
1.10266,0.0957827
1.134,-0.0416239
0.979381,0.564835
1.17911,-0.115509
1.09718,0.116414
1.13315,0.0828549
1.06399,0.371724
1.11078,0.117217
1.1271,-0.0755734
1.18465,-0.214984
1.17,-0.292076
1.01954,0.358844
1.03466,0.57479
1.05318,0.410261
0.973587,0.507723
1.17401,-0.284099
1.15356,-0.118644
1.04022,0.632186
1.08959,0.385135
1.07499,0.284929
1.07387,0.479799
1.13518,0.0426346
1.15419,-0.0982369
1.13566,-0.0118101
1.07515,0.123633
1.11181,-0.0254999
1.01329,0.449759
1.0784,0.207507
1.09752,0.125242
1.10026,0.190498
1.12871,0.000127841
1.12269,-0.0743923
1.13178,-0.128039
1.2146,-0.269944
1.13219,0.0426081
1.22674,-0.203883
0.98407,0.682724
1.06203,0.336727
1.11728,0.0383651
1.0952,0.117618
0.969236,0.504794
1.1561,0.0366508
0.949714,0.60085
1.09211,0.229005
1.17665,-0.00323715
0.976412,0.575307
1.09556,0.0298947
1.1126,0.227555
1.08266,-0.0486872
1.13695,0.0857371
0.983661,0.473905
1.09205,0.215896
1.11024,0.191519
1.10844,0.142134
1.103,0.170175
1.159,-0.347071
1.10378,0.246017
0.961212,0.661366
1.02689,0.452025
1.11718,0.09254
1.08985,0.118423
1.05368,0.187575
1.26118,-0.533713
1.07982,0.453325
1.02827,0.430208
1.06901,0.439485
1.03573,0.292162
1.01141,0.619618
1.11534,0.233675
1.09689,0.135122
1.1556,-0.158421
1.1219,-0.144053
1.09699,-0.0261323
0.988282,0.609087
1.00852,0.552725
1.15342,-0.153542
1.08402,0.201346
1.12798,0.0647433
1.12232,-0.0503754
1.03722,0.303012
1.0284,0.351295
1.01995,0.419703
1.09086,0.278461
1.105,0.27545
1.05086,0.2401
1.15601,-0.0874662
1.06269,0.393562
1.06527,0.536336
1.06969,0.15785
1.09228,0.0874112
1.02698,0.28007
1.10392,-0.187763
1.21606,-0.207216
1.11523,0.153817
1.13035,-0.00416571
1.11175,0.0859685
1.16401,0.0273322
1.04774,0.366601
1.19345,-0.183437
1.05269,0.0521228
1.0625,0.272861
1.00031,0.439799
1.08941,-0.103476
1.11949,0.0422253
1.06243,0.162743
1.04726,0.275134
0.980114,0.525183
1.01378,0.360698
1.09565,0.170627
1.02972,0.259459
0.997208,0.432342
1.04947,0.229453
1.07429,0.135712
1.12549,-0.102052
1.10906,0.254855
1.09239,0.340886
1.12277,0.150673
1.06668,0.345236
1.18649,-0.105896
0.929298,0.647744
1.04796,0.301905
1.08393,0.152352
1.09879,0.312217
1.07429,0.140122
1.12294,0.101664
1.03405,0.286679
1.0833,0.32121
1.13305,0.0866257
1.14838,-0.106074
1.13791,-0.285625
0.980811,0.464214
1.10582,-0.149401
1.13505,0.206843
1.01898,0.572584
1.1701,-0.227732
1.16134,0.0455437
0.900167,0.922656
1.13529,-0.0570228
1.10635,-0.0856186
1.05338,0.0737668
1.15179,-0.186388
1.04583,0.286944
0.988224,0.487491
1.10338,0.0548864
1.06501,0.24993
1.12191,0.212729
1.02419,0.54249
1.10408,-0.0193752
1.105,0.223866
1.03828,0.286674
1.1981,-0.235061
1.08723,0.143296
1.11237,0.0664022
1.00976,0.381094
1.20477,-0.262704
1.06496,0.421527
1.06826,0.16087
1.09145,0.0472316
1.01989,0.516909
1.10593,0.118131
1.14179,-0.23826
1.0531,0.224525
1.12999,-0.036751
1.08124,0.123963
1.09262,0.240911
1.08865,0.257557
0.958565,0.522259
0.998195,0.361106
1.03392,0.535015
1.06946,0.268327
1.12798,0.119687
1.15283,-0.0655665
1.12713,0.0615882
1.06435,0.23891
1.09778,0.250113
1.06999,0.450104
1.11223,0.084934
1.05615,0.288391
1.06196,0.34166
1.10846,0.185688
1.15852,-0.0583878
1.12259,0.114746
1.13058,0.0385283
1.15447,-0.108211
1.12606,0.149609
0.990685,0.578099
1.11558,-0.011471
1.1045,0.110498
1.1216,0.122445
1.15155,-0.0837149
1.13607,0.120694
1.19509,-0.176445
1.1381,0.117986
1.19174,-0.250081
1.18316,-0.0417984
1.11215,0.200397
1.08312,0.0801664
1.07644,0.219596
1.03132,0.3099
1.08729,0.167304
1.12084,0.00454797
1.10492,0.145852
1.06629,0.357061
1.18223,-0.14355
1.11315,0.04962
1.07974,0.225428
1.07005,0.208093
1.09281,0.141619
1.10167,0.132066
1.19057,-0.110502
1.14918,-0.276791
1.07599,0.248249
1.09077,0.247574
1.09165,-0.0418413
1.0835,0.410729
1.09547,0.107819
1.10848,-0.123185
1.04775,0.294046
1.16321,-0.104765
1.15134,0.0832306
1.0257,0.502512
1.07449,0.0889349
1.17639,-0.16197
1.08805,0.11253
1.09968,0.141
1.11984,-0.252007
1.09514,0.23147
1.0813,0.230991
1.11673,0.0619673
1.08718,-0.044928
1.22819,-0.306397
1.08808,0.114314
1.01757,0.528168
1.07206,0.251555
1.11795,0.118239
1.06006,0.244845
1.07016,0.20389
1.19774,-0.246127
1.09407,0.138028
1.08418,0.384988
1.04615,0.394175
1.09224,0.296833
1.04363,0.363852
1.15339,-0.141966
1.04108,0.210876
1.04994,0.417027
1.1361,0.159059
1.06776,0.196949
1.12998,-0.0183876
1.08192,0.12414
1.01816,0.684546
1.066,0.347001
0.969671,0.625373
1.05782,0.401911
0.970287,0.774878
1.08421,0.0609457
1.08907,0.257551
1.07519,0.412444
1.1206,0.134402
1.1719,-0.334731
1.12261,0.085829
1.10307,0.13187
1.13008,0.0240363
1.1141,0.132496
1.08118,0.295825
1.05213,0.245354
1.10701,0.143923
