slope,intercept
1.18993,0.818054
1.21989,0.356204
1.21063,0.262438
1.13688,1.14297
1.16127,0.902499
1.27672,-0.357908
1.2202,0.206028
1.20267,0.475912
1.19253,0.855969
1.17457,0.86818
1.23599,0.0883118
1.12093,1.48017
1.11703,1.40872
1.21179,0.329272
1.15614,0.80032
1.14514,1.02314
1.19747,0.549441
1.20858,0.596433
1.25808,-0.0690659
1.19458,0.643449
1.17745,0.690787
1.19525,0.523627
1.1828,0.698605
1.1767,0.845326
1.17786,0.780507
1.17385,0.818422
1.19283,0.505988
1.22531,0.288123
1.22762,0.548515
1.2247,0.155527
1.12229,1.21121
1.17727,0.611927
1.22561,0.129738
1.15768,0.973241
1.14657,1.15887
1.12435,1.05089
1.1874,0.564647
1.17544,0.726241
1.19012,0.562987
1.16823,0.695826
1.20056,0.526089
1.21968,0.358003
1.14172,1.16809
1.18976,0.920613
1.17059,0.917045
1.24879,-0.00940288
1.19903,0.455709
1.13411,1.06945
1.14538,1.04821
1.1811,0.668094
1.23878,0.163278
1.1364,1.23345
1.14866,1.00974
1.20248,0.478955
1.20872,0.287244
1.23536,0.339519
1.13539,1.22096
1.26051,0.0974302
1.12521,1.35061
1.1989,0.503052
1.19611,0.453552
1.23152,0.154754
1.24408,0.0566079
1.19801,0.490972
1.21008,0.318615
1.14392,1.06755
1.22769,0.0461974
1.22675,0.374585
1.22843,0.151523
1.19481,0.778406
1.19642,0.52529
1.19108,0.724797
1.23484,0.213003
1.21568,0.574403
1.15679,0.895109
1.18128,0.731947
1.17155,0.758107
1.17431,0.746017
1.20983,0.398892
1.1333,1.18376
1.16429,1.16292
1.20865,0.366245
1.18737,0.659816
1.185,0.754356
1.21586,0.484999
1.1661,1.04131
1.17847,0.580681
1.13364,1.22791
1.13141,1.20753
1.22798,0.363265
1.24704,0.455113
1.13602,1.14362
1.21569,0.236291
1.1698,0.805752
1.2099,0.471258
1.16914,0.70852
1.16739,0.753977
1.20832,0.453075
1.15883,0.751031
1.1614,0.784889
1.14646,1.08956
1.15097,0.947493
1.18887,0.607009
1.18061,0.913927
1.17017,0.966865
1.20937,0.444253
1.22694,0.40065
1.17746,0.886026
1.16229,0.735526
1.17926,0.771441
1.27366,-0.291371
1.18523,0.677101
1.19247,0.64689
1.20425,0.408947
1.20951,0.212248
1.22528,0.235239
1.18825,0.441524
1.19581,0.724319
1.19569,0.512756
1.19085,0.647439
1.1624,1.01177
1.21824,0.343084
1.15597,0.95079
1.22173,0.468103
1.17901,0.728759
1.19775,0.823481
1.21715,0.198964
1.24512,0.0420906
1.15207,0.978976
1.14507,0.855852
1.25824,-0.0134885
1.21766,0.276359
1.15866,0.858233
1.29016,-0.478902
1.19064,0.519422
1.21017,0.484525
1.19097,0.580482
1.21765,0.339076
1.18823,0.775926
1.11743,1.33813
1.18829,0.573295
1.18288,0.48402
1.24133,-0.149992
1.21538,0.323912
1.16068,0.965022
1.19697,0.442206
1.19208,0.606331
1.17292,0.84113
1.19151,0.708797
1.23487,0.132035
1.16638,0.575655
1.1568,0.973677
1.19092,0.718182
1.18597,0.838506
1.15854,1.03549
1.19548,0.509732
1.17985,0.728709
1.22672,0.329609
1.24187,0.126195
1.18733,0.481463
1.18536,0.683113
1.16006,0.915947
1.16157,0.918998
1.1898,0.443985
1.11044,1.46093
1.22392,0.368521
1.19207,0.490788
1.26043,-0.0919867
1.19344,0.575322
1.2197,0.501023
1.16015,1.15682
1.2491,0.0559982
1.1765,0.907482
1.22583,0.191307
1.23475,0.29843
1.19132,0.720203
1.18807,0.638367
1.25414,-0.04105
1.185,0.811829
1.17121,0.572312
1.19605,0.748749
1.15456,0.95065
1.15963,0.803773
1.26411,-0.0881414
1.16701,1.02384
1.20797,0.319339
1.19587,0.574511
1.17696,0.899175
1.19428,0.712765
1.23408,0.0791126
1.22913,0.0403082
1.18648,0.592144
1.17046,0.844192
1.2029,0.284367
1.17056,0.843969
1.17085,0.706575
1.21508,0.316698
1.18861,0.514171
1.26253,0.188698
1.20245,0.567557
1.21302,0.508026
1.18298,0.826091
1.17157,0.870745
1.20917,0.470772
1.14697,0.862481
1.16847,0.677263
1.14553,0.914867
1.18156,0.935086
1.16597,0.851376
1.17406,0.809018
1.17368,0.592849
1.23478,0.252354
1.15585,0.805868
1.10704,1.58459
1.21163,0.429844
1.20856,0.350231
1.17388,0.799684
1.19381,0.584051
1.18615,0.542033
1.21338,0.565496
1.20399,0.416489
1.20679,0.579404
1.2302,0.159385
1.18978,0.647609
1.1184,1.34298
1.1457,0.974588
1.21062,0.405655
1.16968,0.818471
1.23319,0.260456
1.20158,0.497238
1.18896,0.624938
1.23271,0.146312
1.12678,1.18498
1.18252,0.747333
1.19318,0.626999
1.21776,0.192608
1.14124,0.967867
1.24423,0.168023
1.2056,0.564313
1.17263,0.976463
1.2126,0.466823
1.14928,0.915305
1.16586,0.713555
1.18154,0.555471
1.19245,0.505965
1.19898,0.368885
1.20489,0.47473
1.19352,0.45818
1.14389,0.922216
1.12157,1.08399
1.17591,0.718206
1.18372,0.702345
1.17925,1.11307
1.26367,0.0581542
1.1534,1.10368
1.1454,0.965262
1.17396,0.948178
1.21249,0.340152
1.19055,0.688689
1.16862,0.796852
1.17666,0.987965
1.16296,0.739584
1.25637,0.00151728
1.20732,0.31535
1.20345,0.42013
1.19469,0.688513
1.18877,0.725926
1.21861,0.580734
1.2196,0.298728
1.18678,0.843689
1.24342,0.0918558
1.16921,1.01993
1.15147,0.900078
1.22305,-0.0757997
1.19715,0.374334
1.1953,0.674578
1.18891,0.595045
1.13296,1.09493
1.16572,0.955509
1.23032,0.216415
1.2493,0.294347
1.20154,0.581367
1.24269,0.367845
1.23515,0.221088
1.16805,0.689687
1.18455,0.451214
1.19677,0.594237
1.17483,0.750624
1.20469,0.532985
1.187,0.702601
1.19042,0.706202
1.21117,0.429204
1.19371,0.528231
1.16635,0.817416
1.1876,0.608744
1.17925,0.814514
1.16581,0.994705
1.20144,0.659177
1.1454,1.20343
1.21726,0.333069
1.20693,0.30117
1.25247,-0.0894811
1.22671,0.40362
1.18602,0.68698
1.17777,0.790609
1.18446,0.633871
1.17855,0.518112
1.18125,0.584573
1.16654,0.911625
1.1375,1.23663
1.18891,0.549779
1.22184,0.330353
1.24459,-0.262003
1.19634,0.587541
1.22747,0.527589
1.21013,0.603559
1.11967,1.35349
1.16613,0.737112
1.24356,-0.0768412
1.17441,0.589004
1.24714,0.0137915
1.20659,0.442297
1.15096,0.976756
1.17882,0.696467
1.22083,0.417006
1.21279,0.408064
1.22105,0.324812
1.1682,0.740347
1.24125,-0.0357666
1.16328,0.935647
1.15679,0.970741
1.16452,0.65306
1.25335,0.0445281
1.16229,0.874022
1.11942,1.20824
1.15766,1.10217
1.22473,0.313055
1.21308,0.220993
1.19164,0.526429
1.12583,1.31371
1.21449,0.585726
1.18577,0.737284
1.17106,0.625734
1.20578,0.748409
1.22578,0.280076
1.23083,0.353242
1.18852,0.587815
1.16209,1.08867
1.17198,0.839186
1.14277,1.07328
1.18934,0.540094
1.17436,0.666364
1.18409,0.76456
1.20213,0.441869
1.13282,1.32167
1.16642,0.834691
1.20856,0.382654
1.2236,0.410158
1.17846,0.755591
1.18005,0.606474
1.2131,0.460308
1.15758,0.823193
1.2173,0.494573
1.23733,0.172675
1.22561,0.119951
1.19695,0.67496
1.20551,0.392353
1.23586,0.190372
1.1924,0.550379
1.20986,0.566835
1.19732,0.613902
1.22895,0.280747
1.16739,0.858127
1.1942,0.804594
1.20472,0.434635
1.26224,0.00767827
1.17844,0.601672
1.24216,0.142917
1.20635,0.432241
1.19824,0.669472
1.21393,0.388177
1.19948,0.639452
1.17707,0.664453
1.14598,0.97952
1.18771,0.823233
1.19977,0.511534
1.14252,1.06037
1.17725,0.858572
1.17769,0.673137
1.18454,0.639389
1.24679,0.0725324
1.21625,0.426578
1.22883,0.344797
1.18045,0.620329
1.20505,0.437704
1.1741,0.981485
1.21335,0.217537
1.172,0.828295
1.16798,0.743946
1.20078,0.717894
1.19769,0.490841
1.18442,0.719467
1.23146,0.425427
1.15649,1.02061
1.15284,0.968237
1.20236,0.592193
1.23023,0.133911
1.16654,0.933849
1.20533,0.387972
1.15389,1.0612
1.17381,0.805505
1.20051,0.462747
1.22375,0.322454
1.15728,1.08622
1.18407,0.678725
1.24461,0.0772549
1.22762,0.304609
1.16474,0.770012
1.20529,0.497222
1.18604,0.486746
1.17604,0.780183
1.23861,0.301673
1.14149,0.96658
1.20155,0.38582
1.17051,0.665598
1.13025,1.17579
1.09665,1.42209
1.19899,0.604412
1.26953,-0.273583
1.18918,0.606464
1.1844,0.705869
1.24351,0.25739
1.27294,-0.0550388
1.14925,0.943034
1.21324,0.304732
1.21696,0.38953
1.21601,0.363242
1.24779,-0.0184828
1.1263,1.30613
1.23367,0.136644
1.17133,0.607811
1.23194,0.12317
1.11072,1.28071
1.14586,1.24463
1.23368,0.301025
1.17027,0.765287
1.18504,0.644327
1.24822,0.154674
1.12719,1.25164
1.19732,0.671255
1.20858,0.520872
1.18113,0.801321
1.18271,0.739043
1.22295,0.309779
1.23761,0.269237
1.18267,0.613594
1.16582,0.841375
1.18683,0.737763
1.1685,0.924078
1.20661,0.48587
1.12423,1.34762
1.14473,1.15085
1.17415,0.865782
1.24097,0.0383765
1.20594,0.638135
1.22836,0.234611
1.13296,1.14739
1.23316,0.264322
1.20018,0.597247
1.13969,1.12502
1.206,0.37991
1.21005,0.561375
1.20597,0.739719
1.19394,0.647508
1.19228,0.597703
1.19606,0.492754
1.17242,0.916043
1.24361,-0.15939
1.13635,1.02691
1.20614,0.637672
1.1179,1.35673
1.18509,0.630221
1.25676,0.00652346
1.22913,0.259718
1.22343,0.254033
1.19164,0.806112
1.22901,0.247423
1.15412,0.919561
1.20195,0.812823
1.18064,0.744326
1.18998,0.597886
1.17854,0.663195
1.22192,0.177932
1.20594,0.346968
1.19959,0.687328
1.21443,0.418654
1.18201,0.609011
1.13453,0.996798
1.21013,0.249952
1.21637,0.359774
1.16895,0.725762
1.18927,0.604014
1.16345,0.907148
1.21359,0.343545
1.19519,0.448363
1.15491,1.00528
1.22338,0.133607
1.1869,0.44577
1.18534,0.721611
1.26386,-0.289592
1.16922,0.787267
1.23056,0.30296
1.20921,0.5055
1.20443,0.475762
1.16994,0.975538
1.20002,0.557356
1.22119,0.252407
1.19561,0.500855
1.22861,0.47308
1.16888,0.941239
1.21237,0.360845
1.18363,0.612213
1.15151,0.867194
1.16755,0.795913
1.20341,0.472499
1.1602,0.866037
1.23611,0.186521
1.14398,0.995947
1.23711,-0.110966
1.17479,0.830317
1.13401,1.2296
1.18247,0.613788
1.21882,0.254092
1.10398,1.47383
1.16543,0.861642
1.16061,0.926843
1.16391,0.814083
1.13976,1.302
1.14279,0.937771
1.20554,0.443556
1.16875,0.855828
1.22277,0.297196
1.20421,0.339372
1.20187,0.500269
1.18805,0.751626
1.22082,0.206857
1.17319,0.782659
1.17351,0.79372
1.23861,0.0556854
1.16231,0.898655
1.21843,0.288742
1.27164,-0.192859
1.21743,0.163927
1.20193,0.425247
1.16793,1.09746
1.17145,0.860504
1.16576,0.854721
1.17257,0.643035
1.19922,0.446023
1.19347,0.627042
1.24136,0.170325
1.1642,0.771478
1.22223,0.416673
1.20383,0.563495
1.15506,1.08822
1.1894,0.41173
1.21319,0.371065
1.18058,0.685001
1.1529,1.04768
1.17561,0.832216
1.11805,1.33455
1.22962,0.332024
1.1994,0.342468
1.19759,0.417088
1.22461,0.290776
1.23839,0.126638
1.21704,0.272974
1.20024,0.617248
1.14438,1.07706
1.17944,0.677903
1.13413,1.0859
1.19319,0.711057
1.20522,0.475404
1.2066,0.540428
1.14495,1.07697
1.16231,0.997272
1.16979,0.753527
1.19255,0.650269
1.15769,1.1053
1.29527,-0.337761
1.19128,0.795725
1.18957,0.473549
1.19253,0.516181
1.22,0.423361
1.17259,1.00622
1.13762,1.23743
1.19641,0.860837
1.19602,0.613003
1.20273,0.561798
1.15659,0.794888
1.17723,0.706177
1.25234,0.0683049
1.08996,1.33476
1.17453,0.781562
1.1297,1.18386
1.14947,1.07395
1.19005,0.710223
1.14476,1.29321
1.17494,0.49711
1.20981,0.359709
1.20772,0.524367
1.20842,0.359032
1.23995,0.295697
1.12684,1.08916
1.17179,0.868987
1.17518,0.767672
1.24981,-0.0683954
1.20752,0.350013
1.19341,0.617471
1.17024,0.712608
1.14798,1.22041
1.14193,1.02728
1.15616,0.888435
1.15359,0.917069
1.19893,0.62742
1.1632,0.837123
1.18853,0.520539
1.22077,0.518535
1.19433,0.636957
1.1601,1.02981
1.14347,1.08537
1.14169,1.03977
1.19415,0.592917
1.15811,1.11106
1.2069,0.406669
1.17321,0.867401
1.1911,0.427668
1.19066,0.52832
1.16121,1.06607
1.18465,0.787285
1.21723,0.308674
1.22681,0.233142
1.23737,0.103973
1.18374,0.585556
1.2085,0.386361
1.14813,1.02109
1.1527,0.955358
1.17596,0.862478
1.17494,0.559383
1.19737,0.535107
1.20207,0.712853
1.2166,0.419588
1.13718,1.17519
1.19934,0.374347
1.1666,0.907211
1.18834,0.580397
1.14324,1.01875
1.20493,0.37621
1.18796,0.592512
1.2134,0.434842
1.206,0.554875
1.13907,1.13621
1.13206,1.16439
1.18743,0.570485
1.18832,0.456315
1.1984,0.639368
1.232,0.340232
1.18768,0.617935
1.21567,0.366454
1.20182,0.334918
1.17246,0.670173
1.23314,0.29093
1.19152,0.663008
1.21237,0.469885
1.20945,0.334671
1.18224,0.658232
1.18133,0.960484
1.20234,0.707934
1.2098,0.388684
1.18834,0.647935
1.19786,0.4854
1.23274,0.21273
1.19058,0.393049
1.15643,0.999004
1.17595,0.814218
1.19111,0.547342
1.17181,0.819918
1.20861,0.70593
1.16884,0.893758
1.19552,0.526568
1.22571,0.176896
1.21117,0.351201
1.22123,0.331757
1.18982,0.569612
1.17826,0.62536
1.20197,0.536639
1.24711,-0.0407686
1.2378,0.0938839
1.19403,0.533948
1.14112,1.06183
1.16576,0.997485
1.1858,0.519247
1.22755,0.275812
1.19646,0.616646
1.21838,0.383878
1.21329,0.15108
1.2158,0.575181
1.22879,-0.0350966
1.22615,0.0629301
1.18003,0.955899
1.17822,0.615196
1.24561,0.153704
1.1906,0.643646
1.13304,1.26311
1.10214,1.51833
1.19187,0.482261
1.14575,0.884008
1.21899,0.303066
1.22663,0.0607689
1.21656,0.382246
1.26775,0.0575238
1.22148,0.267137
1.20676,0.386864
1.1799,0.863542
1.19421,0.596746
1.15303,0.887905
1.20684,0.278696
1.23978,0.0235009
1.13531,1.04806
1.1526,1.25513
1.1666,0.79428
1.19973,0.747578
1.22855,0.431519
1.21567,0.0433826
1.23301,0.143252
1.22044,0.283048
1.16092,0.640616
1.14868,1.09323
1.15078,1.15188
1.16433,0.792015
1.16911,0.942035
1.16442,0.81175
1.20781,0.283684
1.19249,0.603437
1.19016,0.747808
1.26149,-0.0876019
1.19996,0.501737
1.20837,0.630684
1.15845,0.791357
1.17935,0.689297
1.2172,0.200707
1.20899,0.443097
1.21465,0.584597
1.19589,0.751923
1.17856,0.716505
1.20087,0.387416
1.21654,0.280415
1.23158,-0.105816
1.29957,-0.350803
1.19175,0.632445
1.19711,0.555416
1.18389,0.837114
1.12403,1.36242
1.23603,0.290388
1.21919,0.364825
1.23135,0.238161
1.16183,0.872147
1.16207,0.841391
1.16892,0.800503
1.21656,0.401812
1.21966,0.567883
1.24371,-0.0254345
1.18926,0.909931
1.20543,0.397787
1.11901,1.24599
1.26557,-0.144323
1.21402,0.510092
1.18104,0.700776
1.1523,1.03388
1.1238,1.17151
1.19338,0.529981
1.16028,0.7296
1.17597,0.58278
1.23653,0.12523
1.22015,0.365869
1.21869,0.343168
1.11584,1.41027
1.18579,0.671317
1.24041,0.0416912
1.19008,0.72779
1.1836,0.627838
1.22313,0.252619
1.19852,0.627099
1.2002,0.451848
1.23522,0.182501
1.20052,0.450369
1.18944,0.511688
1.15776,0.89715
1.22139,0.152787
1.17546,0.895813
1.17509,0.692123
1.19997,0.625517
1.19991,0.513753
1.17845,0.520525
1.20278,0.633535
1.13111,1.1318
1.22954,0.0394764
1.16573,0.92282
1.20498,0.476987
1.25194,-0.227004
1.23487,0.265333
1.18056,0.863495
1.18748,0.876424
1.17874,0.80143
1.21221,0.33759
1.20977,0.475044
1.20909,0.486033
1.15971,0.873829
1.17097,0.766531
1.21167,0.528834
1.20662,0.538023
1.21299,0.171131
1.18566,0.610384
1.16409,0.907727
1.15299,1.08972
1.18717,0.720133
1.24347,0.227357
1.16852,0.565342
1.22647,0.391752
1.16863,0.863974
1.28131,-0.316752
1.21782,0.307819
1.23623,0.154007
1.15777,1.03684
1.21744,0.305263
1.20091,0.640664
1.18252,0.683619
1.16558,0.849529
1.20817,0.485903
1.17267,0.61135
1.24219,0.158047
1.13672,1.04422
1.11967,1.42105
1.2015,0.624627
1.20335,0.657558
1.11836,1.4796
1.22213,0.277603
1.25308,0.077908
1.16337,0.901506
1.18115,0.710634
1.12367,1.2213
1.18218,0.743552
1.15899,1.03813
1.2328,0.197626
1.19801,0.642839
1.20304,0.451953
1.11667,1.08807
1.19949,0.553787
1.14564,1.00871
1.19264,0.623417
1.15987,0.759592
1.15996,0.783232
1.16811,0.850548
1.17967,0.677569
1.19519,0.41538
1.19607,0.608942
1.10625,1.4018
1.215,0.606243
1.16453,0.891935
1.18891,0.767104
1.2153,0.341482
1.19117,0.610617
1.19109,0.709389
1.16573,0.807645
1.25372,0.0266666
1.22971,0.249522
1.22891,0.315742
1.23156,0.232061
1.21873,0.234492
1.2418,0.0881553
1.24355,0.0891396
1.14793,0.99797
1.1484,1.13656
1.20518,0.460999
1.18299,0.605601
1.15916,0.945147
1.16137,0.91298
1.18265,0.773833
1.18353,0.480592
1.15099,1.13797
1.20614,0.433443
1.22988,0.217714
1.21648,0.2214
1.22271,0.535715
1.14441,1.2056
1.19409,0.822029
1.17297,0.835401
1.21845,0.560857
1.16573,0.804709
1.15864,1.11525
1.20711,0.529461
1.23835,0.243078
1.21339,0.216733
1.15942,0.721127
1.13603,1.18026
1.1175,1.28787
1.13055,1.07865
1.19755,0.586456
1.17358,0.875081
1.26465,-0.0439385
1.16494,0.904688
1.2632,-0.0580153
1.17781,0.681476
1.25469,0.0732368
1.2066,0.486018
1.1552,0.865378
1.15903,0.978464
1.22994,0.262018
1.18627,0.894766
1.17446,0.696397
1.26695,-0.0279621
1.16011,0.829973
1.19613,0.571641
1.19339,0.68438
1.17433,0.788541
1.14902,1.14358
1.16658,0.782163
1.1532,0.851915
1.17438,0.752105
1.22063,0.469448
1.16286,0.807104
1.13903,1.11836
1.24488,-0.00121897
1.17033,0.700923
1.19784,0.568767
1.20297,0.580646
1.17068,0.799796
1.18197,0.447457
1.15634,0.940823
1.18537,0.548141
1.2341,0.302336
1.17879,0.851658
1.19414,0.508711
1.22648,0.408859
1.14887,1.0794
1.14992,0.897766
1.17875,0.807714
1.2062,0.571262
1.24081,-0.0245129
1.19656,0.494077
1.16536,0.842722
1.16443,0.781487
1.19321,0.612115
1.14987,0.802932
1.22325,0.402728
1.17975,0.621712
1.14962,0.884066
1.17042,0.961195
1.22177,0.226718
1.16036,0.930548
1.14096,1.26519
1.17757,0.823461
1.19077,0.49343
1.17083,0.60946
1.19117,0.667633
1.24066,0.0600481
1.17764,0.547491
1.23772,0.0818876
1.19474,0.774373
1.20922,0.483747
1.22206,0.273655
1.21943,0.455302
1.19191,0.543068
1.2193,0.484894
1.20859,0.474387
1.19656,0.769321
1.12346,1.42599
1.13827,1.14489
1.16839,0.910632
1.21637,0.203125
1.23305,0.166996
1.14281,0.974053
1.15376,0.842997
1.15789,1.02697
1.19944,0.581593
1.13414,1.15674
1.22756,0.394877
1.21829,-0.0709972
1.15143,1.10056
1.14998,0.96225
1.21833,0.0101433
1.1534,0.919813
1.25436,-0.133694
1.23035,0.281473
1.16522,0.858421
1.24822,-0.0555021
1.14022,1.2298
1.14077,1.10991
1.17501,0.676864
1.17953,0.943295
1.14988,0.902367
1.19666,0.402879
1.20089,0.56317
1.20969,0.389807
1.1605,0.980244
1.20435,0.609961
1.26711,-0.165424
1.18398,0.376049
1.13467,1.08935
1.19501,0.418081
1.19969,0.298489
1.1671,0.982201
1.18741,0.739572
1.17554,0.437444
1.22527,0.204201
1.16775,0.861025
1.17175,1.07848
1.19301,0.494292
1.17103,0.629291
1.18376,0.599772
1.25368,-0.181899
1.17361,0.916036
1.17204,0.851599
1.18491,0.674447
1.1445,1.21824
1.16997,0.871679
1.17384,0.768481
1.22065,0.389211
1.21733,0.43597
1.198,0.293906
1.16628,1.16354
1.18181,0.575878
1.23036,0.23774
1.22714,0.143521
1.17576,0.857833
1.2226,0.370536
1.20364,0.463514
1.19792,0.446201
1.18881,0.797699
1.1664,0.78543
1.2195,0.390235
1.12086,1.20844
1.22616,0.316371
1.23887,0.342986
1.22141,0.33755
1.10266,1.53876
1.08869,1.62185
1.18779,0.452975
1.13058,1.24019
1.21497,0.495598
1.20244,0.475274
1.23589,0.306139
1.18607,0.517961
1.22341,0.535707
1.17635,0.558379
1.20595,0.527103
1.25257,-0.0676143
1.14957,0.897404
1.15608,1.07104
1.15157,1.02675
1.16442,0.770176
1.17117,0.655574
1.16634,0.92307
1.19146,0.685135
1.21239,0.274433
1.24595,-0.020515
1.09892,1.48508
1.20596,0.66187
1.17129,0.814811
1.15967,0.998315
1.19587,0.437384
1.23128,0.153562
1.16388,0.823121
1.20985,0.295599
1.25933,-0.23641
1.16314,0.906533
1.21755,0.450401
1.14612,0.84331
1.19675,0.481034
1.23715,0.181118
1.22553,0.207087
1.19497,0.319417
1.1445,1.02894
1.18205,0.586864
1.18503,0.684037
1.28737,-0.33152
1.21542,0.0685508
1.19825,0.59729
1.26023,-0.156867
1.221,0.224978
1.23142,0.2573
1.15919,1.02875
1.18771,0.692854
1.17595,0.865196
1.19888,0.620751
1.20412,0.429077
1.18578,0.642127
1.21391,0.327854
1.20072,0.445871
1.1976,0.625962
1.22322,0.321495
1.20302,0.488868
1.18762,0.667747
1.19596,0.553574
1.25046,-0.0717748
1.23745,0.276556
1.25757,-0.0905232
1.21208,0.540586
1.20851,0.663508
1.17191,1.02076
1.18788,0.348707
1.162,0.915445
1.15639,0.954312
1.22075,0.410273
1.16291,0.735663
1.24787,-0.135152
1.19878,0.466135
1.19635,0.421652
1.18142,0.887597
1.1934,0.634743
1.14441,0.976623
1.17993,0.949524
1.2191,0.389367
1.19294,0.571077
1.11298,1.59976
1.23685,0.123999
1.1269,0.858983
1.19193,0.741144
1.2634,-0.0510853
1.23012,0.136444
1.23307,0.34157
1.22432,0.279972
1.16028,1.06933
1.16999,0.800223
1.21771,0.337149
1.22967,0.143721
1.17924,0.640929
1.20341,0.420734
1.17686,0.689791
1.15673,0.814643
1.21897,0.169585
1.19134,0.555614
1.20527,0.57409
1.19333,0.541265
1.22189,0.27891
1.2003,0.45685
1.2147,0.1632
1.21046,0.577063
1.22068,0.40238
1.18312,0.845122
1.2032,0.477605
1.18569,0.615002
1.17093,0.800991
1.21237,0.532378
1.17078,0.842822
1.19595,0.71042
1.25085,0.114468
1.21636,0.126407
1.17912,0.851196
1.21669,0.349555
1.20329,0.626119
1.1607,0.998116
1.22512,0.358362
1.21679,0.212805
1.16488,0.745518
1.19461,0.767218
1.14804,1.21562
1.22634,0.0875912
1.14738,0.764813
1.08281,1.70162
1.17607,0.694236
1.17578,0.759533
1.20024,0.66708
1.20699,0.240077
1.28556,-0.329665
1.16163,1.11717
1.15705,0.929269
1.08815,1.71255
1.24997,0.160309
1.15727,0.987457
1.22957,0.133141
1.19792,0.595755
1.14248,1.04567
1.14559,0.856824
1.20699,0.591895
1.17413,0.823281
1.19058,0.604633
1.15498,1.14315
1.22717,0.226191
1.207,0.654161
1.20662,0.562367
1.15627,1.11047
1.16789,0.807427
1.21774,0.381333
1.21232,0.571877
1.14627,1.17556
1.17259,0.928756
1.19714,0.517131
1.17791,0.715498
1.17643,0.830345
1.19311,0.694148
1.15215,0.832069
1.21208,0.346177
1.15391,1.15065
1.18109,0.787009
1.18333,0.694489
1.19375,0.582693
1.14749,0.862842
1.14393,1.22718
1.18845,0.879034
1.16671,0.851854
1.16279,0.765897
1.14692,0.96025
1.21087,0.507312
1.16964,0.896268
1.11989,1.13071
1.20968,0.244531
1.24212,-0.128423
1.17631,0.674729
1.18947,0.61427
1.25619,-0.149099
1.12626,1.15351
1.19134,0.673858
1.17181,0.833647
1.16549,0.914671
1.17174,0.686356
1.19946,0.474822
1.21708,0.526391
1.21365,0.387645
1.21075,0.340301
1.13271,1.17385
1.26071,-0.0453841
1.18889,0.727514
1.20179,0.592537
1.19743,0.580428
1.19129,0.594345
1.17999,0.790299
1.21571,0.356324
1.24671,-0.0184655
1.18819,0.596838
1.13704,1.06642
1.11727,1.24712
1.15605,0.820705
1.17846,0.832206
1.2999,-0.380661
1.12297,1.32408
1.19064,0.716913
1.2185,0.288618
1.18872,0.712547
1.26639,-0.159646
1.15002,1.00665
1.21255,0.353309
1.18837,0.710409
1.20792,0.38664
1.24392,0.0113341
1.21484,0.232466
1.16655,0.754152
1.23831,0.0177076
1.18333,0.604761
1.19244,0.86384
1.13906,1.15614
1.21427,0.522072
1.16309,1.01179
1.17827,0.559781
1.2501,0.163163
1.22207,0.158032
1.24021,0.178982
1.20148,0.56642
1.22369,0.451079
1.20036,0.410276
1.19633,0.397023
1.21881,0.443366
1.19363,0.810789
1.16957,0.9581
1.21485,0.254855
1.23681,0.194519
1.19816,0.74411
1.12892,1.25175
1.12647,1.20471
1.26429,-0.222029
1.17109,0.97573
1.14889,1.0637
1.14458,0.909
1.14706,0.92253
1.17472,0.993826
1.19914,0.770603
1.20481,0.446212
1.20427,0.717045
1.17056,0.937036
1.16725,0.782408
1.14015,1.29121
1.14462,0.846509
1.161,0.958709
1.17507,0.663487
1.21075,0.668209
1.20537,0.375381
1.21711,0.433333
1.23704,-0.155424
1.18997,0.763854
1.14538,0.86864
1.15168,0.976946
1.2117,0.680357
1.18522,0.530971
1.17164,0.965273
1.18367,0.723245
1.2002,0.559108
1.1279,1.35945
1.19725,0.458846
1.16817,0.756554
1.22356,0.320485
1.23151,-0.131256
1.21105,0.452854
1.20103,0.544806
1.1695,0.82165
1.2065,0.380512
1.16109,0.925598
1.22973,0.208687
1.17429,0.740457
1.17028,0.609934
1.20577,0.557497
1.17555,0.73534
1.18928,0.590603
1.19553,0.606205
1.18775,0.591416
1.22459,0.224663
1.18312,0.771999
1.20857,0.619199
1.17111,0.765157
1.23131,0.283976
1.20069,0.355539
1.2068,0.347039
1.25526,0.187671
1.20365,0.541651
1.18852,0.48511
1.26767,0.0827845
1.1893,0.608091
1.1805,0.698487
1.12435,1.24839
1.25945,-0.06464
1.15452,0.715924
1.18441,0.653489
1.20752,0.340055
1.17144,0.643765
1.27504,-0.168792
1.21083,0.372871
1.18445,0.690552
1.24782,0.0235217
1.17261,0.824884
1.21241,0.29417
1.1728,0.730323
1.12958,1.24005
1.17019,1.10771
1.22502,0.309911
1.19666,0.650975
1.14044,1.00959
1.2017,0.461185
1.16506,0.825926
1.21093,0.360336
1.19402,0.830898
1.19975,0.366755
1.209,0.416204
1.17682,0.837811
1.23593,0.10479
1.21492,0.319847
1.22214,0.450644
1.22278,0.325423
1.17188,0.783774
1.15908,0.998655
1.13945,0.851937
1.20153,0.44038
1.21877,0.511142
1.27281,-0.184856
1.16267,0.869241
1.12681,1.3189
1.20554,0.395545
1.21612,0.486029
1.21859,0.294484
1.16851,0.712845
1.18595,0.84721
1.20242,0.400802
1.14121,1.06512
1.18991,0.732864
1.15745,0.913356
1.11232,1.26237
1.256,-0.0375458
1.21735,0.539438
1.19273,0.499134
1.21513,0.333193
1.2392,0.24133
1.24077,0.213291
1.18398,0.579941
1.22114,0.445182
1.18863,0.702678
1.22164,0.236542
1.15709,0.930527
1.20548,0.578598
1.22093,0.420688
1.25701,-0.155475
1.19169,0.551657
1.18538,0.608017
1.17286,0.892047
1.16707,0.954292
1.15506,0.999973
1.26048,-0.167916
1.2089,0.621988
1.23186,0.38433
1.12694,1.13341
1.18324,0.614107
1.1619,0.926778
1.17427,0.803886
1.18541,0.496459
1.21566,0.343363
1.1901,0.48747
1.24699,0.099772
1.23098,0.153579
1.21853,0.306701
1.19277,0.48953
1.23235,0.195591
1.11082,1.56458
1.14529,0.80839
1.16453,0.935267
1.20345,0.479062
1.12756,1.35323
1.21443,0.15789
1.22973,0.224301
1.20808,0.484381
1.20962,0.283476
1.18528,0.839425
1.14396,1.03705
1.16371,1.17161
1.13072,1.12112
1.19441,0.577392
1.21971,0.285109
1.19645,0.572818
1.25753,-0.0883566
1.24215,0.0326761
1.208,0.403347
1.18947,0.718684
1.22007,0.224492
1.2203,0.34334
1.16176,0.912625
1.18619,0.679014
1.20177,0.513494
1.20734,0.785461
1.25018,-0.0439441
1.22672,0.151925
1.13818,1.02112
1.18808,0.709467
1.23646,0.332672
1.18554,0.991147
1.19778,0.737668
1.20993,0.42041
1.20558,0.493343
1.22283,0.368354
1.2088,0.348736
1.21636,0.229539
1.13624,1.06873
1.06827,1.76407
1.24373,-0.0330595
1.19518,0.570965
1.20317,0.348437
1.25416,0.0277907
1.09406,1.57766
1.23242,0.157934
1.19641,0.665591
1.16712,0.929356
1.15646,0.935146
1.14512,1.05038
1.16893,0.991455
1.19171,0.673652
1.28679,-0.275625
1.21961,0.391595
1.19588,0.722299
1.11677,1.48229
1.15925,0.8431
1.12532,1.36656
1.18298,0.607124
1.20423,0.386968
1.16287,0.942996
1.15864,0.999993
1.15731,0.935239
1.18561,0.778092
1.19297,0.553367
1.19566,0.40074
1.20227,0.486706
1.19438,0.559368
1.19378,0.502341
1.25453,0.0205655
1.26484,-0.180267
1.14976,1.16097
1.17955,0.925023
1.20392,0.42905
1.14157,1.31929
1.20007,0.795107
1.24931,-0.0756259
1.14428,1.11414
1.18103,0.582054
1.1948,0.538789
1.22092,0.274659
1.19923,0.400803
1.20657,0.596636
1.13357,1.26816
1.1924,0.421344
1.18855,0.797536
1.12,1.38308
1.10601,1.49706
1.23664,0.34343
1.14614,1.20083
1.24058,0.084777
1.22578,0.0647338
1.17499,0.774847
1.19521,0.498775
1.22527,0.465709
1.21141,0.33364
1.22234,0.492661
1.15004,1.31609
1.18222,0.719306
1.15976,0.978402
1.19592,0.605196
1.16435,0.827901
1.20376,0.529193
1.19338,0.650117
1.19338,0.658789
1.18139,0.740572
1.19555,0.536773
1.23787,0.152973
1.23106,0.450981
1.17779,0.916574
1.25494,0.0834046
1.18554,0.722715
1.22599,0.288677
1.12031,1.27773
1.18549,0.537323
1.14446,0.936556
1.2033,0.409457
1.25654,-0.0772496
1.14236,1.10411
1.22531,0.362614
1.20301,0.568881
1.22612,0.328052
1.18223,0.628784
1.18811,0.596342
1.18338,0.701166
1.1522,0.944499
1.16695,0.610185
1.11468,1.31924
1.17855,0.870294
1.1451,1.05359
1.18566,0.679527
1.18552,0.916058
1.25318,0.0605892
1.18817,0.66031
1.21272,0.456998
1.23518,-0.00805404
1.21573,0.486534
1.18196,0.542017
1.17214,0.818603
1.17108,0.801843
1.19323,0.59114
1.15401,0.992761
1.22097,0.140108
1.22379,0.262096
1.21733,0.386424
1.19601,0.591521
1.17961,0.578853
1.12623,1.15279
1.1567,1.08966
1.11573,1.38464
1.20076,0.462625
1.16506,0.75706
1.16527,1.01406
1.14088,1.08874
1.1571,0.944184
1.16623,0.85496
1.21173,0.256254
1.18806,0.850748
1.18183,0.837813
1.16454,0.908942
1.23831,0.076651
1.18618,0.777229
1.16093,0.853489
1.17745,0.585765
1.21778,0.504934
1.22013,0.24153
1.18393,0.804658
1.18597,0.586476
1.22149,0.197381
1.15988,0.954497
1.09883,1.30498
1.16549,0.674601
1.19024,0.61318
1.15227,0.770603
1.15267,0.81138
1.20449,0.322502
1.18838,0.710526
1.19911,0.447293
1.18479,0.810526
1.14403,1.17939
1.12996,1.10643
1.24585,0.206433
1.16282,0.867334
1.15475,1.0519
1.14517,1.12337
1.17126,0.889453
1.23593,0.144237
1.18181,0.697715
1.12353,1.21991
1.14279,1.16204
1.20178,0.513163
1.19521,0.35924
1.22047,0.543567
1.12511,1.06067
1.1481,1.03836
1.20528,0.443907
1.18122,0.884082
1.19065,0.496674
1.13318,0.999698
1.21954,0.240026
1.16742,0.861084
1.2048,0.355449
1.15979,0.764732
1.23586,0.290251
1.16764,0.817826
1.2034,0.56813
1.16851,0.715992
1.25299,0.140221
1.21528,0.541992
1.22283,0.0817515
1.17749,0.845651
1.18461,0.677462
1.23775,0.23384
1.18969,0.656593
1.11458,1.23823
1.19064,0.661317
1.21033,0.383474
1.20898,0.301228
1.18112,0.967369
1.19115,0.465698
1.14259,0.984856
1.11937,1.35286
1.21384,0.503659
1.22441,0.561058
1.2164,0.315086
1.20303,0.44135
1.18148,0.52468
1.17899,0.658286
1.18338,0.860386
1.15579,0.729758
1.1627,0.997947
1.09546,1.59468
1.13018,1.13597
1.19664,0.411598
1.19408,0.738767
1.17593,0.736688
1.17575,0.561662
1.19821,0.561528
1.20794,0.295843
1.13647,1.29388
1.19318,0.65165
1.19285,0.784063
1.22197,0.133122
1.14474,1.11226
1.15886,0.724763
1.19977,0.685071
1.13365,1.11033
1.24123,0.168036
1.24854,-0.174624
1.19885,0.542258
1.16777,0.944338
1.27519,-0.351012
1.26865,-0.0172947
1.16118,1.08947
1.14684,0.98925
1.1923,0.643569
1.14818,0.92361
1.22858,0.297048
1.12442,1.1432
1.16752,0.782693
1.24852,-0.233241
1.12582,1.2833
1.17666,0.79196
1.16123,1.04396
1.10995,1.42574
1.11593,1.41287
1.17182,0.847062
1.23956,0.0677422
1.19904,0.431346
1.1533,0.983424
1.21277,0.476084
1.1845,0.669048
1.19025,0.777111
1.19903,0.581213
1.19399,0.560202
1.21569,0.475289
1.17591,0.808806
1.14366,0.930146
1.20826,0.434559
1.1707,0.929036
1.15836,1.1016
1.18808,0.560918
1.23316,0.0262835
1.17369,0.685978
1.2653,-0.0346646
1.18879,0.614083
1.16005,1.12438
1.22648,0.249291
1.16766,0.920108
1.21481,0.537263
1.18568,0.860257
1.17591,0.806503
1.23088,0.325951
1.24223,-0.0433789
1.22292,0.531799
1.16754,0.795243
1.19963,0.533584
1.18719,0.441445
1.15996,1.01067
1.215,0.280625
1.16555,0.787544
1.19248,0.576803
1.19263,0.620253
1.15503,0.670479
1.13685,0.975607
1.23132,0.109603
1.18632,0.518133
1.18675,0.671516
1.14096,0.974371
1.1812,0.726633
1.15148,1.03669
1.16116,0.92265
1.20878,0.259302
1.19032,0.660149
1.17833,0.628017
1.14607,0.853566
1.17774,0.758486
1.19789,0.464677
1.19081,0.681994
1.15359,0.866398
1.18024,0.693276
1.18757,0.493147
1.16843,0.884165
1.20204,0.607037
1.19699,0.441077
1.21956,0.26955
1.1883,0.649656
1.21297,0.599265
1.23489,0.449171
1.18962,0.852449
1.2088,0.343987
1.14066,1.09992
1.18848,0.535584
1.1129,1.53808
1.19409,0.665211
1.22924,0.173317
1.17181,0.875017
1.25278,-0.00506486
1.18245,0.712404
1.19185,0.60748
1.19168,0.468915
1.20384,0.464398
1.24003,-0.0447156
1.16137,0.962535
1.19209,0.519152
1.17873,0.763869
1.12561,1.18348
1.21354,0.44418
1.15493,1.19057
1.1766,0.689056
1.2631,-0.0867229
1.20553,0.503611
1.22296,0.249342
1.23034,0.193918
1.18521,0.673758
1.14409,1.04271
1.20244,0.741237
1.23199,0.280641
1.19534,0.662268
1.18516,0.807148
1.21712,0.328779
1.20016,0.5761
1.17828,0.867359
1.20924,0.547583
1.15502,0.759018
1.16614,0.826564
1.21108,0.190766
1.23136,0.160864
1.19395,0.29679
1.138,1.27296
1.19148,0.638183
1.17326,0.522435
1.24173,0.279823
1.17039,0.702197
1.18324,0.784492
1.20368,0.569399
1.2092,0.33072
1.1851,0.640216
1.23637,0.13663
1.16586,0.887396
1.22785,0.238809
1.225,0.177892
1.2268,0.2197
1.1718,0.770547
1.24233,0.100398
1.21218,0.311663
1.18866,0.742876
1.13724,1.11153
1.22848,0.197214
1.16842,0.846164
1.20909,0.329941
1.20284,0.404128
1.18058,0.881534
1.17354,0.916276
1.17007,0.912003
1.25653,-0.0445722
1.24029,0.0106113
1.17596,0.789467
1.16877,0.909835
1.19942,0.527935
1.19996,0.522541
1.14667,1.14874
1.18526,0.925656
1.17079,0.634503
1.2169,0.564548
1.20681,0.53544
1.2035,0.294563
1.19206,0.593201
1.19414,0.4976
1.21235,0.508731
1.17213,0.877686
1.2064,0.533841
1.18789,0.762597
1.16961,0.689318
1.15077,0.95349
1.18061,0.893172
1.19536,0.687217
1.25962,-0.0689221
1.16751,0.95628
1.18779,0.786767
1.18818,0.561281
1.22721,0.449937
1.1891,0.398736
1.17709,0.668911
1.18808,0.534994
1.14471,1.40698
1.20053,0.591171
1.23895,0.0538463
1.24326,-0.00758214
1.23657,0.205207
1.21741,0.353437
1.17034,0.723479
1.25858,-0.0391389
1.15341,0.890273
1.15746,1.11185
1.16442,0.697402
1.19104,0.745231
1.22382,0.506962
1.17723,0.825567
1.14997,1.00732
1.19468,0.566446
1.19324,0.831743
1.16537,0.833773
1.17974,0.755467
1.22488,0.332136
1.25241,0.113005
1.14304,1.19029
1.20843,0.425075
1.14002,1.0444
1.21704,0.407787
1.26545,-0.00659197
1.20133,0.806323
1.19315,0.580342
1.23217,0.229373
1.20263,0.334668
1.18558,0.71716
1.19205,0.437143
1.13143,1.35053
1.21182,0.453179
1.16054,0.930748
1.25377,-0.0507625
1.22366,0.274824
1.23817,0.326918
1.15343,0.864677
1.23711,-0.0404094
1.1564,0.985641
1.20811,0.434695
1.206,0.633762
1.09505,1.45454
1.14112,1.04905
1.16219,0.889907
1.14714,1.25962
1.21688,0.404997
1.17517,0.826386
1.14491,1.09349
1.16925,0.737381
1.17534,0.792306
1.20348,0.37948
1.18741,0.477766
1.14644,0.939152
1.27007,-0.136982
1.22646,0.289568
1.21471,0.331721
1.15606,0.907029
1.17863,0.977611
1.16245,1.01143
1.14069,0.952379
1.23338,0.230564
1.1676,0.772559
1.1562,1.00494
1.09845,1.59675
1.19567,0.618013
1.20212,0.551133
1.18897,0.758323
1.19172,0.581401
1.21475,0.458731
1.17842,0.778575
1.18543,0.658042
1.16464,0.826268
1.2049,0.42031
1.209,0.651945
1.19015,0.547717
1.21721,0.498721
1.2172,0.228062
1.18476,0.674955
1.10968,1.4811
1.23827,0.367917
1.1816,0.70709
1.23533,0.21662
1.13538,1.23429
1.19843,0.505891
1.19297,0.521886
1.15426,0.739047
1.15168,1.19512
1.20099,0.455876
1.32139,-0.668244
1.1931,0.549879
1.22507,0.374713
1.18761,0.732804
1.15824,1.06343
1.24149,0.0757689
1.22384,0.315357
1.2328,0.259723
1.16477,0.996072
1.14972,0.931842
1.20774,0.396073
1.19364,0.539476
1.20143,0.408646
1.2381,0.238464
1.19239,0.43102
1.16424,0.867526
1.19239,0.71507
1.22879,0.154222
1.2339,0.260004
1.25171,0.287655
1.20013,0.424244
1.20234,0.51596
1.23267,0.2349
1.13935,1.11311
1.16049,1.02581
1.19199,0.550081
1.21969,0.328872
1.19023,0.815552
1.16152,0.927011
1.21529,0.355881
1.21188,0.465109
1.26393,-0.292484
1.16781,0.741296
1.15006,1.02802
1.27404,-0.279443
1.17366,0.5662
1.23428,0.0162044
1.13679,1.19004
1.12088,1.4814
1.19973,0.617404
1.19572,0.578958
1.1762,0.906609
1.18531,0.6648
1.23644,0.0277798
1.21112,0.525352
1.19805,0.516854
1.22192,0.106564
1.1749,0.765012
1.22425,0.332766
1.23015,0.306351
1.15702,0.891473
1.24605,-0.107224
1.21166,0.327469
1.20963,0.45976
1.15637,1.32463
1.23492,0.232794
1.1503,0.801909
1.13837,1.11401
1.19225,0.7659
1.18434,0.667488
1.16006,0.879042
1.1907,0.714469
1.13514,1.26186
1.20479,0.495264
1.17442,0.650838
1.21422,0.341236
1.21575,0.588485
1.15504,0.782407
1.22646,0.435326
1.21914,0.474421
1.19026,0.716057
1.19145,0.537729
1.18737,0.563209
1.2002,0.642782
1.2208,0.257945
1.15558,0.934949
1.18195,0.488771
1.27875,-0.624199
1.185,0.757842
1.23639,0.046984
1.16319,0.90129
1.21504,0.407226
1.17098,1.01552
1.16104,0.820301
1.17007,0.562927
1.23633,0.304292
1.17917,0.779021
1.24196,-0.0782023
1.15776,1.01765
1.19013,0.536871
1.24186,0.212309
1.11996,1.29434
1.2253,0.307255
1.22054,0.420005
1.20331,0.503123
1.12407,1.08497
1.1847,0.718082
1.20277,0.687709
1.22877,0.372193
1.20782,0.303335
1.26631,-0.213667
1.12039,1.28057
1.156,0.99511
1.12311,1.26176
1.23499,-0.00674173
1.17654,0.580938
1.15975,0.980966
1.1766,0.67461
1.16438,0.960068
1.1493,0.843715
1.229,0.354824
1.13663,1.024
1.1834,0.779045
1.19283,0.43065
1.17107,0.869066
1.18949,0.625241
1.18989,0.55488
1.18724,0.607193
1.22388,0.463853
1.16286,1.09736
1.18993,0.448484
1.19062,0.4183
1.1876,0.527303
1.22115,0.239147
1.23247,0.21155
1.16159,0.720293
1.19673,0.545303
1.15481,1.02089
1.19061,0.747619
1.19323,0.709689
1.18534,0.726677
1.13482,1.16817
1.17696,0.776707
1.28996,-0.490351
1.26706,-0.075118
1.17406,0.703638
1.20337,0.470372
1.20094,0.571548
1.16951,0.846748
1.15072,1.00512
1.21719,0.234732
1.22824,0.265811
1.16171,0.816548
1.20568,0.552755
1.15713,0.881542
1.21629,0.379853
1.23261,0.142591
1.15451,1.03875
1.11341,1.37258
1.19676,0.332034
1.14651,1.08633
1.23449,0.341051
1.16001,0.928714
1.18346,0.84248
1.16496,0.728665
1.17023,0.881863
1.17349,0.776932
1.19916,0.459403
1.24913,0.0930702
1.23382,0.341162
1.23078,0.074564
1.19163,0.78429
1.20186,0.745368
1.23155,0.280591
1.22029,0.385267
1.10108,1.71616
1.18336,0.729993
1.19954,0.368271
1.16908,0.976965
1.19729,0.498758
1.19897,0.790347
1.17371,0.631424
1.19419,0.766985
1.21267,0.44471
1.18885,0.47918
1.22351,0.373056
1.12675,1.35825
1.19155,0.55642
1.17943,0.49387
1.2016,0.502272
1.22549,0.357974
1.18596,0.708553
1.19311,0.603394
1.20187,0.54698
1.17905,0.740189
1.18911,0.759106
1.17527,0.690899
1.15414,0.945015
1.22196,0.220139
1.14758,0.840957
1.22583,0.224422
1.19173,0.556492
1.21487,0.358908
1.19058,0.512264
1.21367,0.365002
1.23723,0.0497729
1.18422,0.517564
1.1682,0.855406
1.16404,0.713666
1.1912,0.711554
1.21972,0.210276
1.22736,0.144641
1.22189,0.319968
1.195,0.652445
1.2908,0.014554
1.14653,1.03177
1.14132,1.04987
1.18132,0.566949
1.16625,0.933727
1.1701,0.507969
1.21437,0.511138
1.16879,0.782159
1.2299,0.379332
1.13591,1.31363
1.13555,1.08187
1.15766,0.832409
1.19479,0.4841
1.1996,0.544098
1.17924,0.733629
1.18617,0.691463
1.1865,0.477505
1.18214,0.676274
1.25051,-0.28418
1.1952,0.575338
1.20989,0.407285
1.15297,1.16088
1.22385,0.360671
1.183,0.621246
1.19043,0.561885
1.20798,0.313657
1.20139,0.435497
1.18648,0.759943
1.19586,0.508848
1.16396,0.803369
1.23617,0.23558
1.19178,0.541608
1.25173,-0.00447647
1.20306,0.272747
1.21033,0.492194
1.19413,0.548694
1.15619,0.91152
1.22641,0.271927
1.20198,0.460726
1.21127,0.595876
1.25506,-0.0157142
1.22369,0.32507
1.15359,0.908799
1.20912,0.705508
1.12735,1.33167
1.20514,0.36542
1.16941,0.751639
1.23265,0.0848499
1.19619,0.704171
1.18187,0.653905
1.20016,0.599477
1.21226,0.434759
1.15801,1.07869
1.14993,0.751126
1.10416,1.47093
1.19648,0.488465
1.19185,0.506256
1.24875,0.245948
1.16269,0.902052
1.19645,0.651877
1.22578,0.122267
1.12694,1.35743
1.221,0.314922
1.21307,0.406302
1.13921,1.16368
1.24007,-0.00308348
1.16903,0.842164
1.24595,-0.102932
1.15905,0.968857
1.17729,0.563946
1.23155,0.316781
1.19834,0.33158
1.18412,0.766221
1.16433,0.991941
1.1788,0.528014
1.17721,0.711644
1.19151,0.585625
1.15069,0.91404
1.20628,0.199654
1.14007,1.06778
1.19796,0.531416
1.17066,0.861343
1.28831,-0.349157
1.1883,0.553075
1.1276,1.43522
1.1591,0.814146
1.2701,-0.00829024
1.19631,0.523788
1.17934,0.598045
1.20827,0.292931
1.17391,0.774104
1.11416,1.34136
1.1825,0.618376
1.14086,1.2169
1.26923,-0.236371
1.169,0.914107
1.19935,0.528763
1.14772,1.0415
1.16502,0.749228
1.1982,0.645893
1.19677,0.552574
1.19239,0.712381
1.15336,1.01376
1.14399,0.969557
1.18146,0.732152
1.17717,0.681087
1.22951,-0.003706
1.11413,1.36138
1.24432,-0.0960584
1.20205,0.491921
1.1552,0.913765
1.18487,0.66454
1.19122,0.74305
1.25189,0.157968
1.21318,0.547645
1.18593,0.646836
1.1969,0.362251
1.17489,0.703137
1.23808,0.242422
1.22567,0.385704
1.20909,0.424222
1.17506,0.776419
1.16921,0.932956
1.2257,0.322838
1.18006,0.716078
1.13062,1.26328
1.19899,0.627769
1.16526,0.838489
1.23859,-0.0630228
1.24828,0.15901
1.21227,0.333455
1.12216,1.17345
1.19991,0.438106
1.1652,0.615635
1.19525,0.377058
1.18512,0.822598
1.12707,1.49904
1.24582,0.0147808
1.14202,1.17797
1.18756,0.600381
1.19243,0.498295
1.21372,0.484481
1.16728,0.781882
1.14028,1.08429
1.17934,0.717257
1.12277,1.26479
1.20743,0.276722
1.20329,0.552733
1.20417,0.498496
1.14117,0.989565
1.21835,0.52987
1.21064,0.240328
1.15743,0.796401
1.15586,0.932536
1.18779,0.713642
1.19201,0.625199
1.17169,0.757626
1.18221,0.675623
1.18771,0.712172
1.22045,0.425105
1.15226,1.03759
1.17826,0.848587
1.18164,0.918309
1.17774,0.871322
1.14575,0.823707
1.19251,0.599607
1.22072,0.434417
1.20786,0.351869
1.21677,0.429394
1.16306,0.748682
1.17846,0.713258
1.20278,0.373573
1.20366,0.272469
1.21516,0.23509
1.12661,1.2283
1.22653,0.312001
1.18867,0.659569
1.17937,0.536901
1.22261,0.427876
1.27149,-0.271427
1.17567,0.791074
1.16125,0.914904
1.14603,0.962458
1.18072,0.626341
1.20275,0.337478
1.20871,0.383517
1.17915,0.739421
1.19328,0.497405
1.16666,0.978307
1.22808,0.268311
1.23706,0.224586
1.19006,0.529624
1.23141,0.404626
1.18704,0.641281
1.16538,1.10086
1.14201,1.19449
1.17458,0.893305
1.22513,0.121196
1.2067,0.541569
1.18919,0.64151
1.18658,0.750687
1.24798,0.0729044
1.14652,1.1666
1.26378,-0.337728
1.19805,0.682197
1.20639,0.52572
1.15951,1.02858
1.21306,0.368711
1.19142,0.748915
1.18203,0.860022
1.17419,1.02506
1.24151,0.155508
1.2235,0.257358
1.21578,0.50832
1.21774,0.347058
1.19737,0.52114
1.16344,0.817248
1.21616,0.340075
1.22576,0.511878
1.18575,0.624084
1.17718,0.876877
1.16098,0.821827
1.19357,0.559817
1.1854,0.657306
1.15286,0.905262
1.15628,0.749776
1.21377,0.376922
1.1781,0.710729
1.17654,0.93768
1.20233,0.659521
1.16788,0.798162
1.19508,0.43328
1.19415,0.567361
1.17538,0.827036
1.14211,0.931816
1.13474,1.15782
1.14365,1.09924
1.18519,0.514249
1.18236,0.554443
1.23689,0.281606
1.17519,0.608635
1.2183,0.190795
1.14099,1.17844
1.13657,1.10621
1.19395,0.753382
1.17674,0.928476
1.17006,1.0291
1.15517,0.995736
1.19524,0.548518
1.2194,0.246659
1.19172,0.425604
1.17813,0.898117
1.24921,0.148764
1.16821,0.754049
1.20612,0.328287
1.15089,1.11243
1.16608,0.91687
1.20942,0.385171
1.17768,0.694856
1.18193,0.620646
1.26297,-0.117629
1.20557,0.306446
1.21384,0.45713
1.1777,0.76971
1.21135,0.559273
1.19847,0.817537
1.12285,1.29291
1.17109,0.923705
1.17007,0.704822
1.2358,0.404226
1.22754,0.361286
1.15909,0.847374
1.13839,1.35182
1.15895,0.942667
1.16627,0.891474
1.13495,1.25421
1.18556,0.726687
1.16891,0.827481
1.17837,0.560173
1.24891,0.266428
1.17365,0.95039
1.19094,0.49306
1.21432,0.354718
1.19561,0.882465
1.13701,1.13826
1.19732,0.669257
1.18188,0.860012
1.16614,0.871114
1.09359,1.61576
1.14981,1.07673
1.21029,0.483888
1.25779,0.0378492
1.24258,0.191526
1.21381,0.556535
1.18041,0.77167
1.24275,-0.029964
1.21234,0.288807
1.23696,-0.0114864
1.20268,0.626331
1.1857,0.549403
1.1108,1.40143
1.20304,0.611338
1.20043,0.411744
1.19361,0.516553
1.11777,1.41015
1.21149,0.522423
1.21331,0.52405
1.16895,0.896279
1.22328,0.405699
1.24233,0.103045
1.17761,0.820637
1.15317,0.979291
1.18788,0.571633
1.19496,0.628541
1.18991,0.648148
1.18873,0.65921
1.12507,1.27351
1.23305,0.244711
1.18752,0.583154
1.19175,0.415313
1.20972,0.451736
1.20027,0.730613
1.13113,1.35683
1.21595,0.568315
1.13962,1.34648
1.22346,0.310436
1.22952,0.210568
1.22073,0.297816
1.18219,0.575829
1.20189,0.435456
1.12323,1.19329
1.23132,0.300339
1.21545,0.281851
1.20153,0.524682
1.17884,0.686754
1.21739,0.381512
1.22149,0.572876
1.17783,0.639123
1.18261,0.499494
1.23246,0.247462
1.16742,0.908227
1.22166,0.297999
1.15224,0.878747
1.19583,0.441575
1.15517,1.07611
1.21976,0.574658
1.23172,0.182577
1.18827,0.63614
1.16593,0.885881
1.22143,0.22666
1.11805,1.38866
1.13152,1.18561
1.20844,0.39117
1.1865,0.612936
1.17965,0.75543
1.2306,0.239056
1.21288,0.523508
1.15977,0.922319
1.18155,0.699825
1.19623,0.425825
1.14051,0.990716
1.1588,0.909838
1.14969,0.804802
1.17278,0.907689
1.19168,0.450073
1.1643,0.700499
1.2154,0.514697
1.21611,0.467361
1.19679,0.442003
1.19385,0.556275
1.17844,0.56671
1.19459,0.600173
1.16409,0.989314
1.21512,0.211621
1.21529,0.330068
1.22389,0.218512
1.15458,0.932015
1.16495,0.844468
1.17042,0.831984
1.18353,0.676424
1.18858,0.572254
1.15139,1.04775
1.22472,0.265595
1.24406,-0.11906
1.22315,0.292445
1.17753,0.929294
1.21632,0.180906
1.2308,0.210225
1.1185,1.22762
1.20306,0.432299
1.18126,0.523358
1.18507,0.5214
1.18093,0.812063
1.17261,0.692005
1.17707,0.888826
1.22602,0.112772
1.17535,0.871373
1.18722,0.582007
1.22703,0.375928
1.13602,1.1836
1.24171,0.174243
1.11768,1.12102
1.12145,1.24169
1.19312,0.725658
1.21659,0.311724
1.22103,0.318949
1.19944,0.545662
1.18797,0.788373
1.20417,0.43086
1.14532,0.999618
1.17758,0.741487
1.20194,0.591109
1.20713,0.633605
1.19076,0.750792
1.23421,0.371207
1.2503,0.062661
1.20188,0.545691
1.16789,0.918509
1.17717,0.804801
1.14763,1.02353
1.24231,0.382504
1.19236,0.670963
1.17754,0.887378
1.19319,0.639122
1.19732,0.46619
1.19328,0.499786
1.20966,0.2921
1.21771,0.142683
1.19806,0.90814
1.16307,0.76741
1.11001,1.55675
1.19958,0.555149
1.20004,0.469515
1.19409,0.575347
1.18206,0.870475
1.17428,0.727344
1.20408,0.599505
1.23902,0.197118
1.19548,0.43457
1.18512,0.55268
1.21019,0.165458
1.23883,0.272385
1.17192,0.729723
1.13324,1.18927
1.19419,0.585511
1.24289,0.208698
1.17556,0.834655
1.22326,0.370816
1.14545,1.19223
1.23693,-0.0142705
1.21092,0.37216
1.18838,0.393484
1.23025,0.122348
1.14883,0.999178
1.1845,0.831286
1.11067,1.30502
1.14641,1.15371
1.15884,0.990751
1.15703,1.08376
1.10786,1.54306
1.17312,1.04416
1.18153,0.649386
1.17051,1.04046
1.21298,0.439666
1.23934,0.229969
1.16718,0.576695
1.22448,0.276426
1.17568,0.809578
1.21658,0.435101
1.13812,1.01145
1.24325,0.253395
1.11615,1.18988
1.25244,-0.0763085
1.17979,0.890511
1.15322,0.912567
1.20922,0.434296
1.24478,-0.0824389
1.24675,0.179455
1.15687,0.812482
1.19304,0.554288
1.21691,0.376917
1.20552,0.493289
1.16911,1.06585
1.23081,0.201009
1.16167,0.914948
1.25221,-0.0146614
1.2218,0.325567
1.20112,0.333204
1.24413,0.35436
1.15132,0.961794
1.19312,0.654035
1.16901,0.888298
1.17752,0.698105
1.18687,0.638848
1.20247,0.450349
1.19797,0.357986
1.15834,0.82637
1.14809,0.936278
1.22991,0.223967
1.18917,0.567585
1.20445,0.435718
1.19112,0.479994
1.18059,0.608227
1.15285,0.663764
1.16457,0.884326
1.22453,0.230792
1.2235,0.272532
1.23682,0.0241781
1.2112,0.311022
1.19406,0.614577
1.16357,0.580863
1.16127,0.884536
1.21183,0.374191
1.14367,0.96039
1.23964,0.128631
1.22751,0.259222
1.19463,0.609085
1.20827,0.541605
1.1885,0.710329
1.18949,0.671274
1.20262,0.437833
1.1322,1.17221
1.12667,1.07539
1.20043,0.504265
1.18194,0.527079
1.24845,0.0518496
1.17439,0.962456
1.17169,0.859301
1.23084,0.243879
1.23896,0.21432
1.19552,0.474669
1.16204,0.734424
1.22684,0.30807
1.18965,0.617146
1.2043,0.577664
1.13906,0.995836
1.19789,0.73566
1.20474,0.653617
1.16707,0.881738
1.18037,0.65892
1.17922,0.700051
1.15415,0.866281
1.14442,1.23284
1.19061,0.79921
1.20238,0.412537
1.17526,0.631175
1.15153,0.869688
1.18238,0.891445
1.20999,0.31615
1.22365,0.350984
1.23672,0.270227
1.13044,1.09125
1.18949,0.759112
1.17363,0.792846
1.17671,0.838506
1.17271,0.836282
1.20263,0.383353
1.26588,0.0535016
1.2316,0.411583
1.20892,0.477319
1.15994,1.03951
1.19287,0.447904
1.20551,0.446468
1.16674,0.58774
1.22315,0.276421
1.17848,0.631612
1.19752,0.609308
1.16868,0.868429
1.15565,0.915316
1.23376,-0.0129329
1.17796,0.911884
1.20543,0.456635
1.18319,0.689151
1.24746,0.202349
1.17779,0.859334
1.19381,0.558062
1.19575,0.707924
1.15939,0.869349
1.17659,0.680434
1.13977,0.981321
1.19978,0.42969
1.27671,-0.292178
1.23168,0.260978
1.21193,0.348527
1.19604,0.548587
1.17574,0.715156
1.1565,1.04265
1.18602,0.830512
1.14485,1.02676
1.18435,0.852856
1.20362,0.601573
1.13293,1.00405
1.19311,0.472944
1.2168,0.272247
1.18281,0.527003
1.21251,0.193008
1.18428,0.565762
1.22932,0.223482
1.15925,1.0305
1.1818,0.76992
1.21251,0.567509
1.16221,0.888459
1.23636,0.08327
1.20282,0.412107
1.19692,0.406356
1.21202,0.393067
1.25338,0.106745
1.22659,0.234903
1.17989,0.680951
1.21206,0.45563
1.2053,0.479558
1.25047,0.146915
1.20608,0.492538
1.17862,0.779922
1.16165,0.86998
1.22453,0.398467
1.1559,0.881132
1.22711,0.3348
1.27949,-0.285412
1.20345,0.424405
1.19477,0.621452
1.2397,0.124154
1.17447,0.89718
1.21153,0.327168
1.17782,0.744509
1.18855,0.665811
1.17147,0.859841
1.18686,0.706191
1.22447,0.0511372
1.16696,1.01163
1.20204,0.460691
1.21138,0.272514
1.26383,-0.09074
1.18888,0.518182
1.19309,0.559284
1.21996,0.296657
1.18169,0.722056
1.22999,-0.0427232
1.2467,0.288198
1.17525,0.674331
1.16205,0.882535
1.18974,0.484064
1.17348,0.696213
1.17074,0.736365
1.24871,0.1655
1.19156,0.612332
1.20446,0.542514
1.2027,0.415978
1.19303,0.576648
1.14662,1.03969
1.16853,0.756655
1.25357,-0.0513142
1.19711,0.58169
1.20372,0.0618715
1.14112,1.05267
1.19426,0.284858
1.1998,0.475272
1.2495,0.271302
1.20317,0.524688
1.19608,0.593299
1.15309,1.11605
1.20658,0.497482
1.19927,0.322742
1.23289,0.233389
1.17084,0.992024
1.22963,0.197
1.18484,0.675564
1.18971,0.614867
1.21535,0.274151
1.2202,0.394056
1.19649,0.389469
1.19298,0.82771
1.19507,0.469527
1.15511,0.891098
1.18331,0.510984
1.14347,1.17575
1.21308,0.545518
1.19329,0.615194
1.11867,1.24909
1.14989,1.04926
1.244,0.0101038
1.15005,1.04364
1.2493,-0.0265177
1.18708,0.666958
1.21423,0.279223
1.17599,0.377172
1.15262,1.05714
1.22777,0.302336
1.24332,-0.0236137
1.21143,0.39244
1.203,0.712668
1.17813,0.859861
1.16007,0.996098
1.14997,0.926065
1.2633,-0.0995013
1.15956,0.812213
1.21076,0.398463
1.14602,1.06175
1.19384,0.6073
1.19787,0.420323
1.25276,-0.0363127
1.21954,0.465341
1.22332,0.309363
1.18689,0.719486
1.17725,0.713026
1.19038,0.653404
1.21848,0.281491
1.16576,0.955284
1.24085,0.185302
1.21513,0.339741
1.16,0.761304
1.20397,0.465287
1.18905,0.684987
1.18538,0.700751
1.20665,0.403873
1.19901,0.680454
1.21103,0.337508
1.20611,0.492339
1.23438,0.173297
1.21097,0.540134
1.211,0.606823
1.17352,0.737657
1.23078,0.277791
1.18846,0.586894
1.17057,0.880984
1.18927,0.701164
1.21613,0.116068
1.18231,0.752086
1.19881,0.713515
1.17824,0.934345
1.24233,-0.0549328
1.20229,0.540593
1.22327,0.159091
1.09139,1.55282
1.14727,1.26186
1.19202,0.586849
1.18155,0.927719
1.22414,0.448828
1.17278,0.962554
1.14998,0.860471
1.20736,0.30746
1.21563,0.0738031
1.084,1.51894
1.233,0.196345
1.18702,0.640116
1.22248,0.558828
1.15248,0.974033
1.20289,0.641901
1.16016,0.994855
1.12123,1.37407
1.11037,1.44013
1.1408,1.15489
1.19179,0.743173
1.19637,0.691455
1.19352,0.790927
1.15409,1.03055
1.12387,1.24301
1.19467,0.568899
1.16515,0.995578
1.20852,0.437619
1.14843,1.17067
1.17533,0.656068
1.18624,0.58047
1.18461,0.709821
1.17402,0.686451
1.15246,1.13347
1.18725,0.695835
1.16459,0.873065
1.20296,0.397473
1.13605,1.3395
1.19241,0.530643
1.12128,1.23484
1.16351,0.888727
1.22665,0.245026
1.16224,0.599668
1.21302,0.314159
1.16392,0.752591
1.18871,0.608448
1.16772,0.683042
1.18873,0.583251
1.20421,0.580354
1.17233,0.645939
1.0944,1.56153
1.16622,0.929696
1.23709,0.107942
1.2128,0.384615
1.20364,0.58306
1.25058,-0.0288681
1.23334,0.146829
1.17393,0.918725
1.25336,-0.0902579
1.16423,0.757837
1.14272,1.08262
1.19097,0.713714
1.23318,0.462543
1.24955,0.044102
1.11475,1.25819
1.22074,0.254687
1.20191,0.433537
1.18507,0.820524
1.19343,0.59898
1.24266,0.0769921
1.18248,0.721078
1.22732,-0.105052
1.19816,0.431666
1.22579,0.394572
1.17067,0.869501
1.16778,0.867489
1.27026,-0.119838
1.20181,0.674789
1.1801,0.705362
1.11895,1.16902
1.14548,1.14129
1.16963,0.95436
1.17445,0.630245
1.19421,0.509143
1.20843,0.549965
1.20227,0.647781
1.20351,0.22151
1.21032,0.454901
1.1852,0.699618
1.17828,0.69803
1.18907,0.519771
1.18446,0.635678
1.20181,0.680636
1.15351,0.999758
1.17194,0.607364
1.22681,0.301309
1.15921,0.795638
1.20706,0.416339
1.25086,0.169507
1.23344,0.313137
1.19101,0.692397
1.20068,0.7264
1.1929,0.734296
1.16436,1.01178
1.25051,0.109326
1.18624,0.691181
1.20477,0.527932
1.20609,0.386988
1.20132,0.382342
1.21084,0.3731
1.21988,0.427805
1.20836,0.549236
1.20474,0.436011
1.13523,1.01224
1.19539,0.569481
1.18725,0.809908
1.18284,0.645046
1.19141,0.521142
1.28167,-0.220889
1.22747,0.337454
1.23322,0.17047
1.16003,1.03279
1.23089,0.309169
1.1951,0.618681
1.22343,0.213371
1.19507,0.572974
1.18402,0.510329
1.15574,0.766046
1.20041,0.426653
1.22306,0.383908
1.24258,0.105225
1.16845,0.738905
1.19657,0.356639
1.18346,0.781936
1.22006,0.426291
1.17747,0.81209
1.22395,0.288339
1.2044,0.400195
1.20378,0.709817
1.1904,0.343918
1.19526,0.611804
1.22126,0.343844
1.20565,0.471254
1.16809,0.661764
1.21237,0.422754
1.17039,0.707489
1.23925,0.042096
1.18636,0.639391
1.22845,0.174647
1.21431,0.310985
1.17656,0.663244
1.20782,0.274809
1.14291,0.99998
1.2472,0.0750737
1.19376,0.470814
1.20087,0.574552
1.17671,0.865808
1.15144,1.0385
1.17916,0.607468
1.20512,0.420701
1.21034,0.455295
1.20393,0.47212
1.19155,0.604449
1.19125,0.494263
1.19243,0.34274
1.20015,0.597451
1.20076,0.462682
1.15398,0.913338
1.10286,1.44437
1.17832,0.685125
1.20447,0.440344
1.19677,0.701527
1.19933,0.62277
1.21855,0.378191
1.16515,0.826481
1.13638,1.0288
1.22739,0.170349
1.1792,0.859977
1.21424,0.493808
1.2356,0.0924006
1.19227,0.599531
1.09024,1.55679
1.22858,0.427818
1.19891,0.558898
1.19252,0.616973
1.20118,0.541778
1.2499,-0.0765478
1.18844,0.672986
1.22139,0.45799
1.19115,0.496137
1.17727,0.800035
1.17628,0.854505
1.20883,0.406961
1.15411,1.09312
1.20796,0.752119
1.20428,0.465603
1.18229,0.536507
1.17165,0.868777
1.1991,0.531987
1.16775,0.783809
1.20617,0.609432
1.18677,0.569509
1.23004,0.204889
1.23702,0.108042
1.20457,0.70517
1.16889,0.716682
1.18135,0.87081
1.29468,-0.509335
1.20139,0.528328
1.16674,0.881135
1.16095,0.965234
1.17239,0.777972
1.20263,0.281393
1.2574,-0.0681068
1.22759,0.355395
1.14141,1.11506
1.16541,0.826759
1.20579,0.435417
1.1798,0.724948
1.20943,0.328661
1.19546,0.590525
1.22981,0.187134
1.18417,0.646727
1.19841,0.423746
1.17998,0.895855
1.16264,0.749169
1.18475,0.675321
1.18697,0.724397
1.17751,0.627669
1.20464,0.394082
1.20694,0.509523
1.17278,0.878255
1.1637,0.864426
1.15608,0.950462
1.17141,0.755992
1.25137,0.00097227
1.25643,-0.158169
1.1804,0.741844
1.16906,0.890845
1.18662,0.797747
1.23851,0.122859
1.15433,0.875077
1.21804,0.190683
1.16618,0.89785
1.16381,0.924485
1.15737,0.668894
1.15533,0.989283
1.16575,0.873196
1.13719,1.29974
1.18888,0.764487
1.17723,0.809729
1.19958,0.590503
1.22195,0.394079
1.16725,0.715393
1.14874,0.961384
1.18003,0.694418
1.18318,0.765619
1.21795,0.321637
1.2405,0.180713
1.2362,0.303984
1.20344,0.452708
1.23729,0.218359
1.24251,0.29054
1.17107,0.714282
1.23376,0.135981
1.1546,0.776573
1.17056,0.85763
1.28309,-0.284481
1.22699,0.245556
1.14825,0.74484
1.193,0.732294
1.20216,0.558211
1.23165,0.293697
1.15194,1.18671
1.1888,0.539811
1.20514,0.55965
1.18814,0.556496
1.15403,0.818381
1.13815,1.10707
1.14261,0.956451
1.17137,1.01328
1.24612,0.0719842
1.15,1.05344
1.21828,0.231188
1.15782,0.946758
1.18378,0.467676
1.15267,1.03924
1.1795,0.820545
1.16091,0.965787
1.25771,0.0346404
1.18283,0.75936
1.20037,0.547752
1.23408,0.181037
1.18188,0.733255
1.21777,0.47302
1.1695,0.798141
1.17806,0.710202
1.19568,0.644431
1.1798,0.897366
1.29333,-0.461403
1.16043,0.870691
1.20667,0.431239
1.19388,0.534026
1.15583,0.693291
1.20851,0.50585
1.23904,0.172862
1.15158,1.06532
1.20001,0.523376
1.1617,1.00466
1.19481,0.656242
1.16747,0.822807
1.20922,0.44298
1.21911,0.430094
1.16966,0.639144
1.24404,0.125565
1.14574,1.18693
1.25391,-0.022929
1.23103,0.364059
1.17771,0.752878
1.12757,1.38573
1.27982,-0.312312
1.16895,0.954547
1.20545,0.353151
1.17988,0.729511
1.19009,0.440622
1.24239,0.18111
1.19767,0.248058
1.16964,0.800413
1.18456,0.686284
1.20744,0.321892
1.18126,0.648753
1.22528,0.395354
1.17437,0.690526
1.17474,0.638742
1.23513,0.224453
1.16339,0.845823
1.20928,0.566654
1.21061,0.399975
1.18372,0.582171
1.22936,-0.0210769
1.20623,0.475776
1.24688,-0.0692903
1.14992,0.956224
1.15803,1.08284
1.1595,1.02016
1.18113,0.596431
1.19282,0.554558
1.21674,0.529673
1.18259,0.663768
1.21106,0.370053
1.19176,0.782463
1.20468,0.471436
1.1801,0.921526
1.16698,0.846547
1.20972,0.38347
1.17217,0.906765
1.22672,0.322588
1.16147,0.904762
1.18766,0.372546
1.16368,0.923157
1.16623,0.859653
1.17933,0.523397
1.17473,0.688387
1.20012,0.466693
1.19933,0.658006
1.17906,0.722231
1.19299,0.500973
1.18514,0.653033
1.20477,0.332413
1.17811,0.974102
1.13452,1.24704
1.23828,0.249988
1.15965,0.871015
1.21194,0.241231
1.17544,0.81304
1.16607,0.953091
1.20118,0.369748
1.18391,0.667636
1.19276,0.673135
1.16474,0.703751
1.15814,1.1768
1.16097,0.785485
1.20368,0.535798
1.20412,0.24724
1.18147,0.793178
1.16649,0.948511
1.11868,1.51257
1.21029,0.313967
1.19872,0.568158
1.20934,0.555489
1.20178,0.613872
1.15536,0.944922
1.16261,0.832698
1.19574,0.558087
1.19746,0.705997
1.15337,0.915329
1.19956,0.799297
1.26432,0.0933724
1.25105,0.0333245
1.24812,0.0664356
1.18774,0.606857
1.16881,0.762436
1.15442,0.951307
1.18094,0.559938
1.25026,-0.180284
1.19835,0.512747
1.17595,0.659678
1.16848,0.874924
1.13959,1.20017
1.17095,0.692134
1.19944,0.647721
1.1631,0.841371
1.1535,0.889369
1.17414,0.692625
1.20454,0.317552
1.16191,0.793179
1.18215,0.850162
1.22198,0.251363
1.15135,0.916663
1.28934,-0.433095
1.26379,-0.302475
1.19792,0.402445
1.22826,0.0959167
1.13989,0.889739
1.21903,0.338962
1.17262,0.899295
1.1804,0.801505
1.14821,1.04741
1.14272,1.1293
1.23271,0.108957
1.17643,1.11101
1.17057,0.833318
1.15593,0.953147
1.17525,0.606335
1.15731,0.907656
1.19147,0.704346
1.23166,0.208834
1.17729,0.668813
1.24953,0.148959
1.17071,0.870912
1.23645,0.0300821
1.21139,0.220316
1.22641,0.0929959
1.19538,0.462794
1.21814,0.517338
1.21256,0.358644
1.17182,0.758589
1.20196,0.604172
1.25216,-0.0255
1.23035,0.249739
1.18757,0.45054
1.18903,0.720334
1.24168,0.0453414
1.19075,0.798391
1.23433,0.303357
1.17494,0.702976
1.23612,0.0353351
1.17788,0.778085
1.26158,0.0143913
1.23199,0.0852196
1.20539,0.380525
1.23014,0.29139
1.16508,0.92259
1.18193,0.8051
1.17669,0.683432
1.14673,1.24285
1.1495,1.0582
1.21653,0.649236
1.26003,-0.201028
1.12152,1.14636
1.2163,0.182783
1.24186,0.153703
1.15768,1.10592
1.18873,0.834386
1.21451,0.370525
1.21261,0.406362
1.22896,-0.0245492
1.20819,0.441999
1.19805,0.591385
1.22696,0.431989
1.25793,0.0539147
1.21147,0.47954
1.20177,0.479827
1.17291,0.734801
1.15552,0.986776
1.20601,0.406714
1.19561,0.627191
1.17533,0.881354
1.15473,0.647783
1.17434,0.658888
1.21835,0.197724
1.15836,0.828629
1.25038,0.001347
1.20531,0.422366
1.20668,0.51536
1.21281,0.568466
1.25345,-0.0208261
1.17506,0.732821
1.17607,0.848221
1.21553,0.410639
1.22163,0.293012
1.16149,0.998472
1.11772,1.19098
1.17406,0.680794
1.14738,1.04011
1.17599,0.91161
1.20947,0.339189
1.11722,1.27786
1.1996,0.504577
1.20985,0.294224
1.22039,0.114996
1.23068,0.236022
1.18469,0.613505
1.19563,0.474752
1.14299,1.35882
1.16548,0.855784
1.18392,0.619133
1.23998,0.118988
1.18416,0.70063
1.19731,0.469045
1.18558,0.790509
1.20625,0.486258
1.22652,0.275887
1.22636,0.0490572
1.25404,-0.172872
1.24609,0.162658
1.1668,0.728151
1.18129,0.586561
1.11905,1.44574
1.2031,0.675234
1.17373,0.710566
1.25925,-0.161451
1.19527,0.861596
1.2213,0.404479
1.09145,1.57826
1.19424,0.771617
1.2044,0.440867
1.17809,0.695309
1.17211,0.678548
1.17572,0.779114
1.22124,0.124027
1.20221,0.593157
1.14898,0.815572
1.19701,0.641019
1.19959,0.61643
1.17527,0.604119
1.20174,0.517019
1.13846,1.2961
1.18026,0.822797
1.1902,0.536648
1.19713,0.625409
1.25409,0.0469023
1.1834,0.93635
1.1593,0.875189
1.25658,0.0569162
1.20004,0.418656
1.21042,0.414786
1.18126,0.758128
1.17214,0.779889
1.25619,-0.172334
1.24055,-0.0514224
1.16618,0.852806
1.2364,0.0180781
1.19079,0.606522
1.16985,0.60153
1.18932,0.723032
1.14262,1.08414
1.21742,0.705825
1.22342,0.286295
1.16028,0.801612
1.19919,0.683329
1.16829,0.879777
1.18278,0.559172
1.2044,0.323214
1.21371,0.385627
1.17818,0.70789
1.18712,0.685009
1.16159,1.06422
1.13814,1.04559
1.12897,1.32423
1.12684,1.38779
1.19566,0.552026
1.21653,0.139081
1.17912,0.811518
1.17923,0.607063
1.18361,0.767298
1.16531,0.849081
1.17853,0.837986
1.20571,0.691348
1.23539,0.208381
1.17995,0.801918
1.27894,-0.209202
1.1823,0.986093
1.21845,0.19065
1.17465,0.641411
1.17317,0.859958
1.25357,-0.0467567
1.17123,0.980612
1.22857,0.152083
1.21522,0.407828
1.18263,0.624079
1.18456,0.631611
1.21108,0.25966
1.18085,0.839046
1.18239,0.907334
1.1265,1.38295
1.20843,0.227758
1.20799,0.268064
1.20753,0.4295
1.20166,0.766387
1.18422,0.819402
1.18862,0.676771
1.19885,0.57386
1.22471,0.308294
1.19604,0.636178
1.18758,0.54176
1.17295,0.708322
1.18998,0.667102
1.12842,1.12801
1.23431,0.221546
1.17097,0.875381
1.2344,0.156563
1.20509,0.44629
1.19137,0.834773
1.20242,0.527726
1.15354,0.897467
1.2283,0.18443
1.24861,0.0527018
1.18836,0.824704
1.22374,0.342906
1.20155,0.359778
1.13966,0.937421
1.19931,0.616786
1.19439,0.430454
1.15127,0.977512
1.24908,-0.241674
1.20699,0.492376
1.19293,0.678527
1.18109,0.741979
1.15717,1.04522
1.19743,0.715832
1.24086,0.23727
1.17038,0.888305
1.22931,0.408908
1.17993,0.811319
1.19059,0.598693
1.20804,0.453904
1.21203,0.226846
1.16524,0.81251
1.22487,0.473896
1.22526,0.183904
1.20976,0.706632
1.18967,0.754346
1.19992,0.781733
1.16013,0.769121
1.22142,0.0956469
1.1964,0.531405
1.13206,1.39079
1.17098,0.873833
1.17504,0.656015
1.18288,0.709558
1.2179,0.288416
1.19634,0.672577
1.24834,0.21139
1.20194,0.33891
1.13732,1.13006
1.19025,0.712942
1.13595,1.33023
1.1551,0.795155
1.19953,0.197249
1.19071,0.740101
1.21108,0.583643
1.16718,0.871622
1.16197,0.924627
1.20087,0.535908
1.19903,0.433539
1.17285,0.935603
1.21644,0.478799
1.17652,0.830798
1.19648,0.404355
1.18764,0.838471
1.18656,0.537972
1.18226,0.595959
1.18577,0.599784
1.17973,0.788513
1.20497,0.479375
1.16369,0.865737
1.23096,0.21633
1.15064,1.07812
1.17328,0.651007
1.22448,0.171045
1.17545,0.709003
1.22106,0.189946
1.21468,0.315231
1.16887,0.874038
1.18448,0.695406
1.24203,0.0643626
1.21233,0.39719
1.18021,0.642047
1.26718,-0.13585
1.23342,0.168592
1.20345,0.514065
1.16179,0.855565
1.15043,1.06477
1.19425,0.51345
1.17959,0.751168
1.21941,0.462195
1.16722,0.566765
1.23356,0.139533
1.22547,0.298025
1.20119,0.424687
1.22307,0.23863
1.17762,0.785401
1.16041,0.724143
1.22477,0.195733
1.21705,0.342765
1.17374,0.755593
1.16389,0.811889
1.19462,0.505305
1.15121,0.986686
1.23086,0.373593
1.19556,0.371787
1.21424,0.475813
1.26141,-0.219681
1.21686,0.450874
1.18267,0.681246
1.12497,1.22013
1.20338,0.685837
1.2408,-0.0809768
1.27009,-0.403134
1.19196,0.543847
1.18052,0.826861
1.15436,0.855387
1.24714,0.225156
1.18418,0.793827
1.10694,1.46438
1.24326,0.105333
1.19555,0.67997
1.18745,0.636631
1.18474,0.835512
1.26948,-0.110951
1.1797,0.83293
1.15954,1.03821
1.16595,0.655667
1.22204,0.384851
1.17945,0.632739
1.17668,0.883792
1.20246,0.428157
1.17805,0.799079
1.24416,0.133459
1.17633,0.748891
1.20462,0.347945
1.23137,0.172811
1.25072,0.118259
1.21446,0.492566
1.13909,1.25614
1.23803,0.0722757
1.23908,0.0725044
1.19305,0.638088
1.15955,0.923734
1.20361,0.55808
1.20529,0.509083
1.19435,0.605744
1.17782,0.748906
1.19736,0.663114
1.22661,0.319715
1.17339,0.805889
1.15781,1.07925
1.24037,0.165842
1.22782,0.410164
1.21197,0.552674
1.13632,1.19318
1.19815,0.444023
1.16298,0.953971
1.2219,0.172433
1.19338,0.5331
1.25386,0.00980413
1.22684,0.41441
1.16568,1.07405
1.19409,0.694926
1.18456,0.784196
1.24234,0.381266
1.19409,0.608429
1.23258,0.287541
1.19276,0.434113
1.2043,0.402341
1.21134,0.352923
1.16804,0.735496
1.24816,-0.0269423
1.17342,0.912024
1.25289,-0.0283169
1.24766,0.0973986
1.17627,0.650402
1.19253,0.520293
1.15306,1.1357
1.20872,0.555631
1.18037,0.739265
1.23796,-0.133846
1.13339,1.28354
1.1229,1.25271
1.21629,0.337305
1.18838,0.608274
1.20266,0.416799
1.21929,-0.00311082
1.18115,0.840626
1.21655,0.263232
1.17449,0.842075
1.21703,0.317865
1.17869,0.688017
1.20203,0.449233
1.21738,0.501112
1.21951,0.287738
1.17222,0.778082
1.18432,0.662659
1.11824,1.28176
1.24138,-0.0555295
1.26868,-0.19976
1.18356,0.638998
1.22018,0.409749
1.19697,0.64521
1.20588,0.502428
1.16584,0.879932
1.18828,0.69711
1.1325,1.0103
1.12235,1.27808
1.17063,0.758167
1.15725,1.13193
1.18405,0.617854
1.21902,0.312834
1.16625,0.902875
1.20042,0.714156
1.27053,-0.0802992
1.14432,1.08639
1.12585,1.16871
1.0906,1.57095
1.1877,0.667451
1.20453,0.473437
1.17981,0.782196
1.16744,0.99258
1.23848,0.0153575
1.17642,0.54529
1.17542,0.731068
1.18836,0.625174
1.2347,0.194239
1.17379,0.860999
1.24158,-0.114687
1.15796,0.882322
1.16728,0.905376
1.22851,0.327847
1.18838,0.701221
1.18309,0.834122
1.19514,0.639186
1.17205,0.854971
1.19646,0.482426
1.17443,0.664872
1.17984,0.782846
1.14138,1.1489
1.16116,0.639386
1.12929,1.15459
1.23104,0.0955494
1.16624,0.752036
1.23102,0.227414
1.2365,0.0801313
1.18908,0.587576
1.25805,-0.118349
1.22551,0.223452
1.23612,0.407113
1.27752,-0.130084
1.20833,0.410413
1.23678,0.239169
1.11506,1.4854
1.21372,0.415539
1.14818,0.981636
1.20808,0.244311
1.2024,0.40923
1.13092,1.03342
1.15215,1.07627
1.16598,0.719996
1.14245,1.0511
1.27184,-0.14631
1.18611,0.644707
1.19648,0.518941
1.21208,0.571733
1.20121,0.506655
1.16737,0.661448
1.22045,0.496353
1.22257,0.171508
1.2122,0.347396
1.17007,0.710589
1.17582,0.67501
1.12431,1.25268
1.19763,0.433181
1.12902,1.5112
1.23683,0.16166
1.22264,0.375921
1.19199,0.842361
1.18064,0.573886
1.18251,0.720776
1.25371,0.051767
1.21519,0.457876
1.15891,0.980648
1.20795,0.596985
1.21094,0.335634
1.18127,0.74022
1.17778,0.739852
1.2172,0.448028
1.1734,0.917219
1.19209,0.499693
1.15171,1.11509
1.17729,0.675028
1.2283,0.230883
1.17242,0.587001
1.14845,1.16767
1.20836,0.55384
1.21416,0.427014
1.21529,0.479555
1.10518,1.45195
1.19409,0.646462
1.27502,-0.196628
1.20456,0.346088
1.23151,0.289576
1.1742,0.614611
1.2326,0.234475
1.20227,0.337571
1.17414,0.959874
1.16994,0.564315
1.19459,0.38843
1.1697,0.952902
1.20394,0.621368
1.21301,0.451695
1.18184,0.711548
1.22588,0.367001
1.15456,0.964697
1.20642,0.530633
1.13663,1.05246
1.19571,0.474419
1.20923,0.497575
1.2014,0.530054
1.21979,0.117109
1.23361,0.0439332
1.20228,0.812986
1.21334,0.486323
1.14593,0.981914
1.13035,1.29873
1.1913,0.645485
1.19907,0.5172
1.2195,0.305611
1.18026,0.958381
1.20698,0.518784
1.1303,1.22
1.16148,1.20285
1.2208,0.111789
1.22525,0.362484
1.20161,0.376438
1.22342,0.161953
1.16606,0.92095
1.19678,0.664298
1.21114,0.500288
1.18224,0.854093
1.13182,0.977597
1.22996,0.383002
1.21184,0.363303
1.15836,0.864453
1.17841,0.719387
1.16684,1.06487
1.15425,1.08778
1.19689,0.413678
1.24921,-0.0408341
1.19731,0.616357
1.16186,0.977047
1.16783,0.912454
1.13135,1.2819
1.23885,0.099264
1.19683,0.316938
1.17868,0.614608
1.16856,0.806432
1.20492,0.534731
1.18024,0.913197
1.17638,0.965873
1.24086,0.14806
1.19711,0.642802
1.20607,0.346005
1.19677,0.399217
1.16489,0.932025
1.16958,0.83709
1.14843,1.15754
1.17576,0.550764
1.19467,0.667065
1.20838,0.559141
1.18736,0.596801
1.16726,0.734909
1.18476,0.800386
1.22364,0.543614
1.15014,1.05486
1.20941,0.616273
1.21305,0.368427
1.18015,0.750192
1.19322,0.47106
1.19852,0.616867
1.23946,0.113183
1.18192,0.669544
1.15372,0.91485
1.1769,0.683357
1.23898,0.136585
1.20594,0.305675
1.22234,0.179367
1.22573,0.203716
1.18394,0.782989
1.17195,0.579922
1.23161,0.167064
1.16448,0.882884
1.31893,-0.505252
1.17585,0.828922
1.12648,1.09061
1.20682,0.460397
1.21892,0.335205
1.18327,0.621275
1.1854,0.724111
1.18863,0.744084
1.18268,0.504161
1.22153,0.433254
1.14968,1.04754
1.19507,0.608871
1.20382,0.401874
1.15958,0.947376
1.19051,0.748755
1.15297,0.683861
1.18771,0.69617
1.13614,1.20414
1.17631,0.622458
1.21569,0.224339
1.1908,0.490103
1.22082,0.263221
1.19888,0.660144
1.20748,0.596728
1.20245,0.642264
1.24195,-0.00387782
1.20241,0.364203
1.21115,0.499608
1.21577,0.573411
1.18992,0.647393
1.16721,0.776299
1.20972,0.620408
1.21962,0.156854
1.22425,0.25976
1.1738,0.987914
1.20479,0.418027
1.1607,0.991549
1.22079,0.271613
1.16186,0.867017
1.22798,0.218467
1.17612,0.75061
1.22174,0.403438
1.2081,0.547792
1.19695,0.57443
1.15646,1.00336
1.17835,0.685584
1.22371,0.424606
1.19977,0.470193
1.23243,0.0583108
1.18089,0.628437
1.19266,0.514421
1.20417,0.488332
1.17814,0.590517
1.21113,0.320362
1.19556,0.492854
1.13427,1.13967
1.18902,0.662721
1.19208,0.480074
1.23437,0.0906412
1.19075,0.7443
1.17345,0.671631
1.19057,0.719509
1.16812,0.82798
1.19675,0.407415
1.22725,0.376023
1.2244,0.54762
1.15762,0.997048
1.20929,0.394286
1.18466,0.537672
1.29863,-0.446687
1.16792,0.788664
1.15453,0.941589
1.17685,0.829398
1.17512,0.677323
1.18811,0.569602
1.25132,0.0669306
1.14516,1.19966
1.19983,0.684608
1.20104,0.622292
1.21793,0.483161
1.10327,1.47747
1.15527,0.901357
1.25291,-0.0200951
1.16852,0.770309
1.08437,1.69625
1.2329,0.172172
1.28006,-0.293569
1.21168,0.448143
1.23293,0.2083
1.14677,1.14349
1.21603,0.399016
1.19521,0.432534
1.15113,0.906332
1.22303,0.328491
1.11439,1.28977
1.13653,1.21859
1.2365,0.304614
1.2466,0.302715
1.22221,0.299551
1.18279,0.669278
1.24043,0.0645528
1.20779,0.241587
1.24713,0.0616395
1.16949,0.750873
1.21172,0.369627
1.22191,0.178166
1.26545,-0.171341
1.20052,0.722234
1.17797,0.6761
1.2028,0.49972
1.24218,0.22817
1.2563,-0.0414763
1.21093,0.315593
1.15035,1.30183
1.18,0.824981
1.13566,1.51912
1.21269,0.388868
1.17302,0.910366
1.24314,-0.0558053
1.21882,0.454932
1.19695,0.57496
1.19712,0.675567
1.19177,0.443041
1.18638,0.520746
1.20657,0.682974
1.21895,0.379368
1.14482,1.13985
1.15947,1.07489
1.18851,0.752576
1.21462,0.433221
1.15964,0.903985
1.19086,0.790283
1.24918,0.149731
1.16196,1.00061
1.26584,0.0458544
1.16375,0.859901
1.18304,0.751246
1.12804,1.1808
1.21842,0.391861
1.18017,0.655821
1.13619,1.13781
1.18459,0.714025
1.19412,0.746734
1.21688,0.226953
1.19545,0.689813
1.21662,0.387638
1.17654,0.972348
1.20129,0.606509
1.20663,0.399066
1.17928,0.786372
1.18394,0.870304
1.14661,1.09371
1.1558,1.02685
1.14016,1.09464
1.2532,0.272581
1.17436,0.720551
1.10506,1.60939
1.15979,0.799733
1.19401,0.4571
1.13284,1.30564
1.21497,0.254538
1.17887,0.607185
1.14796,1.01918
1.16476,1.01679
1.18143,0.562653
1.2236,0.451258
1.20439,0.649838
1.20835,0.522006
1.22397,0.248698
1.23501,-0.0460505
1.13512,1.01448
1.14419,0.901067
1.21163,0.359002
1.16919,1.02638
1.17816,0.840591
1.13946,1.04431
1.21046,0.476259
1.24646,0.200177
1.16905,0.815972
1.16486,0.954167
1.21793,0.433852
1.1543,1.23293
1.19809,0.586575
1.18643,0.748285
1.19,0.511583
1.14893,1.22281
1.19895,0.369197
1.18326,0.705432
1.23262,0.198997
1.22555,0.369654
1.16518,0.8894
1.18489,0.739901
1.19026,0.55366
1.16482,0.921365
1.23108,0.139635
1.1897,0.710068
1.21896,0.185717
1.16266,1.1211
1.15283,0.838156
1.25228,-0.0217163
1.16536,0.890819
1.222,0.30724
1.18344,0.631618
1.22576,0.169854
1.16013,0.956211
1.16443,0.810363
1.17021,0.820163
1.22753,0.130013
1.18987,0.719203
1.18973,0.495308
1.25099,0.224297
1.15718,0.817892
1.17555,0.746252
1.1756,0.844774
1.14015,1.30826
1.21029,0.376564
1.17095,0.766314
1.17897,0.776082
1.13624,1.22496
1.23343,0.286191
1.18571,0.619655
1.21474,0.348206
1.1827,0.608884
1.23483,0.165844
1.20472,0.622445
1.1433,0.930152
1.16201,0.990049
1.11631,1.39576
1.19967,0.614869
1.24176,0.106102
1.20009,0.614524
1.19541,0.709328
1.18496,0.358244
1.25322,-0.0183589
1.24284,0.157782
1.21297,0.463482
1.25429,-0.164466
1.16832,0.571215
1.25928,0.150766
1.20322,0.520338
1.25853,0.0436911
1.17594,0.793344
1.16864,0.837817
1.22004,0.324482
1.18696,0.461151
1.17186,0.997635
1.09749,1.39186
1.15767,0.914156
1.24469,0.297719
1.14195,1.14144
1.24259,0.0106005
1.23995,0.216038
1.21719,0.25756
1.20812,0.478327
1.27597,-0.30708
1.20878,0.192167
1.13662,1.44612
1.21699,0.335885
1.18921,0.711932
1.18186,0.798361
1.16368,0.764075
1.22198,0.237831
1.17708,0.672312
1.23419,0.250987
1.19433,0.541756
1.17467,0.655814
1.23439,0.374939
1.17068,0.791927
1.20918,0.439098
1.18896,0.462449
1.19137,0.57464
1.13854,1.00297
1.19667,0.553519
1.21299,0.564432
1.15328,1.20711
1.15852,1.02505
1.18603,0.863773
1.16967,0.95154
1.2066,0.367226
1.22218,0.572736
1.16729,0.985731
1.19976,0.460655
1.23442,0.192017
1.17596,0.747695
1.19191,0.596111
1.23054,0.307761
1.20473,0.825522
1.16467,1.09402
1.13015,1.21762
1.25191,0.0732398
1.1748,0.730561
1.17498,0.847099
1.18626,0.564903
1.18563,0.538166
1.17315,0.854516
1.21651,0.216117
1.24908,-0.119317
1.19491,0.652256
1.2086,0.440645
1.19082,0.727695
1.25108,0.167351
1.13198,1.27926
1.12094,1.50083
1.14314,0.988342
1.16511,1.01707
1.22445,0.256989
1.2166,0.345566
1.16291,0.855116
1.17515,0.630878
1.19834,0.34271
1.24371,-0.0366147
1.15505,1.15548
1.15425,1.11946
1.17894,0.716649
1.21649,0.132299
1.16137,0.815273
1.22949,0.212495
1.17182,0.725428
1.22178,0.285179
1.25661,-0.0565042
1.18367,0.528249
1.18616,0.752046
1.23903,0.0975978
1.19828,0.595323
1.18628,0.653106
1.15638,0.958968
1.19147,0.501703
1.14965,0.753346
1.18142,0.673746
1.20346,0.328662
1.15023,0.921507
1.20594,0.621306
1.14192,1.00599
1.1542,1.25376
1.19915,0.627621
1.17002,0.873853
1.1784,0.789083
1.17563,0.586875
1.21113,0.292658
1.19313,0.631303
1.17244,0.620362
1.14989,1.10622
1.16929,0.990174
1.18195,0.831754
1.20703,0.486652
1.18691,0.653805
1.20434,0.594514
1.15001,1.01543
1.19313,0.529413
1.25765,-0.0257875
1.26042,0.0676616
1.30825,-0.578291
1.19613,0.621757
1.21065,0.47391
1.1744,0.646705
1.17836,0.992472
1.17409,0.686388
1.27096,-0.0561429
1.26429,-0.210848
1.19636,0.558282
1.21302,0.262202
1.18695,0.541608
1.19558,0.612046
1.26852,-0.176188
1.18782,0.815113
1.15933,0.857473
1.23037,0.170365
1.16633,0.844736
1.14812,1.07067
1.19018,0.824682
1.17414,0.537889
1.20556,0.403827
1.21283,0.430045
1.31864,-0.645302
1.13187,1.21976
1.15238,0.876284
1.21409,0.379925
1.23997,0.0887741
1.16755,0.968479
1.19437,0.432613
1.13524,1.16922
1.15018,1.06979
1.20096,0.546065
1.20778,0.514319
1.19225,0.433738
1.18532,0.701708
1.17113,0.790361
1.17086,0.894261
1.22137,0.141905
1.17768,0.567104
1.17764,0.885848
1.21697,0.346655
1.20906,0.375178
1.16943,0.80055
1.2341,0.0964781
1.16708,0.572937
1.14089,1.32235
1.22251,0.307622
1.22282,0.194784
1.27321,-0.263316
1.25105,0.119524
1.22185,0.450932
1.13168,1.10722
1.14359,0.844956
1.20544,0.465972
1.1992,0.511197
1.16153,0.898287
1.1471,0.985377
1.24112,0.138585
1.13525,1.11266
1.21031,0.485155
1.17914,0.685523
1.23611,0.238813
1.19837,0.477411
1.19787,0.680262
1.17446,0.649911
1.1632,0.867145
1.23101,0.0665914
1.22089,0.224997
1.18634,0.841329
1.15953,1.08608
1.20126,0.798148
1.16968,0.976935
1.16447,0.899108
1.18276,0.497878
1.18729,0.724989
1.25097,0.132286
1.21669,0.331873
1.16664,0.898179
1.18125,0.796623
1.2061,0.457633
1.1636,0.939648
1.23087,0.346294
1.18245,0.647616
1.21114,0.524843
1.18978,0.546892
1.13589,1.08513
1.21211,0.572979
1.24687,0.155372
1.18926,0.785372
1.19716,0.448785
1.17094,0.647209
1.2692,0.00280383
1.23304,0.0846741
1.14941,1.09747
1.16899,0.889456
1.17937,0.749756
1.17062,0.638706
1.16642,0.943484
1.20799,0.529667
1.14087,1.04529
1.16225,0.950453
1.17478,0.800027
1.17596,0.657461
1.17171,0.74117
1.19841,0.601055
1.19545,0.610225
1.18332,0.637335
1.15329,1.03271
1.17984,0.636263
1.20507,0.394512
1.17388,0.737349
1.24998,-0.0701131
1.17782,0.598077
1.15571,1.09365
1.19513,0.568532
1.24975,-0.0168513
1.15833,0.985336
1.12884,1.17332
1.18832,0.605569
1.22264,0.363547
1.20329,0.423116
1.19854,0.670308
1.14817,1.00154
1.20758,0.505076
1.14586,0.963387
1.2045,0.410024
1.24018,0.112067
1.17923,0.741434
1.1564,0.894662
1.1928,0.825215
1.2352,0.132923
1.12516,1.03076
1.16696,0.997351
1.17926,0.844852
1.1766,0.798982
1.21141,0.454798
1.21952,0.548314
1.18836,0.592047
1.15403,1.15615
1.17102,0.923549
1.2942,-0.52789
1.18616,0.658558
1.18176,0.617719
1.22323,0.163991
1.16686,1.09944
1.22961,0.21012
1.19438,0.697862
1.13094,1.21563
1.22423,0.290002
1.18179,0.702533
1.13401,1.15232
1.17098,0.812944
1.23805,0.125079
1.16107,0.935449
1.18718,0.823312
1.23799,0.0376363
1.21555,0.200935
1.17659,0.778658
1.17366,0.814136
1.16212,0.8809
1.23793,0.238986
1.11847,1.43474
1.21552,0.42654
1.21829,0.304455
1.17445,0.803333
1.1792,0.669863
1.16496,1.1499
1.20101,0.41843
1.20431,0.511351
1.23575,0.0534401
1.18019,0.874314
1.22311,0.0260152
1.22588,0.150822
1.20024,0.432041
1.21684,0.119654
1.20672,0.619751
1.2192,0.32091
1.24491,0.248241
1.16856,0.818744
1.20455,0.508302
1.18472,0.581565
1.24671,-0.0677999
1.27629,-0.280818
1.22318,0.260801
1.19919,0.471863
1.21078,0.216787
1.18405,0.810643
1.2252,0.347767
1.11512,1.28963
1.21603,0.247956
1.2625,-0.0895255
1.19023,0.348839
1.16631,0.881634
1.21041,0.15094
1.18535,0.913613
1.16717,0.901502
1.27296,-0.155393
1.25854,-0.0469058
1.19637,0.492902
1.13835,1.11696
1.21359,0.467262
1.24298,0.0998731
1.21284,0.480617
1.17364,0.700923
1.23306,0.298897
1.16668,0.80625
1.21243,0.37771
1.15512,1.10965
1.20709,0.603846
1.16633,0.909342
1.16242,0.562045
1.22698,0.381112
1.15291,1.18053
1.21522,0.384413
1.16847,0.938554
1.20595,0.48208
1.16868,0.831237
1.21645,0.478063
1.20639,0.468648
1.17748,0.776805
1.18897,0.518267
1.14755,0.958518
1.19268,0.677128
1.1999,0.596175
1.2028,0.453674
1.22437,0.227592
1.1903,0.562067
1.20911,0.504558
1.1708,0.728082
1.23319,0.469858
1.23706,0.153022
1.18361,0.498239
1.2033,0.564026
1.17142,0.696515
1.15715,1.1523
1.18288,0.870941
1.14821,0.987502
1.17511,0.760699
1.15061,1.09562
1.18789,0.757938
1.22229,0.493079
1.17291,0.674795
1.20325,0.395788
1.21333,0.434916
1.1855,0.729705
1.15342,0.814212
1.17742,0.879557
1.23142,0.0878786
1.18408,0.653392
1.23666,0.105978
1.21021,0.423875
1.16366,1.02095
1.25841,-0.100514
1.18681,0.799027
1.2057,0.501626
1.19419,0.613073
1.17597,0.606734
1.18071,0.550234
1.21434,0.46708
1.18508,0.830779
1.21987,0.468662
1.19853,0.45971
1.23187,0.185005
1.1643,0.97123
1.15192,1.18393
1.15911,0.865044
1.25168,0.261997
1.23156,0.136105
1.18398,0.931812
1.15761,0.796376
1.18281,0.622204
1.15033,1.01954
1.20743,0.537664
1.17356,0.728888
1.16496,1.00113
1.23238,0.107134
1.18636,0.492617
1.24338,0.0256857
1.20546,0.545961
1.17221,0.983592
1.15472,0.991488
1.19554,0.586498
1.20239,0.545587
1.25886,-0.29071
1.19947,0.534835
1.17013,0.70058
1.19755,0.640649
1.17628,0.623744
1.19965,0.590778
1.22746,0.181838
1.25074,-0.0236233
1.24209,0.12694
1.20659,0.254866
1.19193,0.55313
1.20473,0.434196
1.16419,0.936007
1.20999,0.175983
1.19766,0.560129
1.21332,0.669774
1.18739,0.366478
1.22398,-0.103058
1.20318,0.563346
1.16737,0.775003
1.19371,0.627367
1.17033,0.606204
1.19604,0.713035
1.16763,0.830488
1.19053,0.593831
1.20773,0.634937
1.17392,0.810161
1.14979,0.997232
1.20218,0.550522
1.2625,-0.0316359
1.2071,0.559369
1.15003,0.981154
1.2199,0.272952
1.18362,0.972592
1.24566,0.00217296
1.20769,0.33021
1.13925,1.18332
1.14854,0.911284
1.18688,0.843395
1.23418,0.230015
1.16959,0.758551
1.14415,1.24291
1.11692,1.31759
1.14923,1.09147
1.2322,-0.177505
1.2088,0.389443
1.20756,0.53897
1.18809,0.602923
1.22626,0.377455
1.16429,0.739721
1.20171,0.52032
1.19676,0.741841
1.25687,0.13699
1.21978,0.303537
1.1702,0.975077
1.1947,0.524255
1.18233,1.01803
1.21205,0.424759
1.20334,0.635079
1.18464,0.791032
1.16968,0.69028
1.22451,0.473972
1.17955,0.524822
1.18019,1.02125
1.19071,0.519941
1.16538,0.874168
1.18695,0.415072
1.18012,0.633177
1.19813,0.643162
1.16632,0.733108
1.21519,0.417631
1.17898,0.959677
1.20937,0.72052
1.16443,0.915108
1.18975,0.39131
1.22485,0.403083
1.2084,0.371721
1.24133,0.107577
1.12085,1.27611
1.16776,0.762086
1.22646,0.192239
1.17143,0.721553
1.1367,1.23436
1.14171,0.907105
1.17531,0.832049
1.23899,0.0897027
1.248,0.200287
1.17125,0.840893
1.1884,0.741815
1.19264,0.652755
1.1657,0.954844
1.1251,1.32998
1.20772,0.38109
1.18213,0.703352
1.18183,0.788021
1.17946,0.369095
1.21352,0.152798
1.2293,0.0953374
1.15973,1.04834
1.18852,0.543541
1.20478,0.602419
1.18126,0.46139
1.15924,0.911571
1.18386,0.888308
1.16554,0.708736
1.17953,0.787823
1.23883,-0.0243347
1.15915,0.849465
1.2174,0.295409
1.20912,0.497855
1.23092,0.0325517
1.15722,0.930302
1.19816,0.685375
1.14,1.35175
1.15459,1.04432
1.15122,1.03992
1.14819,1.18794
1.20039,0.640314
1.23383,0.140147
1.21289,0.245429
1.21035,0.141464
1.16489,0.827744
1.18499,0.758467
1.22931,0.104032
1.20914,0.199569
1.20922,0.475617
1.18217,0.921362
1.1961,0.404198
1.09748,1.59247
1.13113,1.1655
1.15554,0.975032
1.19908,0.621999
1.21483,0.449732
1.20084,0.536531
1.22271,0.416089
1.13293,1.27595
1.25021,0.0804168
1.17831,0.786071
1.20931,0.473358
1.16017,0.923355
1.16844,0.857395
1.22345,0.152887
1.22954,0.186016
1.18684,0.386013
1.13222,1.27085
1.1813,0.735984
1.22249,0.492583
1.16106,1.01834
1.17294,0.696527
1.18341,0.850647
1.17715,0.54464
1.13234,1.35403
1.1707,0.800058
1.18685,0.737121
1.13098,1.31769
1.19011,0.601728
1.21424,0.588556
1.17838,0.813228
1.1934,0.731225
1.17692,0.790681
1.18832,0.586096
1.13108,1.00413
1.23307,0.133983
1.15754,0.972747
1.19644,0.482155
1.24428,0.310847
1.14875,1.04646
1.14047,1.2645
1.20182,0.669406
1.19063,0.628449
1.11189,1.18021
1.18669,0.826667
1.09798,1.61063
1.23096,0.11617
1.18696,0.691345
1.12356,1.26557
1.17097,0.844341
1.18534,0.614683
1.18485,0.915137
1.28608,-0.444303
1.16531,1.04149
1.22886,0.158409
1.14879,1.09173
1.22692,0.168426
1.15152,1.01784
1.2168,0.314005
1.16059,0.789083
1.23976,0.0429075
1.13798,1.00329
1.17726,0.914665
1.14458,1.18177
1.21852,0.382779
1.19753,0.46278
1.1407,1.11012
1.14942,1.03898
1.18863,0.46193
1.14632,1.1904
1.19014,0.642818
1.16484,1.03572
1.15484,0.961083
1.2384,-0.0289893
1.20278,0.472595
1.17008,0.747633
1.14708,1.03397
1.18943,0.633191
1.14847,1.10898
1.20318,0.546035
1.24209,0.0392199
1.18738,0.554765
1.17139,0.729624
1.13824,1.17652
1.20947,0.588077
1.22041,0.31566
1.14027,1.29107
1.15047,1.13442
1.18224,0.63165
1.19863,0.650321
1.20115,0.543404
1.19449,0.786313
1.18131,0.583311
1.22728,0.11057
1.2257,0.226085
1.19433,0.728893
1.24682,0.114306
1.21907,0.396673
1.22587,0.209349
1.19815,0.557179
1.2369,0.212654
1.18012,0.786949
1.19146,0.640758
1.15468,0.871327
1.18659,0.867944
1.13072,1.32995
1.2073,0.3986
1.19955,0.357469
1.17589,0.661136
1.16889,0.857365
1.17967,0.893076
1.1525,1.05852
1.24417,0.0696793
1.18364,0.592034
1.20927,0.30172
1.16703,0.609545
1.20309,0.676113
1.10809,1.30197
1.193,0.689726
1.21644,0.365109
1.17726,0.797779
1.21128,0.379478
1.19392,0.678069
1.26728,-0.0510967
1.20035,0.425451
1.17572,0.804108
1.1754,1.0035
1.1795,0.634572
1.22865,0.345044
1.19707,0.602809
1.243,0.183899
1.18042,0.782069
1.24156,0.0928975
1.19484,0.533339
1.17162,1.00352
1.17785,0.910905
1.21961,0.39408
1.18951,0.702545
1.25907,-0.174613
1.12571,1.38505
1.21859,0.372411
1.15995,0.812122
1.12903,1.02879
1.20877,0.337658
1.20035,0.551027
1.09214,1.44771
1.14495,1.16939
1.22827,0.307681
1.19374,0.51994
1.28944,-0.269359
1.19943,0.467014
1.12858,1.24499
1.20741,0.679666
1.1704,0.821862
1.19501,0.596987
1.2249,0.31562
1.1552,0.887873
1.22995,0.415984
1.19764,0.458682
1.21023,0.652318
1.19196,0.864438
1.18091,0.817595
1.20995,0.428617
1.15481,0.95515
1.20706,0.512611
1.23221,0.232373
1.23839,0.259922
1.1809,0.743537
1.14247,0.976017
1.17736,0.608315
1.25863,0.00409658
1.1772,0.800187
1.20796,0.576969
1.22682,0.239762
1.27307,-0.122651
1.2333,0.374955
1.19111,0.516879
1.23891,0.100281
1.20742,0.428779
1.2222,0.326826
1.20567,0.41512
1.14943,0.857339
1.17936,0.756151
1.15859,0.938095
1.18285,0.676803
1.20397,0.550095
1.18839,0.677313
1.12624,1.09032
1.19841,0.465827
1.21251,0.394841
1.20427,0.503217
1.20353,0.377394
1.19951,0.538849
1.1279,1.36259
1.15606,1.13598
1.18985,0.596108
1.13586,1.17295
1.26421,0.0233901
1.24563,0.0976183
1.20255,0.472178
1.22957,0.296946
1.17618,0.550894
1.17289,0.84426
1.17837,0.605661
1.17263,0.907146
1.19413,0.512267
1.16654,0.937734
1.2226,0.244033
1.18952,0.658709
1.18451,0.607076
1.18244,0.530947
1.19305,0.768188
1.20467,0.423336
1.21927,0.389233
1.18273,0.684139
1.23751,0.124579
1.22494,0.328183
1.23218,-0.0102114
1.2006,0.572363
1.22199,0.368426
1.15056,0.898339
1.20569,0.370284
1.23434,0.22664
1.17241,0.841459
1.2045,0.276102
1.22026,0.402498
1.17641,0.834743
1.15275,1.00873
1.22511,0.246262
1.17678,0.82991
1.19095,0.534915
1.1852,0.845608
1.19604,0.644037
1.17632,0.635883
1.16278,0.636416
1.1952,0.458247
1.20001,0.604928
1.19694,0.736309
1.22716,0.338228
1.15871,0.986857
1.16033,1.06326
1.21831,0.306265
1.13128,1.12373
1.19077,0.569188
1.20506,0.33306
1.23585,0.127939
1.19346,0.683281
1.2007,0.482005
1.12998,1.13202
1.21326,0.46741
1.15682,1.09461
1.18837,0.737714
1.18473,0.572639
1.21492,0.359476
1.15799,0.966871
1.16868,0.618511
1.17902,0.617809
1.21555,0.363544
1.1535,0.951735
1.20569,0.481453
1.21315,0.445313
1.12797,1.10753
1.15526,1.08206
1.23067,0.369708
1.24047,0.139757
1.20729,0.506565
1.22491,0.275956
1.25726,-0.15594
1.22719,0.294781
1.18287,0.836519
1.21104,0.313532
1.11569,1.2773
1.15347,0.960854
1.21675,0.269877
1.24241,0.0199072
1.14492,1.01152
1.20959,0.390583
1.19744,0.571387
1.17856,1.01818
1.21347,0.364244
1.13548,1.3166
1.19993,0.35214
1.18236,0.666831
1.18139,0.975943
1.27509,-0.0913184
1.21388,0.251263
1.14884,1.20418
1.19355,0.786364
1.15655,1.07526
1.16861,0.510359
1.17828,0.891026
1.20911,0.480743
1.21735,0.276296
1.23233,0.0325642
1.14017,0.973469
1.18488,0.559057
1.1836,0.639779
1.21361,0.476113
1.1761,0.682189
1.14416,1.04608
1.22276,0.208761
1.19487,0.47898
1.18466,0.656327
1.22706,0.356292
1.12283,1.28753
1.24581,0.158638
1.22403,0.247398
1.23355,0.111914
1.186,0.654138
1.20205,0.505244
1.18141,0.868556
1.17698,0.646777
1.19864,0.394334
1.17892,0.822002
1.23899,0.216256
1.16238,0.893007
1.20545,0.455235
1.20956,0.308677
1.18347,0.710108
1.22577,0.12361
1.1712,0.974343
1.17881,0.52244
1.19235,0.592353
1.19927,0.474695
1.19535,0.632702
1.2254,0.182072
1.09597,1.60749
1.18429,0.785124
1.17566,0.810213
1.17612,0.757782
1.19397,0.620528
1.23206,0.38341
1.16629,0.935331
1.21886,0.277486
1.20248,0.405199
1.21956,0.243918
1.23192,0.158719
1.16757,0.863197
1.18948,0.489954
1.1538,0.953843
1.16846,0.794365
1.17297,0.828888
1.24713,0.019471
1.18524,0.725281
1.15469,1.11104
1.23649,0.0716149
1.18997,0.555916
1.17082,0.879756
1.2026,0.401608
1.17244,0.813979
1.17809,0.830788
1.15063,1.12247
1.12431,1.5046
1.24655,0.117159
1.18873,0.385554
1.26096,-0.180765
1.2362,0.399322
1.23723,0.236932
1.21709,0.365219
1.24907,-0.127043
1.16746,0.998432
1.19963,0.508448
1.19107,0.601006
1.2017,0.634702
1.13019,1.2788
1.17288,0.743071
1.18408,0.658319
1.24889,0.121723
1.16878,0.999818
1.13281,1.39462
1.2098,0.371894
1.16766,0.930236
1.18874,0.728696
1.20019,0.513144
1.16538,0.964761
1.25271,0.000451723
1.15886,0.814928
1.2182,0.457718
1.2087,0.445596
1.20898,0.516437
1.19469,0.718355
1.19267,0.72828
1.18113,1.01189
1.18281,0.618008
1.23283,0.108065
1.10391,1.45937
1.22632,0.262604
1.16483,0.691694
1.22829,0.219383
1.12801,1.06662
1.20444,0.52679
1.1814,0.707554
1.18005,0.711612
1.21092,0.642687
1.16818,0.785279
1.18344,0.671865
1.1929,0.599702
1.17598,0.814259
1.19703,0.312829
1.16801,0.802812
1.21782,0.598721
1.2005,0.443262
1.16977,1.07568
1.18465,0.493927
1.21442,0.197082
1.20105,0.669915
1.22393,0.409076
1.16124,0.826965
1.1943,0.619971
1.17432,1.03439
1.2157,0.200305
1.1549,1.04552
1.18953,0.448788
1.14991,0.820023
1.2351,-0.0867478
1.25065,0.0262631
1.21009,0.499598
1.21049,0.474865
1.26631,0.0180979
1.20312,0.464447
1.14466,1.19942
1.19261,0.595551
1.16401,1.10534
1.19053,0.639922
1.19746,0.543098
1.21221,0.605132
1.18146,0.644959
1.18999,0.579451
1.17396,0.806896
1.20275,0.339822
1.2431,0.184574
1.25025,-0.0320264
1.24852,0.0366661
1.1889,0.627543
1.23595,0.0832516
1.21802,0.330525
1.12639,1.15879
1.20396,0.363093
1.16116,0.908441
1.17201,0.887332
1.16208,0.983363
1.20948,0.512067
1.20846,0.417811
1.19306,0.646002
1.1927,0.638613
1.20751,0.70505
1.10855,1.58917
1.15861,0.905687
1.18687,0.620733
1.22141,0.222923
1.22009,0.326674
1.17406,0.764255
1.1399,1.02029
1.21662,0.129265
1.23896,-0.153826
1.14768,0.825996
1.18156,0.667865
1.15961,0.910122
1.1081,1.41806
1.21448,0.397459
1.16997,1.01325
1.17136,0.724585
1.13935,1.26645
1.1751,0.821937
1.23285,0.160387
1.24251,-0.0124386
1.22477,0.377833
1.22679,0.510521
1.14797,0.947167
1.18465,0.760431
1.19381,0.441243
1.15537,1.18466
1.24287,0.211894
1.22661,0.0650071
1.20258,0.607909
1.18753,0.584438
1.1974,0.517465
1.1755,0.754899
1.17656,0.738888
1.15391,0.820337
1.17882,0.679335
1.25769,-0.0259751
1.16697,0.638859
1.18752,0.777272
1.1827,0.548163
1.18366,0.748721
1.18261,0.852671
1.20804,0.345102
1.17648,0.804564
1.13596,1.17196
1.18586,0.601779
1.22155,0.438089
1.19942,0.731939
1.16649,1.07196
1.18011,0.789152
1.22534,0.421513
1.15952,0.905585
1.20005,0.627895
1.21631,0.583885
1.20825,0.38557
1.17236,0.871864
1.2057,0.426546
1.21502,0.507547
1.2343,0.203906
1.1833,0.60521
1.19899,0.537478
1.17052,0.945409
1.20078,0.814069
1.18461,0.655366
1.21252,0.473985
1.1764,0.777276
1.18001,0.734244
1.16821,0.985217
1.25181,0.217872
1.1805,0.71356
1.14925,1.05622
1.16065,0.815313
1.23912,0.0599984
1.22734,0.163067
1.19807,0.557159
1.18047,0.630874
1.1309,1.05303
1.22373,0.235749
1.24681,0.0915336
1.17425,0.804546
1.19912,0.781536
1.15922,0.958558
1.19159,0.643794
1.15476,0.942074
1.19981,0.460243
1.20541,0.409502
1.18201,0.670524
1.1433,1.10766
1.19446,0.581164
1.21469,0.54019
1.15322,1.00277
1.20314,0.364219
1.21715,0.429079
1.2411,0.155862
1.20298,0.443581
1.20433,0.338844
1.21333,0.373081
1.17769,0.720088
1.13888,1.204
1.21368,0.353564
1.14406,0.903471
1.24612,0.0820407
1.23779,0.169117
1.19104,0.440997
1.18895,0.489619
1.17826,0.883203
1.21204,0.487537
1.17667,0.739768
1.15755,1.14834
1.17944,0.39743
1.21783,0.3952
1.21258,0.43746
1.19518,0.500276
1.19382,0.383799
1.18279,0.652372
1.21017,0.578994
1.22592,0.498935
1.22165,0.46845
1.18702,0.525278
1.20608,0.60247
1.207,0.45749
1.21496,0.56372
1.18436,0.678145
1.20277,0.70023
1.17253,0.885914
1.19618,0.754891
1.19085,0.504374
1.2269,0.280479
1.22221,0.270003
1.22823,0.212767
1.24314,-0.0342381
1.21459,0.469305
1.18095,0.416324
1.21547,0.369749
1.14614,0.915822
1.14006,1.164
1.23487,0.0131804
1.16288,1.03538
1.1617,0.959526
1.20773,0.633533
1.20051,0.582387
1.15807,0.841661
1.23711,0.256251
1.18885,0.740718
1.15939,0.881961
1.23355,0.180534
1.14323,1.27028
1.22831,0.232071
1.17432,0.843661
1.16116,0.916406
1.1214,1.42386
1.2056,0.457764
1.18699,0.617461
1.16036,0.713714
1.13899,1.01888
1.24072,0.181911
1.17631,0.597288
1.22012,0.197415
1.25442,0.0943287
1.12198,1.32226
1.22514,0.463187
1.20388,0.493055
1.20064,0.434939
1.08206,1.801
1.17874,0.952342
1.25027,0.0316698
1.25244,0.0573144
1.1533,0.872048
1.26691,-0.388859
1.17988,0.557255
1.24563,-0.0650235
1.14722,1.03114
1.19352,0.624457
1.19704,0.519353
1.25624,0.0445865
1.14945,1.03234
1.19854,0.479541
1.16511,0.995866
1.20873,0.386123
1.17166,0.777189
1.21121,0.45822
1.21124,0.543945
1.18669,0.701557
1.16393,0.837122
1.21679,0.24978
1.21374,0.519059
1.22052,0.499173
1.22749,0.2244
1.23609,0.310421
1.19965,0.638819
1.20176,0.610625
1.16681,0.837004
1.18157,0.777548
1.16945,0.685341
1.23459,-0.0846991
1.17758,0.590373
1.14989,1.04887
1.21256,0.634727
1.16424,0.796344
1.18981,0.715877
1.19408,0.481752
1.20626,0.328914
1.17095,0.707486
1.16991,0.832934
1.14997,0.978965
1.20513,0.367492
1.15518,0.846857
1.16214,0.851761
1.20953,0.226391
1.16491,0.81028
1.16027,1.02321
1.23589,0.0181925
1.19142,0.599977
1.2032,0.265018
1.18037,0.755369
1.19058,0.525125
1.1323,1.12576
1.23859,-0.0347114
1.18098,0.568148
1.16632,0.725073
1.21672,0.457766
1.20694,0.551164
1.17582,0.78698
1.18857,0.670148
1.20477,0.383372
1.18843,0.408468
1.16393,0.949986
1.18262,0.837575
1.25456,0.00687728
1.18836,0.768851
1.23929,0.190844
1.11781,1.10628
1.20812,0.287375
1.25812,0.143514
1.15924,0.863194
1.20942,0.372527
1.21354,0.424202
1.17773,0.520139
1.21586,0.491072
1.17853,0.943415
1.16583,0.781785
1.14556,1.17109
1.24701,-0.086456
1.22025,0.312823
1.1773,0.789211
1.12313,1.0774
1.22887,0.248516
1.11889,1.39595
1.25249,-0.109354
1.21921,0.477725
1.17748,0.863687
1.12049,1.18888
1.20171,0.454889
1.23649,0.165148
1.16646,0.864253
1.21128,0.29663
1.21867,0.370962
1.16367,0.858855
1.17941,0.725077
1.16159,1.16226
1.21022,0.343133
1.20898,0.506188
1.21889,0.283101
1.18891,0.480724
1.18167,0.731682
1.21267,0.344831
1.20297,0.426193
1.1763,0.660492
1.19893,0.420393
1.2065,0.58622
1.17999,0.518476
1.13577,1.16546
1.1783,0.710452
1.23454,0.132584
1.19541,0.524132
1.22476,0.190775
1.15969,0.991573
1.16265,0.849097
1.20719,0.371267
1.2142,0.309021
1.15254,0.892109
1.17366,0.633414
1.24106,0.194097
1.23811,0.133243
1.10712,1.34665
1.12509,1.18811
1.18893,0.585025
1.19411,0.353537
1.22119,0.538007
1.14856,1.15194
1.18427,0.756047
1.1941,0.575712
1.16811,0.925588
1.23368,0.142693
1.14638,1.22273
1.19501,0.593548
1.18278,0.630307
1.20104,0.389859
1.17002,0.697581
1.23051,0.132789
1.20419,0.454575
1.20563,0.467
1.15514,0.716787
1.21145,0.485685
1.19963,0.411024
1.11818,1.42297
1.0907,1.50166
1.18721,0.677649
1.15765,1.06075
1.22379,0.367748
1.21037,0.488065
1.19485,0.414995
1.2653,-0.0312544
1.18263,0.965814
1.16461,0.804632
1.20733,0.388854
1.22393,0.227657
1.21246,0.556424
1.13112,1.10047
1.23953,-0.00990397
1.20984,0.486664
1.24712,-0.0717253
1.24679,0.204283
1.17075,0.906415
1.19244,0.616977
1.18323,0.650558
1.17001,0.922672
1.21787,0.178567
1.15429,0.932296
1.21235,0.46901
1.21969,0.437962
1.21875,0.364417
1.22066,0.438541
1.17685,0.9178
1.17806,0.846137
1.16783,1.01429
1.16478,0.753323
1.18519,0.554079
1.18592,0.802395
1.23759,0.142468
1.18782,0.569511
1.19071,0.632755
1.22574,0.275921
1.23288,0.361212
1.18899,0.635892
1.14946,1.04504
1.18931,0.459894
1.2077,0.319361
1.14834,0.946798
1.15302,1.22362
1.16454,0.818718
1.21569,0.420416
1.24015,0.203324
1.20521,0.625495
1.12821,1.22738
1.24352,0.0578341
1.22715,0.201029
1.21357,0.36195
1.20917,0.519886
1.18616,0.615633
1.24137,0.0230472
1.27166,-0.156135
1.18155,0.464797
1.16137,0.967281
1.16862,0.699193
1.19418,0.499148
1.20004,0.550445
1.20824,0.534862
1.16379,0.945578
1.15379,1.08441
1.18548,0.717583
1.21741,0.545622
1.18725,0.571091
1.19583,0.719038
1.18385,0.644686
1.14527,1.0776
1.16004,0.956904
1.19792,0.587174
1.16037,0.834472
1.21991,0.235738
1.13617,1.0404
1.20452,0.53068
1.16778,1.01171
1.10142,1.53443
1.13404,1.14365
1.16827,0.940468
1.14723,0.983979
1.14284,1.02041
1.16338,0.946613
1.21704,0.346446
1.21662,0.576841
1.21972,0.288754
1.20175,0.552826
1.19793,0.53086
1.22469,0.260049
1.16008,0.734038
1.14581,1.14561
1.18833,0.441521
1.18716,0.693967
1.2147,0.110706
1.14723,0.87693
1.21145,0.334955
1.20629,0.649458
1.21528,0.466293
1.23944,0.302067
1.18185,0.568044
1.17517,0.815062
1.16264,0.798471
1.16854,1.02611
1.21818,0.207407
1.20664,0.213104
1.22821,0.340577
1.23606,0.120044
1.17031,0.807569
1.26463,0.0061025
1.13901,1.15005
1.2478,0.106377
1.23072,0.43031
1.21029,0.380393
1.20713,0.463689
1.19858,0.466731
1.22187,0.236266
1.22827,0.185385
1.16404,1.05487
1.21391,0.481099
1.16155,0.931213
1.15452,1.0117
1.2197,0.503825
1.17684,0.938134
1.21055,0.515764
1.21239,0.680748
1.1604,0.942447
1.19424,0.495006
1.19173,0.624104
1.19685,0.434969
1.21254,0.353452
1.18998,0.466858
1.22962,0.249057
1.2079,0.66368
1.14154,1.2292
1.22463,0.260442
1.1875,0.767682
1.21974,0.0868615
1.18152,0.602681
1.15056,0.958673
1.19898,0.450425
1.23332,0.183549
1.18226,0.810186
1.16091,1.09031
1.13129,1.08981
1.17968,0.873373
1.20861,0.480119
1.19276,0.588776
1.19414,0.659302
1.22146,0.278402
1.19804,0.797805
1.19097,0.689031
1.21411,0.445097
1.17288,0.925273
1.12942,1.08673
1.18989,0.777916
1.18561,0.642189
1.14567,1.00768
1.13259,1.23919
1.19442,0.570022
1.21622,0.455389
1.18241,0.578211
1.1993,0.40982
1.14765,1.14345
1.20665,0.485902
1.19244,0.523339
1.17476,0.563143
1.27362,-0.346708
1.21945,0.470135
1.17974,0.660266
1.19164,0.751833
1.18442,0.814305
1.19961,0.373602
1.17102,0.810167
1.16879,0.5569
1.23283,0.0311008
1.14721,1.10864
1.19814,0.39483
1.179,0.941732
1.21432,0.367863
1.21247,0.313683
1.21733,0.25348
1.17747,0.808908
1.2092,0.399266
1.25081,-0.0046579
1.21425,0.323466
1.17295,0.80658
1.24787,0.160289
1.12579,1.09131
1.18038,0.616593
1.12382,1.24952
1.19576,0.550634
1.10413,1.42572
1.16557,0.770369
1.19539,0.86837
1.18095,0.756736
1.18095,0.71339
1.21455,0.438639
1.16442,0.905741
1.17933,0.898355
1.18617,0.692765
1.22496,0.396594
1.17764,0.608454
1.19053,0.711446
1.16666,0.9012
1.245,0.0906983
1.19808,0.621813
1.22348,0.300157
1.18751,0.514871
1.20483,0.477791
1.15736,1.1485
1.23522,0.181129
1.16191,1.09063
1.20504,0.586333
1.20253,0.6118
1.18815,0.5966
1.17913,0.685603
1.14566,1.08749
1.18802,0.54526
1.22835,0.299307
1.18093,0.925084
1.16087,0.647138
1.13926,1.14463
1.16928,0.809991
1.22985,0.343459
1.17318,0.803243
1.15854,1.02417
1.18078,0.774227
1.24723,0.0521809
1.20488,0.562074
1.23047,0.290143
1.1808,0.746727
1.14287,1.0338
1.20702,0.654313
1.1981,0.645188
1.13441,1.02053
1.14011,1.10536
1.21669,0.197096
1.17717,0.696252
1.18653,0.646815
1.2014,0.53923
1.21026,0.568354
1.24225,-0.00672929
1.21832,0.397155
1.21656,0.537433
1.20464,0.377867
1.19177,0.529842
1.2262,0.120572
1.2057,0.644449
1.16811,0.619868
1.25037,0.0242056
1.16412,1.12049
1.24843,0.155593
1.1799,0.594826
1.15707,1.02136
1.20849,0.485095
1.30028,-0.470903
1.23269,0.323198
1.24312,-0.0196222
1.17707,0.743805
1.14295,0.86007
1.22261,0.226368
1.15878,1.03023
1.23619,0.292469
1.19892,0.201784
1.19059,0.51416
1.21858,0.454617
1.18343,0.681921
1.15739,0.634708
1.22303,0.451092
1.21961,0.175863
1.16522,0.924819
1.19746,0.550237
1.18425,0.643796
1.20607,0.682944
1.19002,0.566441
1.23792,0.179888
1.17142,0.495082
1.19427,0.736106
1.22395,0.392819
1.1515,1.09802
1.23581,0.37288
1.22633,0.224314
1.18234,0.806983
1.19193,0.777372
1.15164,1.00741
1.16702,0.828965
1.1844,0.826996
1.23631,0.100211
1.18995,0.643056
1.20714,0.549534
1.14832,1.06768
1.22944,0.514542
1.20036,0.252684
1.20762,0.356969
1.19342,0.582516
1.25716,0.0733073
1.25172,0.0280051
1.2264,0.289234
1.21091,0.487902
1.14434,1.09142
1.19811,0.339092
1.19039,0.590387
1.17565,0.622049
1.17969,0.849928
1.17172,0.718243
1.15221,0.855865
1.12405,1.41893
1.21211,0.249979
1.26627,-0.131292
1.24862,0.22058
1.22801,0.292137
1.1975,0.586407
1.21837,0.322718
1.19186,0.646352
1.16923,0.665742
1.23807,0.213195
1.23492,-0.0596968
1.25038,0.268527
1.22194,0.335709
1.2378,0.0740347
1.19566,0.460647
1.20313,0.577731
1.2091,0.424981
1.22909,0.125771
1.17927,0.822483
1.17403,0.739721
1.21546,0.553933
1.1475,0.994067
1.22327,0.211598
1.17533,0.617623
1.19616,0.550335
1.20059,0.654954
1.21515,0.505052
1.18825,0.752516
1.18535,0.686456
1.23635,-0.00479101
1.22963,0.162367
1.17821,0.775449
1.16821,0.894638
1.1015,1.42156
1.19516,0.616728
1.14485,0.978088
1.15767,1.00626
1.19497,0.436159
1.19477,0.621401
1.16067,1.01804
1.21626,0.404811
1.18197,0.681066
1.20286,0.64294
1.1449,1.04305
1.15725,0.967573
1.19927,0.779787
1.12422,1.13858
1.17411,0.747042
1.16832,0.690789
1.15275,1.03088
1.20169,0.519654
1.20942,0.506192
1.18988,0.350169
1.21755,0.525508
1.14748,1.15733
1.15808,0.956335
1.22006,0.134324
1.21377,0.304605
1.18624,0.769605
1.17106,0.858284
1.19627,0.500535
1.23649,0.00128071
1.16851,0.75259
1.18499,0.547156
1.21064,0.215575
1.21906,0.180862
1.19151,0.709661
1.24562,0.126132
1.19598,0.452648
1.16318,0.883412
1.18397,0.570976
1.17634,0.822185
1.1109,1.18448
1.2384,0.124917
1.20561,0.345401
1.18651,0.717224
1.15344,0.978042
1.21312,0.259672
1.24677,-0.0454549
1.13829,1.16784
1.16476,0.751359
1.25164,0.126812
1.15884,1.01981
1.25862,-0.0176864
1.15605,0.956496
1.16093,0.87864
1.1771,0.759724
1.19822,0.488786
1.21733,0.549429
1.17229,0.750664
1.2039,0.392548
1.14518,0.937655
1.18137,0.508708
1.16676,0.948479
1.22322,0.344757
1.14067,1.03526
1.18753,0.716171
1.19404,0.62381
1.13728,1.04861
1.16992,1.09871
1.22493,0.0423834
1.13578,1.1795
1.22146,0.36089
1.19472,0.538935
1.18832,0.695135
1.21462,0.333893
1.21367,0.465832
1.20715,0.492521
1.16455,0.830134
1.23088,0.363615
1.18195,0.712563
1.13648,1.21172
1.19381,0.600153
1.15823,0.925038
1.21427,0.0495579
1.18294,0.709706
1.16635,0.830833
1.14479,1.16475
1.2262,0.0995531
1.13269,1.12098
1.1837,0.804835
1.16406,0.761327
1.15176,0.942092
1.14542,1.13923
1.15384,0.884251
1.18737,0.665305
1.17407,0.652751
1.18547,0.568434
1.22372,0.248137
1.19269,0.594149
1.16964,0.754763
1.23563,0.218254
1.24684,0.0494902
1.17787,0.803927
1.17564,0.718272
1.18801,0.583868
1.17238,0.697417
1.13326,1.22415
1.16922,0.663026
1.20253,0.547974
1.13575,1.07021
1.16134,0.963434
1.17942,0.683972
1.20847,0.249968
1.22387,0.114207
1.16739,0.772188
1.28458,-0.414411
1.2201,0.381713
1.26863,-0.160347
1.16567,0.724753
1.1482,1.2071
1.18006,0.937362
1.17772,0.681198
1.23309,0.132862
1.19905,0.584146
1.18452,0.75473
1.1957,0.602634
1.21079,0.308417
1.21851,0.404406
1.26814,-0.332103
1.18574,0.574323
1.17214,0.848057
1.09603,1.70628
1.16834,0.718659
1.19447,0.622682
1.15567,0.659814
1.20575,0.379757
1.20355,0.505538
1.17771,0.695704
1.23621,0.196768
1.15452,0.837816
1.19442,0.72544
1.21065,0.24407
1.15232,0.851247
1.27343,-0.127029
1.28271,-0.294363
1.18389,0.837459
1.14949,1.08167
1.18551,0.703348
1.22934,0.120623
1.20627,0.342878
1.22521,0.369221
1.24167,0.118993
1.17223,0.942105
1.24144,-0.124137
1.1705,0.69267
1.15065,0.857789
1.20083,0.328525
1.14645,1.06606
1.22237,0.280671
1.15334,0.912285
1.23556,0.212886
1.23363,0.40782
1.1311,1.19408
1.22469,0.300816
1.1838,0.465679
1.2021,0.422301
1.20025,0.319553
1.19402,0.64867
1.18168,0.791882
1.12268,1.23621
1.18273,0.69931
1.19627,0.569028
1.19414,0.621945
1.16657,0.87598
1.20072,0.61598
1.14394,1.01757
1.18545,0.808848
1.21374,0.448154
1.15653,1.02276
1.18953,0.617161
1.18251,0.707907
1.20483,0.319418
1.13634,1.22029
1.122,1.45137
1.16044,0.726708
1.1995,0.479414
1.1505,0.876205
1.12949,1.11785
1.19005,0.565187
1.20426,0.426272
1.21658,0.306063
1.2498,0.267091
1.16273,0.895812
1.22644,0.451294
1.16621,0.907946
1.1803,0.833739
1.21655,0.29779
1.17144,0.908442
1.17255,0.948079
1.29261,-0.474227
1.18563,0.619983
1.15178,1.04808
1.14572,1.0388
1.18136,0.648952
1.20067,0.375981
1.14438,1.10889
1.16963,0.987154
1.18164,0.782469
1.18781,0.787319
1.2234,0.27685
1.20882,0.37824
1.17387,0.686339
1.19984,0.474667
1.19806,0.640823
1.16917,0.757482
1.21611,0.438167
1.22885,0.220641
1.20358,0.698186
1.17734,0.815178
1.22069,0.344335
1.19902,0.444362
1.16381,0.991619
1.15872,0.810646
1.21229,0.611785
1.1715,0.724195
1.14351,0.814185
1.22731,0.333835
1.06391,2.00095
1.14738,1.00556
1.15874,0.977713
1.18851,0.659223
1.22439,0.43246
1.18709,0.593053
1.14457,0.988155
1.18689,0.6943
1.19696,0.551892
1.2505,-0.120308
1.21218,0.389611
1.23479,0.110438
1.14913,1.15201
1.19739,0.57997
1.19318,0.647116
1.24424,-0.0342978
1.15323,0.924938
1.25063,-0.0045258
1.18776,0.756625
1.16201,1.02291
1.21619,0.308871
1.20201,0.429437
1.18859,0.494409
1.21443,0.475992
1.18245,0.539701
1.19719,0.425763
1.16007,0.894528
1.18524,0.498197
1.19491,0.517941
1.18234,0.863988
1.19933,0.462058
1.22659,0.104917
1.19299,0.531194
1.1948,0.483543
1.14177,1.18413
1.27494,-0.0711827
1.20411,0.553441
1.18792,0.668412
1.20445,0.460307
1.14186,1.00725
1.18327,0.6982
1.20767,0.403427
1.14134,1.19675
1.1612,0.892403
