slope,intercept
0.885363,-0.818116
0.926009,-0.983928
0.918431,-0.884542
0.879229,-0.645242
0.932844,-0.867821
0.886743,-0.44886
0.88683,-0.548704
0.911871,-0.834148
0.866413,-0.567641
0.913955,-0.802358
0.91774,-0.875775
0.890819,-0.599184
0.910879,-0.695102
0.888545,-0.687234
0.868542,-0.552228
0.895437,-0.791673
0.864338,-0.361331
0.876226,-0.697566
0.88523,-0.546743
0.843021,-0.417878
0.880161,-0.48733
0.898194,-0.642189
0.904633,-0.790074
0.849193,-0.294881
0.882893,-0.62266
0.913144,-0.759782
0.931127,-1.08068
0.870462,-0.455143
0.88595,-0.677996
0.945614,-1.32124
0.880946,-0.468351
0.908686,-0.84916
0.91195,-0.9949
0.867812,-0.439154
0.898168,-0.726388
0.857112,-0.44757
0.853936,-0.616358
0.880967,-0.659409
0.867444,-0.413855
0.851689,-0.348957
0.941164,-1.2616
0.868395,-0.34483
0.895968,-0.680985
0.884976,-0.726603
0.880639,-0.359124
0.878753,-0.36165
0.858357,-0.464714
0.948118,-1.12322
0.870511,-0.390994
0.921013,-1.00289
0.913214,-0.690285
0.863734,-0.401595
0.886342,-0.672362
0.934648,-0.983196
0.897153,-0.569279
0.8858,-0.720872
0.950096,-1.23634
0.889723,-0.620134
0.856041,-0.483612
0.906303,-0.914193
0.949207,-0.860201
0.894346,-1.06003
0.96197,-1.2458
0.870476,-0.599345
0.901979,-0.676735
0.940988,-0.760015
0.931759,-0.939903
0.914682,-0.767581
0.87089,-0.708688
0.857683,-0.468933
0.884997,-0.361935
0.856928,-0.378886
0.90191,-0.870817
0.93014,-1.0768
0.889588,-0.752662
0.878215,-0.630969
0.875387,-0.787632
0.904217,-0.825925
0.858526,-0.433483
0.90548,-1.08348
0.911616,-0.97018
0.902104,-0.689287
0.918519,-0.894847
0.917959,-0.820309
0.889067,-0.729539
0.894698,-0.788086
0.944562,-1.0847
0.930139,-0.947529
0.908781,-0.73793
0.945954,-1.17842
0.904838,-0.725939
0.936059,-1.07813
0.896985,-0.738235
0.830874,-0.30684
0.871585,-0.561603
0.915318,-0.622075
0.90705,-0.754371
0.904107,-0.875093
0.915598,-1.00737
0.876416,-0.482553
0.900979,-1.07776
0.863619,-0.393144
0.925083,-0.924346
0.897738,-0.734616
0.933986,-0.788216
0.878032,-0.603506
0.900312,-0.828636
0.862507,-0.727819
0.932233,-1.0263
0.903321,-0.648083
0.87353,-0.460944
0.9149,-1.00617
0.968184,-1.33507
0.904599,-0.732674
0.872891,-0.455896
0.908292,-0.960152
0.894603,-0.476412
0.888281,-0.711269
0.931616,-0.6896
0.94292,-1.11966
0.917274,-0.758242
0.901204,-0.714729
0.884021,-0.560655
0.877097,-0.33523
0.906145,-0.860344
0.914232,-0.88962
0.931355,-1.00619
0.864017,-0.673263
0.895968,-0.628312
0.912563,-0.802757
0.873226,-0.490506
0.862304,-0.479689
0.922912,-0.858318
0.910017,-0.679697
0.907204,-0.81194
0.886607,-0.591083
0.85949,-0.280872
0.868005,-0.557325
0.878694,-0.53314
0.879982,-0.67067
0.866812,-0.680068
0.896856,-0.855043
0.862189,-0.582511
0.853564,-0.454518
0.853223,-0.520378
0.8855,-0.629458
0.950605,-0.769256
0.887357,-0.494943
0.891749,-0.606128
0.889383,-0.683047
0.875569,-0.632665
0.915445,-0.719134
0.898414,-0.811136
0.935908,-1.23581
0.90194,-0.750216
0.907484,-0.824903
0.864828,-0.65198
0.926841,-0.736564
0.873146,-0.543508
0.909238,-0.841686
0.921113,-0.860426
0.906915,-0.735146
0.900954,-0.749919
0.902599,-0.679132
0.862208,-0.293978
0.866832,-0.76734
0.889281,-0.556478
0.864685,-0.552243
0.908946,-1.06126
0.879081,-0.59102
0.92792,-0.901297
0.895376,-0.627661
0.942281,-1.04986
0.909178,-0.658029
0.903193,-0.693235
0.88858,-0.676637
0.853649,-0.348129
0.900802,-0.800832
0.895091,-0.879965
0.933794,-1.22239
0.965784,-1.34686
0.918568,-0.899687
0.886859,-0.599296
0.934298,-1.03816
0.884973,-0.488988
0.936977,-0.972938
0.895447,-0.545659
0.894134,-0.585313
0.907381,-0.673353
0.89144,-0.417955
0.887388,-0.431753
0.88119,-0.559384
0.90408,-0.662637
0.883574,-0.586608
0.862591,-0.453414
0.867048,-0.567617
0.867688,-0.599754
0.913929,-0.84627
0.850885,-0.402209
0.910032,-1.13298
0.940495,-1.17058
0.896561,-0.99701
0.912286,-0.911876
0.829753,-0.0159318
0.859092,-0.326637
0.893178,-0.666538
0.920943,-1.08795
0.8778,-0.783006
0.87807,-0.40932
0.877643,-0.61495
0.912388,-0.753085
0.88609,-0.646747
0.891197,-0.699193
0.880004,-0.508853
0.889,-0.536006
0.893692,-0.681809
0.8656,-0.619935
0.891104,-0.589464
0.895789,-0.777868
0.917489,-0.905719
0.952578,-1.02824
0.849715,-0.245351
0.92385,-0.774637
0.895507,-0.66717
0.855629,-0.5221
0.848522,-0.195362
0.900243,-0.688364
0.887415,-0.568316
0.906157,-0.865398
0.895729,-0.713459
0.869309,-0.450435
0.8472,-0.263532
0.929791,-1.00527
0.907983,-0.547544
0.948121,-1.23205
0.928225,-1.28324
0.884371,-0.78504
0.903596,-0.708332
0.927991,-0.804821
0.910524,-0.687724
0.920312,-0.800821
0.908971,-0.973985
0.892013,-0.788181
0.919422,-0.78084
0.872446,-0.494779
0.855375,-0.447985
0.874253,-0.485314
0.846466,-0.444316
0.90858,-0.765361
0.930267,-0.688857
0.940852,-0.960189
0.902685,-0.894645
0.900975,-0.731192
0.9042,-0.807561
0.907718,-0.654096
0.942802,-1.14882
0.934688,-0.962134
0.906002,-0.87944
0.900431,-0.766384
0.899926,-0.865171
0.918335,-0.860132
0.918329,-0.945241
0.891609,-0.637482
0.922801,-0.814573
0.889877,-0.469795
0.920485,-0.84292
0.913521,-0.829827
0.915593,-0.929212
0.892756,-0.553155
0.846665,-0.352755
0.925966,-0.853214
0.895974,-0.709202
0.883611,-0.369599
0.883659,-0.611693
0.940674,-1.15457
0.882388,-0.633502
0.90917,-0.743004
0.908672,-0.936165
0.900435,-0.441115
0.938525,-1.03548
0.854268,-0.345696
0.899909,-0.71115
0.85709,-0.378048
0.910717,-1.04244
0.892641,-0.685937
0.925328,-1.06708
0.915231,-0.782681
0.89388,-0.669737
0.905586,-0.463735
0.935002,-1.04635
0.932702,-1.03199
0.882663,-0.532823
0.916061,-0.851192
0.877769,-0.394455
0.880587,-0.484066
0.900525,-0.692638
0.92609,-0.712221
0.85986,-0.452771
0.900685,-0.669614
0.907289,-0.789394
0.905759,-0.798079
0.895155,-0.65176
0.959635,-1.24084
0.892016,-0.772717
0.892149,-0.518244
0.873826,-0.581557
0.905366,-0.81575
0.858183,-0.364319
0.928253,-0.726631
0.969172,-1.29009
0.888387,-0.415499
0.840089,-0.210379
0.96843,-1.34656
0.933172,-0.881588
0.886016,-0.601994
0.910322,-0.732186
0.88928,-0.605917
0.907168,-0.971735
0.911466,-0.760591
0.904555,-0.653265
0.88784,-0.503209
0.950735,-1.24386
0.907306,-0.696985
0.948956,-1.15052
0.864502,-0.35803
0.89204,-0.595838
0.912744,-0.828376
0.919724,-0.963335
0.905903,-1.0304
0.872831,-0.600113
0.89795,-0.764285
0.897992,-0.67371
0.878756,-0.463863
0.894929,-0.63436
0.930681,-1.11483
0.938987,-0.932971
0.892762,-0.696019
0.898341,-0.662016
0.926472,-0.704364
0.916491,-0.933254
0.866238,-0.302703
0.919432,-0.958338
0.880916,-0.80942
0.860728,-0.307041
0.916079,-0.712875
0.903084,-0.744588
0.88874,-0.595745
0.923419,-0.966454
0.898166,-1.00138
0.852896,-0.254744
0.977046,-1.41649
0.930609,-1.10563
0.862781,-0.382963
0.914264,-0.971522
0.865303,-0.356713
0.934054,-1.14179
0.880462,-0.499794
0.870142,-0.506737
0.887192,-0.748012
0.828242,-0.0495753
0.943662,-1.07511
0.898369,-0.789348
0.909564,-0.864379
0.893054,-0.486661
0.883649,-0.537234
0.932214,-1.07163
0.935584,-1.18791
0.887346,-0.741709
0.88342,-0.788502
0.812321,0.0515659
0.920851,-0.602922
0.866845,-0.487106
0.922231,-0.88603
0.907775,-0.459937
0.880888,-0.52405
0.880857,-0.346855
0.870214,-0.583022
0.863778,-0.399182
0.843941,-0.160785
0.867379,-0.467592
0.88671,-0.807254
0.898211,-0.576356
0.837954,-0.277372
0.84926,-0.444418
0.879233,-0.642987
0.910201,-0.804325
0.898925,-1.05211
0.869014,-0.447123
0.879871,-0.644716
0.937211,-1.12149
0.871181,-0.587285
0.9055,-0.756209
0.926777,-0.993522
0.88528,-0.676813
0.886839,-0.460868
0.919264,-0.91175
0.933186,-0.947607
0.912278,-0.795734
0.901543,-0.738929
0.861269,-0.34753
0.891077,-0.435866
0.912409,-0.768277
0.867542,-0.436809
0.886407,-0.64242
0.917537,-1.07617
0.914445,-0.550807
0.89198,-0.504464
0.880753,-0.552031
0.925374,-0.936717
0.959423,-1.23812
0.920253,-0.960038
0.886564,-0.424683
0.908281,-0.639155
0.84489,-0.127437
0.903331,-0.592906
0.928006,-0.848788
0.875799,-0.528512
0.898276,-0.816464
0.858115,-0.485078
0.913175,-0.895914
0.878053,-0.600448
0.935636,-0.848548
0.895003,-0.625813
0.936071,-1.38361
0.881486,-0.56994
0.831889,0.0311621
0.852498,-0.452442
0.903133,-0.797719
0.853864,-0.315943
0.941613,-1.15754
0.899242,-0.527766
0.913283,-0.544549
0.890131,-0.425136
0.941511,-0.980605
0.882539,-0.648407
0.895838,-0.526396
0.895992,-0.651296
0.888671,-0.536246
0.86544,-0.629609
0.907497,-0.945321
0.956982,-1.23681
0.912208,-0.689341
0.911953,-0.788789
0.908521,-0.887309
0.914233,-0.635356
0.929151,-1.0702
0.815363,-0.107558
0.839892,-0.393461
0.906583,-0.762867
0.868399,-0.643423
0.936631,-0.969678
0.840272,-0.546657
0.932235,-0.75385
0.895482,-0.735202
0.93265,-1.03496
0.93991,-1.25608
0.877628,-0.690807
0.870437,-0.512606
0.888548,-0.78467
0.909004,-0.727252
0.914674,-1.11869
0.924537,-0.863317
0.839835,-0.380771
0.841234,-0.226057
0.93098,-1.13859
0.910661,-0.785013
0.874307,-0.403368
0.880039,-0.740524
0.899567,-0.667253
0.926694,-0.991942
0.911351,-0.818167
0.878401,-0.50226
0.8964,-0.7994
0.908844,-0.859379
0.869162,-0.606437
0.884232,-0.617215
0.909635,-0.686684
0.903872,-0.737506
0.898727,-0.852926
0.899889,-0.72195
0.908531,-0.957287
0.951583,-1.28055
0.921705,-0.961298
0.880161,-0.68295
0.898148,-0.858405
0.898605,-0.884037
0.87544,-0.685096
0.939383,-1.27156
0.858077,-0.426024
0.857619,-0.377269
0.936179,-1.15508
0.900809,-0.717062
0.899594,-0.591918
0.872245,-0.678206
0.899268,-0.537726
0.918017,-0.887035
0.861004,-0.521366
0.87024,-0.432276
0.908152,-0.970516
0.841407,-0.455044
0.909491,-0.756951
0.930413,-1.03176
0.901541,-0.78359
0.866418,-0.550978
0.942388,-1.19354
0.923934,-1.04868
0.920512,-1.06804
0.849068,-0.0197951
0.904441,-0.593809
0.920739,-0.640286
0.882223,-0.680692
0.920949,-1.09762
0.908588,-0.533398
0.89202,-0.583312
0.937058,-1.15535
0.902104,-0.825999
0.831196,-0.284294
0.855885,-0.531844
0.868459,-0.599016
0.898975,-0.560744
0.913482,-1.05904
0.896008,-0.788994
0.925612,-0.849949
0.881578,-0.66509
0.86624,-0.399168
0.893001,-0.697015
0.862813,-0.658717
0.951571,-1.13537
0.885839,-0.763189
0.924986,-0.614301
0.907995,-0.786851
0.878361,-0.570445
0.88936,-0.766246
0.820327,0.119478
0.950102,-0.925327
0.888893,-0.719755
0.901118,-0.80836
0.960276,-1.22189
0.889815,-0.80238
0.922865,-0.854331
0.847529,-0.41117
0.894307,-0.711704
0.879473,-0.636336
0.888623,-0.64722
0.952217,-1.08645
0.874275,-0.55212
0.927903,-0.981316
0.878981,-0.758266
0.838971,-0.161709
0.907842,-0.527334
0.905095,-0.584682
0.862802,-0.300747
0.918286,-1.11104
0.864476,-0.370077
0.847328,-0.234177
0.897388,-0.80138
0.889375,-0.703519
0.901873,-0.843125
0.883674,-0.445898
0.892714,-0.734349
0.893935,-0.922753
0.924059,-0.785721
0.857535,-0.563795
0.912666,-0.904757
0.888733,-0.397162
0.876059,-0.504801
0.904583,-0.747503
0.904105,-0.666621
0.933659,-0.779328
0.880574,-0.625852
0.913599,-0.674183
0.829897,-0.390005
0.913492,-0.867324
0.904535,-0.951371
0.881264,-0.605681
0.924554,-1.02376
0.920456,-0.709169
0.907116,-0.733375
0.957781,-1.30203
0.833315,-0.449576
0.922701,-1.08731
0.887759,-0.775057
0.939435,-1.15342
0.887681,-0.67012
0.892224,-0.709219
0.895037,-0.776436
0.887703,-0.714523
0.929496,-0.942829
0.883973,-0.500818
0.918644,-0.877747
0.865498,-0.48154
0.89149,-0.599293
0.892224,-0.754879
0.837467,-0.17969
0.896319,-0.556417
0.897446,-0.693927
0.922855,-0.835574
0.914994,-0.789818
0.8919,-0.688721
0.955724,-1.24243
0.89025,-0.510409
0.936772,-1.05445
0.856882,-0.605289
0.886775,-0.702119
0.92996,-0.987373
0.916044,-0.850407
0.867799,-0.415645
0.902596,-0.726058
0.90659,-0.713645
0.90664,-0.638741
0.876076,-0.563796
0.923134,-0.789101
0.936604,-1.2318
0.949499,-0.99479
0.902036,-0.606136
0.898353,-0.60764
0.907819,-0.835117
0.890471,-0.826817
0.964776,-1.30947
0.91717,-0.995953
0.876228,-0.453098
0.902322,-0.705324
0.886331,-0.646262
0.897552,-0.698863
0.912828,-1.22748
0.857068,-0.493008
0.893364,-0.654851
0.921685,-0.833534
0.927071,-0.997605
0.891225,-0.766188
0.87755,-0.506808
0.917394,-1.00734
0.945587,-1.31345
0.898791,-0.950451
0.917866,-0.711171
0.906077,-0.839557
0.906739,-0.830241
0.852982,-0.460295
0.897113,-0.825973
0.909333,-0.837185
0.93398,-0.844433
0.9523,-0.974408
0.851064,-0.157676
0.852458,-0.345933
0.892712,-0.611044
0.921786,-0.98178
0.918215,-1.08241
0.864978,-0.552861
0.904764,-0.922112
0.934251,-0.777022
0.944164,-1.04597
0.833691,-0.548054
0.890515,-0.759591
0.925185,-0.987397
0.897956,-0.850659
0.94717,-1.21263
0.88003,-0.758646
0.88542,-0.931145
0.887864,-0.515695
0.924076,-0.578665
0.907789,-0.928211
0.892622,-0.650413
0.897577,-0.625039
0.87081,-0.481394
0.885491,-0.875708
0.881448,-0.64029
0.96604,-1.01451
0.944047,-1.23297
0.859022,-0.507054
0.992775,-1.66154
0.870127,-0.581584
0.878133,-0.618269
0.901784,-0.746964
0.900032,-0.841218
0.901188,-0.888078
0.906187,-0.656229
0.896727,-0.404558
0.853536,-0.29117
0.88679,-0.556169
0.909836,-0.713454
0.933043,-1.1058
0.946998,-1.03642
0.951342,-1.00969
0.948743,-1.15473
0.91135,-0.920043
0.930162,-1.09321
0.904301,-0.767144
0.900293,-0.783315
0.909042,-1.00178
0.854209,-0.349215
0.894878,-0.601316
0.894478,-0.753765
0.904383,-0.547472
0.890615,-0.758779
0.885112,-0.752059
0.915082,-0.715421
0.916429,-0.903476
0.870471,-0.482081
0.835466,-0.272731
0.887038,-0.355065
0.914082,-0.635797
0.912331,-0.70402
0.960013,-1.26218
0.900729,-0.931
0.856786,-0.403093
0.930202,-0.733195
0.853978,-0.425497
0.942452,-1.07324
0.900667,-0.910825
0.889434,-0.673168
0.889443,-0.775768
0.971907,-1.05324
0.859414,-0.382452
0.904731,-0.773272
0.908073,-0.584615
0.928527,-0.972295
0.89804,-0.87246
0.857026,-0.33701
0.907076,-0.778552
0.912744,-0.840432
0.917702,-0.690246
0.864455,-0.663574
0.883741,-0.535364
0.922264,-0.836313
0.896517,-0.811506
0.877022,-0.713201
0.930946,-1.06767
0.899381,-0.942682
0.886739,-0.625102
0.857062,-0.424786
0.865014,-0.483701
0.886426,-0.731403
0.960115,-1.22908
0.882484,-0.712924
0.89681,-0.694826
0.889641,-0.689854
0.832645,-0.296064
0.931842,-1.13176
0.898216,-0.870624
0.897026,-0.668411
0.86089,-0.722509
0.871697,-0.445493
0.930313,-1.04172
0.891496,-0.638434
0.873948,-0.480304
0.909153,-0.552785
0.865243,-0.439464
0.908835,-0.661635
0.894759,-0.55235
0.874494,-0.592647
0.863306,-0.196037
0.898144,-0.801574
0.885146,-0.473044
0.934549,-0.886438
0.893069,-0.646807
0.93791,-1.06406
0.887117,-0.599335
0.817933,0.17643
0.881984,-0.565833
0.929157,-1.12168
0.903552,-0.655095
0.896222,-0.939492
0.917656,-0.854869
0.938797,-1.18165
0.856514,-0.457895
0.895851,-0.940294
0.911275,-0.746056
0.959465,-1.04708
0.894281,-0.604948
0.928455,-0.924345
0.886268,-0.543318
0.895215,-0.701253
0.887414,-0.717231
0.873291,-0.61511
0.877588,-0.517683
0.955628,-1.22914
0.882973,-0.515556
0.923221,-0.730047
0.915935,-0.727881
0.94064,-1.0407
0.876855,-0.490705
0.920366,-0.849408
0.880067,-0.532478
0.91791,-0.95102
0.913128,-0.649826
0.954519,-1.27248
0.939748,-1.21018
0.8965,-0.690476
0.895927,-0.785775
0.896996,-0.790901
0.92308,-0.969703
0.892544,-0.510875
0.905447,-0.968233
0.907505,-1.01075
0.893835,-0.521319
0.907552,-0.761344
0.966955,-1.21055
0.889705,-0.583396
0.941818,-1.08549
0.873669,-0.604163
0.900887,-0.850424
0.90247,-0.720879
0.895111,-0.786518
0.89622,-0.407922
0.957705,-1.35126
0.919139,-0.919504
0.859789,-0.401403
0.951923,-1.22127
0.881599,-0.57238
0.866911,-0.47798
0.846688,-0.418831
0.916078,-0.991014
0.879319,-0.71297
0.856075,-0.438286
0.880156,-0.30831
0.896717,-0.710271
0.915544,-0.935105
0.921374,-0.709979
0.890756,-0.625832
0.927049,-0.916264
0.884729,-0.625989
0.870456,-0.443981
0.862674,-0.407648
0.834234,-0.280677
0.817994,-0.202196
0.882378,-0.669739
0.877386,-0.76251
0.888605,-0.761771
0.930218,-0.73983
0.908203,-0.742349
0.886023,-0.399933
0.901108,-0.721494
0.905995,-0.928492
0.882998,-0.690992
0.912041,-0.99723
0.894042,-0.740276
0.896986,-0.665161
0.885829,-0.676182
0.870688,-0.401873
0.863459,-0.546229
0.856394,-0.444605
0.94425,-1.17496
0.89053,-0.782184
0.883802,-0.522896
0.907577,-0.705892
0.921889,-1.09381
0.910504,-0.915175
0.874863,-0.380865
0.870857,-0.717757
0.924046,-1.0373
0.8822,-0.604052
0.923032,-0.896721
0.883029,-0.574304
0.869856,-0.491264
0.894183,-0.37452
0.905864,-0.885805
0.940414,-1.23168
0.910672,-0.833228
0.876335,-0.67044
0.872222,-0.561818
0.880889,-0.535879
0.854971,-0.432915
0.917321,-0.595064
0.893816,-0.716031
0.943317,-1.34273
0.893157,-0.966376
0.877767,-0.423167
0.871227,-0.424632
0.945795,-1.01521
0.86473,-0.544851
0.890602,-0.782681
0.893658,-0.576556
0.91289,-0.676922
0.937281,-1.12178
0.879059,-0.855835
0.881647,-0.542068
0.853368,-0.331635
0.870999,-0.605517
0.885764,-0.730434
0.939512,-0.951533
0.909884,-0.740194
0.939036,-0.979521
0.877346,-0.51812
0.824937,0.140182
0.903079,-0.902918
0.863378,-0.326852
0.920075,-0.857594
0.888533,-0.383192
0.917111,-0.892596
0.85296,-0.334901
0.922096,-0.758949
0.93242,-0.795142
0.888844,-0.626309
0.941687,-1.18286
0.888883,-0.607109
0.920898,-1.11209
0.882777,-0.577797
0.8877,-0.685495
0.927327,-0.806446
0.944527,-1.28377
0.946953,-1.06741
0.895287,-0.840875
0.890051,-0.574837
0.927395,-0.799657
0.95575,-1.10713
0.929344,-0.979089
0.886515,-0.637268
0.849508,-0.350903
0.931316,-1.04587
0.956573,-1.33547
0.903077,-0.596634
0.844964,-0.535324
0.860492,-0.296183
0.936643,-1.17081
0.936748,-1.18338
0.942383,-0.991815
0.882558,-0.704261
0.840682,-0.269959
0.930201,-0.928653
0.836457,-0.412847
0.905924,-0.935658
0.868881,-0.688876
0.895614,-0.623722
0.823422,-0.366669
0.962848,-1.03227
0.914037,-0.972311
0.881273,-0.791114
0.951828,-0.923444
0.969111,-1.30172
0.892074,-0.812026
0.90639,-0.923021
0.920539,-0.950501
0.910215,-0.628757
0.92347,-0.962419
0.851143,-0.464833
0.868393,-0.405953
0.976622,-1.58809
0.920433,-0.918055
0.908504,-0.63818
0.934804,-0.845393
0.912543,-0.990459
0.888577,-0.611856
0.925299,-0.826879
0.931335,-0.72729
0.866693,-0.438472
0.942853,-1.02719
0.900691,-0.652653
0.887605,-0.531365
0.886808,-0.744758
0.904065,-0.826061
0.900047,-0.859314
0.887931,-0.9041
0.89369,-0.617808
0.875015,-0.507455
0.927024,-1.01673
0.898334,-0.67202
0.925685,-0.869431
0.904385,-0.799896
0.913333,-0.882135
0.837945,-0.521611
0.859514,-0.372323
0.923672,-1.06952
0.943728,-1.06977
0.907093,-0.819584
0.868437,-0.504852
0.889382,-0.703639
0.863127,-0.541621
0.886317,-0.584559
0.925678,-0.968763
0.905905,-0.920462
0.902402,-0.935267
0.857439,-0.360475
0.920416,-0.893511
0.95774,-1.29869
0.846486,-0.215119
0.866516,-0.581792
0.881083,-0.710491
0.876483,-0.660369
0.894768,-0.771983
0.941664,-1.39475
0.878117,-0.634778
0.932535,-0.731741
0.863218,-0.545962
0.934092,-0.827984
0.814225,-0.171863
0.900971,-0.748944
0.885805,-0.847386
0.884255,-0.710141
0.904607,-0.832205
0.848986,-0.404303
0.904963,-0.706378
0.915837,-0.788769
0.847443,-0.228332
0.905791,-0.934704
0.90608,-1.01091
0.888723,-0.715009
0.910969,-1.03017
0.887771,-0.711765
0.899594,-0.837598
0.915425,-0.682054
0.931559,-1.08999
0.889302,-0.572719
0.950953,-1.50164
0.874882,-0.471002
0.880941,-0.844239
0.891514,-0.550842
0.926683,-0.896179
0.900263,-0.571827
0.908434,-0.744691
0.916332,-0.733196
0.873878,-0.491583
0.859166,-0.428637
0.923173,-0.809244
0.907992,-0.995792
0.937016,-1.04296
0.871588,-0.477785
0.912538,-0.591285
0.941046,-1.164
0.924276,-0.863053
0.871254,-0.566234
0.940842,-0.970844
0.911138,-1.0167
0.880168,-0.659257
0.937989,-0.954487
0.909222,-0.959362
0.872201,-0.562321
0.91412,-0.804023
0.904223,-1.00755
0.874011,-0.61029
0.933577,-0.828107
0.869882,-0.482977
0.905568,-0.667971
0.886302,-0.609322
0.970401,-1.19624
0.887537,-0.655501
0.904955,-0.89899
0.883893,-0.485663
0.88184,-0.645545
0.913211,-0.888529
0.914953,-0.726754
0.945404,-0.988439
0.926007,-1.18493
0.88088,-0.514427
0.893629,-0.695205
0.911425,-0.857691
0.950237,-1.1275
0.904228,-0.919427
0.932284,-0.891622
0.925283,-1.04404
0.883193,-0.513499
0.874594,-0.531768
0.949721,-1.00153
0.931759,-0.930217
0.892463,-0.831041
0.856529,-0.291756
0.919926,-0.909675
0.882396,-0.652366
0.900053,-0.508
0.899958,-0.687084
0.933842,-1.06653
0.916286,-0.88347
0.891156,-0.665143
0.907359,-0.750874
0.880872,-0.470687
0.888263,-0.634261
0.916088,-0.684529
0.883218,-0.50139
0.874197,-0.573291
0.907394,-0.744798
0.961352,-1.04552
0.894695,-0.928216
0.903654,-0.709654
0.903106,-0.942872
0.874964,-0.732579
0.890444,-0.566288
0.951381,-1.25615
0.903547,-0.481146
0.865116,-0.448909
0.901596,-1.08987
0.934085,-0.916588
0.906062,-0.802123
0.895154,-0.787473
0.86122,-0.546903
0.884797,-0.520723
0.875185,-0.556726
0.899987,-0.937252
0.87839,-0.74619
0.904271,-0.907726
0.881391,-0.607036
0.907589,-0.901138
0.82108,-0.27909
0.855454,-0.438815
0.935707,-1.03626
0.926792,-0.941245
0.937962,-0.93902
0.948398,-1.09222
0.878018,-0.520603
0.929742,-1.17236
0.914806,-0.985365
0.936562,-1.00094
0.927817,-1.02392
0.900555,-0.853489
0.946021,-1.01864
0.918893,-0.686938
0.87004,-0.740818
0.869404,-0.418566
0.895471,-0.661197
0.919836,-0.957922
0.916762,-0.984353
0.882928,-0.617867
0.911491,-0.750956
0.90408,-0.915694
0.894021,-0.731135
0.89206,-0.643012
0.920122,-1.07811
0.912194,-0.995589
0.898099,-0.543892
0.888715,-0.905969
0.869818,-0.427345
0.86014,-0.45281
0.917826,-0.925204
0.863754,-0.475605
0.916038,-0.679026
0.914992,-1.05253
0.982992,-1.30653
0.901264,-0.741774
0.924532,-0.752572
0.933322,-1.23587
0.896453,-0.888439
0.889167,-0.509974
0.895586,-0.481314
0.870192,-0.460705
0.897673,-0.643499
0.933271,-0.897342
0.946451,-1.06107
0.933033,-0.81729
0.890673,-0.671788
0.883955,-0.664938
0.890331,-0.645952
0.930968,-0.913017
0.855284,-0.429264
0.871126,-0.610317
0.858362,-0.47339
0.908592,-0.688317
0.857835,-0.232107
0.906183,-0.885028
0.941542,-1.02681
0.933479,-1.27438
0.868621,-0.201143
0.908045,-0.519337
0.872507,-0.438171
0.876889,-0.642509
0.864219,-0.346425
0.85274,-0.332985
0.894765,-0.560872
0.866339,-0.419567
0.934938,-1.12546
0.861184,-0.489854
0.886703,-0.670616
0.939746,-0.937138
0.888561,-0.687046
0.956187,-1.13537
0.935272,-1.19163
0.901581,-0.673445
0.869814,-0.480228
0.877626,-0.598207
0.917537,-0.675222
0.92069,-0.956874
0.901211,-0.71271
0.824768,-0.167633
0.941305,-1.08065
0.86277,-0.329591
0.852157,-0.555642
0.894912,-0.462361
0.86455,-0.426695
0.893118,-0.559074
0.850007,-0.387764
0.930579,-1.16135
0.924806,-0.827734
0.912556,-1.03425
0.909641,-0.734743
0.874923,-0.617645
0.846877,-0.299657
0.869651,-0.366889
0.876969,-0.509594
0.855584,-0.395881
0.866138,-0.537512
0.911287,-0.828742
0.882897,-0.961552
0.838591,-0.640982
0.954229,-1.12563
0.83443,-0.277759
0.966248,-1.1493
0.889622,-0.511255
0.896441,-0.704871
0.942136,-1.07193
0.917635,-1.263
0.895994,-0.775644
0.897447,-0.678586
0.934825,-1.04943
0.906574,-0.810732
0.903721,-0.887217
0.923834,-0.92592
0.908885,-0.786135
0.920865,-0.808323
0.879677,-0.667413
0.883756,-0.520865
0.922025,-0.922105
0.942445,-1.05626
0.877609,-0.417356
0.917678,-0.897071
0.910479,-0.620397
0.895315,-0.818918
0.91022,-0.747
0.850768,-0.186313
0.904939,-0.892703
0.902066,-0.614586
0.88392,-0.409505
0.863193,-0.334046
0.8945,-0.622738
0.942294,-0.911599
0.894538,-0.573162
0.896965,-0.697604
0.947378,-1.0041
0.875703,-0.557972
0.91956,-0.855941
0.833557,-0.265517
0.888874,-0.889811
0.925746,-0.601661
0.902606,-0.754882
0.867507,-0.414575
0.853712,-0.393207
0.867668,-0.656235
0.899569,-0.887751
0.878745,-0.347279
0.912499,-0.807709
0.917522,-1.04445
0.889944,-0.755229
0.937156,-1.1006
0.972106,-1.2533
0.903112,-0.655551
0.884219,-0.729151
0.935119,-1.17437
0.887125,-0.63201
0.867903,-0.802212
0.939027,-1.05638
0.93416,-1.11134
0.911289,-0.90556
0.900354,-0.71838
0.892357,-1.071
0.912509,-0.773748
0.88703,-0.956261
0.929769,-0.983963
0.897172,-0.66382
0.88708,-0.705834
0.923956,-0.925389
0.932481,-0.975299
0.904748,-0.780833
0.869024,-0.497127
0.906611,-0.68247
0.898428,-0.444373
0.908161,-0.882135
0.898045,-0.794533
0.924353,-1.03213
0.923728,-0.888525
0.900793,-0.899777
0.88177,-0.717113
0.926195,-0.996677
0.895633,-0.993738
0.882846,-0.738931
0.920482,-0.607022
0.88084,-0.499856
0.887776,-0.607592
0.896654,-0.789687
0.935972,-0.81445
0.915797,-0.884528
0.891962,-0.637654
0.839905,-0.47785
0.915912,-0.786584
0.87002,-0.380067
0.915528,-0.928087
0.888401,-0.555153
0.920465,-1.10336
0.9451,-1.14257
0.888593,-0.645416
0.86014,-0.405465
0.848659,-0.202051
0.951303,-1.16565
0.861006,-0.790433
0.865593,-0.55387
0.905229,-0.670673
0.888711,-0.732207
0.903599,-0.814636
0.911212,-0.969412
0.893579,-0.663573
0.877707,-0.517445
0.949404,-1.13408
0.929105,-0.727564
0.908907,-0.8619
0.859212,-0.480727
0.85666,-0.518253
0.831195,-0.204855
0.933155,-1.09155
0.89196,-0.898195
0.923685,-1.01256
0.888664,-0.587114
0.897046,-0.525238
0.904883,-0.910624
0.93724,-1.04821
0.926551,-0.837514
0.911947,-0.738762
0.948503,-0.963764
0.919004,-0.989517
0.875116,-0.613116
0.907885,-0.933023
0.958414,-1.2659
0.87248,-0.553395
0.94276,-1.06652
0.881958,-0.67914
0.891561,-0.742142
0.915796,-0.626435
0.908092,-0.696819
0.906478,-0.905301
0.850774,-0.314916
0.873547,-0.530839
0.821328,-0.204571
0.886764,-0.63616
0.92019,-0.923382
0.885415,-0.590869
0.901409,-0.685962
0.889069,-0.743254
0.903344,-0.690968
0.934594,-0.953632
0.90284,-0.704736
0.914072,-0.870384
0.917153,-0.876266
0.852845,-0.760027
0.916403,-0.887654
0.89461,-0.719619
0.882971,-0.705529
0.904225,-0.713972
0.915981,-0.634335
0.907278,-0.772331
0.907575,-0.875819
0.874069,-0.684161
0.890087,-0.785352
0.950361,-1.26275
0.92461,-0.914339
0.860098,-0.244783
0.875256,-0.536733
0.980587,-1.38822
0.847331,-0.41652
0.939153,-1.0206
0.912287,-0.638952
0.901847,-0.678374
0.882025,-0.565087
0.895446,-0.547686
0.862584,-0.437459
0.904798,-0.89321
0.907462,-0.571258
0.985409,-1.51409
0.929615,-0.879877
0.920203,-1.00414
0.857476,-0.171376
0.87699,-0.38041
0.899149,-0.713866
0.926973,-0.826554
0.914484,-1.14373
0.879068,-0.642376
0.920269,-0.816265
0.886897,-0.87442
0.905371,-0.854107
0.92842,-1.10081
0.89076,-0.695064
0.864359,-0.170888
0.887774,-0.596334
0.90209,-0.66821
0.851213,-0.460523
0.905817,-0.948233
0.858938,-0.220376
0.918643,-0.749011
0.892061,-0.636737
0.864642,-0.345528
0.953482,-1.28484
0.895047,-0.930981
0.898379,-0.63561
0.968179,-1.16209
0.836149,-0.341633
0.896328,-0.677665
0.885225,-0.705957
0.845122,-0.116221
0.905375,-0.588224
0.904818,-0.821918
0.918635,-0.831366
0.912762,-0.88199
0.90422,-0.744808
0.872726,-0.770699
0.926778,-0.872899
0.867273,-0.487658
0.908411,-0.994498
0.894739,-0.640988
0.908028,-0.833538
0.895615,-0.765905
0.877082,-0.675567
0.92521,-1.03912
0.935898,-0.91254
0.905651,-0.831406
0.961603,-1.07377
0.928461,-1.02815
0.926764,-0.994971
0.929453,-1.11703
0.906017,-0.520736
0.923319,-0.923254
0.925763,-0.869406
0.888623,-0.524498
0.841137,-0.290956
0.909564,-0.782218
0.868802,-0.724898
0.897155,-0.694902
0.909481,-1.01782
0.915194,-0.621552
0.890551,-0.868442
0.913792,-0.972979
0.851744,-0.138439
0.862482,-0.446642
0.911723,-0.669139
0.871712,-0.306473
0.871739,-0.286756
0.865092,-0.144333
0.913509,-1.00451
0.916974,-1.00865
0.891917,-0.801237
0.903598,-0.912904
0.931839,-0.979185
0.888774,-0.46154
0.90047,-0.919275
0.90006,-0.692102
0.918165,-0.729592
0.880314,-0.546857
0.904682,-0.756598
0.881349,-0.523188
0.86721,-0.395915
0.906275,-0.894665
0.916381,-0.843534
0.93647,-1.04547
0.8564,-0.264366
0.904024,-0.790429
0.893352,-0.568215
0.889916,-0.401245
0.916419,-0.86765
0.854537,-0.134055
0.891242,-0.657634
0.900231,-0.803997
0.862383,-0.366192
0.900804,-0.728507
0.930761,-0.889371
0.914976,-1.06709
0.930684,-1.27667
0.81269,0.0479704
0.928571,-0.879031
0.898868,-0.541953
0.945284,-1.0551
0.89913,-0.67271
0.963287,-1.49329
0.951918,-0.983995
0.857183,-0.659414
0.992572,-1.30753
0.903192,-0.959403
0.908536,-0.956002
0.875847,-0.508665
0.893891,-0.741931
0.961533,-1.15542
0.884139,-0.635454
0.932769,-1.0332
0.852286,-0.191018
0.871945,-0.575613
0.908298,-0.820854
0.847343,-0.348748
0.891848,-0.91572
0.863245,-0.551938
0.86199,-0.446415
0.934078,-0.902198
0.891595,-0.694679
0.903809,-0.995092
0.866819,-0.563921
0.882601,-0.436642
0.865348,-0.348843
0.884432,-0.651009
0.889798,-0.667106
0.941581,-0.995329
0.93118,-1.09963
0.89398,-0.620095
0.917646,-0.900764
0.915744,-0.873224
0.930788,-1.13413
0.896519,-0.777404
0.873662,-0.84332
0.907957,-0.645402
0.908172,-0.519875
0.887021,-0.707936
0.881782,-0.728947
0.880817,-0.727376
0.898209,-0.765594
0.953585,-1.27563
0.895567,-0.441702
0.857694,-0.371814
0.876743,-0.489955
0.835977,-0.286238
0.861719,-0.286249
0.917478,-0.897423
0.919659,-0.79156
0.886553,-0.677511
0.912965,-0.581107
0.963119,-1.08201
0.841048,-0.296811
0.927576,-0.924858
0.878063,-0.509621
0.918234,-0.828245
0.961142,-1.09241
0.898205,-0.946301
0.88579,-0.745114
0.904664,-0.843623
0.858666,-0.447967
0.916544,-0.90032
0.930487,-1.0077
0.86555,-0.336473
0.899049,-0.655448
0.933965,-1.04871
0.906591,-0.883023
0.885999,-0.646022
0.886664,-0.764939
0.916235,-0.827031
0.924273,-0.805361
0.894835,-0.676071
0.915303,-0.839094
0.906936,-0.692717
0.903847,-0.741687
0.927802,-1.02776
0.881677,-0.729648
0.892927,-0.738973
0.934406,-1.07422
0.885625,-0.532791
0.891917,-0.761236
0.885927,-0.74831
0.852406,-0.335933
0.888855,-0.807784
0.917754,-0.71634
0.87846,-0.376332
0.897931,-0.612147
0.882038,-0.495349
0.910433,-0.948389
0.875286,-0.697711
0.92992,-1.06239
0.823204,-0.0452117
0.890048,-0.681559
0.962701,-1.30507
0.912015,-0.715707
0.97744,-1.31817
0.96722,-1.12685
0.899426,-1.01456
0.906694,-0.899068
0.934981,-1.32877
0.858023,-0.378577
0.901308,-0.575741
0.862188,-0.286775
0.941622,-0.876101
0.86863,-0.470349
0.897246,-0.790058
0.896189,-0.885292
0.882764,-0.805983
0.873828,-0.688591
0.92832,-0.879853
0.859453,-0.605121
0.902453,-0.830533
0.925327,-0.744728
0.840396,-0.274374
0.893761,-0.592742
0.907898,-0.760761
0.898726,-0.734009
0.958977,-1.27731
0.954948,-1.04681
0.895089,-0.651466
0.88113,-0.469617
0.901303,-0.794414
0.933235,-1.1965
0.818585,-0.185033
0.883769,-0.569834
0.925959,-0.77742
0.904035,-0.912059
0.893862,-0.563713
0.927968,-1.03792
0.934848,-1.02916
0.914268,-0.815471
0.942902,-1.01594
0.860222,-0.424025
0.896884,-0.632974
0.931686,-1.00531
0.907712,-0.7972
0.907508,-0.902131
0.878908,-0.518334
0.882871,-0.70547
0.941979,-0.886963
0.914154,-0.875703
0.872309,-0.594745
0.891305,-0.639051
0.871135,-0.220987
0.904585,-0.828977
0.926682,-0.714661
0.955436,-1.0986
0.896193,-0.588195
0.922393,-0.736864
0.892148,-0.657804
0.960189,-0.974318
0.880955,-0.477613
0.938371,-1.06883
0.865338,-0.452085
0.869801,-0.495234
0.844834,-0.0586947
0.904746,-0.913404
0.85301,-0.576598
0.89749,-0.879093
0.851184,-0.507167
0.884811,-0.600619
0.960555,-1.05785
0.908823,-0.668588
0.89433,-0.615132
0.9142,-0.728005
0.894659,-0.718304
0.864852,-0.658613
0.916511,-0.852286
0.894651,-0.605329
0.893452,-0.858268
0.899916,-0.621859
0.910457,-0.649965
0.888754,-0.625091
0.876016,-0.553406
0.928034,-0.889353
0.879413,-0.688063
0.883732,-0.654306
0.858892,-0.271603
0.891495,-0.665892
0.892944,-0.605189
0.906463,-0.731869
0.845275,-0.350525
0.946206,-1.1127
0.875297,-0.432202
0.96878,-1.27314
0.880027,-0.582166
0.909116,-0.82146
0.91317,-0.777203
0.906349,-0.661939
0.867868,-0.590947
0.896576,-0.451284
0.933782,-0.898889
0.880688,-0.411873
0.940704,-1.23892
0.911457,-0.792485
0.924467,-0.697317
0.886658,-0.555609
0.870074,-0.61116
0.920639,-0.883565
0.937227,-0.881938
0.888238,-0.439392
0.930535,-0.699813
0.890807,-0.710528
0.884375,-0.637408
0.910073,-0.727578
0.882194,-0.597999
0.878419,-0.46164
0.955301,-1.25361
0.889243,-0.421155
0.895658,-0.864502
0.950568,-1.01836
0.885847,-0.79716
0.880074,-0.841754
0.879399,-0.739745
0.946215,-1.2094
0.926416,-0.805305
0.841379,-0.0575908
0.944364,-0.974975
0.891442,-0.422608
0.911784,-0.888954
0.918777,-0.968375
0.954936,-1.25652
0.879846,-0.395534
0.9493,-0.981857
0.919184,-1.05882
0.918468,-0.762696
0.80573,0.050506
0.900626,-0.625513
0.869491,-0.461923
0.908094,-0.885956
0.85739,-0.2928
0.932762,-0.886739
0.874357,-0.58816
0.894932,-0.703374
0.913945,-1.0756
0.893929,-0.792251
0.867737,-0.401956
0.917177,-0.861038
0.900626,-1.00692
0.90147,-0.853929
0.914832,-0.923584
0.892657,-0.630115
0.919238,-0.773376
0.899459,-0.648903
0.871354,-0.433293
0.90607,-0.575294
0.908571,-0.590268
0.918204,-0.935992
0.963178,-1.25163
0.869825,-0.600699
0.888543,-0.592999
0.940731,-1.1857
0.919168,-0.873761
0.879146,-0.602599
0.911617,-1.07922
0.881463,-0.598069
0.923022,-0.939386
0.852774,-0.387649
0.950718,-0.981364
0.895363,-0.885636
0.915446,-0.948788
0.879617,-0.883416
0.903109,-0.800267
0.854359,-0.345463
0.895592,-0.679354
0.890485,-0.65057
0.889713,-0.744409
0.917723,-0.857619
0.880333,-0.604439
0.896643,-0.760625
0.912851,-0.703651
0.893704,-0.760245
0.915169,-0.830627
0.859067,-0.330462
0.951331,-1.10948
0.906815,-0.700231
0.898676,-0.59815
0.909476,-0.720295
0.887142,-0.524272
0.85041,-0.231032
0.875569,-0.573312
0.861662,-0.299795
0.928742,-1.00245
0.94885,-1.24983
0.859993,-0.435925
0.941552,-1.23838
0.895122,-0.708922
0.932226,-1.03259
0.883957,-0.592453
0.9264,-0.796544
0.882938,-0.739297
0.922268,-0.992886
0.86764,-0.640401
0.903855,-0.881658
0.925479,-0.769811
0.921048,-1.03072
0.828067,-0.152986
0.853315,-0.611211
0.907077,-0.743849
0.970917,-1.33539
0.893338,-0.571903
0.898186,-0.807086
0.933812,-0.901241
0.884107,-0.519388
0.885767,-0.867307
0.932911,-1.04367
0.869729,-0.592515
0.899343,-0.80095
0.937724,-1.03596
0.908935,-0.766073
0.886053,-0.648685
0.899723,-0.773166
0.864561,-0.45045
0.854183,-0.379956
0.921096,-0.819766
0.893517,-0.685152
0.894235,-0.671613
0.91944,-0.846284
0.921584,-0.816094
0.859613,-0.524362
0.936128,-0.738211
0.884289,-0.551061
0.902514,-0.763576
0.835396,-0.19978
0.935371,-0.986536
0.882512,-0.745069
0.872924,-0.599845
0.888801,-0.542402
0.923899,-1.02206
0.91784,-0.950146
0.964214,-1.33867
0.94418,-0.763073
0.909139,-0.911023
0.893134,-0.660207
0.898955,-0.879465
0.872088,-0.490045
0.934489,-1.21646
0.85661,-0.400015
0.887652,-0.695707
0.977659,-1.26495
0.901738,-0.561072
0.900241,-0.569778
0.906838,-0.771778
0.895531,-0.391381
0.945456,-0.846047
0.889529,-0.424551
0.906945,-0.849459
0.867749,-0.400487
0.903576,-0.741756
0.883637,-0.468388
0.921632,-0.782956
0.937604,-1.26368
0.867284,-0.536413
0.890609,-0.949206
0.855041,-0.255322
0.904519,-0.584851
0.856743,-0.612116
0.893475,-0.935564
0.901018,-0.805764
0.878478,-0.24915
0.850277,-0.103298
0.935995,-1.07919
0.939291,-0.937263
0.909261,-0.897554
0.903789,-0.587597
0.919884,-0.869955
0.940496,-1.02732
0.88136,-0.569473
0.957302,-1.17373
0.914068,-0.54276
0.878354,-0.462093
0.916833,-0.91671
0.944668,-1.10414
0.888591,-0.869859
0.883835,-0.593951
0.913842,-0.853789
0.890028,-0.697347
0.88764,-0.702582
0.858158,-0.32462
0.903888,-1.00014
0.842862,-0.213689
0.8906,-0.608602
0.934567,-0.859465
0.867361,-0.509759
0.865451,-0.229671
0.869544,-0.29364
0.902514,-0.689
0.931427,-1.03641
0.937728,-0.914626
0.916306,-0.860818
0.890428,-0.592094
0.832655,-0.336428
0.956227,-1.37953
0.864954,-0.106489
0.926482,-0.923146
0.934947,-1.03427
0.912401,-0.965875
0.91748,-0.697541
0.927592,-0.950388
0.884586,-0.763184
0.909813,-0.870231
0.919363,-0.879288
0.93158,-0.993063
0.911177,-0.697399
0.868067,-0.509168
0.868403,-0.390327
0.881557,-0.783612
0.869768,-0.682519
0.890865,-0.512439
0.932701,-1.10962
0.920772,-0.799054
0.87065,-0.402668
0.878775,-0.73238
0.893107,-0.799542
0.889233,-0.583067
0.841155,-0.313892
0.887044,-0.645017
0.877302,-0.549654
0.901092,-0.704403
0.902991,-0.60029
0.961609,-1.40175
0.838504,-0.160306
0.904095,-0.810486
0.863121,-0.504186
0.92941,-1.17858
0.906668,-0.736917
0.874678,-0.68073
0.849334,-0.436419
0.899034,-0.798533
0.953672,-1.22267
0.927872,-0.825479
0.929858,-1.13771
0.948816,-1.26877
0.864914,-0.493736
0.946082,-1.00405
0.90663,-0.735789
0.901223,-0.456829
0.868623,-0.479747
0.903814,-0.673315
0.916979,-0.987494
0.856042,-0.285346
0.933222,-1.05999
0.860755,-0.339615
0.921848,-1.00466
0.886655,-0.761769
0.891468,-0.617182
0.88306,-0.673152
0.902774,-0.703095
0.871655,-0.409926
0.85372,-0.27178
0.903447,-0.675593
0.914553,-0.800168
0.897751,-0.733457
0.88627,-0.734935
0.857187,-0.271612
0.872764,-0.576066
0.871499,-0.342649
0.881544,-0.630137
0.940137,-1.18703
0.898289,-0.522739
0.864259,-0.555565
0.916699,-1.13971
0.923027,-0.978905
0.895357,-0.752513
0.883809,-0.587902
0.87671,-0.634629
0.933272,-0.945165
0.905195,-0.668477
0.906111,-0.64856
0.903326,-0.74036
0.914745,-0.873841
1.01065,-1.55697
0.915766,-0.807152
0.932143,-0.725168
0.919406,-0.99866
0.933647,-0.688013
0.920019,-0.906979
0.938848,-1.01028
0.908832,-0.962175
0.873455,-0.861452
0.920428,-0.834533
0.892341,-0.591253
0.926546,-1.00081
0.92605,-1.00929
0.880955,-0.781482
0.906283,-0.780643
0.868736,-0.597104
0.872443,-0.783225
0.958296,-1.15783
0.925807,-0.934873
0.931879,-1.12056
0.880402,-0.686648
0.912737,-0.798495
0.953474,-1.02003
0.850641,-0.361208
0.92367,-0.902051
0.919067,-0.642672
0.877377,-0.338284
0.884673,-0.48021
0.912633,-0.906911
0.84676,-0.501402
0.890186,-0.687915
0.95083,-0.962906
0.905313,-0.801731
0.864887,-0.485888
0.869425,-0.557818
0.902079,-0.52686
0.845232,-0.19592
0.933822,-0.91541
0.92103,-0.802693
0.852327,-0.381218
0.877539,-0.689271
0.956451,-1.06139
0.878663,-0.560032
0.89599,-0.646551
0.914744,-0.792974
0.887369,-0.503853
0.912793,-0.743621
0.821823,-0.16151
0.876853,-0.54296
0.882079,-0.669442
0.899828,-0.596389
0.953434,-1.33816
0.880857,-0.543558
0.892843,-0.630514
0.876793,-0.557454
0.869033,-0.446983
0.868913,-0.362046
0.896843,-0.486612
0.890298,-0.838466
0.912261,-0.752296
0.898986,-0.433634
0.842226,-0.0645761
0.882743,-0.776917
0.91538,-0.604509
0.877235,-0.275587
0.912525,-0.571822
0.931807,-0.979163
0.895992,-1.08139
0.887765,-0.61702
0.845041,-0.274862
0.889925,-0.608028
0.906801,-0.965928
0.89168,-0.578414
0.910318,-0.851824
0.918495,-0.877122
0.957907,-1.07386
0.916396,-0.950549
0.922485,-0.996216
0.909565,-0.841999
0.837405,-0.211456
0.888089,-0.502238
0.90744,-0.645087
0.876484,-0.498559
0.942013,-1.01534
0.890574,-0.77726
0.91883,-0.844421
0.856491,-0.373295
0.847222,-0.507855
0.887635,-0.730628
0.830656,-0.1771
0.886622,-0.345523
0.942125,-0.99303
0.875423,-0.612638
0.897738,-0.594506
0.91313,-0.701596
0.872974,-0.524274
0.861387,-0.113804
0.936348,-1.06893
0.911989,-0.816952
0.943947,-1.08032
0.9172,-0.801078
0.879416,-0.489365
0.928541,-1.05327
0.900658,-0.784962
0.889631,-0.595544
0.868817,-0.389061
0.851561,-0.362438
0.92172,-0.805912
0.890758,-0.8151
0.913999,-0.772302
0.913859,-0.509341
0.857046,-0.431522
0.854615,-0.288715
0.903173,-0.813877
0.947188,-1.03786
0.915337,-0.863269
0.895848,-0.598995
0.860403,-0.460564
0.911044,-0.805356
0.866689,-0.455335
0.895614,-0.943531
0.925183,-0.887614
0.889539,-0.565117
0.858028,-0.491373
0.899379,-0.820383
0.914076,-0.882915
0.929392,-0.900125
0.885466,-0.858594
0.849203,-0.473282
0.914532,-0.961578
0.902096,-0.652232
0.984273,-1.51757
0.888873,-0.7287
0.905423,-0.669246
0.878921,-0.565739
0.903574,-0.50942
0.88659,-0.481809
0.878586,-0.531382
0.884033,-0.570356
0.900427,-0.83109
0.914468,-0.990044
0.867484,-0.527296
0.875716,-0.409842
0.880696,-0.244151
0.888362,-0.662976
0.904237,-0.807535
0.849826,-0.307032
0.879203,-0.485463
0.911706,-0.999288
0.988074,-1.47951
0.953786,-1.36599
0.966614,-1.39381
0.876285,-0.476523
0.89965,-0.852993
0.932098,-1.14749
0.889785,-0.506171
0.925498,-1.09003
0.939268,-0.98856
0.924646,-1.13029
0.879479,-0.366216
0.939496,-1.09747
0.927499,-1.07446
0.934142,-0.819947
0.89055,-0.641532
0.933189,-0.850119
0.871803,-0.456345
0.905956,-0.914299
0.8966,-0.700029
0.908827,-0.74794
0.910469,-0.859078
0.88422,-0.678566
0.918813,-1.01159
0.869813,-0.575073
0.869723,-0.517565
0.849451,-0.596091
0.899828,-0.868555
0.895364,-0.816261
0.866535,-0.420994
0.892383,-0.775839
0.907989,-0.937304
0.937279,-1.09728
0.866255,-0.492351
0.910378,-0.941349
0.880648,-0.653802
0.896613,-0.747496
0.898278,-0.570673
0.840941,-0.301026
0.930312,-0.913902
0.875479,-0.195819
0.890421,-0.574637
0.88443,-0.688007
0.871487,-0.67259
0.907323,-0.904271
0.856594,-0.418217
0.876073,-0.55205
0.875727,-0.271241
0.901991,-0.727979
0.914392,-0.635312
0.881555,-0.573309
0.90785,-0.950726
0.893074,-0.613146
0.931279,-1.06041
0.872121,-0.452418
0.92567,-1.17247
0.923439,-0.841396
0.868498,-0.685381
0.937132,-1.12845
0.911649,-0.699383
0.917855,-0.960416
0.910093,-0.861743
0.901602,-0.803007
0.904205,-0.865358
0.939913,-1.13034
0.925217,-0.942765
0.956353,-1.49045
0.870576,-0.57904
0.930937,-0.844294
0.848995,-0.37215
0.92171,-0.959208
0.937716,-1.15855
0.892691,-0.621972
0.940188,-1.07384
0.867191,-0.416379
0.875352,-0.474376
0.886599,-0.653182
0.843711,-0.446087
0.865369,-0.341375
0.935447,-1.08337
0.862929,-0.390119
0.930703,-1.06763
0.909866,-0.733196
0.916219,-0.616084
0.861263,-0.399482
0.872939,-0.607737
0.933705,-0.905038
0.902849,-0.626413
0.870759,-0.511266
0.897313,-0.599589
0.840511,-0.264647
0.902641,-0.886486
0.890118,-0.656462
0.958813,-1.16363
0.894856,-0.833922
0.929869,-0.887116
0.864265,-0.27369
0.889738,-0.967834
0.877027,-0.725652
0.860436,-0.396049
0.860612,-0.325709
0.87199,-0.627769
0.863147,-0.546573
0.916688,-0.844439
0.923636,-0.678225
0.9356,-0.705423
0.923277,-0.799718
0.890598,-0.607024
0.884896,-0.543446
0.915742,-0.879963
0.87591,-0.522281
0.909313,-0.660509
0.914628,-0.906999
0.890062,-0.716536
0.89142,-0.683189
0.904702,-1.05624
0.930235,-0.818817
0.869843,-0.426759
0.873805,-0.637443
0.89624,-0.869763
0.90148,-0.79886
0.867923,-0.408374
0.897654,-0.447758
0.884722,-0.757429
0.870783,-0.590733
0.898284,-0.562118
0.90644,-0.451342
0.891451,-0.655944
0.905017,-0.782241
0.922383,-0.90352
0.939166,-1.03643
0.920595,-0.976202
0.867273,-0.608237
0.865459,-0.417493
0.870094,-0.486909
0.932845,-1.10745
0.916014,-0.697563
0.90635,-0.778745
0.874428,-0.487324
0.890385,-0.674508
0.823852,-0.0119693
0.854084,-0.201352
0.887167,-0.625338
0.860441,-0.500069
0.906768,-0.823237
0.905804,-0.759706
0.930304,-0.866792
0.886191,-0.665628
0.887936,-0.535547
0.877786,-0.877464
0.928893,-0.610806
0.879413,-0.661299
0.938121,-1.19084
0.858778,-0.36512
0.944558,-0.992966
0.861742,-0.352116
0.899336,-0.764671
0.878398,-0.515085
0.916038,-0.87931
0.925011,-0.777135
0.9198,-0.898029
0.862318,-0.34057
0.923159,-0.945302
0.895247,-0.881223
0.910607,-0.698959
0.850738,-0.123688
0.935293,-1.09051
0.921628,-0.899772
0.892344,-0.855573
0.893131,-0.564163
0.944517,-0.941786
0.871424,-0.521787
0.86721,-0.368298
0.933953,-0.746666
0.884272,-0.452657
0.839029,-0.270089
0.89445,-0.620213
0.818676,-0.248315
0.86993,-0.598009
0.891397,-0.78075
0.910457,-0.78331
0.926806,-1.02958
0.912358,-0.840407
0.905382,-0.743008
0.886941,-0.555815
0.894473,-1.00356
0.902389,-0.782893
0.941116,-1.02193
0.901288,-0.650965
0.903535,-0.833741
0.914361,-0.755691
0.845381,-0.400092
0.888167,-0.474605
0.840217,-0.328768
0.888973,-0.658373
0.896889,-0.66736
0.845665,-0.224425
0.932914,-1.01086
0.861879,-0.352462
0.935745,-0.857246
0.915912,-0.796485
0.893017,-0.920594
0.924789,-0.977882
0.937428,-1.13818
0.926213,-0.852494
0.906429,-0.89875
0.855405,-0.235605
0.850618,-0.428894
0.905794,-0.916096
0.903802,-0.734242
0.925665,-0.949241
0.882196,-0.688526
0.864407,-0.337183
0.89174,-0.848752
0.881716,-0.744597
0.868099,-0.510483
0.879571,-0.477527
0.905738,-0.800505
0.95475,-1.01372
0.856992,-0.391629
0.862699,-0.421802
0.885153,-0.707367
0.826901,-0.178227
0.87859,-0.253201
0.911616,-0.804902
0.872375,-0.444679
0.901491,-0.81904
0.906716,-0.796682
0.915774,-0.550576
0.912462,-0.759901
0.85152,-0.513002
0.908528,-0.767839
0.872851,-0.371962
0.909081,-0.696719
0.928879,-0.771748
0.935787,-1.25561
0.888584,-1.06602
0.94833,-1.19511
0.879422,-0.436344
0.862731,-0.431991
0.909411,-0.880249
0.909536,-0.858066
0.921277,-0.834893
0.910905,-0.856675
0.94686,-1.40918
0.933964,-1.07303
0.902277,-0.820142
0.897927,-0.820412
0.870064,-0.380516
0.912953,-0.994278
0.897013,-0.612725
0.936555,-0.963618
0.935422,-0.948965
0.879823,-0.545426
0.905185,-0.833761
0.910762,-0.876194
0.88771,-0.407142
0.897218,-0.953106
0.894239,-0.779906
0.875602,-0.598592
0.922993,-0.946231
0.913978,-1.08358
0.898472,-0.600626
0.85855,-0.386376
0.892906,-0.662895
0.896524,-0.830466
0.879324,-0.632275
0.896895,-0.668583
0.864662,-0.539786
0.907838,-0.763707
0.841542,-0.49825
0.895407,-0.81765
0.895517,-0.778337
0.921285,-0.955788
0.889204,-0.670988
0.888863,-0.688275
0.933328,-1.04071
0.888029,-0.750982
0.927497,-1.19603
0.891175,-0.78685
0.91236,-0.631847
0.925412,-0.783488
0.94047,-1.06988
0.891998,-0.712951
0.888614,-0.688214
0.945489,-1.06887
0.899345,-0.588675
0.890596,-0.721554
0.858484,-0.324649
0.867768,-0.528359
0.917776,-0.92888
0.906948,-0.664693
0.914289,-0.801859
0.925006,-0.923516
0.829421,-0.404995
0.896231,-0.713078
0.921721,-1.32083
0.852682,-0.498946
0.896631,-0.722366
0.911904,-0.768529
0.907778,-0.825862
0.832776,-0.100558
0.876448,-0.405326
0.92325,-0.832788
0.832629,-0.212628
0.914772,-0.9598
0.88173,-0.642361
0.907007,-0.810093
0.962292,-1.33512
0.857326,-0.336159
0.938247,-0.838342
0.874791,-0.504389
0.899342,-0.948916
0.922004,-1.07414
0.904509,-0.992837
0.927952,-0.981288
0.886194,-0.612183
0.937744,-1.0598
0.908217,-0.854501
0.937095,-0.860294
0.88397,-0.607181
0.932361,-1.01697
0.872262,-0.633082
0.873692,-0.505529
0.873827,-0.541874
0.862561,-0.370401
0.922584,-1.05211
0.9031,-0.911405
0.889152,-0.536878
0.901962,-0.596359
0.907549,-0.819368
0.870885,-0.691673
0.924056,-0.942066
0.916731,-0.781773
0.918412,-1.00912
0.898969,-0.815484
0.930497,-0.958765
0.914605,-0.74631
0.920953,-0.824908
0.928642,-1.08384
0.880678,-0.353893
0.897366,-0.75319
0.969628,-1.17517
0.920697,-0.793792
0.897187,-0.781146
0.919457,-1.12778
0.871545,-0.525459
0.873271,-0.505559
0.918866,-0.75374
0.934474,-0.900359
0.89376,-0.423837
0.879484,-0.660479
0.947123,-1.08195
0.918655,-0.832918
0.886289,-0.825461
0.915844,-0.777365
0.868762,-0.566337
0.915946,-0.960546
0.903654,-0.799258
0.917798,-1.00699
0.876931,-0.462305
0.8636,-0.48237
0.888012,-0.906008
0.95102,-1.33367
0.910945,-0.951799
0.868031,-0.534057
0.926468,-0.966614
0.870449,-0.514398
0.868986,-0.245463
0.86681,-0.269754
0.901916,-0.756489
0.854708,-0.397516
0.920793,-0.939632
0.898215,-0.529018
0.990814,-1.56774
0.896111,-0.498369
0.929104,-1.03198
0.886173,-0.841263
0.933637,-1.05075
0.903063,-0.742664
0.877888,-0.653846
0.861844,-0.308658
0.870351,-0.617017
0.899761,-0.765096
0.910841,-0.850387
0.882807,-0.658588
0.902447,-0.76646
0.87898,-0.672346
0.892183,-0.425066
0.875048,-0.407161
0.884768,-0.532333
0.857076,-0.391177
0.9672,-1.35299
0.904855,-0.666512
0.93842,-1.0341
0.9513,-0.990724
0.868681,-0.534438
0.917506,-0.992841
0.962489,-1.27458
0.897597,-0.882966
0.947495,-1.24162
0.842463,-0.523616
0.914131,-0.958562
0.904974,-0.829265
0.873621,-0.441872
0.940857,-1.11201
0.89828,-0.650489
0.871335,-0.584625
0.921108,-0.972703
0.919065,-1.07294
0.891408,-0.493179
0.856856,-0.333417
0.91071,-0.558203
0.886989,-0.534996
0.921044,-1.06424
0.959813,-1.38662
0.923273,-1.21778
0.952026,-1.39918
0.92004,-0.922604
0.871947,-0.475697
0.884449,-0.704741
0.920651,-0.75367
0.931701,-1.17863
0.929186,-0.913933
0.868697,-0.45274
0.922991,-0.898732
0.943437,-1.19739
0.835987,-0.179303
0.865008,-0.36159
0.949026,-0.934865
0.96115,-1.15642
0.897857,-0.588692
0.907924,-0.896582
0.940977,-1.00383
0.915333,-0.670953
0.878317,-0.432055
0.907671,-0.904363
0.914172,-0.800437
0.943803,-1.38198
0.847038,-0.341876
0.868576,-0.577082
0.940662,-0.925072
0.865085,-0.264083
0.900501,-0.824166
0.886127,-0.470497
0.883558,-0.458087
0.842181,-0.250238
0.867383,-0.482511
0.92144,-1.2177
0.949971,-1.07274
0.921872,-0.849064
0.941424,-1.1939
0.841362,-0.21006
0.94489,-1.16949
0.897137,-0.770051
0.920698,-0.979759
0.905223,-0.841738
0.911327,-0.846271
0.830228,-0.290963
0.874479,-0.743026
0.893566,-0.760673
0.878696,-0.51709
0.889648,-0.652402
0.931045,-0.875512
0.891058,-0.699979
0.921812,-1.1252
0.899264,-0.70869
0.931996,-1.09272
0.933927,-0.925982
0.888226,-0.770243
0.888333,-0.66204
0.927958,-0.913093
0.914337,-0.836113
0.949272,-1.15544
0.881358,-0.510876
0.914237,-0.609535
0.918992,-0.651793
0.859917,-0.343345
0.845959,-0.366465
0.907578,-0.794804
0.848866,-0.196487
0.9167,-0.685107
0.909167,-0.795999
0.890332,-0.614035
0.901602,-0.650124
0.893476,-0.403763
0.859058,-0.594834
0.870898,-0.486164
0.867746,-0.25412
0.877231,-0.47777
0.866247,-0.402065
0.944803,-1.17824
0.916272,-1.06979
0.895619,-0.633547
0.85397,-0.608997
0.932861,-0.704047
0.917089,-0.973813
0.909151,-0.820677
0.915329,-1.14905
0.918465,-0.815805
0.884465,-0.496503
0.882693,-0.429769
0.894944,-0.529611
0.844382,-0.226052
0.872914,-0.580071
0.904914,-0.582429
0.883279,-0.649487
0.897722,-0.739713
0.879722,-0.589765
0.958697,-1.02752
0.924782,-0.927403
0.919333,-0.780618
0.925916,-1.20685
0.884005,-0.531789
0.873978,-0.30678
0.941864,-0.966552
0.906291,-0.732203
0.887154,-0.682084
0.846591,-0.354787
0.895184,-0.550754
0.872724,-0.784887
0.90144,-0.581047
0.929582,-1.04086
0.916033,-1.01681
0.91245,-0.841815
0.934113,-0.910927
0.930999,-0.887338
0.889483,-0.686396
0.918748,-1.03979
0.903257,-0.705194
0.873566,-0.516356
0.898868,-0.590304
0.89453,-0.590685
0.881811,-0.62223
0.952196,-0.929453
0.895512,-0.679223
0.890249,-0.488995
0.94468,-1.04518
0.851192,-0.26071
0.892763,-0.472389
0.896969,-0.693181
0.904732,-0.67822
0.972359,-1.38241
0.886957,-0.594235
0.909863,-0.878411
0.894814,-0.810382
0.903091,-0.815193
0.865574,-0.572618
0.89906,-0.825192
0.901438,-0.759447
0.904087,-1.07177
0.892231,-0.573924
0.94136,-1.08392
0.913928,-0.661864
0.92682,-0.817583
0.924596,-0.959413
0.917552,-0.546577
0.928438,-0.753905
0.927966,-1.14619
0.896079,-0.881053
0.875979,-0.611464
0.881392,-0.822547
0.909727,-0.815127
0.87744,-0.695065
0.957009,-1.1437
0.867149,-0.270903
0.930157,-0.846534
0.916904,-0.882207
0.920305,-0.94837
0.902675,-0.805644
0.850103,-0.105459
0.897864,-0.502667
0.916558,-1.08536
0.8846,-0.709986
0.898121,-0.79686
0.866372,-0.3377
0.917975,-1.07239
0.898818,-0.835561
0.902006,-0.629084
0.891783,-0.771337
0.855489,-0.364978
0.886411,-0.770419
0.913826,-0.831724
0.947328,-0.979478
0.840945,-0.0653871
0.881653,-0.510888
0.858147,-0.425179
0.871838,-0.399497
0.909136,-0.830567
0.915746,-1.04927
0.907658,-0.848034
0.882488,-0.596628
0.985766,-1.34412
0.909614,-0.941588
0.95941,-1.09729
0.857569,-0.319159
0.890326,-0.485017
0.882876,-0.562745
0.892788,-0.578838
0.896719,-0.623166
0.846473,-0.305641
0.937366,-0.963037
0.901705,-0.578886
0.93705,-1.12558
0.900431,-0.714679
0.905932,-0.619339
0.893707,-0.504256
0.91117,-1.12177
0.929285,-0.936844
0.912041,-0.857138
0.905642,-0.916449
0.901273,-0.846565
0.811726,0.0155054
0.930116,-0.92307
0.890882,-0.753607
0.877779,-0.576176
0.923299,-0.864446
0.926171,-0.761409
0.915753,-0.968679
0.921782,-1.10828
0.938739,-0.602186
0.860175,-0.336726
0.872462,-0.552681
0.918451,-0.839582
0.855422,-0.474897
0.864917,-0.460631
0.899882,-0.626031
0.92716,-0.858385
0.902271,-0.717697
0.846733,-0.282652
0.966212,-1.12126
0.943067,-1.01035
0.884769,-0.721222
0.912278,-0.718785
0.911346,-0.807
0.908518,-1.11531
0.856405,-0.260342
0.959347,-0.785403
0.877057,-0.553291
0.90583,-0.67417
0.883595,-0.534223
0.860685,-0.142458
0.917472,-1.03531
0.868986,-0.2704
0.878299,-0.562754
0.900061,-0.685586
0.913636,-0.90379
0.893424,-0.802436
0.92988,-0.993747
0.922014,-1.01166
0.887598,-0.862833
0.893326,-0.781447
0.907366,-0.898138
0.896817,-0.74238
0.944652,-1.0194
0.825257,-0.0343993
0.924423,-1.05194
0.901493,-0.728024
0.862634,-0.710886
0.919019,-1.067
0.908909,-0.917873
0.88446,-0.759211
0.895041,-0.736513
0.91478,-0.740674
0.845041,-0.181384
0.946473,-1.11786
0.85104,-0.276386
0.932646,-1.02553
0.886994,-0.621666
0.902543,-0.80904
0.885937,-0.650178
0.86844,-0.454034
0.904054,-0.787568
0.900426,-0.778966
0.903143,-0.673525
0.89706,-0.517258
0.922716,-0.910068
0.880971,-0.621758
0.950926,-1.18333
0.918537,-1.10822
0.846747,-0.189668
0.898695,-0.679054
0.907468,-0.939051
0.864706,-0.271676
0.889316,-0.656788
0.932527,-0.97115
0.945238,-1.25047
0.892525,-0.609777
0.897117,-0.765201
0.855145,-0.330313
0.872457,-0.653955
0.852429,-0.483391
0.870303,-0.565362
0.876423,-0.572541
0.887131,-0.749995
0.895145,-0.832013
0.955095,-1.16123
0.873896,-0.349786
0.942099,-1.02074
0.88313,-0.55932
0.908949,-0.956288
0.888663,-0.777115
0.902509,-0.603306
0.909224,-0.807267
0.891208,-0.599493
0.871402,-0.333298
0.891347,-0.688021
0.905509,-0.787224
0.914855,-0.864941
0.884516,-0.671689
0.903502,-0.679233
0.864946,-0.310684
0.93925,-0.998138
0.884213,-0.542636
0.912618,-0.950294
0.89503,-0.594796
0.886989,-0.395729
0.874345,-0.572771
0.895021,-0.710383
0.907077,-0.812554
0.899732,-0.989833
0.910834,-0.849844
0.902575,-0.850316
0.88938,-0.578635
0.894684,-0.939446
0.914185,-0.910225
0.907513,-0.820416
0.888419,-0.508411
0.884465,-0.535975
0.868833,-0.677002
0.869812,-0.502737
0.831098,-0.489049
0.921873,-0.947784
0.875135,-0.549238
0.91428,-0.595272
0.852534,-0.337173
0.919006,-0.923033
0.8767,-0.540452
0.812276,-0.0235365
0.876587,-0.62374
0.875836,-0.501413
0.858405,-0.301228
0.881534,-0.517524
0.888004,-0.442721
0.865516,-0.383237
0.869623,-0.480899
0.901896,-0.757615
0.885438,-0.698736
0.858604,-0.5336
0.858788,-0.39058
0.897277,-0.808504
0.884982,-0.760595
0.887914,-0.913396
0.91121,-0.885564
0.916703,-1.0101
0.944101,-1.02557
0.910521,-0.945551
0.916269,-0.884548
0.937925,-0.840367
0.871056,-0.659632
0.925731,-1.14607
0.941126,-1.02521
0.833662,-0.314861
0.896841,-0.79707
0.885144,-0.673647
0.894236,-0.657579
0.931072,-1.17958
0.911347,-1.03241
0.872644,-0.678004
0.897978,-0.87523
0.890187,-0.832248
0.873094,-0.39559
0.94896,-1.19942
0.867155,-0.453621
0.913452,-0.787463
0.925838,-1.0613
0.852594,-0.36482
0.87885,-0.641784
0.893973,-0.667409
0.841555,-0.280094
0.908591,-0.779313
0.885192,-0.707299
0.928504,-0.784433
0.892059,-0.502907
0.882338,-0.461943
0.926141,-1.09091
0.893898,-0.68153
0.883638,-0.570839
0.898692,-0.919314
0.844668,-0.281522
0.852428,-0.340174
0.868126,-0.208731
0.902263,-0.748019
0.921679,-1.02147
0.926936,-0.993585
0.86016,-0.526965
0.859212,-0.280386
0.915393,-1.0359
0.876669,-0.627516
0.909063,-0.80954
0.889711,-0.539486
0.895494,-0.775108
0.8411,-0.194491
0.954183,-1.01377
0.937247,-1.11569
0.87234,-0.421515
0.87343,-0.344873
0.897103,-0.498886
0.876157,-0.73793
0.936693,-1.18643
0.853009,-0.515658
0.968596,-1.28868
0.910542,-0.740984
0.91911,-0.888944
0.970205,-1.11944
0.907291,-0.848413
0.904172,-0.528293
0.876035,-0.908294
0.90806,-0.896172
0.923404,-1.05123
0.916561,-0.932022
0.907586,-0.822832
0.901834,-0.585574
0.904151,-0.701814
0.872728,-0.458077
0.909039,-0.806466
0.867401,-0.462936
0.90124,-0.534045
0.898467,-0.630751
0.868861,-0.552066
0.934404,-1.31317
0.882407,-0.545081
0.896784,-0.749195
0.87166,-0.365568
0.902717,-0.78893
0.911924,-0.794927
0.884448,-0.595291
0.88855,-0.620291
0.879371,-0.549256
0.935962,-1.01908
0.872847,-0.542969
0.843766,-0.24041
0.884141,-0.571001
0.884703,-0.562345
0.924888,-1.06225
0.955016,-1.30819
0.93111,-0.990872
0.891675,-0.803836
0.891459,-0.599353
0.876731,-0.618098
0.865817,-0.527959
0.903286,-0.736152
0.943851,-1.04734
0.860773,-0.36948
0.88039,-0.532887
0.821515,0.1017
0.936257,-1.01664
0.927291,-0.823946
0.884418,-0.567554
0.892384,-0.674933
0.889525,-0.694645
0.854832,-0.413379
0.911814,-0.851839
0.897904,-0.681796
0.900542,-0.767372
0.898103,-0.698343
0.893401,-0.689198
0.930954,-1.03396
0.871981,-0.330325
0.90591,-0.775183
0.906588,-0.784367
0.897394,-0.87216
0.927674,-0.901542
0.887037,-0.72961
0.950431,-1.2344
0.927616,-0.977111
0.927311,-1.01883
0.839908,-0.588364
0.863924,-0.360868
0.949548,-1.15234
0.896089,-0.703746
0.906331,-0.981844
0.90047,-0.866367
0.926429,-0.961554
0.906235,-0.749672
0.927103,-0.930653
0.871622,-0.463359
0.843421,-0.187344
0.853928,-0.338784
0.804501,-0.212803
0.905023,-0.840591
0.874826,-0.654216
0.879963,-0.638259
0.924744,-1.03988
0.837865,-0.399687
0.844168,-0.0745598
0.866944,-0.442964
0.914581,-0.803936
0.873597,-0.75816
0.947736,-1.12191
0.858014,-0.659648
0.961443,-0.973286
0.861092,-0.39264
0.889799,-0.781203
0.945537,-1.16503
0.931092,-0.83584
0.915525,-0.755911
0.901139,-0.849727
0.902194,-0.880862
0.904288,-0.569473
0.907294,-1.09638
0.884076,-0.69689
0.905665,-0.821908
0.90862,-0.824889
0.905713,-0.671123
0.871021,-0.492232
0.892161,-0.40555
0.958796,-1.39182
0.939137,-1.02326
0.925097,-0.819785
0.897353,-0.728162
0.91193,-1.00445
0.873167,-0.647457
0.865702,-0.343871
0.960696,-1.19503
0.879099,-0.429848
0.913215,-0.685742
0.837266,-0.309918
0.883354,-0.485133
0.86985,-0.530575
0.857538,-0.34736
0.872241,-0.590962
0.920708,-0.890172
0.953444,-1.10169
0.882435,-0.542449
0.858076,-0.459375
0.840992,-0.136085
0.935343,-1.08075
0.89764,-0.772393
0.908112,-0.693331
0.916375,-1.07964
0.919148,-1.18733
0.850373,-0.283222
0.876027,-0.483533
0.932986,-1.10103
0.888477,-0.535322
0.843141,-0.588949
0.94046,-1.24004
0.893526,-0.776842
0.935597,-0.894854
0.887333,-0.725637
0.900193,-0.906688
0.928573,-0.779178
0.932018,-0.653082
0.957783,-1.26667
0.887866,-0.462702
0.94747,-1.28844
0.932624,-1.20024
0.939541,-1.02212
0.906285,-0.780861
0.919133,-0.882729
0.922442,-0.704538
0.919054,-0.913447
0.901482,-0.659767
0.923615,-0.715014
0.968941,-1.14421
0.907779,-0.716588
0.859728,-0.472381
0.841627,-0.247705
0.880276,-0.609786
0.916551,-0.639335
0.902504,-0.69285
0.91125,-0.716081
0.927409,-1.05412
0.913203,-0.961462
0.877739,-0.576153
0.910731,-0.630349
0.870181,-0.625643
0.910557,-0.924692
0.903511,-0.759768
0.891587,-0.731665
0.881447,-0.522863
0.925779,-1.10089
0.923445,-1.11833
0.869921,-0.691003
0.91658,-0.721655
0.896302,-0.563931
0.892126,-0.444137
0.95708,-1.19986
0.898461,-0.656458
0.862499,-0.187711
0.889257,-0.619321
0.890871,-0.381202
0.915417,-0.645231
0.863249,-0.362086
0.925517,-0.687572
0.93558,-0.865237
0.946868,-1.33009
0.947226,-0.993647
0.88425,-0.660827
0.863926,-0.67902
0.853737,-0.434195
0.897762,-0.731851
0.889695,-0.855741
0.90092,-0.964329
0.931286,-1.01077
0.93367,-0.995825
0.882139,-0.530877
0.914549,-0.851784
0.899118,-0.524679
0.927997,-0.923437
0.929196,-0.906279
0.902418,-0.719343
0.905397,-0.951963
0.852922,-0.548475
0.859196,-0.513366
0.916104,-0.777644
0.941374,-0.919758
0.895223,-0.771817
0.961301,-1.13232
0.936834,-1.16637
0.86812,-0.775205
0.911773,-0.732706
0.871133,-0.392868
0.918423,-0.927452
0.903784,-0.520551
0.896316,-0.571978
0.889859,-0.526382
0.896305,-0.541391
0.865183,-0.516373
0.892005,-0.715579
0.887641,-0.466156
0.895825,-0.692429
0.855363,-0.358281
0.89384,-0.547718
0.91706,-0.799505
0.91048,-0.784124
0.927133,-0.981465
0.887363,-0.476635
0.922991,-0.751275
0.943338,-1.26349
0.916196,-0.962779
0.891439,-0.722069
0.913019,-0.967702
0.879973,-0.50448
0.890677,-0.511059
0.885447,-0.534707
0.921353,-1.17111
0.911813,-0.984104
0.950492,-1.17406
0.888773,-0.562851
0.925061,-1.01654
0.870296,-0.700504
0.940962,-0.945964
0.830437,-0.262439
0.942044,-1.11963
0.918017,-1.00935
0.895889,-0.6102
0.906436,-0.697334
0.812368,-0.194279
0.821119,-0.0635904
0.901209,-0.631929
0.93315,-1.08249
0.909174,-0.875357
0.888229,-0.587476
0.922421,-0.752676
0.943116,-1.17254
0.863149,-0.520485
0.885819,-0.668107
0.875904,-0.525658
0.897944,-0.535976
0.859909,-0.224986
0.93849,-0.974307
0.832123,-0.192011
0.900776,-0.561792
0.863097,-0.385383
0.86611,-0.622471
0.845557,-0.289677
0.934395,-1.01322
0.891439,-0.717704
0.899657,-0.984164
0.911902,-0.792283
0.909695,-0.992016
0.953097,-1.13687
0.886818,-0.516405
0.89494,-0.672064
0.948918,-1.23679
0.94087,-1.13783
0.864662,-0.329493
0.894044,-0.430681
0.885234,-0.556767
0.867454,-0.483687
0.923282,-0.960019
0.856244,-0.507876
0.884089,-0.656355
0.870123,-0.644197
0.898524,-0.779755
0.936444,-1.12449
0.957292,-1.13976
0.87559,-0.576173
0.91229,-0.97494
0.863065,-0.522882
0.898603,-0.707527
0.886397,-0.33853
0.820037,0.0465322
0.897663,-0.754971
0.897162,-0.423783
0.95216,-1.10978
0.930024,-0.917949
0.849186,-0.334512
0.881594,-0.563265
0.903339,-0.812085
0.892334,-0.557411
0.904996,-0.900532
0.909734,-0.859177
0.956267,-1.2421
0.898205,-0.593465
0.91089,-0.836082
0.909625,-0.651509
0.903194,-0.820944
0.887728,-0.74184
0.895312,-0.752579
0.887662,-0.712474
0.890098,-0.73285
0.908811,-0.779567
0.905582,-0.889106
0.912829,-0.968338
0.902476,-0.852075
0.867239,-0.30047
0.910363,-0.935599
0.879352,-0.566843
0.887905,-0.645754
0.937933,-0.96132
0.877203,-0.647378
0.893648,-0.819167
0.890064,-0.831471
0.885261,-0.406132
0.907476,-0.724111
0.823437,0.211536
0.903204,-0.798426
0.871787,-0.644768
0.89516,-0.708161
0.849602,-0.365795
0.830749,-0.352592
0.911872,-0.815013
0.957956,-1.28423
0.86821,-0.40577
0.861635,-0.438667
0.912922,-0.539575
0.907742,-0.80505
0.855056,-0.482006
0.873311,-0.43259
0.946193,-1.06473
0.887932,-0.641716
0.847564,-0.1664
0.874962,-0.496973
0.87696,-0.667816
0.885392,-0.97111
0.884861,-0.658131
0.851674,-0.53013
0.913732,-0.95288
0.886509,-0.355444
0.946148,-1.13789
0.959266,-1.42905
0.871659,-0.561717
0.908948,-0.881325
0.881992,-0.684236
0.902189,-1.11564
0.904584,-0.605893
0.918585,-0.91231
0.864412,-0.397687
0.909657,-0.541863
0.865418,-0.560276
0.904807,-0.797705
0.937948,-0.974119
0.891361,-0.60338
0.908521,-0.985095
0.900651,-0.827928
0.939577,-0.960565
0.915699,-0.953737
0.891819,-0.668267
0.949652,-1.22448
0.86475,-0.610922
0.923778,-1.01207
0.849066,-0.58312
0.917344,-0.982663
0.933997,-0.986324
0.870894,-0.663423
0.902796,-0.623418
0.90026,-0.665607
0.935855,-1.13671
0.938973,-1.10221
0.912414,-0.915877
0.855948,-0.394164
0.934738,-0.893274
0.93946,-0.71217
0.950475,-1.0313
0.860168,-0.400532
0.867228,-0.473592
0.921447,-1.01546
0.898544,-0.575754
0.938748,-0.967476
0.943291,-1.23501
0.84175,0.0660028
0.902716,-0.378977
0.911168,-0.750771
0.938762,-1.19159
0.889131,-0.610359
0.885522,-0.703986
0.902636,-0.812048
0.931247,-0.999678
0.919843,-0.879047
0.888366,-0.611003
0.865581,-0.530489
0.86799,-0.483655
0.873545,-0.798714
0.900795,-0.88002
0.925878,-0.91181
0.917356,-0.868075
0.987306,-1.46793
0.916058,-0.794008
0.868508,-0.718899
0.856953,-0.566626
0.920267,-0.846691
0.895024,-0.54579
0.847395,-0.234372
0.902491,-0.768792
0.880922,-0.795508
0.902798,-0.751155
0.921033,-1.14971
0.953958,-1.20766
0.936696,-1.35292
0.889051,-0.71335
0.951663,-1.2673
0.903142,-0.661802
0.823648,-0.0493352
0.832515,-0.254295
0.877881,-0.597541
0.920855,-1.00844
0.904945,-0.787987
0.923529,-1.0235
0.909969,-0.973629
0.92017,-0.893252
0.884527,-0.509157
0.870187,-0.486905
0.875073,-0.793759
0.929184,-0.905321
0.922819,-0.945029
0.844559,-0.470166
0.911706,-0.946126
0.9384,-1.14691
0.8759,-0.701768
0.937625,-0.976463
0.873557,-0.720619
0.872285,-0.491374
0.949949,-1.07278
0.886347,-0.686723
0.91738,-0.875942
0.893698,-0.547959
0.939338,-0.946337
0.916273,-1.06893
0.839675,-0.387877
0.905332,-0.668662
0.883456,-0.709197
0.912562,-0.886281
0.874855,-0.678285
0.88119,-0.488333
0.857874,-0.42156
0.925109,-1.01147
0.871239,-0.590817
0.923155,-0.906863
0.968329,-1.14248
0.943603,-1.15183
0.953514,-1.32866
0.952713,-0.924439
0.878671,-0.365459
0.900579,-0.841373
0.864108,-0.540597
0.936596,-0.961683
0.884434,-0.849379
0.907766,-0.642767
0.918178,-1.06965
0.913797,-1.04608
0.918927,-1.15967
0.936184,-1.09306
0.889087,-0.699085
0.85091,-0.112394
0.897983,-0.595365
0.900752,-0.980077
0.92888,-1.30223
0.858294,-0.482398
0.895022,-0.757739
0.908867,-0.8715
0.926103,-1.01109
0.840504,-0.344806
0.90351,-0.860877
0.9263,-0.922203
0.895042,-0.625951
0.870197,-0.622992
0.916377,-0.652776
0.874416,-0.645297
0.881673,-0.688012
0.910552,-0.856178
0.896693,-0.724965
0.870937,-0.541684
0.945178,-1.06438
0.902658,-0.734085
0.862312,-0.0294523
0.848894,-0.208257
0.896202,-0.984592
0.915134,-0.731112
0.879246,-0.501428
0.890189,-0.889385
0.904321,-0.609694
0.925775,-0.944706
0.892777,-0.940663
0.90256,-0.645503
0.910294,-0.790294
0.95161,-1.10332
0.937371,-0.885289
0.891052,-0.670145
0.875515,-0.442297
0.861581,-0.297209
0.901291,-0.586367
0.880619,-0.658787
0.863706,-0.387828
0.899331,-0.689296
0.929588,-1.18497
0.842802,-0.468314
0.835057,-0.403527
0.94845,-1.3145
0.904353,-1.02314
0.889915,-0.401547
0.916651,-0.71403
0.857469,-0.33412
0.947464,-1.16221
0.847884,-0.343079
0.852247,-0.555975
0.896445,-0.614337
0.938419,-1.32104
0.920595,-0.932577
0.868727,-0.292529
0.931475,-0.883844
0.877981,-0.698523
0.947747,-1.23662
0.861799,-0.319997
0.92424,-0.897841
0.877717,-0.438661
0.927728,-1.10744
0.941847,-1.08666
0.981731,-1.22398
0.900911,-0.771118
0.883047,-0.659225
0.903314,-0.950028
0.899718,-0.83135
0.887409,-0.736465
0.914112,-0.640585
0.876029,-0.415123
0.899383,-0.807752
0.850349,-0.38079
0.93757,-0.993896
0.874607,-0.497588
0.891094,-0.689795
0.953269,-1.08287
0.88535,-0.70709
0.881941,-0.346565
0.884319,-0.721084
0.897552,-0.733066
0.883193,-0.559899
0.917886,-0.766279
0.868153,-0.634644
0.899623,-0.5402
0.811236,-0.103961
0.899598,-0.865621
0.905749,-0.746652
0.904337,-0.627456
0.89224,-0.667309
0.900385,-0.686879
0.9002,-0.790558
0.912616,-1.03363
0.885805,-0.514055
0.835309,0.120446
0.953524,-1.14923
0.869777,-0.656476
0.947748,-1.36799
0.878474,-0.512098
0.905615,-0.80456
0.877887,-0.496919
0.917906,-0.690061
0.902278,-0.681289
0.880524,-0.518271
0.892002,-0.641142
0.904217,-0.851198
0.89118,-0.85759
0.902643,-0.882281
0.86732,-0.457736
0.83902,-0.142889
0.946236,-1.46087
0.925538,-0.860713
0.923701,-0.916029
0.928359,-0.935625
0.918021,-0.705447
0.923154,-0.818304
0.934667,-1.17746
0.896582,-0.459606
0.836537,-0.415929
0.871055,-0.617494
0.927628,-0.81505
0.891901,-0.752934
0.888632,-0.630708
0.965789,-1.22623
0.91369,-0.903637
0.935485,-1.10747
0.925871,-0.977499
0.905517,-0.646914
0.903355,-0.832689
0.892126,-0.722502
0.944306,-1.298
0.888488,-0.70656
0.960109,-1.36513
0.895994,-0.795153
0.85677,-0.392227
0.863188,-0.773784
0.885136,-0.559289
0.921548,-0.910093
0.909391,-0.815508
0.878418,-0.522092
0.9024,-0.874478
0.872499,-0.576705
0.914301,-1.00261
0.872766,-0.737845
0.876917,-0.843229
0.878531,-0.482199
0.927624,-0.903822
0.885562,-0.700408
0.885513,-0.360219
0.932387,-0.992652
0.953134,-1.16851
0.906005,-1.07302
0.960709,-1.17622
0.862705,-0.43863
0.894805,-0.769472
0.895348,-0.749861
0.860255,-0.425871
0.917428,-0.723155
0.858886,-0.352731
0.90593,-0.851853
0.938241,-1.02557
0.864918,-0.4881
0.926693,-1.00577
0.901503,-0.43081
0.92248,-0.784192
0.913291,-0.772641
0.874854,-0.476845
0.888436,-0.532686
0.873623,-0.365077
0.873081,-0.352428
0.918233,-0.738838
0.860237,-0.484868
0.900554,-0.669713
0.905851,-0.801437
0.843039,-0.0913068
0.885782,-0.617723
0.877016,-0.627663
0.888746,-0.685644
0.911211,-0.800927
0.899458,-0.829785
0.89687,-0.648775
0.911736,-0.768815
0.91507,-0.939771
0.938634,-0.972584
0.912616,-0.796724
0.910345,-0.753199
0.853766,-0.318128
0.917688,-0.962171
0.898337,-0.626888
0.916635,-0.886781
0.897434,-0.733595
0.874732,-0.732475
0.835652,-0.171378
0.871557,-0.47553
0.919531,-0.78569
0.958937,-1.11471
0.949207,-0.956838
0.877463,-0.530032
0.836153,-0.18977
0.890789,-0.697036
0.91673,-0.817365
0.868516,-0.528487
0.90894,-0.941293
0.895214,-0.811732
0.890039,-0.719274
0.920094,-0.710509
0.921386,-1.19469
0.869051,-0.498389
0.900768,-0.968156
0.870204,-0.339773
0.903795,-0.869876
0.88222,-0.609133
0.876299,-0.40567
0.931982,-0.856784
0.894637,-0.625727
0.838745,-0.190411
0.926499,-1.08738
0.85629,-0.40697
0.924825,-0.985486
0.925129,-0.981221
0.931098,-0.864603
0.966939,-1.17473
0.931661,-0.830204
0.893086,-0.535806
0.915956,-0.868586
0.832491,-0.233576
0.911141,-0.543213
0.946393,-1.20934
0.894097,-0.634176
0.915639,-0.731156
0.924085,-0.942347
0.900773,-0.505246
0.904998,-0.782576
0.918999,-0.689402
0.857377,-0.49837
0.957543,-1.24494
0.898976,-0.528708
0.917032,-1.02671
0.940196,-1.01332
0.898797,-0.66897
0.900823,-0.921088
0.852505,-0.409325
0.931898,-1.07215
0.89236,-0.570273
0.889184,-0.770126
0.901278,-0.694277
0.90135,-0.667329
0.873994,-0.482172
0.928844,-0.725826
0.879984,-0.67162
0.941454,-1.08521
0.928498,-1.06886
0.872454,-0.401525
0.92029,-1.066
0.912048,-1.0051
0.896568,-0.631391
0.893834,-0.424922
0.911642,-0.643887
0.883725,-0.548377
0.901204,-0.675579
0.846576,-0.12972
0.934848,-1.04038
0.968881,-1.14628
0.856449,-0.447167
0.89817,-0.755856
0.91172,-0.884958
0.924413,-0.91221
0.867911,-0.259491
0.910903,-0.918572
0.887765,-0.671077
0.859016,-0.56429
0.887601,-0.449729
0.886731,-0.863378
0.938673,-1.36657
0.92812,-0.736689
0.903488,-0.627823
0.911601,-0.894371
0.932817,-0.853614
0.943096,-0.97272
0.849471,-0.333624
0.887662,-0.661094
0.916486,-1.02413
0.940797,-1.16814
0.909512,-0.847953
0.883221,-0.439364
0.933676,-1.00119
0.892268,-0.880592
0.898856,-0.695682
0.912357,-0.915015
0.874542,-0.499785
0.928432,-0.929233
0.880155,-0.753904
0.931943,-0.852702
0.852204,-0.441433
0.943632,-1.08423
0.916346,-0.761877
0.928387,-0.873354
0.861385,-0.581618
0.937173,-0.966626
0.906201,-0.71138
0.877896,-0.295988
0.860766,-0.348815
0.922191,-0.90018
0.893143,-0.549704
0.875992,-0.474842
0.897382,-0.91923
0.873209,-0.548854
0.862913,-0.398879
0.916073,-0.952998
0.919511,-1.15755
0.895097,-0.717635
0.885564,-0.605371
0.884053,-0.602198
0.874259,-0.78918
0.85721,-0.210839
0.904028,-0.785098
0.948728,-1.05343
0.893586,-0.611984
0.827757,-0.0333788
0.925897,-1.00468
0.916724,-0.637454
0.876178,-0.368948
0.920948,-0.733944
0.857705,-0.5019
0.884097,-0.662362
0.864412,-0.317169
0.917805,-0.940402
0.891968,-0.794525
0.928068,-1.02193
0.881428,-0.549533
0.921915,-0.798112
0.91207,-1.05764
0.847062,-0.342509
0.903829,-0.691832
0.918771,-0.890781
0.934488,-0.846684
0.876259,-0.587232
0.888687,-0.514074
0.914754,-0.839487
0.866157,-0.684754
0.92649,-1.00556
0.918803,-0.754309
0.923414,-0.965604
0.91903,-0.95371
0.905592,-0.822761
0.891868,-0.758068
0.91776,-0.984281
0.895349,-0.790954
0.931409,-0.755778
0.807358,0.116245
0.937439,-0.915508
0.859037,-0.355781
0.897969,-0.668674
0.928607,-1.00341
0.909308,-0.875591
0.899986,-0.711299
0.854006,-0.483144
0.895154,-0.834754
0.892629,-0.630976
0.838605,-0.424799
0.933272,-1.01819
0.890744,-0.523923
0.887621,-0.465377
0.910465,-0.805651
0.873793,-0.726264
0.909003,-0.790602
0.922947,-0.768659
0.854868,-0.490885
0.978328,-1.25208
0.908836,-0.739825
0.881043,-0.459831
0.881747,-0.456744
0.881592,-0.465159
0.904131,-0.787303
0.924415,-0.92053
0.899976,-0.725876
0.904991,-0.777475
0.864293,-0.439831
0.952687,-1.1795
0.863863,-0.405704
0.892023,-0.695268
0.947155,-1.28085
0.922691,-0.872434
0.943954,-1.10468
0.833024,-0.318842
0.928918,-0.981559
0.954298,-1.14184
0.936504,-1.16688
0.917153,-0.970363
0.884006,-0.69174
0.916154,-0.827384
0.860041,-0.370308
0.874639,-0.596546
0.901399,-0.801026
0.879764,-0.646933
0.903797,-0.933586
0.898406,-0.72711
0.914329,-0.861593
0.904725,-0.642189
0.867299,-0.367489
0.880574,-0.540492
0.895859,-0.595465
0.897079,-0.694712
0.928392,-0.895912
0.910469,-0.77902
0.891027,-0.490465
0.850756,-0.308162
0.896273,-0.682044
0.927456,-1.01863
0.943892,-0.757541
0.88295,-0.548011
0.874535,-0.665181
0.90145,-0.874025
0.896493,-0.786549
0.923054,-1.05798
0.888452,-1.09619
0.881251,-0.695259
0.891807,-0.607516
0.906722,-0.742528
0.899399,-0.655431
0.947263,-1.10869
0.870573,-0.371585
0.877739,-0.69251
0.89017,-0.510051
0.94695,-0.864263
0.855617,-0.490276
0.874154,-0.512908
0.836914,-0.222702
0.893765,-0.54388
0.876303,-0.46686
0.957682,-1.10275
0.971934,-1.38821
0.920733,-0.837607
0.941508,-0.997438
0.880318,-0.747663
0.900377,-0.767308
0.913763,-0.879378
0.848204,-0.33574
0.850993,-0.29411
0.916072,-0.816329
0.907711,-0.715346
0.892732,-0.675808
0.975072,-1.31359
0.924121,-0.75339
0.892079,-0.872968
0.890717,-0.475408
0.930069,-0.984549
0.842542,-0.380395
0.937795,-1.06722
0.917521,-0.859611
0.908319,-1.00163
0.900954,-0.644582
0.889222,-0.638595
0.890001,-0.480701
0.889619,-0.529824
0.967187,-1.30414
0.871449,-0.302646
0.887988,-0.741263
0.891919,-0.53978
0.898856,-0.802008
0.883567,-0.66062
0.926762,-0.775725
0.893783,-0.688457
0.923727,-0.890091
0.888753,-0.60108
0.880497,-0.58393
0.934301,-0.772193
0.904108,-0.917675
0.855893,-0.427194
0.890106,-0.70882
0.887199,-0.593791
0.887112,-0.52341
0.951768,-1.13668
0.890078,-0.629047
0.87717,-0.614914
0.876949,-0.482518
0.884186,-0.718896
0.936894,-1.05918
0.911321,-0.887193
0.896559,-0.72044
0.968386,-1.32107
0.904522,-0.758976
0.894547,-0.687026
0.894646,-0.698099
0.91091,-1.0102
0.870851,-0.638127
0.874383,-0.476277
0.992792,-1.16616
0.9265,-0.932839
0.881137,-0.663828
0.872081,-0.496615
0.928188,-0.910201
0.871777,-0.496151
0.879658,-0.586012
0.847036,-0.37019
0.903924,-0.954273
0.859208,-0.258801
0.878456,-0.605676
0.915287,-0.728921
0.941894,-1.21421
0.881808,-0.780568
0.879779,-0.590643
0.899848,-0.863704
0.911579,-0.85602
0.885239,-0.801067
0.910802,-0.624833
0.830931,-0.231323
0.913633,-0.959832
0.907269,-0.7801
0.872245,-0.487778
0.923972,-0.949373
0.90697,-0.77995
0.89505,-0.775948
0.88754,-0.725321
0.905345,-0.797544
0.86246,-0.219765
0.910656,-0.8723
0.89179,-0.479891
0.926894,-0.939056
0.844611,-0.396627
0.92101,-0.857376
0.935321,-0.958202
0.891338,-0.685437
0.89703,-0.697246
0.934581,-1.15936
0.882997,-0.534714
0.89093,-0.750434
0.886757,-0.674789
0.887667,-0.587487
0.862172,-0.520538
0.957496,-1.20725
0.8842,-0.645612
0.894209,-0.621261
0.913633,-0.675034
0.86801,-0.608491
0.909341,-0.799322
0.921814,-1.14941
0.961637,-1.30856
0.868828,-0.190966
0.87926,-0.54068
0.884734,-0.577052
0.932597,-1.10544
0.908167,-0.97264
0.907744,-0.911433
0.880946,-0.528498
0.890257,-0.552681
0.890862,-0.5708
0.939325,-1.09953
0.925152,-0.845714
0.905545,-1.02166
0.83321,0.0767849
0.895464,-0.804273
0.979742,-1.59715
0.888593,-0.603814
0.897493,-0.819022
0.921719,-0.656681
0.96743,-1.22767
0.929846,-1.09748
0.94633,-0.987992
0.871638,-0.52277
0.888179,-0.517659
0.862011,-0.493453
0.910318,-0.730355
0.870897,-0.502294
0.893106,-0.764739
0.897093,-0.926699
0.875244,-0.370852
0.916259,-0.795186
0.910352,-0.79627
0.925007,-0.645457
0.873389,-0.329602
0.958714,-1.25805
0.872706,-0.519863
0.911927,-0.718214
0.911652,-0.933841
0.880273,-0.619583
0.895356,-0.614771
0.97454,-1.29633
0.875352,-0.525092
0.861075,-0.380905
0.87076,-0.507343
0.84946,-0.0984734
0.900983,-0.569239
0.864492,-0.454522
0.902202,-0.409865
0.927349,-0.882848
0.896475,-0.705473
0.933672,-0.906228
0.88753,-0.698703
0.928748,-1.08252
0.926307,-0.731178
0.865029,-0.639719
0.89636,-0.518267
0.943021,-1.09881
0.914634,-0.995201
0.877329,-0.492206
0.937142,-0.932568
0.885514,-0.659528
0.925496,-0.90633
0.850131,-0.226761
0.939105,-0.930559
0.892978,-0.909286
0.928935,-1.21303
0.885654,-0.44561
0.870591,-0.674966
0.962413,-1.05002
0.894139,-0.617162
0.95963,-1.1964
0.90891,-0.785095
0.914385,-1.01264
0.858747,-0.512098
0.88796,-0.62762
0.898961,-0.751408
0.854063,-0.178122
0.858184,-0.619703
0.867619,-0.602688
0.890394,-0.731575
0.86641,-0.512674
0.861588,-0.288145
0.934492,-0.872687
0.871651,-0.551235
0.89023,-0.718609
0.916373,-0.881063
0.867047,-0.239742
0.88043,-0.645415
0.87069,-0.54329
0.925984,-0.8261
0.888476,-0.643011
0.912649,-0.84845
0.887588,-0.802389
0.882189,-0.729144
0.932132,-0.938678
0.878553,-0.543218
0.942056,-0.921985
0.948134,-1.37912
0.864143,-0.473272
0.903292,-0.792921
0.886487,-0.515983
0.840652,-0.207209
0.899565,-0.851835
0.878392,-0.707629
0.907341,-0.732591
0.901151,-0.549408
0.867982,-0.287155
0.890932,-0.587741
0.886918,-0.710194
0.916519,-0.931049
0.90264,-0.655065
0.901733,-0.659196
0.862237,-0.695205
0.854334,-0.359608
0.925214,-0.999092
0.925073,-0.983912
0.911223,-0.688603
0.905454,-0.808348
0.928397,-1.01896
0.920773,-1.12506
0.917727,-0.890956
0.895263,-0.605163
0.887315,-0.640086
0.874976,-0.545227
0.904136,-0.858205
0.951947,-1.29111
0.920477,-0.879588
0.925278,-0.989215
0.905671,-0.737228
0.891021,-0.682945
0.858518,-0.460803
0.935904,-1.08674
0.909656,-0.811158
0.877788,-0.598315
0.878507,-0.554016
0.913979,-0.85174
0.93916,-0.912022
0.861701,-0.53026
0.895312,-0.869471
0.935269,-0.811371
0.859757,-0.532213
0.955837,-1.25915
0.927508,-0.970601
0.841638,-0.249651
0.892796,-0.545321
0.878332,-0.549654
0.933775,-1.25135
0.888588,-0.318948
0.928265,-0.776981
0.914695,-1.0313
0.869648,-0.57819
0.868654,-0.632334
0.929833,-1.06894
0.889971,-0.649562
0.874522,-0.685099
0.900962,-0.565088
0.886473,-0.335611
0.87486,-0.35016
0.870468,-0.245576
0.899691,-0.924786
0.883325,-0.646599
0.901127,-0.770277
0.890086,-0.653531
0.918733,-0.844428
0.898744,-0.786104
0.870771,-0.21684
0.906558,-0.923322
0.873516,-0.516593
0.904223,-0.823338
0.852815,-0.504858
0.866493,-0.323495
0.901828,-0.853867
0.883394,-0.605766
0.858719,-0.442189
0.872392,-0.573483
0.85754,-0.200281
0.89537,-0.623579
0.903931,-0.671678
0.94917,-1.36408
0.893284,-0.875867
0.879127,-0.428421
0.933948,-0.940906
0.835715,-0.14136
0.902077,-0.921401
0.85958,-0.348627
0.926673,-1.01706
0.915899,-0.941089
0.895448,-0.767594
0.905261,-0.933283
0.919386,-0.735987
0.873067,-0.62267
0.893563,-0.588224
0.836668,-0.399253
0.919626,-0.888923
0.86753,-0.490114
0.919736,-1.02775
0.876607,-0.316008
0.874995,-0.338626
0.86978,-0.485174
0.885587,-0.506927
0.885139,-0.458841
0.858843,-0.485374
0.945438,-0.92248
0.895286,-0.670782
0.889291,-0.774271
0.9448,-1.25018
0.918411,-1.08272
0.865728,-0.360354
0.859329,-0.634418
0.851203,-0.0574456
0.923877,-0.810126
0.910606,-0.922288
0.89479,-0.623642
0.93607,-1.27051
0.932766,-1.05608
0.929655,-0.903606
0.924512,-0.807734
0.937377,-0.797653
0.921585,-0.831791
0.872977,-0.779923
0.914259,-0.692625
0.895227,-0.593902
0.900679,-0.816221
0.924478,-0.838056
0.877522,-0.583169
0.928213,-0.997149
0.849073,-0.255149
0.817153,0.210801
0.941584,-1.23214
0.894769,-0.637993
0.912081,-1.07107
0.904237,-0.90832
0.978482,-1.49911
0.948317,-1.14036
0.924553,-1.07343
0.91633,-0.602202
0.821841,0.098515
0.912515,-0.645139
0.925974,-0.806729
0.914946,-0.709774
0.944336,-0.973404
0.878323,-0.61936
0.874062,-0.546061
0.919778,-0.841175
0.901888,-0.841049
0.85851,-0.451773
0.856249,-0.339596
0.927165,-0.907466
0.889728,-0.472039
0.88472,-0.732825
0.877415,-0.488303
0.893689,-0.491643
0.91441,-0.727569
0.872708,-0.72035
0.904772,-0.796521
0.876999,-0.437054
0.906198,-0.665365
0.896903,-0.796781
0.87945,-0.320615
0.872226,-0.261954
0.898453,-0.739629
0.898755,-0.780961
0.88824,-0.646375
0.922485,-1.24878
0.868762,-0.276798
0.865041,-0.379942
0.89467,-0.802535
0.902787,-0.63964
0.873343,-0.546515
0.935002,-1.04182
0.945194,-1.06952
0.911176,-0.772334
0.834189,-0.282108
0.920129,-0.929919
0.922863,-1.04055
0.91727,-1.01044
0.894288,-0.577915
0.865905,-0.448797
0.910229,-0.620586
0.918115,-0.855238
0.878883,-0.567838
0.845781,-0.347805
0.891643,-0.783879
0.903714,-0.86208
0.89848,-0.575565
0.915507,-0.999132
0.864252,-0.53016
0.843288,-0.141968
0.879617,-0.506769
0.915425,-0.65601
0.900631,-0.829079
0.909349,-1.09359
0.953954,-1.18026
0.947031,-1.19068
0.913154,-0.769893
0.887328,-0.69852
0.871465,-0.505957
0.886128,-0.461142
0.880824,-0.443665
0.848034,-0.408418
0.882826,-0.38726
0.961459,-1.28632
0.881379,-0.394549
0.869229,-0.518156
0.886075,-0.655579
0.853585,-0.446712
0.846441,-0.503946
0.944766,-1.00782
0.916711,-0.886675
0.988267,-1.22431
0.953302,-1.04983
0.953983,-1.02653
0.94609,-1.24816
0.887661,-0.242203
0.875535,-0.477939
0.861678,-0.5011
0.892731,-0.720732
0.902519,-0.804531
0.91176,-0.956614
0.869419,-0.263898
0.865867,-0.49462
0.841756,-0.0797316
0.873404,-0.394829
0.860595,-0.3396
0.891616,-0.664868
0.903468,-0.780145
0.895313,-0.66689
0.890367,-0.699953
0.903352,-0.732875
0.923722,-1.02708
0.842916,-0.17027
0.870688,-0.36673
0.880806,-0.518461
0.883367,-0.733231
0.881229,-0.578384
0.943207,-1.15003
0.904374,-1.14823
0.911943,-0.684412
0.912268,-0.725263
0.918292,-0.81665
0.873887,-0.320861
0.86899,-0.486704
0.919242,-0.740014
0.897914,-0.681671
0.897113,-0.970424
0.933181,-1.09866
0.899101,-0.510905
0.938545,-1.07015
0.865591,-0.599112
0.901909,-0.69465
0.871926,-0.684246
0.936937,-1.1647
0.933675,-1.08695
0.895612,-0.635167
0.926328,-0.740528
0.875358,-0.598997
0.867083,-0.352422
0.893008,-0.476136
0.904602,-0.638159
0.920722,-0.889403
0.955815,-0.852087
0.906204,-0.785837
0.885716,-0.690401
0.910214,-0.782568
0.893007,-0.616543
0.859687,-0.44818
0.865858,-0.42889
0.895966,-0.506763
0.874806,-0.578926
0.941954,-1.11222
0.89029,-0.695389
0.876452,-0.476154
0.925422,-1.04504
0.950889,-1.22058
0.887479,-0.397902
0.951856,-1.15158
0.882141,-0.368618
0.904522,-0.889663
0.919698,-1.09119
0.921157,-0.84652
0.899346,-0.631457
0.882533,-0.636167
0.90928,-0.728217
0.921552,-0.646429
0.864401,-0.398478
0.897039,-0.481529
0.890094,-0.623382
0.878621,-0.281589
0.910264,-0.785562
0.918314,-0.991959
0.896802,-0.854222
0.901988,-0.753754
0.949593,-1.08842
0.87657,-0.579629
0.92731,-0.884446
0.844846,-0.363997
0.901702,-0.715081
0.845194,-0.469481
0.927287,-0.98298
0.94213,-0.982667
0.929684,-1.08922
0.919423,-1.0777
0.934671,-1.14357
0.969146,-1.2665
0.892855,-0.763916
0.886506,-0.406801
0.910272,-0.831828
0.904411,-0.855165
0.877154,-0.37814
0.896792,-0.877042
0.913288,-0.725494
0.863315,-0.366296
0.920185,-0.890766
0.933253,-0.835046
0.913133,-0.644515
0.887171,-0.619466
0.801828,-0.0200913
0.90848,-0.812127
0.834515,-0.257606
0.850786,-0.388008
0.899136,-0.612091
0.885497,-0.644428
0.97947,-1.46966
0.869282,-0.41518
0.932933,-0.879311
0.910806,-0.606216
0.85443,-0.211007
0.861287,-0.513449
0.865105,-0.584877
0.953935,-1.12887
0.833471,-0.0657482
0.897591,-0.670397
0.869701,-0.42936
0.884752,-0.386021
0.832439,-0.123493
0.907015,-0.915925
0.915216,-0.797071
0.921321,-0.832256
0.941674,-0.90102
0.861017,-0.201892
0.885553,-0.584342
0.924178,-1.01287
0.925986,-1.0027
0.891811,-0.8479
0.889698,-0.718621
0.853104,-0.300987
0.909072,-0.796038
0.933872,-0.971128
0.899724,-0.859232
0.884508,-0.721308
0.907849,-0.69742
0.880827,-0.610195
0.87696,-0.596462
0.83633,-0.134214
0.891485,-0.670334
0.930392,-0.866525
0.921895,-0.787919
0.897519,-0.747782
0.914062,-0.894644
0.922969,-0.538795
0.910719,-0.920381
0.933509,-1.17767
0.877436,-0.623169
0.864456,-0.498241
0.843192,-0.509535
0.876357,-0.640729
0.930892,-1.08464
0.871975,-0.465998
0.903733,-0.742867
0.89821,-0.908433
0.903646,-0.785537
0.848279,-0.102263
0.888858,-0.70153
0.872706,-0.643803
0.890162,-0.642083
0.924885,-1.08155
0.916679,-0.856334
0.918944,-0.82044
0.936565,-0.898715
0.887342,-0.38699
0.910762,-0.632896
0.876476,-0.350133
0.82918,-0.0998264
0.964192,-1.32409
0.905775,-0.827093
0.869223,-0.510228
0.853548,-0.29269
0.873427,-0.542484
0.902749,-0.806711
0.880577,-0.542444
0.851129,-0.373782
0.89807,-0.523307
0.905875,-0.661317
0.898708,-0.810883
0.910307,-0.925779
0.892543,-0.598584
0.915188,-0.739778
0.872473,-0.402357
0.898529,-0.639947
0.844925,-0.385521
0.884434,-0.628792
0.903133,-0.72805
0.855841,-0.267954
0.855465,-0.411614
0.951589,-1.05459
0.921883,-0.869396
0.883346,-0.68324
0.847266,-0.383646
0.94252,-0.997697
0.87159,-0.473967
0.840055,-0.254425
0.850152,-0.352621
0.89784,-0.882891
0.967796,-1.19297
0.932007,-0.996437
0.913289,-0.778803
0.888747,-0.4577
0.975537,-1.28266
0.896214,-0.713062
0.862969,-0.439216
0.967427,-1.50815
0.875571,-0.416662
0.939705,-1.18279
0.864129,-0.569516
0.87004,-0.62562
0.908912,-0.747093
0.962252,-1.01268
0.885436,-0.683388
0.869405,-0.698069
0.910448,-1.00317
0.881188,-0.49714
0.898562,-0.560749
0.955418,-1.20941
0.917091,-0.876988
0.918199,-0.663111
0.863594,-0.174086
0.900359,-0.457595
0.886126,-0.56497
0.92124,-0.876676
0.919767,-1.08875
0.87574,-0.320238
0.907216,-0.772954
0.910815,-0.839702
0.852998,-0.353596
0.89537,-0.710382
0.897871,-0.947004
0.87486,-0.513526
0.872897,-0.611445
0.910149,-1.07007
0.864821,-0.473783
0.875349,-0.404849
0.834357,-0.247289
0.919709,-0.75557
0.896894,-0.617577
0.90973,-0.767455
0.92555,-0.890306
0.910729,-0.724283
0.890788,-0.499719
0.906301,-0.816864
0.879818,-0.535299
0.906734,-0.873159
0.882427,-0.441969
0.875299,-0.307661
0.889548,-0.841163
0.882284,-0.570299
0.901201,-0.927877
0.89768,-0.74329
0.911282,-0.559198
0.954962,-1.27556
0.902572,-0.518351
0.934583,-1.12994
0.88078,-0.502369
0.881734,-0.54881
0.894602,-0.679063
0.910826,-0.762433
0.936786,-0.954089
0.870118,-0.590564
0.900568,-0.921229
0.859596,-0.355166
0.87046,-0.607623
0.874971,-0.432923
0.89414,-0.607075
0.856577,-0.366098
0.887747,-0.709109
0.888048,-0.490671
0.863901,-0.252929
0.914336,-0.605577
0.890945,-0.598675
0.890338,-0.593518
0.873763,-0.539496
0.869121,-0.449859
0.908689,-0.894954
0.873836,-0.641708
0.880894,-0.436997
0.944895,-1.21496
0.93382,-0.901702
0.884829,-0.740546
0.932424,-1.0882
0.923071,-0.81672
0.922322,-0.681266
0.866517,-0.486167
0.893116,-0.503636
0.922684,-0.821803
0.894352,-0.723301
0.912189,-0.896139
0.903365,-0.821901
0.877368,-0.582968
0.913271,-0.952941
0.892184,-0.530551
0.931117,-1.2177
0.902773,-0.867694
0.876763,-0.580566
0.952283,-1.24789
0.907243,-0.761228
0.928871,-0.866965
0.896996,-0.923635
0.923942,-1.18609
0.890056,-0.545462
0.873364,-0.893221
0.897227,-0.680029
0.895665,-0.648756
0.91254,-0.97681
0.904531,-0.623116
0.894522,-0.679343
0.832803,-0.434813
0.895714,-0.453024
0.877901,-0.480799
0.922378,-0.878885
0.842006,-0.118919
0.916849,-0.678506
0.886679,-0.645876
0.87408,-0.525529
0.894319,-0.661678
0.901762,-0.521469
0.890795,-0.742337
0.849753,-0.313604
0.838838,-0.0907555
0.921262,-0.796938
0.879771,-0.830364
0.856673,-0.221978
0.884939,-0.730824
0.904525,-0.733955
0.892884,-0.635392
0.880665,-0.576645
0.925807,-1.02063
0.894857,-0.651272
0.915712,-1.0755
0.917512,-0.824884
0.84372,-0.317121
0.947437,-1.16756
0.914319,-0.593139
0.896622,-0.526544
0.893782,-0.703537
0.890654,-0.498866
0.877174,-0.454401
0.896734,-0.915953
0.897853,-0.598679
0.853478,-0.303822
0.88501,-0.571212
0.915346,-0.959417
0.867181,-0.349574
0.89298,-0.45169
0.895712,-0.909424
0.898326,-0.782211
0.913642,-0.838325
0.92115,-0.965161
0.951902,-0.872003
0.890953,-0.901511
0.95158,-1.36654
0.900459,-0.81555
0.879292,-0.32869
0.881018,-0.57767
0.873805,-0.334321
0.913888,-0.955063
0.915485,-1.16621
0.900112,-0.712873
0.9152,-0.790664
0.891525,-0.827316
0.855918,-0.441527
0.922013,-0.646133
0.863403,-0.271982
0.904003,-0.67719
0.89948,-0.557958
0.870452,-0.304525
0.863938,-0.108358
0.848411,-0.163346
0.890479,-0.52615
0.877496,-0.689093
0.903478,-0.730366
0.938149,-1.08097
0.899552,-0.712733
0.913209,-0.666634
0.892685,-0.73978
0.887818,-0.62036
0.847678,-0.126064
0.899724,-0.701345
0.915928,-0.954712
0.871605,-0.51914
0.914385,-0.93432
0.899121,-0.537708
0.907992,-0.751388
0.855977,-0.120401
0.867153,-0.360502
0.913805,-0.852667
0.920562,-1.07403
0.872162,-0.369248
0.887818,-0.737153
0.873648,-0.513436
0.954287,-1.06847
0.938711,-1.00966
0.885595,-0.523293
0.857278,-0.6892
0.891356,-0.76563
0.849331,-0.28172
0.89088,-0.535021
0.839192,-0.128391
0.862285,-0.614858
0.847391,-0.292273
0.827487,-0.202146
0.898444,-0.758615
0.91559,-0.974145
0.874015,-0.454782
0.913716,-0.667454
0.923642,-1.08373
0.934827,-0.929541
0.884399,-0.722892
0.890974,-0.912743
0.875436,-0.564887
0.852797,-0.48683
0.950984,-1.20104
0.904792,-0.828557
0.914124,-0.80274
0.922359,-0.920294
0.886737,-0.77507
0.904453,-0.759086
0.908223,-0.590462
0.907881,-0.890061
0.907117,-0.800693
0.926203,-0.740463
0.879663,-0.816589
0.864297,-0.392521
0.881061,-0.60049
0.887702,-0.57477
0.909052,-0.807759
0.900061,-0.901245
0.889832,-0.690632
0.933584,-1.06434
0.90157,-0.77116
0.849303,-0.28016
0.878913,-0.384154
0.868392,-0.568119
0.901504,-0.727102
0.858478,-0.642534
0.885583,-0.667757
0.854866,-0.507425
0.908246,-0.972904
0.876684,-0.362413
0.919845,-1.02518
0.911495,-0.832642
0.929836,-1.00727
0.932518,-1.07827
0.907452,-0.81835
0.903294,-0.75219
0.877132,-0.49975
0.933446,-0.838712
0.933174,-0.856101
0.900549,-0.573492
0.890282,-0.648709
0.856089,-0.650535
0.890716,-0.736021
0.954417,-1.21219
0.951728,-1.05876
0.896936,-0.63132
0.92377,-0.773893
0.94121,-0.944561
0.878094,-0.522792
0.931605,-0.888735
0.882256,-0.641661
0.893254,-0.736651
0.851063,-0.222396
0.917081,-0.745189
0.885666,-0.795106
0.890397,-0.714131
0.90462,-0.833706
0.924534,-0.703844
0.953941,-1.04102
0.939832,-0.890241
0.861186,-0.446191
0.924627,-0.910653
0.883721,-0.59027
0.882929,-0.588414
0.929606,-0.783009
0.87117,-0.415991
0.929373,-1.04902
0.911479,-0.724352
0.895056,-0.610708
0.895497,-0.616354
0.936849,-0.969268
0.893024,-0.570674
0.881801,-0.732183
0.898167,-0.896259
0.896171,-0.682842
0.8783,-0.55259
0.873333,-0.342048
0.904737,-0.823132
0.937848,-1.00454
0.857457,-0.502808
0.941731,-1.29044
0.943401,-1.12239
0.873427,-0.279622
0.906109,-0.77165
0.881046,-0.72368
0.880292,-0.655225
0.869055,-0.578914
0.944828,-1.00175
0.914353,-0.919335
0.853802,-0.511539
0.910349,-0.71113
0.926594,-1.03922
0.936581,-1.30131
0.880492,-0.493852
0.90896,-0.764171
0.897894,-0.65345
0.871389,-0.575543
0.878781,-0.645063
0.913769,-0.85264
0.958201,-1.09502
0.91869,-0.779565
0.916521,-0.735955
0.901055,-0.767077
0.890423,-0.781273
0.855017,-0.59282
0.868066,-0.367811
0.871227,-0.568836
0.888651,-0.614951
0.85436,-0.325917
0.892686,-0.725287
0.973478,-1.13131
0.898874,-0.46852
0.837104,-0.195982
0.878326,-0.60159
0.917695,-0.694718
0.9202,-1.07071
0.918612,-0.636669
0.854256,-0.510088
0.859246,-0.352979
0.850588,-0.588932
0.903805,-0.8559
0.887228,-0.578695
0.898233,-0.616563
0.933748,-1.05685
0.923463,-0.913737
0.8581,-0.421339
0.908429,-0.851009
0.884035,-0.613612
0.844313,-0.452177
0.906542,-0.953519
0.878275,-0.62343
0.934674,-0.986046
0.903468,-0.756659
0.88634,-0.758986
0.951179,-1.24084
0.911659,-0.659597
0.884765,-0.561506
0.880525,-0.463553
0.936105,-1.16686
0.843704,-0.311384
0.951303,-1.06525
0.937202,-0.883347
0.895923,-0.706673
0.852997,-0.431642
0.877036,-0.649079
0.836093,-0.265158
0.860767,-0.642658
0.885834,-0.557285
0.908553,-0.61512
0.885745,-0.464412
0.89283,-0.894436
0.889612,-0.753441
0.894758,-0.445869
0.903739,-0.644219
0.851369,-0.526721
0.877021,-0.623606
0.889769,-0.778836
0.910015,-0.912129
0.920079,-0.877558
0.875317,-0.66988
0.889847,-0.862875
0.868736,-0.544934
0.877138,-0.559417
0.918941,-0.846692
0.920568,-1.11752
0.845628,-0.340433
0.931622,-1.1318
0.957854,-1.17338
0.924704,-0.790405
0.876243,-0.460079
0.91962,-0.938342
0.892194,-0.782365
0.874787,-0.745463
0.912595,-1.0176
0.88485,-0.853939
0.913547,-0.917206
0.908064,-0.806938
0.83902,-0.27979
0.87458,-0.26292
0.887829,-0.620888
0.901126,-0.635353
0.882704,-0.623662
0.899333,-0.868856
0.85437,-0.326437
0.89249,-0.702736
0.917773,-1.18178
0.867718,-0.38688
0.83153,-0.203982
0.856704,-0.207395
0.903886,-0.749065
0.881896,-0.567329
0.895196,-0.633878
0.942636,-1.19419
0.871637,-0.698627
0.827466,-0.172578
0.885112,-0.847917
0.893904,-0.521801
0.936201,-0.846544
0.844393,-0.178634
0.827744,-0.184278
0.907055,-0.830689
0.874598,-0.65989
0.923789,-1.09449
0.813241,-0.00488972
0.887189,-0.712606
0.903595,-0.780865
0.861018,-0.477117
0.895934,-0.982994
0.859297,-0.288531
0.883519,-0.500804
0.913803,-0.865726
0.885862,-0.662113
0.899971,-0.823492
0.867731,-0.477111
0.902668,-0.654062
0.842637,-0.391793
0.915096,-0.90452
0.962708,-1.29235
0.896858,-0.665735
0.930868,-1.02663
0.912309,-0.953526
0.969474,-1.46066
0.831076,-0.0656173
0.848894,-0.415827
0.94995,-1.03572
0.868013,-0.426099
0.903347,-0.852827
0.860589,-0.65194
0.861294,-0.371012
0.87359,-0.567175
0.854577,-0.515724
0.876446,-0.592538
0.853314,-0.734893
0.949972,-0.972316
0.837957,-0.224374
0.858428,-0.330422
0.882981,-0.402292
0.906701,-0.885686
0.860953,-0.20326
0.850378,-0.594892
0.94788,-1.08804
0.888744,-0.573365
0.923802,-0.885097
0.842739,-0.370036
0.905862,-0.639885
0.873288,-0.36243
0.904595,-0.783705
0.900038,-0.583462
0.902766,-0.705308
0.890531,-0.76693
0.863432,-0.31568
0.89445,-0.863024
0.944068,-1.31253
0.963494,-1.15542
0.900425,-0.736123
0.898658,-0.80923
0.898274,-0.491053
0.870334,-0.531523
0.904373,-0.883008
0.893266,-0.596563
0.834714,-0.235242
0.852832,-0.46171
0.901489,-0.68572
0.921058,-0.806311
0.855317,-0.48773
0.899803,-0.84757
0.893908,-0.715484
0.836531,-0.20656
0.917192,-0.971078
0.941503,-1.30838
0.914068,-0.744873
0.884606,-0.537864
0.865203,-0.398129
0.840663,-0.526846
0.883036,-0.560136
0.886127,-0.674537
0.937419,-1.04879
0.907823,-0.953233
0.902475,-0.70553
0.923114,-1.08989
0.911358,-0.899864
0.878405,-0.411968
0.921201,-0.902742
0.892859,-0.709491
0.962481,-1.33737
0.888814,-0.663114
0.896374,-0.934917
0.96223,-1.30732
0.876283,-0.501464
0.934112,-0.968255
0.924546,-0.983123
0.908122,-0.969134
0.876821,-0.550886
0.961679,-1.21705
0.902037,-0.821943
0.887982,-0.638022
0.853738,-0.268834
0.829447,-0.137445
0.91176,-0.657826
0.960469,-1.22591
0.905428,-0.639374
0.893887,-0.746229
0.936357,-1.03739
0.897356,-0.817595
0.853733,-0.307472
0.912412,-0.770921
0.950857,-1.21622
0.898911,-0.763325
0.861533,-0.616329
0.869547,-0.559711
0.929708,-1.09462
0.863446,-0.639088
0.881597,-0.498105
0.878561,-0.6443
0.891872,-0.523062
0.843931,-0.180573
0.86426,-0.191107
0.915704,-0.676125
0.931252,-0.911025
0.87819,-0.675385
0.86843,-0.448735
0.872744,-0.544516
0.884732,-0.764988
0.829869,-0.238839
0.907371,-0.752259
0.928998,-1.03038
0.90827,-0.730256
0.883521,-0.690097
0.970179,-1.28036
0.897545,-0.669032
0.930142,-0.97338
0.884755,-0.444288
0.864416,-0.545378
0.839764,-0.118904
0.944298,-1.21934
0.966655,-1.27676
0.947487,-1.00773
0.920827,-1.02707
0.841627,-0.438977
0.867813,-0.464739
0.896549,-0.797772
0.907466,-0.704509
0.892203,-0.547842
0.890809,-0.828457
0.881902,-0.465663
0.886989,-0.804671
0.874769,-0.23934
0.919046,-0.833033
0.890655,-0.724134
0.917109,-1.01024
0.887179,-0.639465
0.932897,-0.880093
0.843298,-0.435946
0.933786,-1.09666
0.927135,-1.25547
0.880146,-0.609007
0.86227,-0.436334
0.871841,-0.408293
0.934518,-1.12529
0.949997,-1.08244
0.878646,-0.625016
0.870657,-0.546921
0.9243,-0.8894
0.895914,-0.806801
0.913273,-0.963756
0.871315,-0.628023
0.887465,-0.607021
0.90513,-0.825033
0.902239,-0.637917
0.941315,-1.24468
0.932494,-0.779222
0.887669,-0.577523
0.899321,-0.555646
0.851842,-0.389312
0.936986,-0.9784
0.913947,-1.10591
0.888284,-0.445543
0.872759,-0.60708
0.881231,-0.746229
0.927801,-0.96081
0.916641,-0.802376
0.892437,-0.723945
0.886444,-0.56727
0.899201,-0.638368
0.894765,-0.696136
0.931399,-1.082
0.945692,-1.17413
0.913464,-0.79844
0.935631,-0.943308
0.897442,-0.731866
0.938168,-1.07879
0.909364,-1.055
0.873293,-0.558687
0.852386,-0.295017
0.880839,-0.789615
0.849517,-0.215349
0.910207,-1.07809
0.951692,-1.21071
0.927886,-1.08517
0.882344,-0.470382
0.867115,-0.627662
0.919938,-0.824156
0.927193,-0.55531
0.893322,-0.670218
0.919773,-0.823566
0.908973,-0.790714
0.8917,-0.770298
0.970717,-1.3504
0.888577,-0.514475
0.898378,-0.831177
0.912167,-0.747669
0.942285,-1.02718
0.894577,-0.932045
0.885929,-0.671199
0.862355,-0.281175
0.901888,-0.76434
0.887128,-0.701155
0.945033,-1.22851
0.911757,-0.925303
0.899477,-0.672567
0.897084,-0.560688
0.848819,-0.497735
0.894667,-0.71355
0.849683,-0.186781
0.846947,-0.433535
0.887573,-0.456016
0.910302,-0.761075
0.830199,-0.142899
0.900603,-0.836954
0.902772,-0.590207
0.917987,-0.895051
0.889716,-0.614744
0.928212,-0.991082
0.836454,-0.339417
0.917916,-0.875388
0.907556,-0.704545
0.930555,-1.13816
0.893269,-0.442213
0.90349,-0.618296
0.890799,-0.87153
0.935009,-1.04987
0.858535,-0.524351
0.870787,-0.414081
0.908983,-1.06139
0.912306,-0.868232
0.858119,-0.471188
0.933321,-1.15028
0.858174,-0.580856
0.845319,-0.257535
0.849686,-0.270805
0.9504,-1.2508
0.872368,-0.507553
0.917817,-0.754396
0.88849,-0.534227
0.897294,-0.851464
0.87731,-0.551233
0.869501,-0.575579
0.87839,-0.312276
0.910691,-0.889489
0.929079,-0.919513
0.882091,-0.443641
0.901277,-0.459496
0.848861,-0.224527
0.882903,-0.346895
0.849315,-0.0456164
0.936667,-0.950623
0.896449,-0.732739
0.933157,-0.752561
0.897147,-0.981936
0.904153,-0.786579
0.914426,-0.695069
0.88986,-0.49227
0.892732,-0.496538
0.857775,-0.224603
0.89769,-0.920879
0.922641,-0.910671
0.87685,-0.495291
0.904511,-0.746206
0.867363,-0.487049
0.937775,-0.985648
0.929278,-1.23823
0.903519,-0.978695
0.911913,-0.671587
0.950143,-1.03583
0.891184,-0.521375
0.87845,-0.575925
0.818485,-0.0443685
0.88701,-0.62802
0.891509,-0.435676
0.918881,-0.912892
0.888749,-0.655867
0.85655,-0.464454
0.897319,-0.551973
0.853475,-0.420054
0.865463,-0.348682
0.843904,-0.530203
0.901213,-0.662385
0.94166,-0.893339
0.892624,-0.685188
0.950224,-1.26025
0.900258,-0.738833
0.870174,-0.530531
0.914215,-0.660909
0.93366,-1.09831
0.927753,-0.868634
0.879906,-0.54728
0.918512,-0.866555
0.926408,-1.03744
0.931967,-1.04781
0.919558,-1.11465
0.935666,-1.22386
0.915884,-0.981857
0.90999,-0.610598
0.867983,-0.367549
0.919106,-0.733491
0.941922,-0.93683
0.927182,-0.855154
0.928971,-1.20728
0.84413,-0.327913
0.860258,-0.430988
0.930654,-0.938208
0.905306,-0.60303
0.912739,-0.710854
0.920405,-0.745638
0.897046,-0.890418
0.90282,-1.03307
0.906621,-0.73224
0.960516,-1.4092
0.897042,-0.660875
0.940532,-0.868371
0.861202,-0.33647
0.863689,-0.257754
0.884452,-0.796954
0.903644,-0.625479
0.856062,-0.506919
0.905619,-0.719654
0.910497,-0.656083
0.836326,0.022116
0.911933,-0.857645
0.872262,-0.384017
0.907113,-0.723441
0.902752,-0.63871
0.896452,-0.646274
0.894604,-0.798471
0.846487,-0.508533
0.930004,-1.08336
0.927769,-1.13465
0.903361,-0.870249
0.916522,-0.781036
0.912392,-0.712497
0.89105,-0.820166
0.987799,-1.44434
0.890795,-0.822586
0.911522,-0.633448
0.871121,-0.384942
0.887765,-0.651276
0.918946,-0.85148
0.88547,-0.809063
0.913317,-0.938469
0.891613,-0.727655
0.894068,-0.716027
0.838741,-0.271001
0.868239,-0.559182
0.915961,-0.85603
0.87457,-0.290691
0.840288,-0.18494
0.911581,-0.662122
0.845626,-0.3022
0.877144,-0.659205
0.890758,-0.629735
0.902332,-1.00523
0.868286,-0.494765
0.940323,-0.901582
0.858609,-0.499071
0.947848,-1.08381
0.914458,-0.822408
0.867243,-0.569447
0.907288,-0.62536
0.919434,-1.00421
0.882643,-0.598638
0.910617,-0.707607
0.86176,-0.46508
0.863245,-0.397812
0.925984,-1.05601
0.951364,-1.2799
0.928217,-0.972753
0.889291,-0.714382
0.891693,-0.418724
0.864575,-0.429278
0.895172,-0.613175
0.922293,-0.771228
0.884832,-0.589234
0.898345,-0.633748
0.888243,-0.541343
0.907258,-0.713825
0.852643,-0.513952
0.949748,-1.11725
0.912636,-0.94858
0.876534,-0.338602
0.892939,-0.823631
0.861668,-0.301547
0.89732,-0.820408
0.930521,-0.937993
0.899907,-0.866362
0.925276,-0.939803
0.909786,-1.0057
0.889991,-0.710152
0.918973,-0.878187
0.920551,-0.706734
0.892788,-0.663462
0.829497,-0.176249
0.878143,-0.469901
0.929001,-0.74601
0.865894,-0.282786
0.871186,-0.564631
0.876463,-0.471479
0.907558,-0.728569
0.865199,-0.237643
0.874176,-0.625694
0.877954,-0.588755
0.902467,-0.843669
0.878568,-0.522035
0.889531,-0.577002
0.934333,-1.24046
0.917207,-0.82077
0.890865,-0.613443
0.911165,-0.706896
0.890197,-0.969272
0.907522,-0.618478
0.950071,-0.973594
0.907612,-0.558523
0.941323,-1.01795
0.909826,-0.70227
0.909251,-0.941733
0.834682,-0.171532
0.928467,-1.06683
0.877633,-0.683765
0.88223,-0.392586
0.903013,-0.924691
0.888409,-0.610618
0.924334,-0.890383
0.947883,-1.07416
0.908954,-0.823877
0.917641,-0.559988
0.921591,-0.868443
0.909303,-0.920403
0.911449,-0.880909
0.874148,-0.643575
0.920349,-0.920031
0.940588,-0.911971
0.907765,-0.817403
0.903165,-0.863056
0.889204,-0.623353
0.919598,-0.967204
0.920278,-0.96292
0.82562,-0.0665489
0.874571,-0.565907
0.893226,-0.850752
0.904361,-0.95797
0.876298,-0.579562
0.873096,-0.459901
0.865842,-0.501487
0.899381,-0.746269
0.87842,-0.328158
0.883172,-0.55257
0.896194,-0.661583
0.946364,-1.11411
0.89424,-0.574096
0.807141,-0.129105
0.901843,-0.773724
0.899045,-0.897748
0.909484,-0.914504
0.913396,-0.913932
0.888807,-0.89562
0.852373,-0.228611
0.915826,-0.731872
0.934499,-0.918755
0.913282,-0.766286
0.903203,-0.663202
0.887858,-0.784707
0.873678,-0.57214
0.911328,-0.805455
0.87017,-0.541682
0.928934,-0.768036
0.876682,-0.347129
0.911718,-0.693318
0.877433,-0.621798
0.864344,-0.654463
0.893748,-0.920377
0.929285,-1.07954
0.850746,-0.106753
0.874703,-0.385484
0.8904,-0.795391
0.951796,-1.29118
0.932399,-0.97276
0.931609,-0.897514
0.880463,-0.75095
0.891602,-0.725349
0.903675,-0.732729
0.915856,-0.899315
0.819605,0.0221265
0.886396,-0.513558
0.92195,-0.870979
0.865901,-0.479891
0.904008,-0.982912
0.891282,-0.574549
0.876856,-0.386488
0.896707,-0.793207
0.864898,-0.623635
0.894366,-0.805163
0.914573,-1.02308
0.91959,-0.743863
0.933149,-0.91216
0.862923,-0.592688
0.905365,-0.744885
0.886841,-0.727704
0.897598,-0.913487
0.88038,-0.602712
0.873626,-0.486622
0.813863,-0.0745393
0.888822,-0.790202
0.90545,-0.566135
0.882026,-0.63376
0.902052,-0.763307
0.963784,-1.23887
0.895936,-0.71855
0.923161,-0.798148
0.90994,-0.728642
0.909389,-0.794406
0.912292,-0.805777
0.8832,-0.761053
0.877195,-0.497638
0.883767,-0.371125
0.832322,-0.228381
0.910349,-0.762746
0.891752,-0.567992
0.899324,-0.540439
0.928586,-0.909504
0.903845,-0.645525
0.909171,-0.605384
0.901911,-0.678416
0.847393,-0.351017
0.941457,-0.96774
0.860418,-0.389888
0.918075,-0.658364
0.906259,-0.847
0.907137,-0.810483
0.924106,-0.725894
0.892676,-0.734718
0.907684,-0.876261
0.860322,-0.458246
0.893631,-0.660397
0.902657,-0.698075
0.849044,-0.195532
0.865664,-0.488612
0.902628,-0.820169
0.874398,-0.45262
0.929311,-1.10825
0.936594,-1.01201
0.897737,-0.57068
0.869772,-0.4553
0.912822,-0.979227
0.904391,-0.586974
0.859728,-0.301909
0.870181,-0.773263
0.897821,-0.775031
0.858707,-0.490469
0.863759,-0.287466
0.920511,-0.913235
0.855004,-0.452622
0.892023,-0.694336
0.867592,-0.501737
0.90431,-0.780124
0.869051,-0.552886
0.86248,-0.477669
0.876177,-0.590044
0.862764,-0.0493344
0.91499,-0.695138
0.947149,-1.10044
0.864916,-0.62955
0.949984,-1.2665
0.882063,-0.439309
0.936867,-0.827478
0.935275,-1.27191
0.885744,-0.325517
0.91673,-0.860334
0.922157,-0.552601
0.902269,-0.751981
0.903525,-0.712702
0.933417,-0.966068
0.915343,-0.814823
0.866298,-0.459076
0.826305,0.0769893
0.882693,-0.622395
0.891546,-0.758303
0.936052,-1.1336
0.892191,-0.882276
0.879456,-0.554063
0.870506,-0.2682
0.930164,-1.23385
0.878318,-0.308351
0.917255,-0.738738
0.886776,-0.549945
0.936086,-0.784323
0.877025,-0.606842
0.952666,-1.08986
0.903831,-0.857995
0.924497,-1.08634
0.919927,-0.857519
0.858696,-0.686329
0.907309,-0.800872
0.879032,-0.523142
0.838789,-0.195323
0.897331,-0.624561
0.904287,-0.694681
0.851089,-0.370487
0.939383,-1.07097
0.909479,-0.814026
0.934675,-1.01466
0.866334,-0.218062
0.98318,-1.3665
0.87462,-0.44616
0.884558,-0.725655
0.939466,-1.11111
0.905521,-0.884902
0.886966,-0.636091
0.933733,-0.779212
0.904712,-0.684195
0.890939,-0.695692
0.907996,-0.658664
0.880796,-0.630107
0.897148,-0.496809
0.894561,-0.893325
0.909899,-0.810425
0.976063,-1.35284
0.897983,-0.775261
0.883033,-0.489651
0.870889,-0.570682
0.873297,-0.425699
0.862292,-0.601569
0.920506,-0.951152
0.893851,-0.929096
0.841934,-0.105027
0.872679,-0.57204
0.869834,-0.434918
0.850227,-0.649223
0.91533,-0.950923
0.861504,-0.694417
0.961385,-1.23046
0.905115,-0.89049
0.883225,-0.642324
0.920082,-0.926975
0.930704,-1.18107
0.882256,-0.526687
0.902337,-0.792444
0.880164,-0.84835
0.888333,-0.59696
0.869064,-0.524414
0.930172,-1.0025
0.928596,-1.09613
0.911845,-0.903131
0.918665,-0.943724
0.873567,-0.538677
0.869714,-0.715071
0.924138,-1.04541
0.85308,-0.445109
0.923256,-0.817365
0.905099,-0.763775
0.860378,-0.443932
0.924713,-0.933713
0.941307,-1.1445
0.866153,-0.584896
0.925142,-0.909921
0.877747,-0.332687
0.869356,-0.419103
0.888752,-0.62027
0.841465,-0.283668
0.936425,-0.97973
0.871479,-0.338827
0.931242,-0.879967
0.884658,-0.651276
0.932064,-0.980915
0.860018,-0.507745
0.884147,-0.57915
0.92333,-0.881146
0.885059,-0.571982
0.90976,-0.939585
0.839833,-0.304812
0.921608,-0.948426
0.910982,-0.696145
0.878555,-0.509817
0.933961,-0.952213
0.899778,-0.838411
0.852798,-0.39371
0.837385,-0.259597
0.878857,-0.669519
0.948851,-1.15304
0.931685,-1.08369
0.907155,-0.838029
0.929811,-1.20659
0.872779,-0.466937
0.904244,-0.916152
0.875246,-0.639497
0.862762,-0.429073
0.892254,-0.712798
0.917954,-0.848654
0.827782,-0.150802
0.86497,-0.526041
0.909191,-0.854684
0.878187,-0.548819
0.910877,-0.686713
0.894884,-0.579455
0.939992,-0.963021
0.951952,-0.912662
0.93073,-1.05169
0.911786,-0.668928
0.848032,-0.377601
0.847052,-0.1977
0.934982,-0.842606
0.87238,-0.501051
0.898441,-0.809087
0.902489,-0.838035
0.890052,-0.767685
0.919109,-0.731641
0.897861,-0.582623
0.908474,-1.04096
0.888352,-0.515976
0.862151,-0.428957
0.894161,-0.739827
0.854178,-0.438609
0.952917,-1.23171
0.933631,-0.900462
0.87719,-0.677693
0.898554,-0.842383
0.879004,-0.392489
0.886185,-0.423326
0.932537,-1.20252
0.853276,-0.213723
0.899354,-0.698677
0.880268,-0.306731
0.889827,-0.606946
0.87333,-0.599493
0.903535,-0.723699
0.905703,-0.878245
0.869932,-0.434872
0.920587,-0.717538
0.893033,-0.670734
0.925972,-0.902535
0.878284,-0.437163
0.906526,-0.850784
0.893854,-0.730322
0.909825,-0.711734
0.892151,-0.577971
0.937297,-1.11146
0.947617,-1.11849
0.880949,-0.73882
0.922562,-1.08151
0.840563,-0.397769
0.905116,-0.523147
0.859211,-0.240514
0.892849,-0.486901
0.912761,-0.740446
0.880403,-0.626927
0.869899,-0.387431
0.863668,-0.480785
0.879818,-0.56187
0.878567,-0.474224
0.874783,-0.738698
0.845968,-0.253585
0.942283,-1.08622
0.859102,-0.401667
0.875881,-0.635627
0.897836,-0.84206
0.849926,-0.430655
0.890355,-0.613814
0.913286,-0.990805
0.862772,-0.401546
0.936351,-1.10363
0.841214,-0.106039
0.866987,-0.45732
0.857494,-0.468535
0.877549,-0.631764
0.898445,-0.682027
0.841894,-0.519275
0.86094,-0.364785
0.846425,-0.266756
0.922866,-0.820594
0.868446,-0.285675
0.882195,-0.591927
0.927755,-1.08627
0.880826,-0.430799
0.94248,-1.00301
0.861313,-0.577126
0.920788,-0.81829
0.95826,-1.24834
0.870153,-0.491492
0.921404,-0.827405
0.872238,-0.549424
0.954715,-1.39548
0.851492,-0.501493
0.920895,-0.987223
0.927371,-0.582493
0.910784,-0.834706
0.93335,-1.06786
0.925039,-0.914005
0.872204,-0.405382
0.937789,-0.907599
0.881883,-0.464403
0.883879,-0.535014
0.866355,-0.585959
0.91035,-0.957828
0.897661,-0.606225
0.867314,-0.671064
0.888159,-0.450516
0.888801,-0.502149
0.819007,-0.0526622
0.948829,-0.89342
0.904443,-0.825889
0.933072,-1.12328
0.891238,-0.69608
0.934037,-0.949156
0.885068,-0.628444
0.902216,-0.557902
0.936184,-1.14638
0.880768,-0.744927
0.888629,-0.841183
0.911912,-0.968654
0.874251,-0.58909
0.927918,-0.90456
0.865769,-0.657655
0.86594,-0.422269
0.898967,-0.718062
0.91549,-0.853319
0.920551,-0.958039
0.880307,-0.662577
0.901575,-0.743206
0.889569,-1.18182
0.911376,-0.957514
0.946493,-1.23757
0.899525,-0.695137
0.915318,-0.782675
0.934637,-1.00114
0.92276,-0.986207
0.862305,-0.704731
0.865937,-0.401658
0.91753,-0.92628
0.839334,-0.157693
0.889581,-0.605135
0.93912,-1.44511
0.966123,-1.39928
0.915718,-0.726869
0.916105,-1.16187
0.863924,-0.408591
0.921839,-0.866301
0.897475,-0.680305
0.909031,-0.858719
0.915771,-0.957867
0.853757,-0.389977
0.888758,-0.50918
0.902888,-0.867124
0.898173,-0.587698
0.908495,-0.812332
0.888737,-0.782712
0.902255,-0.535891
0.839777,-0.294349
0.893388,-0.742362
0.925343,-0.772033
0.904525,-0.776458
0.888397,-0.830784
0.919848,-1.00472
0.888113,-0.548906
0.925418,-0.694798
0.89374,-0.600718
0.911468,-0.686535
0.862366,-0.37364
0.89949,-0.789639
0.855789,-0.272158
0.886081,-0.469012
0.879558,-0.705563
0.930393,-0.826617
0.877681,-0.689529
0.907281,-0.729508
0.914797,-0.937423
0.923654,-0.928543
0.915333,-0.804035
0.948521,-1.26434
0.835994,-0.108113
0.866191,-0.483517
0.901699,-0.783017
0.898747,-0.632516
0.927511,-1.33003
0.876622,-0.519397
0.89269,-0.556696
0.915529,-1.06993
0.891069,-0.711015
0.955144,-1.03261
0.8659,-0.405499
0.911879,-0.854776
0.881263,-0.586833
0.904151,-0.944166
0.933111,-0.731102
0.909891,-0.718485
0.906272,-0.569555
0.939206,-1.16745
0.890178,-0.765627
0.938366,-1.05423
0.94033,-1.15241
0.913351,-0.646924
0.902291,-0.599377
0.936078,-0.946096
0.91888,-0.987284
0.931511,-1.01534
0.921581,-1.01543
0.898314,-0.867816
0.85121,-0.0186175
0.890525,-0.379223
0.89546,-0.776341
0.922395,-0.739465
0.871005,-0.472315
0.943744,-1.12212
0.916105,-0.929809
0.893583,-0.469271
0.926639,-0.986795
0.915732,-0.709032
0.864941,-0.563902
0.889633,-0.766115
0.957006,-1.23632
0.867732,-0.379013
0.902945,-0.566534
0.830832,-0.369084
0.876811,-0.831865
0.845977,-0.276962
0.895901,-0.770429
0.924065,-0.815714
0.870823,-0.635896
0.921235,-1.04614
0.876138,-0.62252
0.878472,-0.521471
0.912724,-0.792279
0.910835,-0.55392
0.927048,-0.816502
0.897055,-0.685652
0.941933,-1.06677
0.910898,-0.845465
0.883306,-0.568014
0.882616,-0.650044
0.914072,-0.917872
0.881195,-0.65857
0.910141,-0.96926
0.935884,-1.21767
0.852474,-0.442693
0.873783,-0.806561
0.854347,-0.408036
0.881743,-0.604316
0.853994,-0.366652
0.921183,-1.10118
0.907499,-0.730982
0.88507,-0.713227
0.948153,-1.09372
0.894004,-0.624687
0.909351,-0.746279
0.920162,-0.7173
0.938103,-1.14779
0.891977,-1.02768
0.891335,-0.621832
0.883387,-0.615445
0.861992,-0.452494
0.945535,-1.08804
0.885539,-0.667406
0.908038,-0.732626
0.912481,-0.76507
0.91403,-0.566967
0.889972,-0.684404
0.944697,-0.779542
0.861275,-0.654501
0.930605,-0.83662
0.874903,-0.4496
0.90724,-0.958098
0.9043,-1.13087
0.926427,-1.15824
0.89599,-0.835643
0.897907,-0.51564
0.90934,-0.71475
0.849161,0.00224606
0.915382,-0.926375
0.891469,-0.56639
0.956825,-1.17309
0.878417,-0.688247
0.895303,-0.786232
0.912535,-0.876197
0.965064,-1.34153
0.904703,-0.653643
0.853185,-0.271333
0.890861,-0.767262
0.935289,-0.775664
0.898753,-0.711085
0.936791,-0.919876
0.918344,-1.14356
0.914231,-0.669809
0.915394,-0.987331
0.888903,-0.68103
0.84117,-0.401623
0.886574,-0.431243
0.946747,-1.18096
0.878646,-0.673059
0.952736,-1.23659
0.836396,-0.228614
0.896676,-0.846927
0.987866,-1.53243
0.912987,-0.628493
0.882637,-0.758975
0.928413,-1.02232
0.930254,-0.758885
0.861267,-0.539498
0.911185,-1.02842
0.925218,-1.18046
0.931332,-0.708839
0.875823,-0.521301
0.897685,-0.744619
0.926522,-0.828655
0.883268,-0.674267
0.876345,-0.546837
0.859115,-0.389362
0.877634,-0.513076
0.86659,-0.56878
0.872677,-0.573617
0.871195,-0.586535
0.919938,-0.910272
0.903443,-0.807101
0.906464,-0.814187
0.899309,-0.713108
0.937915,-1.16156
0.890836,-0.743829
0.923081,-0.951329
0.886614,-0.676685
0.929849,-1.15951
0.897654,-0.649553
0.91362,-0.768283
0.908084,-0.709921
0.90667,-0.765573
0.895519,-0.812111
0.877703,-0.63062
0.895081,-0.58826
0.909633,-0.762622
0.88382,-0.685138
0.886262,-0.613808
0.91619,-0.743275
0.859496,-0.529134
0.910119,-0.791573
0.949225,-1.30483
0.876506,-0.259472
0.932237,-1.1975
0.887223,-0.809331
0.899658,-0.822728
0.898859,-0.483465
0.941011,-1.06591
0.92104,-1.08527
0.895997,-0.84683
0.88335,-0.511067
0.914334,-0.925126
0.906357,-0.742095
0.881848,-0.68328
0.87787,-0.740135
0.889496,-0.816052
0.887157,-0.701122
0.926864,-1.01056
0.88776,-0.686705
0.935335,-1.18269
0.908639,-0.685445
0.90443,-0.590821
0.882698,-0.494125
0.904218,-0.672464
0.930011,-0.943393
0.903278,-0.71178
0.904043,-0.498812
0.860732,-0.730515
0.873885,-0.442716
0.962816,-1.05324
0.916868,-0.815482
0.922961,-0.713077
0.941268,-0.941572
0.926496,-1.01169
0.88118,-0.756074
0.914141,-0.843099
0.837362,-0.30138
0.888671,-0.545937
0.889112,-0.803389
0.913002,-0.856017
0.885492,-0.460635
0.85761,-0.5214
0.842484,-0.306551
0.82455,-0.399261
0.918651,-0.843105
0.897535,-0.551096
0.833657,-0.44372
0.909685,-0.754346
0.867819,-0.407893
0.909325,-0.654398
0.905156,-0.953482
0.902199,-0.748439
0.878745,-0.556354
0.863614,-0.330357
0.896387,-0.555774
0.921988,-1.11315
0.903236,-0.790271
0.911023,-0.948319
0.920292,-0.927975
0.901345,-1.00208
0.855534,-0.55407
0.977656,-1.37682
0.926605,-1.16209
0.95304,-1.18374
0.86235,-0.575266
0.878109,-0.437375
0.895581,-0.590343
0.853175,-0.390686
0.909472,-0.966608
0.971092,-1.51233
0.9076,-0.769167
0.903738,-0.855621
0.886313,-0.438523
0.910399,-0.88234
0.898919,-0.543998
0.844009,-0.492228
0.881447,-0.524806
0.889389,-0.624754
0.940473,-0.931379
0.936341,-1.11893
0.915795,-0.982039
0.909615,-0.809223
0.912989,-0.826752
0.891434,-0.658042
0.88652,-0.581217
0.911135,-0.695222
0.855353,-0.402414
0.901371,-0.687499
0.850826,-0.57176
0.893388,-0.716344
0.857512,-0.395202
0.883694,-0.500896
0.91265,-0.77852
0.926832,-0.920882
0.931876,-0.993471
0.905995,-1.11658
0.90644,-0.801531
0.88248,-0.295637
0.893092,-0.697601
0.847098,-0.193814
0.9102,-0.791782
0.922013,-0.997036
0.889109,-0.561133
0.951509,-0.924153
0.905939,-0.710158
0.92732,-0.8826
0.864927,-0.428153
0.908736,-0.800563
0.903061,-0.603305
0.91422,-0.722591
0.89774,-0.53411
0.895544,-0.779753
0.923287,-1.02496
0.928822,-0.914621
0.89764,-0.811411
0.900213,-0.648516
0.924051,-0.884608
0.914109,-0.759067
0.921406,-0.73885
0.855892,-0.453982
