slope,intercept
1.07775,-0.248797
1.08009,-0.515342
0.993637,0.730542
1.06261,-0.207278
0.947703,1.02846
0.923939,1.03928
1.01965,0.0673775
0.931091,0.787569
1.05688,-0.178452
1.01855,0.142882
0.904412,1.17512
1.00508,0.377647
0.968567,0.683531
1.01535,0.0287782
1.00403,0.299669
1.07245,-0.274818
0.995203,0.718208
0.981221,0.626904
1.01967,0.136175
0.931566,1.25716
1.06893,-0.574697
1.0364,0.170265
0.980315,0.371461
1.03509,-0.429616
0.95578,0.590727
1.11118,-0.617896
1.05,0.169407
1.0258,0.23764
0.974563,0.676079
1.00459,0.22375
1.0924,-0.779179
0.961184,0.551673
1.16269,-1.30883
0.995924,0.861673
0.993267,0.796362
1.07787,-0.566751
0.988192,0.253499
0.925528,1.19617
1.00883,0.336572
1.01826,-0.0518847
0.923947,1.10396
1.00429,0.454404
1.01603,0.354793
1.02786,0.172254
0.994677,0.382226
1.04766,0.00691608
1.01314,0.0838822
1.00401,0.449088
1.03504,-0.220168
0.993138,0.295502
1.10242,-0.474177
1.03628,-0.0846551
1.10225,-1.08587
1.0228,0.262632
0.971443,0.440981
1.01197,0.0459724
1.00791,0.2642
1.0564,-0.0537116
0.945501,1.02571
0.957226,0.560844
0.976514,0.526015
1.00797,0.226679
1.00656,-0.0043175
0.950502,0.483382
1.09789,-0.656582
1.0806,-0.192595
1.02267,-0.228727
1.04029,-0.0843932
0.957556,0.0356487
1.01746,0.185731
0.940057,1.11532
1.06538,-0.767934
1.06792,-0.387014
1.0769,-0.347003
0.953643,0.771159
0.923413,0.906404
1.01622,0.145025
0.985025,0.591656
1.05443,0.0625562
1.03211,-0.147176
0.987937,0.463093
1.01175,0.28237
0.942247,1.04975
1.01231,0.310867
1.03638,-0.392444
1.0104,0.0765796
1.05673,-0.475921
1.00428,0.159861
0.970659,0.708462
0.970797,0.670618
0.980029,0.6928
1.00177,0.260363
1.01807,-0.173438
1.01354,0.338262
0.990551,0.224157
0.964949,0.634103
1.03698,-0.165982
0.975005,0.423792
0.958099,0.534714
1.00559,-0.136084
0.913485,0.942246
0.971288,0.400114
1.04244,-0.255861
1.0205,0.0384331
1.02359,0.0578245
0.94375,0.987861
1.03922,0.149697
1.04153,0.0441474
0.996805,0.540207
1.01839,0.0844506
0.941462,1.13092
1.04695,-0.245613
0.965791,0.315558
0.943069,0.816039
0.968522,0.603059
0.940084,0.593042
0.996838,0.77722
0.946515,0.314303
1.11025,-1.25109
1.0927,-0.590877
1.0002,0.217477
0.983403,0.527855
0.962194,0.941136
0.998236,0.107211
0.999471,0.282068
1.03316,0.214899
0.920604,0.825528
1.02051,-0.0136194
1.02292,0.32962
0.970604,0.278958
1.08131,-0.495238
1.00437,-0.0368895
0.966554,0.81602
1.00705,0.292039
1.01846,0.312263
0.98707,0.369956
0.965371,0.584488
1.0418,-0.35646
1.0237,0.107109
0.961804,0.654974
1.05968,-0.127399
1.10857,-0.850881
1.033,-0.515174
0.933481,0.584523
1.07294,-0.682745
1.00364,0.328951
1.02326,0.000273363
0.994706,0.295365
1.0955,-0.174523
1.00998,-0.126106
1.07853,-0.555896
0.968838,0.614339
1.01249,0.0945389
1.05445,-0.182462
0.987413,0.436679
0.998627,-0.0366469
1.00802,0.348887
1.02601,0.043957
0.947309,0.981417
0.957526,0.675474
1.02759,-0.366105
0.967811,0.429693
0.939582,0.671956
1.02,0.53323
0.970206,0.502229
0.950365,1.03195
1.05187,-0.400983
0.923347,0.686596
1.00303,-0.116032
1.03619,0.151819
1.02779,-0.440579
1.05738,-0.221989
1.02672,0.671199
0.949058,0.656752
0.984885,0.636202
1.04388,-0.0525911
1.00651,0.0296772
1.06104,-0.199361
1.02837,0.072141
1.04767,-0.192845
0.972814,0.323932
1.03176,0.0564806
0.905042,1.3147
0.973537,0.650402
1.04259,-0.173408
0.977223,0.752122
0.989845,0.114651
1.05873,-0.296041
0.97094,0.393601
0.981611,0.453178
0.935916,1.26913
1.02763,0.567364
1.00505,0.0676582
0.993843,0.517391
1.02228,-0.137639
0.891779,1.60608
1.08049,-0.185308
0.953,0.877142
0.998823,0.193708
0.988753,-0.159194
1.02415,0.215286
1.0552,-0.467949
0.988824,0.559209
1.06589,0.0782918
1.0134,0.176546
1.05085,-0.472686
0.993786,0.342514
0.911841,0.987401
1.0414,0.133165
1.02326,0.58132
0.996461,0.0859224
1.01506,-0.0386113
0.964823,0.300994
1.07615,-0.729557
1.00235,0.345835
1.0406,0.150194
1.00975,0.244774
1.03616,-0.310122
1.0247,-0.41465
0.977412,0.415231
1.01801,0.231614
0.940724,0.75104
0.953358,0.552413
0.913371,1.41217
1.00455,0.145715
0.963064,0.620198
1.00632,0.0448836
0.902574,0.977033
1.01959,0.117498
0.938226,1.08226
1.01262,0.120148
1.0233,0.00401165
0.983195,0.216821
0.985411,0.347122
1.05957,-0.0340427
1.06316,-0.243628
0.993288,0.381529
0.939661,1.15531
1.04923,0.145508
0.991269,-0.144053
1.01032,0.153812
0.958077,0.481191
0.99648,0.540692
1.02492,-0.0178729
0.986215,0.376007
0.985855,0.0923973
0.94883,0.742001
1.04991,-0.370771
1.02059,0.572724
0.985487,0.581214
0.986532,0.579477
1.03169,-0.00994292
1.03142,0.294823
1.01525,0.231694
1.00937,0.339006
1.05132,-0.198417
0.998355,0.272082
0.986796,0.174004
0.928,1.05848
0.943738,0.887998
1.03177,-0.0487485
0.990719,0.667588
1.05049,-0.106375
1.08676,-0.69458
1.00875,0.304003
1.00108,0.0807779
1.01835,0.416587
0.984581,0.00911622
1.03812,-0.225633
0.979297,0.334508
1.01026,0.432898
0.972612,0.273184
1.01564,0.295873
1.01906,0.394348
1.05084,-0.179233
1.08168,-0.244504
1.04804,-0.290913
1.01674,0.240234
1.02327,0.0607182
1.02381,-0.0813504
0.965501,0.991759
0.982802,0.202162
0.878381,0.71639
0.973492,0.406655
1.06338,-0.173354
0.99058,0.332611
0.945158,0.566505
0.943351,0.679283
1.00034,0.396915
1.05334,-0.401457
1.00792,-0.138563
1.00655,0.0882804
0.973896,1.00264
1.05203,-0.0867348
1.08463,-0.681172
1.02691,0.0806937
1.03662,-0.250843
0.968368,0.482051
1.10568,-0.854432
1.06474,-0.435113
0.916033,1.1988
0.99721,0.392155
0.989276,0.105007
0.999343,0.539048
0.969627,0.475468
0.997105,0.337691
0.967905,0.511971
1.01196,0.337739
1.05993,-0.421606
1.06857,-0.328332
0.957164,0.344275
0.980301,0.427015
0.936725,1.02649
0.987973,0.494755
1.0853,-0.827397
0.930769,0.871736
0.969715,0.550188
0.969631,0.210255
1.01409,0.189438
1.03923,-0.0245462
1.03838,-0.199147
1.01509,0.0669613
1.04663,0.105843
0.959601,0.641433
1.00378,0.547767
0.964398,0.770729
1.00243,0.639
1.07651,-0.458358
1.01963,0.219414
1.05946,-0.0105321
0.971865,0.317142
0.955818,1.04811
0.995587,0.123226
1.02482,0.280346
0.970008,0.571859
1.00743,0.246643
0.943275,0.358771
0.990388,0.316538
1.00838,0.26239
0.999101,0.0114072
0.950948,0.921916
1.01212,0.398737
1.0723,-0.264628
1.02365,0.0823077
1.0016,0.191445
0.898222,0.842177
0.983267,0.581506
0.972979,0.232737
1.0929,-0.454246
1.06337,-0.331452
0.991854,0.541418
1.02165,-0.206716
0.982368,0.152118
0.96516,0.443407
1.03508,0.0936538
0.990857,0.180433
0.909728,0.902871
0.933378,0.498069
1.09333,-0.592471
1.12699,-1.15682
0.960299,0.283676
0.91628,1.01694
0.919575,1.32976
0.950466,0.766463
0.997151,0.225638
1.03481,0.142524
0.985086,0.534654
1.00352,0.140332
0.97396,0.700799
0.947716,0.952205
1.12992,-0.888884
1.06467,-0.160338
0.945063,1.1774
1.03795,-0.140103
0.943919,0.834955
0.994767,0.4245
1.01603,0.0630143
1.02185,0.141018
1.02487,-0.394685
1.02989,0.399955
0.968625,0.451815
0.977959,0.172055
1.11293,-0.888373
0.962289,0.627546
1.00348,0.18869
1.00142,0.299003
1.00914,0.28363
0.928085,1.05322
0.923911,0.804132
1.03202,-0.149337
1.01496,-0.0853862
0.98457,0.475391
0.92666,0.818653
0.943762,0.896126
1.01043,0.142066
1.08111,-0.279602
0.929944,0.915912
0.949299,0.769942
1.04354,0.0477747
0.966836,0.436339
1.03784,-0.0239337
1.00506,0.217274
1.06122,-0.121902
1.06456,-0.265926
0.96225,0.510866
1.01303,0.0877379
1.07228,-0.445995
0.992343,0.469317
1.04525,-0.313603
1.01487,0.191226
1.0837,-0.681531
0.993691,0.387746
1.03151,-0.262654
1.0059,-0.0322042
0.965483,0.383627
0.941253,0.766438
0.990372,0.581631
1.0293,0.118866
1.00241,0.113851
0.944181,0.892555
0.973729,0.473002
0.97969,0.0979941
1.03726,-0.250571
0.972578,0.758649
1.09156,-0.447007
0.976365,0.147151
1.01974,-0.323787
0.931153,0.856509
0.973433,0.876272
1.10444,-0.897018
1.04247,-0.268109
1.03934,-0.148491
1.00402,-0.00563781
1.01951,0.285887
1.01505,0.148772
0.963937,0.333677
1.01083,0.22423
0.96067,0.415553
0.934776,0.592553
0.97821,0.657064
1.04932,-0.241208
0.925203,0.877067
0.987335,0.518708
0.999409,0.476134
1.08079,-0.705223
1.00714,0.369649
0.949744,0.699797
0.978471,0.370273
1.00625,0.897661
0.992668,0.0351872
1.05706,-0.651161
1.05955,0.0438516
1.02652,-0.00179698
0.931499,1.19634
1.01119,0.169264
1.04295,0.0109333
1.07395,-0.560874
1.01442,0.502034
1.03811,-0.11724
0.947498,0.846699
1.00773,0.444481
0.993611,0.390906
1.036,0.00660026
1.03931,-0.160555
1.04722,-0.0468355
1.02863,-0.0142688
0.995802,0.127159
0.988239,0.201549
0.960515,0.274567
1.04958,-0.337405
0.912251,1.08366
0.977212,0.455995
1.03204,-0.188149
1.04379,-0.625243
1.02192,-0.15629
1.02533,0.310312
1.0449,-0.318841
0.997215,0.471478
0.998397,0.310109
1.06576,-0.255576
1.01642,0.227556
1.09522,-0.624691
0.971263,0.507281
0.98401,0.352319
0.925586,0.938968
0.930459,1.01399
1.0346,-0.344909
1.00372,0.372428
0.934955,0.612653
1.0146,0.315908
1.00502,0.13127
0.943294,0.871208
1.05498,-0.328105
1.11241,-0.407458
1.00834,0.35022
1.06646,-0.193599
0.999095,0.34491
0.91767,1.06405
1.01916,-0.105616
1.0509,-0.21115
1.02708,-0.278608
1.00311,0.811597
1.0244,0.0613443
0.959461,0.680566
0.95893,0.76392
1.00331,0.121825
0.975096,0.325533
0.986265,0.64224
1.01992,0.14884
1.02339,0.0174219
1.03848,-0.374593
0.976959,0.222524
0.888376,1.46539
1.05907,-0.189158
1.00306,0.271613
0.961305,0.617383
1.05416,-0.448256
0.93931,0.904208
1.06455,-0.357361
1.05946,-0.572959
0.949246,0.402193
1.05279,-0.574068
0.991526,0.453372
1.00994,0.471039
0.986312,0.40502
0.976571,0.607095
1.0356,-0.0762901
1.01319,0.306975
1.06583,-0.180579
0.951509,1.10562
0.926759,0.959546
1.03165,-0.161637
0.989847,0.195184
0.995636,0.281613
0.974804,0.353424
1.10746,-1.05855
0.99478,0.346102
0.943544,0.734658
0.967304,0.258934
1.02305,0.00529918
1.03024,0.41892
0.963901,0.553479
1.01197,0.0482912
0.945785,0.683957
0.993078,0.0115074
0.980014,0.634931
0.943951,0.805114
1.08657,-0.472607
1.01284,0.155096
0.920856,0.714419
0.966746,0.997337
0.968256,0.695596
1.08011,-0.614363
1.04969,-0.221372
1.02546,-0.0545578
1.04471,0.0334106
1.05638,-0.457782
1.07536,-0.588242
0.929796,0.960218
0.991005,0.40865
0.945166,0.747274
1.00637,0.236501
1.01517,-0.144565
1.05782,-0.175855
1.08051,-0.226072
0.991508,0.485629
1.04498,-0.306379
0.926122,1.06287
1.01335,0.331175
0.970204,0.527409
1.04006,0.153045
0.947942,0.72587
1.05884,-0.586449
0.910698,1.37979
0.965869,0.234034
1.00216,-0.0936686
1.00315,-0.0755028
0.976771,0.150218
0.978366,0.702998
1.03709,-0.213415
1.08631,-0.361469
0.95417,0.856258
0.99252,0.439183
1.01934,-0.248214
1.03827,-0.0554725
1.01799,0.426773
1.00891,0.160162
0.982392,0.140666
1.02762,-0.0641965
1.04385,0.196132
1.06979,-0.235819
1.05071,-0.0118312
0.94867,0.579438
1.0151,-0.230933
0.978377,0.155068
1.01669,0.0205332
0.958035,0.451342
0.97604,0.517656
1.03759,-0.190847
1.01903,0.0266394
0.999181,0.278342
1.00024,-0.0418262
0.966498,0.693904
1.04322,0.127424
0.993041,0.293584
1.0492,-0.333176
0.984921,0.705507
1.00341,0.2879
0.984948,0.536921
1.00133,0.283611
0.988528,0.623477
1.02809,0.21028
0.964254,0.57658
0.992847,0.857208
1.03945,0.232204
1.02541,0.38145
1.00414,0.137124
1.05674,-0.126893
1.06265,-0.286954
0.877681,1.47802
0.9875,0.616159
0.958627,0.619872
0.992737,0.329348
0.988113,0.350576
0.997108,0.206298
0.928423,1.07822
1.10839,-1.11372
0.966447,0.514282
1.01937,-0.145287
1.08156,-0.319847
1.01838,0.179371
0.928863,0.795885
0.979933,0.522085
1.10182,-0.2926
0.991211,0.462362
1.03764,-0.26499
1.10333,-0.702599
1.08003,-0.439147
0.983181,0.522708
0.966906,0.694989
0.969695,0.409679
1.04095,0.00169542
1.00938,0.443558
1.01072,0.253275
1.02345,0.314248
1.04411,0.0216896
1.05618,-0.206231
1.06283,-0.336635
1.00927,0.249676
1.04427,-0.183486
0.983014,0.343859
0.946419,0.652594
0.971785,0.568464
1.00994,0.48172
1.00046,0.30344
0.955593,0.627918
0.984993,0.546731
1.08757,-0.331817
0.929205,0.98799
1.043,-0.525113
1.00956,0.539425
1.02659,0.159878
1.05918,-0.210841
1.06255,-0.340192
0.98111,0.355447
1.01224,-0.293851
1.05529,-0.350568
0.990281,0.334656
1.07519,-0.88622
1.04911,-0.179718
0.990682,0.428348
0.956281,0.459989
0.946723,0.785316
0.965163,0.307595
1.03037,0.161358
0.940809,0.993498
0.998942,0.111561
1.08739,-0.222485
0.946097,0.774052
0.984725,0.285979
0.946304,0.997858
1.03012,0.0875405
1.05582,-0.0199701
0.985273,0.681793
1.02162,0.156077
0.94298,1.297
1.04431,0.0758335
1.05057,-0.0364658
0.987521,0.187221
0.954651,0.544581
0.930859,1.01251
1.01737,0.0543187
1.11028,-0.759793
0.980583,0.421912
0.943396,1.13221
0.989161,0.250822
1.01526,-0.0322344
0.996323,0.104632
0.986962,0.244028
1.01172,0.308588
1.03625,-0.311676
1.0095,0.284855
1.06905,-0.31375
1.03062,-0.0929323
1.00357,0.326741
0.935468,0.765315
0.964138,0.569424
1.03108,-0.113219
1.0496,-0.00465939
0.992092,0.480437
0.973997,0.482648
1.00186,0.220738
0.954306,0.927925
1.00618,0.766754
1.10406,-0.792023
0.968385,0.397515
0.957154,0.994537
1.02357,0.139926
0.951973,0.196251
0.999428,0.126825
1.04209,-0.508528
1.03746,0.161207
0.9974,0.131749
1.01036,0.0963247
1.02812,0.24694
1.01087,0.206555
1.03048,-0.454754
1.05576,-0.293599
1.03666,-0.0354666
0.962551,0.547847
0.967035,0.660282
1.05835,-0.154904
1.03124,-0.0564807
1.00863,0.252333
1.04453,-0.226968
0.96751,0.805992
1.02384,-0.205461
1.04086,0.066876
1.0685,-0.0537111
1.02378,0.0021592
1.04823,-0.417882
1.02756,0.426834
1.03232,0.0175071
1.02665,0.279462
0.991323,0.101708
0.977448,0.460819
0.991738,0.212074
0.967751,0.521851
1.06615,-0.30172
1.02578,0.246541
1.09344,-0.539126
1.03487,0.385034
1.0363,-0.381187
1.0042,0.586497
1.01711,0.324993
1.03883,-0.673992
0.946838,0.877669
1.0273,0.248591
0.986053,0.353046
1.05969,-0.194152
0.977821,0.430703
1.00793,0.274576
1.04253,-0.19523
1.00999,-0.0628135
0.980943,0.576456
0.972233,0.906358
1.00182,0.512614
1.00798,0.27769
1.00538,0.0823319
1.00358,0.333012
1.10438,-0.949584
1.03015,0.0937132
1.00884,0.303907
1.00988,0.116823
0.95275,0.923794
1.03553,-0.0350842
1.01972,-0.13395
1.0273,-0.25604
1.0003,0.309241
1.01059,0.201539
0.984779,0.486832
0.922181,1.28537
1.02024,-0.0408873
0.900263,1.22824
1.0185,0.195375
0.957698,0.656549
0.965723,0.21502
1.05508,-0.40152
1.05313,-0.106139
1.06653,-0.378144
0.998445,0.166011
0.981263,0.782663
1.067,-0.158535
0.969536,0.74173
1.01178,0.193452
0.921401,0.715273
0.989895,0.285073
0.98971,0.540908
0.944927,0.889767
1.06144,-0.404197
1.06338,0.113042
1.06488,-0.418885
1.05381,0.167673
1.04744,-0.282196
0.962086,0.429335
0.945961,0.421094
1.08243,-0.452564
0.884278,1.35019
1.02136,-0.0326595
1.05415,0.0653312
0.981505,0.604218
0.994117,0.279354
0.948528,0.888047
0.995184,0.403311
0.918377,1.31703
1.02913,0.337517
1.04517,0.055824
1.08148,-0.332062
0.924622,1.21546
0.977704,0.152349
1.05377,-0.469941
0.91539,1.2407
0.974607,0.519295
0.969963,0.574756
0.997649,0.454071
1.13511,-1.34825
0.95674,0.866972
0.995328,0.184493
0.941704,1.00552
1.02281,0.0990736
0.956682,0.878505
1.04896,-0.17589
1.0604,-0.122504
0.958211,0.69995
1.00783,0.38873
1.05154,-0.289697
1.15392,-1.43021
0.960428,0.51285
1.00172,0.86935
1.0273,0.148476
0.991434,0.159779
1.16351,-1.14045
1.02078,-0.158701
1.00731,0.495576
1.00161,0.0895559
1.05249,-0.152543
1.03,-0.3404
1.10908,-0.671782
1.04486,-0.118282
0.977987,0.556673
0.980825,0.699744
0.92699,0.522591
1.04081,-0.158423
1.02092,0.0999742
0.928515,0.738883
0.980033,0.375014
1.01914,-0.160372
0.977039,0.427966
1.03153,-0.0369153
0.91233,1.39642
0.989272,0.772041
0.977911,0.632352
0.989455,-0.0619754
1.02796,-0.171593
0.934601,0.689071
1.07324,0.11682
1.00716,0.157173
1.04085,-0.169912
1.00372,0.433304
1.00553,0.452356
0.982953,0.645355
0.895364,1.24038
0.960817,0.641764
0.995006,0.204408
1.02436,-0.258299
0.978132,0.600769
0.988349,0.13899
1.00363,0.119303
0.997094,0.125102
0.976434,0.653196
1.04006,0.116462
0.975629,0.349165
0.990597,0.4344
0.982425,0.348225
1.05118,-0.12328
1.01629,0.303901
0.99939,0.621055
0.959743,0.45661
1.03526,-0.258033
1.00634,0.127913
0.937274,0.709826
1.00988,0.470542
0.989879,0.287699
0.996277,0.386147
1.06083,-0.239844
0.919739,1.06695
1.01092,-0.041241
1.05106,-0.033004
1.06338,-0.782638
1.0105,0.383099
1.02017,0.119359
0.985175,0.900117
1.02138,-0.229995
1.03685,0.363635
1.00897,0.279337
1.08643,-0.919121
0.978494,0.542092
0.947064,0.773261
0.95324,0.758054
1.03713,-0.00417311
0.961694,0.647798
1.09006,-0.593129
1.00271,0.102144
0.951011,0.948219
1.01408,0.146424
1.03033,-0.0317503
1.07028,-0.172086
1.08464,-0.567633
1.06445,-0.382794
1.10426,-0.918318
1.05628,-0.62613
1.073,-0.0295847
1.05093,-0.102837
1.06894,-0.313943
0.981738,-0.0660286
0.929696,0.738584
0.978901,0.802665
1.01628,-0.00957552
1.05962,-0.192699
0.901502,1.09446
0.931487,0.585078
1.01182,0.511687
1.04361,0.00910263
1.01775,-0.176544
1.03244,0.118741
1.10572,-0.931663
0.994028,0.262404
0.952823,0.755204
0.960898,0.758489
1.03356,-0.233789
0.936363,1.0373
0.997953,0.159697
0.979062,0.397573
0.962403,0.761241
0.95171,0.761979
0.945838,1.09684
1.03493,-0.289524
1.01289,0.0668549
0.999247,0.623317
0.955503,0.0635774
1.01209,-0.035849
1.02087,0.237064
1.07782,-0.520552
1.04226,-0.308086
0.948688,0.354472
0.971162,0.997845
0.985759,0.388675
0.992858,0.631432
1.00136,0.0199924
1.01594,0.07926
0.948684,0.892867
0.956785,0.484713
1.032,-0.0774306
1.02985,-0.272121
0.985153,0.675088
1.01115,-0.0234051
1.05909,-0.303323
1.01398,0.495406
0.96232,0.671962
1.09588,-0.521349
1.03356,-0.253433
1.03048,0.131268
0.98978,0.119691
1.02494,0.212019
1.03167,-0.198393
0.997401,0.349024
0.900609,1.0123
1.07568,-0.433475
1.0647,-0.317518
0.969442,0.616029
1.02843,0.178917
0.907737,1.24831
0.993968,0.406281
1.03643,0.200592
0.963491,0.398327
0.993356,0.557365
1.07743,-0.564155
1.05159,-0.0570382
0.950245,0.876793
0.990728,0.53508
0.984808,0.573631
1.06194,-0.70551
0.945614,0.717452
1.02205,0.0492673
1.04036,0.0465178
1.05362,-0.425335
1.00642,0.17407
0.913435,1.38342
0.962342,1.0633
1.08089,-0.847286
1.07583,-0.566126
1.06052,-0.297209
1.00876,-0.203639
0.952216,0.786572
0.977013,0.208187
0.951729,0.999822
1.00473,0.449113
1.01897,0.178895
0.98484,0.412055
0.955871,0.563785
1.03086,-0.264948
1.09906,-0.560531
1.01072,0.400554
0.965046,0.490796
0.969647,0.527742
1.0968,-0.626972
0.966964,0.185695
1.03229,0.184908
0.972103,0.394182
0.97909,0.449386
0.96152,0.540188
1.05704,-0.0761966
0.909921,0.986043
0.920759,1.19638
1.04855,-0.10993
0.991331,0.55853
1.00985,0.2709
1.08706,-0.665127
0.985222,0.390988
0.923777,1.31218
0.968332,0.38188
0.960206,1.06617
0.991121,0.0795802
1.01235,-0.0525092
0.986892,0.398391
1.09856,-0.807596
0.978501,0.370911
1.10382,-0.726494
1.11981,-0.643469
1.02911,-0.0870783
1.01857,0.205333
0.918528,1.09762
0.958336,0.61995
0.942517,1.05283
0.959206,0.853342
1.04572,-0.266972
1.0376,0.0910076
1.04997,-0.529254
1.0071,0.364528
0.965473,0.493537
1.0293,-0.591493
1.02146,-0.140054
1.00654,0.283426
1.09918,-0.849638
0.978069,0.465498
1.03518,0.350367
1.07128,-0.0646104
1.03861,-0.034974
1.04714,-0.0956289
1.00421,0.0305068
1.01408,0.181873
1.00844,0.319925
0.993697,0.533375
0.994198,0.334888
0.936565,0.876039
0.95866,0.976115
0.961001,0.980786
1.00968,0.343111
0.960828,0.713393
1.04102,-0.294086
1.01246,-0.0494377
0.962857,0.29695
1.04058,-0.315236
1.00563,0.260641
0.987596,0.108151
1.0023,0.420969
1.07666,-0.525428
0.950656,0.325311
1.02065,0.0483804
0.966736,0.773548
0.962418,0.831696
0.954654,1.19137
0.948068,0.819013
1.01381,0.0491135
1.0388,-0.383908
0.976206,-0.0752157
0.998791,0.489963
0.986899,0.312648
0.951596,0.869159
1.01447,0.629123
1.01464,0.537367
0.970763,0.679506
0.919497,1.1905
0.973913,0.46955
1.04019,-0.329925
0.987653,0.364916
1.04391,0.147804
0.960931,0.572659
1.02827,0.205537
1.04374,-0.387694
1.01073,0.0663834
0.997649,0.289295
1.01076,-0.212447
1.06467,-0.349042
1.06864,-0.720037
1.02629,0.235865
1.02518,0.0278311
1.06876,-0.292701
1.00939,-0.217724
1.02492,0.0624041
0.924823,0.792903
0.992378,0.483976
1.02539,-0.082575
0.972072,0.498505
0.960625,0.578169
1.03292,-0.0533113
0.998347,0.162791
0.953049,0.947812
1.05779,-0.217075
1.02186,-0.222345
1.07588,-0.55279
1.04117,-0.0717418
0.947794,0.606597
0.938831,0.927021
0.943516,0.644949
0.925128,0.645396
0.957125,0.659202
0.953431,0.467189
0.932786,0.953998
1.03731,-0.250951
1.03404,-0.0487566
1.01166,0.409763
1.02231,-0.217207
1.01625,0.40232
0.960871,0.583962
1.05173,-0.13367
0.938299,1.04993
0.992016,0.659742
1.00153,0.374995
0.997922,0.388672
0.922415,0.567637
0.980177,0.278727
0.975235,0.331523
0.962516,0.973434
0.940074,0.778293
0.94364,0.796701
1.06419,-0.339341
0.985013,0.337889
1.07163,-0.306606
1.01563,0.0723374
0.965699,0.393174
1.01642,0.15897
1.03428,-0.24564
1.00369,0.423755
1.05811,-0.367238
1.06985,-0.468816
1.00249,0.582474
0.995778,0.591863
1.04313,-0.464786
1.00244,0.227211
0.945884,0.274049
1.01615,-0.117317
1.01165,-0.107165
0.941354,0.902842
1.06257,-0.167268
0.899719,1.17178
0.916082,0.70738
0.985181,0.449209
0.984733,0.550971
1.01604,0.0942231
1.07636,-0.651288
1.03499,-0.195598
0.986857,0.486668
1.01661,0.0566421
1.00975,0.315621
0.910128,1.4358
0.933057,0.758111
0.977769,0.485049
1.01961,0.00418549
1.075,-0.394135
1.01934,0.460688
0.952668,0.859803
0.978174,0.531087
0.987074,0.480241
0.981712,0.487747
1.04891,-0.459666
0.953338,0.711379
1.00231,0.284117
0.957618,0.806445
1.07606,-0.411604
1.01674,0.128841
0.982083,0.577075
0.951387,0.491555
0.927633,1.07988
1.00183,0.238151
1.0691,-0.575566
0.965911,0.454896
1.05601,-0.626694
1.01069,0.314209
1.06549,-0.415212
0.990719,0.39302
0.962008,0.477079
0.946419,0.991909
0.990077,0.295899
0.976948,0.646717
0.962077,1.10321
0.905688,1.20629
1.04729,-0.246314
0.984037,0.16443
1.00635,0.184929
1.05472,-0.208406
1.01683,0.428321
0.913142,1.15842
0.911964,1.26203
0.995678,0.4609
1.00755,0.20526
1.05628,-0.0840824
1.06662,-0.382765
1.03514,-0.0114187
0.965749,0.702085
0.999504,0.413446
1.01249,0.013299
0.967056,0.588557
0.992864,0.283842
1.01604,-0.0688631
0.934161,0.596516
1.01628,0.373001
0.99571,0.276422
1.081,-0.560363
0.95235,0.919627
1.04422,0.107712
0.955451,0.910223
1.02674,0.190433
1.01012,0.297267
0.975421,0.408309
0.97858,0.439354
1.03625,0.181531
1.00435,0.267718
0.954451,0.467244
1.04368,-0.0458687
1.00136,0.207845
1.03039,-0.176641
0.966599,0.891523
1.06303,-0.740546
1.0345,-0.5256
1.05611,-0.317559
0.98739,0.479759
1.03288,-0.228402
1.02725,-0.344124
0.969059,0.603909
0.961295,0.999087
1.03867,-0.0258142
1.019,0.168187
1.01024,0.649643
0.987261,0.423597
0.955242,0.678421
1.05822,-0.0701568
1.04048,-0.106523
1.04385,0.196069
1.1011,-0.96065
1.07153,-0.267065
0.968507,0.591079
1.04514,-0.17159
1.06311,-0.581245
0.917514,1.26959
1.03213,0.10532
1.04456,0.00868521
1.01275,-0.098708
1.05729,0.13967
1.00602,0.0676112
1.05037,-0.234187
1.0045,0.104395
1.02814,0.290486
1.11977,-0.64538
1.00605,-0.0421399
1.02436,0.0808444
1.00733,0.209386
0.993818,0.558394
0.968958,0.792385
1.00817,-0.0471298
0.95418,0.796457
1.08542,-0.60145
0.977767,0.501619
1.07518,-0.371592
1.05134,-0.409504
0.983633,0.310835
0.930554,0.904471
0.977214,0.578463
0.921407,1.06032
1.03355,0.430299
1.00185,0.91106
0.928556,0.930695
1.04749,-0.306406
0.951135,0.688886
0.895349,1.07396
0.980537,0.589742
1.03493,-0.538017
1.02348,0.00613482
0.964826,0.574754
1.04798,-0.545101
1.02856,0.322482
1.03926,-0.0472266
1.03034,0.0170618
1.09588,-0.407644
0.944066,0.613857
1.09861,-0.487396
0.974109,0.768436
1.00931,0.314256
1.06,-0.559228
1.08488,-0.485409
1.12483,-0.866644
1.07957,-0.210031
1.0188,-0.018115
0.960837,0.742349
1.00311,0.478079
0.944942,1.09616
1.05581,-0.196499
0.971461,0.937641
1.01156,0.312996
0.982879,0.264817
1.00826,0.437148
0.973102,0.182291
0.913961,1.27336
0.990886,0.326399
1.01182,0.21474
0.957243,0.582557
0.975207,0.437871
0.990469,0.139343
1.05153,-0.23906
0.985714,0.117648
1.15708,-1.8321
1.05017,0.226146
1.03016,-0.0409735
0.974701,0.259559
1.05261,-0.583834
0.937761,0.930217
1.03369,0.181399
1.00636,0.0451251
1.10055,-0.800937
1.02687,-0.00425254
1.04499,-0.0568171
0.997999,0.376624
0.93552,0.933529
0.995976,0.0445509
1.01619,0.0968903
1.06127,-0.257656
1.06348,-0.100286
1.00905,0.0163094
1.06408,-0.513707
0.966506,0.476743
1.03879,-0.0430774
0.950618,0.723648
1.03924,-0.119693
0.974946,0.336202
1.01405,0.224079
1.04717,0.112377
0.972726,0.528976
1.00414,0.198691
1.0733,-0.519183
0.931782,1.02941
0.992964,0.494164
1.1068,-0.905642
0.994082,0.41753
0.989813,0.706783
0.965467,0.351173
1.0089,0.517393
1.01143,-0.0791664
0.976105,0.194745
0.965729,0.682628
0.93929,0.425023
1.0215,0.243875
1.02135,-0.108006
1.0298,0.227783
1.02601,-0.491249
1.02918,0.166119
0.911417,1.18541
0.980185,0.364966
1.01258,0.251245
1.00132,0.268932
0.997519,0.512839
1.00154,0.246733
1.03977,-0.0885872
1.05281,-0.0305829
1.03009,0.184341
1.01692,-0.328134
0.981493,0.657752
0.996818,0.182739
1.02035,-0.151067
0.987999,0.260498
0.900235,1.34498
0.950962,0.688047
1.06851,-0.0518671
0.964307,0.555692
1.03568,-0.380476
1.0823,-0.888155
0.987813,0.331696
1.02026,0.187391
1.01322,0.18192
0.988915,0.304692
1.04591,-0.205164
1.01538,0.243737
1.05051,-0.475536
0.961521,0.688677
0.948575,0.569866
0.99515,0.487703
1.00438,0.316558
0.993429,0.396254
0.951274,0.74897
0.982458,0.560617
1.02386,-0.0401282
1.05491,-0.207808
0.940374,0.871011
0.990978,0.466599
1.00937,0.272819
1.07523,-0.489271
1.03763,0.0277165
0.926609,1.00225
1.05221,-0.220526
1.01181,0.316714
1.01107,0.134806
1.06302,-0.147186
0.955905,0.474081
0.979469,0.753937
1.0641,-0.261676
0.964082,0.839083
0.967001,0.57996
0.996475,0.410337
1.07661,-0.800374
0.938441,0.754241
1.00313,0.0817835
1.04568,-0.448518
1.00686,-0.168219
0.932586,0.983719
0.962176,0.946108
1.04344,-0.420914
1.00989,0.279648
1.07003,-0.43764
0.992217,0.118018
0.998423,0.370626
0.995763,0.150296
1.00011,0.0733842
0.958374,0.616197
0.954673,0.335099
1.03053,0.151744
1.01969,-0.122034
0.916994,1.14768
1.01638,-0.0425469
1.02083,0.0401792
1.01676,0.0988065
0.941057,0.90858
0.978494,0.197014
1.01572,0.172462
1.09176,-0.153185
0.931997,0.877671
0.917619,0.656213
0.989467,0.351427
1.06748,-0.61807
1.03008,0.160658
0.940613,1.22917
1.01667,-0.155893
0.882013,1.76487
1.00477,0.266101
1.07791,-0.242871
1.06337,-0.325347
1.0641,-0.392435
1.08952,-0.490408
1.0829,-0.680248
1.01675,0.404335
1.00394,0.0771467
1.05356,-0.0415398
0.93849,1.08357
0.999277,0.224459
1.07834,-0.721006
1.04289,-0.0552076
0.959492,0.676026
1.08496,-0.824101
1.02755,0.0490692
0.990967,0.559623
1.00107,0.333272
0.984016,0.815446
0.971245,0.287058
1.04941,-0.356515
0.930984,1.21409
0.939115,1.32888
1.02037,-0.0752974
1.06335,-0.250931
0.96407,0.857287
0.978903,0.547456
0.98346,0.126603
1.05675,-0.383505
1.0619,-0.572282
1.06676,-0.909878
1.06779,-0.226834
0.935841,1.2732
0.981367,0.604239
1.04259,0.0912151
0.950382,0.681607
1.03966,0.0781177
1.04613,0.151638
1.01112,0.24745
0.969882,0.598137
1.00277,0.372948
1.02871,0.0544499
1.02377,0.173007
0.976462,0.068322
0.97003,0.977769
1.02434,-0.209256
0.948583,0.756696
0.985444,0.554429
0.991877,0.146092
1.03468,-0.399426
1.08282,-0.477162
0.984205,0.522949
0.992391,0.267057
1.01734,0.0898593
1.01673,0.0131145
0.957342,0.94752
1.04645,-0.116748
0.953156,0.577657
1.01584,0.07505
0.981642,0.772015
1.04644,-0.0337424
0.998944,0.377394
0.984931,0.568277
0.991395,0.626827
0.977488,0.48392
1.03677,-0.263652
0.941665,1.11853
1.0925,-0.750917
1.04644,-0.324472
0.956667,0.528861
1.03017,0.156064
0.999615,0.349324
0.924582,0.853795
1.00535,0.132247
0.989078,0.140535
0.998653,0.396153
0.945978,0.955671
1.10422,-0.67123
0.931783,0.740006
1.06497,-0.503546
1.03985,-0.110572
1.03903,0.286802
0.95043,0.680874
0.953966,0.854077
0.980319,0.745675
0.982272,0.695797
1.02481,-0.0888724
0.963181,1.00661
1.00785,0.107865
1.03679,-0.279711
1.00002,0.571329
1.02076,0.224251
1.02481,0.0727255
0.978178,0.865026
1.05538,-0.140652
0.999145,0.230249
0.985879,0.184928
0.944974,1.0489
1.00747,-0.0233852
1.02537,-0.159466
1.10072,-0.224872
1.00944,-0.210157
0.983221,0.547016
1.00172,0.397962
1.03367,-0.317693
0.970196,0.329478
0.980352,0.385659
0.962085,0.628828
1.0367,-0.122873
1.01759,0.367288
1.01605,0.114686
1.00011,0.259322
1.00624,0.431446
0.964983,0.440265
1.05657,-0.524732
0.914168,0.952554
1.0239,0.137241
0.980393,0.621211
0.996775,0.372384
0.968024,0.350901
1.01445,0.220277
0.9699,0.355898
1.01912,-0.0716945
1.06527,-0.494991
1.00982,0.370793
0.940739,0.971106
1.0035,0.476624
1.01823,0.0354818
0.94217,0.752644
0.967208,0.443014
1.00359,0.622991
1.06647,-0.38558
0.983034,0.24873
0.97269,0.815206
0.96677,0.909375
0.946179,0.414015
0.924717,0.957094
1.02359,0.102918
0.978481,0.972705
1.03801,0.195852
0.956258,0.949808
0.960576,0.738542
0.992153,0.20543
0.934847,1.13392
0.979321,0.723197
1.00853,0.43679
1.03377,0.107346
1.02826,0.0795663
0.901734,1.04989
0.940479,0.845366
0.943608,0.826221
1.02755,-0.189653
1.00363,0.350316
1.07997,-0.343867
1.03047,0.128313
0.880693,1.546
1.00299,0.373193
1.0193,-0.045639
0.950793,0.451968
1.03558,-0.213222
0.969415,0.0220944
1.00002,0.11821
1.06833,-0.479202
1.07762,-0.55362
0.95733,0.596578
0.985961,0.334181
0.999066,0.34252
1.00753,0.455716
0.977495,0.600096
0.965932,0.437623
0.983267,0.665344
0.982227,0.453926
1.00226,0.0971032
1.05042,0.125006
1.06303,-0.826664
1.03598,0.356361
0.976755,0.520911
0.985065,0.392658
0.97213,0.556125
0.96923,0.841801
0.943925,0.893555
0.980892,0.240876
1.05942,-0.161112
0.952092,0.940071
1.05954,0.0151037
1.06245,-0.385174
1.08147,-0.783876
1.02622,-0.226542
1.00383,-0.164394
0.946248,0.611477
0.951755,0.623533
0.956529,0.707169
1.00037,0.434295
1.00178,0.243586
1.0711,-0.815075
0.998842,0.119969
1.00122,0.442383
0.956338,0.861699
1.01758,0.240976
0.991745,0.659705
1.02345,0.0950795
0.97643,0.18132
0.968872,0.488728
1.06337,-0.148351
0.994909,0.363993
0.997359,0.255813
0.970825,0.521025
1.01122,0.204053
0.971522,0.335306
0.934288,1.27867
1.00526,0.213955
0.905262,1.11327
1.04874,0.00339058
1.01347,0.180683
1.11875,-0.943151
1.00676,0.242366
1.06993,0.010849
0.988231,0.34464
1.02191,0.120493
1.01828,0.187426
1.06301,0.00801279
0.997355,0.00228197
0.958415,1.05931
0.996884,0.414591
0.978998,0.0739368
0.917135,1.13618
1.05056,0.0189773
1.02624,-0.0931924
0.980043,0.83189
0.91815,0.756611
0.927992,0.991752
0.963498,0.429581
1.0284,0.0999986
0.989041,0.513927
0.945349,0.884991
0.989445,0.12936
0.995043,0.262472
0.953094,0.859383
0.96742,0.447723
0.971487,0.483387
1.01834,-0.118849
1.0169,0.064175
0.949136,0.935174
1.00126,0.515812
1.04454,-0.263846
0.881994,1.78498
0.93264,1.16678
0.965033,0.421666
1.00033,0.714141
0.960756,0.806913
0.999661,0.214342
1.0066,0.128469
1.15447,-1.06891
0.92795,0.519482
1.01627,0.529651
1.03204,0.248263
0.993787,0.313289
0.975282,0.387819
0.967853,0.893765
1.0419,-0.0239287
1.01838,0.548204
0.994879,0.161422
0.977536,0.299162
1.0225,-0.106434
1.0179,0.112283
1.04745,-0.0685714
0.984562,0.545786
1.01843,0.258301
1.03229,0.119548
1.03419,0.0970981
1.00893,0.266994
0.986682,0.44437
1.01144,0.576825
1.04837,-0.143568
1.0191,0.00440535
1.00242,0.522346
0.992375,0.353695
0.970392,0.322473
0.947207,0.818778
1.06849,-0.145403
0.950997,0.779539
1.00675,0.18116
0.971972,0.291842
0.994396,0.172838
1.03308,-0.00424845
0.951071,0.833421
1.12048,-1.36793
1.08902,-0.881624
1.08121,-0.6732
0.982986,0.926506
0.944338,0.934671
1.03931,-0.0971602
1.04315,-0.114064
1.05067,-0.0443129
0.9739,0.852432
1.01186,0.228315
1.0776,-0.895817
0.978437,0.320995
0.96909,0.299942
1.04186,-0.206701
0.980711,0.429711
1.08838,-0.574082
1.00599,0.226052
1.08278,-0.0973208
1.06899,-0.111401
0.915394,1.00385
0.967115,0.0964437
0.972398,0.85877
0.961035,0.788235
0.965842,1.00898
0.92317,1.14947
1.08729,-0.724257
0.990143,0.491324
0.945874,0.752745
1.02725,-0.121618
0.930417,0.819539
1.04176,-0.180285
1.0629,-0.820881
0.865746,1.55811
1.04244,-0.0149476
0.978158,0.413201
0.915468,1.27214
0.963336,0.574394
1.0482,-0.218112
0.959784,0.780731
0.976397,0.292653
0.969265,0.838408
0.984338,0.309419
1.0407,-0.0103092
0.985847,0.666378
1.01734,0.156058
1.04735,-0.193553
1.09924,-0.534943
1.01695,-0.210223
1.01096,-0.142331
1.06024,-0.541655
0.924725,1.08686
1.05683,-0.326781
0.998262,0.143726
1.0401,-0.0213359
0.956532,0.776018
0.96975,0.311941
1.0732,-0.451302
1.05174,-0.218939
0.917343,1.24932
1.0704,-0.260087
1.0488,-0.141669
0.923975,0.70912
1.01501,0.222736
1.00261,0.219136
0.995506,0.55644
0.93844,0.543629
1.03605,-0.111715
1.06127,-0.154654
0.988658,0.439837
0.989483,0.528604
1.10219,-0.63994
1.0312,-0.285395
1.06635,-0.263007
0.940193,0.847258
0.967526,0.477943
0.932887,0.724475
1.00437,0.197633
0.92828,1.09852
0.900855,1.34491
1.0427,-0.110218
1.00924,0.169666
1.05741,-0.438816
1.02671,0.0625542
0.963819,0.354561
1.02605,-0.0912268
0.922868,1.18179
1.06159,-0.284884
1.04718,-0.369677
0.936903,1.03721
1.05399,0.203236
0.971521,0.296969
1.04633,0.221517
0.950684,0.94219
1.08825,-0.389372
0.982641,0.364576
0.94171,0.478212
1.02237,0.274861
1.00986,0.232714
0.971591,0.783525
1.03114,0.0330601
0.947942,0.918825
0.991809,0.516158
1.05945,-0.0407446
0.962102,0.675866
1.06474,0.0203771
0.967289,0.481677
0.954443,0.276999
1.00202,0.215299
1.07542,-0.223959
1.03509,-0.133358
1.02771,0.0267314
0.982341,0.36656
1.08589,-0.479633
0.932105,1.08308
0.896587,1.50637
0.960174,0.561376
1.01611,0.0983053
0.999237,0.367254
1.04752,0.278333
1.05607,-0.456023
1.03834,0.197207
0.909498,0.886707
1.03512,0.102433
0.97074,0.352744
0.901249,1.51767
1.05211,-0.146983
1.02591,-0.0900513
1.00338,0.0505201
1.02664,-0.117719
0.98221,0.0492894
1.06834,-0.200291
0.93182,0.888189
1.04346,-0.447835
0.955282,0.672747
1.01625,0.0664299
0.966985,0.413749
0.970211,0.717392
0.973812,0.579931
0.944534,0.505908
1.01061,-0.125373
0.999828,0.438662
1.03834,0.121983
1.02406,-0.313048
1.0087,0.0667144
1.02351,0.0225326
1.0066,0.33139
1.02804,-0.314229
0.992564,0.127791
1.04396,-0.00863883
1.06802,-0.234885
1.07327,-0.50509
0.826399,1.88592
1.04443,-0.039748
1.02411,-0.0546729
0.95791,1.23412
1.07843,-0.516498
1.04821,-0.131841
1.05785,-0.446893
1.0747,-0.805167
1.00932,0.556489
1.05259,-0.551801
1.01578,0.0902399
1.06756,-0.151601
0.980528,0.530953
1.07494,-0.728733
0.993653,0.330437
0.987697,0.187875
1.00972,-0.174758
1.06943,-0.364593
1.02864,-0.18173
1.01065,0.0334003
1.04402,0.157679
1.009,0.0371543
1.00563,0.147229
1.01151,0.321747
1.00583,0.389551
1.00802,-0.0654811
0.93054,0.870197
1.01349,0.405013
1.05052,-0.383287
0.989532,0.950196
0.969792,0.526387
1.05472,-0.0633357
1.10571,-0.857308
1.02186,-0.102199
0.966825,0.431181
1.05525,0.0134208
0.942114,0.810296
1.00468,-0.376014
1.00685,0.665484
1.02877,0.106197
0.942793,1.16533
1.05956,-0.291258
1.02107,0.0536703
0.986504,0.578465
1.00771,-0.00470128
1.03851,-0.212628
1.03741,0.0210233
0.975155,0.194962
0.980642,0.459308
0.91975,0.940338
1.02163,0.197875
1.07284,-0.393931
0.998679,-0.0400672
0.993348,0.300642
1.0612,-0.349604
0.954957,0.518478
1.02672,0.26722
1.12068,-1.3749
0.998011,0.385689
0.886504,1.32034
1.01313,0.313789
1.02531,-0.275501
1.00831,0.373024
1.03534,-0.268598
1.13138,-0.890429
0.963418,0.956444
1.04536,-0.282355
1.08962,-0.288447
1.08836,-0.944313
1.00672,0.0157782
1.09998,-0.629158
0.966077,0.821697
1.02592,0.103015
0.981911,0.514378
1.08204,-0.546508
1.01653,0.392621
1.00635,0.312163
0.978173,0.481336
0.964226,0.165428
0.939628,1.36834
0.997258,0.280619
0.987408,0.442878
0.978188,0.429477
0.975924,0.545956
0.990186,-0.293618
0.95269,0.628693
0.988783,0.290306
0.922091,0.577236
1.01693,0.249897
0.956732,0.626395
0.962239,0.468747
1.01523,-0.219701
0.994904,0.328834
1.0222,-0.174392
1.04314,0.110014
1.04368,-0.340674
1.09013,-0.733094
0.996532,0.25779
0.993095,0.296549
1.0203,0.218515
0.942426,1.262
0.954651,1.04392
1.0233,-0.169633
0.977963,0.340773
0.988471,0.501606
1.05004,-0.253115
1.03952,0.00764758
1.03037,-0.0670251
0.991967,0.302771
1.01118,0.109725
0.975955,0.311388
1.02567,0.115632
0.886658,1.66225
0.860265,1.2819
0.936051,0.917581
0.991433,0.193485
0.965739,0.426808
0.975242,0.866136
0.983977,0.0209687
0.950206,0.531146
1.00968,0.007665
1.12627,-1.01236
1.01551,0.546619
0.938547,0.965123
1.01225,0.28542
0.967915,0.0362312
1.02695,0.0337251
0.977305,0.0816597
1.09627,-0.665069
1.00183,-0.114479
0.955268,0.38517
0.924378,1.24741
1.05182,-0.425801
1.06125,-0.0939375
0.980054,0.50437
1.02628,0.158769
1.01834,0.185919
1.01249,0.123881
1.00265,0.225197
0.978176,0.847826
0.995706,0.494332
1.03962,-0.385075
1.01166,0.264674
0.9707,0.807586
1.09103,-0.725662
0.994912,0.445545
1.05853,-0.0602518
1.07919,-0.640815
0.921801,1.20198
0.889423,1.45401
1.01483,0.298064
0.975561,0.826677
0.951409,0.435736
0.935341,1.15481
1.0857,-0.146218
0.928193,0.801956
1.01763,0.133288
1.02451,0.0246761
0.999536,0.564559
0.938947,1.26533
0.920016,1.36179
0.985302,0.717544
0.956,0.89317
0.978129,0.782813
0.958858,0.392708
0.976938,0.322036
1.02153,0.613303
0.923045,0.834067
1.03407,0.0448294
1.04432,-0.0965651
0.933635,0.772083
0.946134,0.876091
1.00605,0.120713
0.991702,0.249672
0.989945,0.45446
0.993655,0.265221
1.03911,0.0275012
1.01949,-0.0260316
1.03339,0.0127682
0.948202,0.548619
0.941469,0.952054
0.95696,0.667903
1.03972,0.327626
0.965538,0.878647
1.00782,0.129001
0.946411,0.810921
1.03044,-0.176099
1.04571,-0.251205
1.01694,0.0510183
0.976279,0.403439
1.01468,0.0909699
1.0036,-0.0808731
1.00569,0.349703
0.939976,0.912701
0.983961,0.70939
1.06307,-0.290426
1.08051,-0.533938
0.954367,0.753311
1.00964,0.366302
0.894664,1.1994
0.915931,1.24297
0.919417,0.842932
1.07833,-0.343389
1.02911,-0.201085
1.00061,0.264542
1.04607,0.146462
1.02589,-0.0150625
1.11324,-0.518899
0.916692,0.992949
1.02091,0.370882
1.1025,-0.852593
0.997566,0.244858
0.964521,0.718573
1.03683,-0.228651
0.99028,0.567723
0.954185,0.883288
1.0216,0.336446
0.992408,0.204225
1.03812,-0.168067
1.00885,0.206838
1.02894,-0.0019676
0.973834,0.742672
0.985152,0.262373
0.935806,0.720973
1.02095,0.0159145
0.98259,0.261318
1.02828,0.0868767
1.04945,-0.236768
0.884247,1.02101
0.962404,0.835414
0.946198,0.683909
1.0337,-0.144083
1.0296,-0.251137
1.00061,0.263254
1.00534,0.161402
1.10003,-0.704976
0.972196,0.728244
1.01774,0.705473
0.9295,0.901188
1.01713,0.0167972
1.04456,-0.119919
1.064,-0.608904
1.01944,0.0428991
0.95123,0.920506
1.07919,-0.73956
1.09411,-0.709249
0.964212,1.02387
0.978431,0.597511
1.01027,0.00605827
1.01027,-0.146705
0.938739,0.649856
1.0009,0.228757
1.03932,-0.290192
1.00095,0.142287
1.02857,0.229003
1.11639,-0.92305
1.05193,-0.319154
0.999182,0.15
0.96818,0.259788
0.957791,0.563192
1.01589,0.362086
1.0033,-0.0285818
0.983795,0.329936
1.07883,-0.604911
0.966533,0.444423
0.945355,1.00054
0.996374,0.00552386
0.932882,0.822112
1.00869,0.0855635
1.06602,-0.315404
0.975164,0.108634
1.04484,-0.140144
1.0426,-0.171259
1.02563,0.0734947
0.995365,0.583085
1.03792,-0.0313012
1.00137,-0.052265
0.912905,1.10196
1.01981,0.586388
0.952563,0.829692
1.00881,0.279303
0.972051,0.541842
0.940198,0.773045
0.997172,0.188483
0.949115,0.8475
1.02117,-0.0275224
0.943401,0.508699
0.986815,0.373391
0.965888,0.895377
1.07638,-0.289437
0.974047,0.687862
1.0103,-0.0742681
1.08142,-0.18695
1.01415,-0.0753754
1.00804,0.233439
1.09327,-0.84291
1.02708,0.34672
1.04751,-0.431407
0.965331,0.627089
0.879155,1.19677
0.965303,0.585454
0.988607,0.997952
1.00884,0.225791
0.957175,0.831675
1.02837,-0.0310383
1.03311,0.286942
1.124,-1.20569
0.984318,0.252012
0.976149,0.78357
0.997398,0.280193
1.04942,-0.332145
0.921224,0.966783
0.995582,0.398845
0.99959,0.505939
0.989052,0.372733
0.98877,0.557892
0.982908,0.0252895
1.04701,-0.389747
1.00603,0.0649398
1.04893,-0.164409
0.941788,0.931165
0.9805,0.392307
0.972882,0.39408
0.985624,0.598879
1.03857,-0.667003
1.04722,-0.132038
1.08695,-0.593204
0.981434,0.511576
0.976143,0.505446
0.818848,2.04272
0.99664,0.437825
1.04814,0.353618
0.95072,0.748053
0.929184,0.961659
1.00454,0.133468
1.05462,0.0164261
1.01434,0.411238
0.951177,0.850039
1.00591,0.320503
0.995482,0.331223
0.965254,0.552995
0.961056,0.678604
0.950945,1.11837
1.07817,-0.254034
1.01599,0.192666
1.00883,-0.00566414
0.995785,0.392192
1.07766,-0.283457
0.939603,1.11345
0.99522,0.530084
0.980797,0.421431
0.978819,0.648051
0.972798,0.426124
0.979164,0.458654
0.994025,0.27243
0.985853,0.602246
0.983132,0.314267
1.01575,-0.0486168
1.04568,-0.109756
0.987995,0.355332
1.03453,-0.0973215
0.997156,0.2545
1.05216,-0.228132
1.03041,0.213435
0.967039,0.716919
1.00132,0.704578
0.968716,0.691357
1.01583,0.469239
1.02354,0.405465
0.995011,0.242785
0.967628,0.154031
1.07811,-0.865789
1.02386,-0.159599
0.978577,0.191929
1.01678,0.468489
0.964879,0.972625
1.03727,-0.15648
1.00697,0.199563
0.98718,0.47208
1.04336,-0.265263
0.959837,0.329393
0.984834,0.051073
0.987709,0.384193
1.03744,-0.126723
1.02256,0.105815
0.989817,0.283369
1.06345,-0.236386
1.05442,0.236282
1.04682,-0.114049
0.924418,1.13483
1.01448,0.316273
1.06845,-0.244017
0.932713,1.34511
0.994937,0.642974
1.02216,0.229634
0.978883,0.709157
0.943011,0.800574
0.892282,1.18895
1.03323,-0.199381
0.92927,1.05027
1.07105,-0.235012
1.00224,0.075621
1.01831,0.334344
1.02203,0.154588
0.924352,0.865385
1.06348,-0.186268
0.944933,0.992823
0.950281,0.425997
0.975294,0.683242
0.984404,0.523895
1.02314,-0.0496642
1.02915,-0.0434674
0.992399,0.302688
0.970655,0.915234
1.08877,-0.914744
1.0292,-0.211262
1.03316,0.237472
1.0271,0.187305
1.00585,0.301105
1.04229,-0.0368387
0.991884,0.434167
1.08041,-0.265863
0.987535,0.32708
1.01098,-0.0250071
1.04232,-0.156781
1.0392,-0.22759
1.04319,-0.225419
1.04697,-0.234557
1.04864,-0.178728
0.967122,0.585764
0.968404,0.455018
0.990191,0.581366
1.01495,-0.0436278
0.952411,0.683063
0.964672,0.58846
0.981622,0.480889
1.04221,-0.434324
0.996668,0.412111
1.01941,0.0134254
1.07834,-0.502094
0.993723,0.605338
0.993311,0.368245
1.00125,0.521415
1.0173,0.214445
0.947077,0.536692
1.01665,-0.131416
1.05597,-0.496952
0.984928,0.21254
1.02041,-0.0593752
0.954912,0.530399
1.04075,0.0808302
1.0455,-0.324135
1.00319,0.375946
1.01511,0.321374
1.03003,-0.107702
0.953294,0.60408
0.932715,0.749906
0.97103,0.47369
1.0132,0.381023
0.947923,0.471867
1.04767,0.0601332
1.00062,-0.0944213
0.91981,1.31334
0.969959,0.547785
1.02423,0.112672
1.01482,0.0947762
1.09467,-0.701143
0.939977,1.08581
1.12877,-0.350402
1.04597,0.0324393
1.02344,0.464898
1.03679,0.264962
0.990425,0.657733
1.05394,-0.00513199
1.11766,-1.16744
0.961527,0.663274
1.03761,0.354981
0.970907,0.334376
0.984884,0.555868
1.01424,0.275166
0.961835,0.8011
1.04991,-0.0286652
0.990667,0.340204
1.00075,0.297094
1.04488,-0.106953
0.972075,0.703979
1.03853,-0.115158
1.08397,-0.110181
1.04437,-0.327684
1.02086,0.100325
1.03144,0.225459
0.970512,0.413683
1.03543,0.151239
0.992203,0.0707752
1.07577,-0.343245
1.04393,-0.126857
1.07878,-0.763061
1.02013,0.0987245
0.936754,0.815847
1.00098,0.387761
1.01198,-0.100896
1.00492,0.269003
1.01258,0.352526
0.956194,0.48923
1.08948,-0.279457
0.996637,0.342725
1.00947,0.530504
0.960276,0.931756
0.946531,0.568768
1.04068,-0.0507447
1.03142,0.170617
1.03885,-0.135849
1.01326,0.0985835
1.06028,-0.200524
0.998959,-0.15855
0.994462,0.503839
1.02116,0.0893702
0.971264,0.728949
1.02782,0.499828
0.971967,0.633319
1.00021,0.0853557
1.0549,-0.227524
0.985692,0.510022
0.983888,0.859088
1.05039,-0.190719
0.995332,0.441939
0.94109,0.826375
1.02658,-0.240434
1.00051,0.513455
1.02665,-0.282812
1.06787,-0.317173
1.01619,0.0117848
0.947327,0.854241
0.980669,0.587993
1.00766,0.498705
0.992992,0.274682
1.06413,-0.556914
0.991124,0.479146
0.951391,0.779488
0.994671,0.107471
1.00515,0.066963
0.953592,0.648397
1.01027,-0.0396092
1.00123,0.452596
0.972821,0.34148
0.923437,0.935958
0.928712,1.13842
1.0143,0.421805
1.02289,0.0794374
1.02767,-0.188471
1.01003,0.228571
1.08933,-0.429169
1.03174,-0.139408
1.01831,0.417608
0.999969,0.119435
1.01474,-0.121988
1.01223,0.00321991
0.985474,0.284219
1.02567,0.194979
1.03202,-0.161138
0.977498,0.439405
0.977475,0.57531
0.931972,0.932891
0.970317,0.151623
1.01667,0.257162
0.952551,1.28801
1.03357,-0.0352302
0.963681,0.136359
0.942179,0.859315
1.00758,0.01514
0.971435,0.7231
0.942596,0.937106
0.969871,0.556975
1.04151,-0.189503
0.991967,0.320107
0.96004,0.80544
1.05815,-0.232293
0.991079,0.494078
0.982718,0.655574
1.0199,0.199531
1.01979,0.182835
1.0442,0.110795
0.981602,0.267378
1.00717,0.110948
1.0283,0.135143
1.02837,-0.0401064
1.02171,0.194946
1.0073,0.462803
0.943018,0.416581
0.959564,0.49395
0.994223,-0.177741
0.984954,0.489752
1.05849,-0.585072
1.04398,-0.222156
0.964353,1.07274
0.956955,0.490592
0.983208,0.598786
1.00291,0.812681
0.933642,1.16158
1.02408,0.171192
1.01509,0.442868
0.984644,0.215943
1.09004,-0.606151
1.0372,0.319796
0.988996,0.607166
1.01188,0.173978
0.973267,0.707082
1.15531,-1.091
0.987701,0.0774522
1.01442,0.251826
0.939551,1.12513
0.960195,0.494068
1.07939,-0.470227
1.02841,-0.117794
1.02915,-0.170261
1.04015,-0.0330804
0.973901,0.0699178
0.953641,0.714693
0.967671,0.662529
1.00101,-0.0691497
1.00236,0.315402
0.997984,0.14576
0.9549,1.23206
0.969737,0.740766
1.06482,-0.21736
1.01763,-0.0284145
0.99329,0.606391
0.965131,0.461475
0.985202,0.441324
0.976433,0.777151
0.993393,0.244076
1.00611,0.56558
1.03352,-0.125138
1.04622,-0.132956
0.945783,0.689554
1.06629,-0.230497
0.994845,0.249701
1.01319,0.392682
1.03584,-0.604077
1.00145,0.476935
0.946317,1.01808
1.0053,0.208343
1.01924,0.239228
0.952149,0.965967
0.93489,1.01883
1.02209,-0.0377351
1.00666,0.11083
0.968145,0.698689
0.998044,-0.0113754
1.01152,-0.0354952
0.99365,0.556882
1.09189,-0.426745
0.998325,0.549885
0.955987,0.844401
0.992469,0.571916
1.02188,0.0841861
0.957346,0.613236
1.00306,0.405939
1.08905,-0.842148
0.969462,0.446932
0.977015,0.508178
1.10291,-1.18792
1.03809,0.112593
0.968937,0.896576
1.03639,0.298856
0.960501,0.435268
0.93708,0.950325
0.944397,0.975892
0.941452,0.443175
0.96779,0.306012
0.924945,1.13515
1.023,-0.063399
1.04374,0.0980746
1.04408,-0.382268
0.986454,0.643189
0.991892,0.604131
1.02445,-0.0507542
1.05508,-0.22201
1.07025,-0.288242
0.992217,0.575931
1.01454,-0.054593
1.02248,-0.0707487
0.972542,0.708813
1.03626,-0.139106
0.944728,0.774589
1.0854,-0.821713
1.00105,0.235169
0.989343,0.364227
1.01513,0.36521
0.926677,1.06091
0.952976,1.43895
0.969704,0.4753
0.97436,0.803293
0.960291,0.420691
1.01647,-0.0886814
1.01696,-0.128402
1.0124,0.0141258
0.970033,0.954268
1.0026,-0.0311202
0.934604,0.739275
0.971117,0.520871
0.960566,0.815208
1.03452,-0.201726
0.991097,0.0592575
0.940385,1.00654
0.907617,1.12265
1.04968,-0.272386
1.02081,0.301965
1.02848,-0.0506058
0.912842,1.1194
1.02535,-0.169985
0.977588,0.371566
1.0846,-0.430274
1.02374,-0.111516
1.05461,-0.358654
1.01366,0.145935
0.943001,0.852363
0.955179,0.921655
1.10529,-0.9777
0.994582,0.278957
0.969074,0.571423
1.00943,0.445284
1.08001,-0.352931
1.0019,0.4346
1.0525,0.226467
1.07505,-0.296464
1.02882,0.0714542
0.928915,1.01174
1.02211,0.166341
0.911893,0.928259
1.00329,-0.0511272
0.980905,0.416948
0.971972,0.641424
0.999391,0.470588
0.947748,0.640808
1.12445,-0.581015
0.920261,0.594564
1.05051,0.134117
0.9669,0.601883
0.937654,0.962702
0.962382,0.815849
0.937906,0.864196
0.973622,0.56463
1.00202,0.167214
1.04588,0.0194963
0.960043,0.563048
0.95274,0.737439
0.953976,0.834318
1.09315,-0.792894
0.992408,0.270777
1.02945,0.0328834
1.02258,0.0326633
1.01058,0.280546
0.989252,0.624067
1.006,0.00191696
0.990149,0.540383
1.00957,-0.275918
1.01036,0.249427
0.939252,0.838361
0.99276,0.199516
1.07201,-0.366649
1.07192,-0.504667
0.926912,0.616058
1.03354,-0.208371
1.0783,-0.782729
1.0559,-0.2066
0.958046,0.634818
0.995716,0.210145
0.981855,0.591366
0.971522,0.137453
0.949208,0.623211
0.936416,1.15297
0.938709,0.973266
0.990144,0.470866
0.997819,0.641318
1.01275,0.187114
1.02092,0.295858
1.04099,0.168808
0.993033,0.341336
1.04648,0.0911225
0.977027,0.72507
0.983073,0.297666
1.04464,-0.182175
0.96704,0.709181
1.00098,0.324464
0.98869,0.460448
1.02261,-0.0236421
1.04296,-0.364788
1.01727,0.0981715
1.01199,0.202822
1.05271,-0.198421
1.02589,-0.00201479
1.05624,-0.395759
0.946528,1.07305
0.924911,1.19084
0.959063,0.611358
1.04043,0.0459187
1.03003,-0.118944
1.11488,-1.00003
1.05899,-0.450232
0.98575,0.228956
1.00599,0.410596
0.978574,0.377709
1.02804,-0.212389
0.944371,1.13434
0.944139,0.912314
0.925485,0.959483
0.943055,1.04356
0.955527,0.548747
1.05331,-0.307223
1.0482,-0.0358828
0.984616,0.263464
0.997497,0.550952
1.00653,-0.0553092
0.959798,0.41046
1.02784,0.0716677
0.934858,1.27872
1.05761,-0.479149
1.09809,-1.14143
0.950892,1.1493
0.987567,0.30395
1.03359,-0.246421
0.916897,0.528791
0.988008,0.356456
1.1279,-0.906343
1.04886,-0.0645189
1.01825,-0.013831
0.983511,0.532525
0.967166,0.548827
1.04962,-0.082517
1.00525,0.312096
1.02432,0.0614077
0.966005,0.279711
1.00181,0.202782
0.976575,0.391984
1.01579,0.31983
0.994084,0.371654
0.947368,0.740476
0.985832,0.475555
1.01822,0.217433
1.05612,-0.362233
1.0472,-0.212164
0.937492,0.79992
0.961604,0.422639
1.01171,0.184721
1.04067,-0.355434
1.02491,-0.0931572
1.02617,0.118671
1.01509,0.133341
1.00846,0.182147
0.973739,0.512818
0.994109,0.45329
1.07065,-0.345739
1.01113,0.168053
1.03906,-0.309795
0.987051,0.443188
1.0362,0.365077
0.924642,0.743818
1.01162,0.0575791
1.06306,-0.243254
0.983135,0.0799047
1.00766,0.215242
1.06566,-0.230202
0.990125,0.319795
0.937369,0.640009
0.961173,0.53948
1.04404,-0.225737
0.951645,0.913179
0.959123,0.593822
1.04252,-0.191742
1.02315,-0.132346
1.06608,0.0169534
1.00402,0.344531
0.946139,0.777188
0.910244,1.45389
1.02952,0.245746
1.0263,0.294669
1.0153,0.174347
0.983851,0.321212
0.914995,0.964174
1.0247,0.448929
0.942523,0.849203
0.969945,0.576181
1.09005,-0.232903
0.984741,0.260238
0.904343,1.34509
1.00448,0.144464
0.99628,0.283588
1.03371,0.0624651
1.02146,-0.218794
1.00496,0.342488
1.0177,0.384672
0.949178,0.542784
0.952224,0.9496
1.08156,-0.56238
1.04494,-0.268149
1.03138,-0.11533
1.03084,-0.0501002
0.975032,0.417537
1.03569,0.524875
0.981513,0.746417
1.04386,0.37233
0.945589,0.332928
1.00527,0.192865
1.04144,-0.209138
0.983402,0.60628
1.01275,0.197829
1.013,0.106926
1.00755,0.541834
1.03885,-0.0564964
0.991101,0.328269
0.994287,0.764885
0.945736,0.691065
0.994032,0.500138
1.00605,-0.0120763
0.926534,1.54727
1.04895,-0.160234
0.951177,0.931817
0.953932,0.72345
0.959845,0.221078
0.965566,0.438148
1.0184,0.106264
1.01567,-0.0861702
0.940002,0.783712
1.02183,-0.0761143
1.01172,-0.010855
0.995642,0.0840471
1.0374,0.465265
1.03138,0.266959
1.03308,-0.105834
0.954058,0.546955
0.982508,0.0559184
1.03661,0.28237
1.00453,0.185287
1.04127,-0.46358
0.989328,0.333061
0.967725,0.70213
1.05353,-0.23932
0.941165,0.780669
1.00066,0.463813
0.942718,0.908687
0.952067,1.00706
0.993921,0.480378
1.02355,0.191295
0.899812,1.336
1.06529,-0.236196
1.08838,-0.704729
1.07241,-0.563464
0.915975,1.00137
1.06004,-0.326828
1.04194,-0.255597
1.01864,-0.102582
1.03333,0.0267893
1.00691,0.0328005
0.987233,0.366766
1.07848,-0.25786
0.899196,1.15947
1.03536,-0.600343
1.01701,0.0424497
1.06219,-0.146041
0.980082,0.365747
0.977961,0.339775
0.98877,0.475774
0.971557,0.657802
1.02061,0.205774
1.00914,-0.0207924
1.06488,-0.222696
1.00812,0.0198695
0.927277,1.01944
0.988554,-0.00328595
1.00474,0.112517
0.967941,0.580846
1.01983,-0.0199667
0.990147,0.557566
1.04174,-0.0383322
0.943782,1.00635
0.992302,0.397794
0.990529,0.699915
1.01773,-0.204431
1.08769,-0.576733
1.02778,-0.310017
1.02075,0.0166212
1.01773,-0.200279
0.991237,0.125034
1.02505,-0.00818744
1.01483,-0.122754
0.973081,0.367665
0.971851,0.475242
1.09033,-0.716361
0.965808,0.760143
1.02386,0.488048
1.03607,-0.0909575
0.991028,0.719634
0.954508,0.439491
0.925294,0.909939
1.00868,-0.0596901
0.986999,0.758579
0.994596,0.207418
0.944285,1.1239
1.00495,0.030361
1.08528,-0.681666
1.04298,-0.302775
0.967165,0.62276
1.0664,-0.0611417
1.06648,-0.28038
1.05187,-0.346681
1.03339,0.211295
1.03973,-0.0295744
1.02403,-0.138454
1.02845,0.0819239
0.99096,0.21027
1.04947,-0.0624012
1.02818,-0.0264665
0.98421,0.442403
0.884359,1.17413
0.956774,0.399613
1.01295,0.521164
0.967761,0.762225
1.04125,-0.486742
1.00671,0.43067
1.04488,-0.188316
1.0533,0.00491819
0.973862,1.02525
0.969758,0.61096
1.02873,0.200993
1.04409,-0.0974978
0.929798,0.80908
0.97373,0.583567
1.04231,-0.178073
0.974748,0.490766
0.998342,0.130524
1.02955,0.152767
0.974547,0.652148
0.963516,0.739238
1.01653,0.163874
0.985927,0.203239
0.976794,0.651577
0.983102,0.663442
0.987986,0.459323
0.983319,0.104066
0.994499,0.472326
1.06025,-0.27294
1.03202,0.124415
0.912078,1.40922
0.991627,0.452339
0.997399,-0.121978
1.05546,-0.139742
1.02996,-0.042339
1.02776,-0.0221687
0.998177,0.245155
1.05685,-0.266077
0.979293,0.201151
0.93178,1.16652
1.03108,-0.116251
0.979124,0.670537
0.952321,0.588482
0.997607,0.521048
0.990193,0.0114756
0.966628,0.367435
0.996067,0.202126
0.953964,0.547172
1.0259,-0.198264
1.04092,-0.119013
0.953979,1.02598
1.04518,0.121207
1.04942,-0.359857
0.966408,0.390978
1.0208,0.135096
1.02543,0.120895
1.00576,0.143814
0.912322,1.32767
1.04751,-0.133564
0.998992,-0.0387158
0.972815,0.336272
0.98523,0.653367
1.01261,0.280448
0.995015,0.504447
0.978766,0.214696
0.932909,0.829311
0.976345,0.346089
1.02909,-0.19453
1.03221,-0.296373
0.97878,0.597111
0.98968,0.503971
0.961846,0.337102
0.97984,0.707252
1.03576,0.0261711
1.07116,-0.435881
0.916461,0.843555
0.927961,0.918083
1.00002,-0.00929681
1.10389,-0.493588
0.979824,0.405494
0.900673,1.25442
1.00016,0.109179
1.03785,-0.249956
1.04975,0.400454
0.975486,0.966681
1.00352,0.183285
0.981232,0.619872
0.945925,0.977622
1.02451,0.368675
0.994385,0.570982
0.949812,0.539656
1.01158,0.071195
1.03201,-0.132349
1.02369,0.150568
0.999938,0.321184
1.11775,-0.980373
0.946353,0.919742
1.02211,0.303523
1.01841,0.0329403
0.983981,0.780528
1.06313,-0.349559
1.02323,-0.317747
1.06596,-0.454151
1.1113,-0.906896
1.01547,-0.0283412
0.953904,1.00493
1.00868,0.67006
1.03066,-0.183386
1.0643,-0.659017
1.02198,0.165553
0.98455,0.395372
0.934816,0.796413
0.956817,1.0347
1.00116,0.287974
0.964149,0.993509
1.00555,0.213648
1.01824,0.167525
0.944719,0.785267
0.98401,0.596222
1.01011,0.50875
1.06476,-0.0904118
0.943772,0.998525
0.972957,0.857268
1.05248,0.0567035
1.00701,0.445142
1.01376,0.250061
1.05356,-0.0849891
1.03363,-0.0722473
1.02661,0.374102
1.00841,0.350579
1.05304,-0.526737
1.03697,0.227084
1.02384,0.0438456
1.05973,-0.228752
1.00175,-0.211911
1.0134,-0.0578934
0.937619,1.0223
0.974275,0.157119
0.971947,0.577103
1.01331,0.413257
1.0189,0.0898734
1.04734,-0.326985
0.98775,0.125229
1.02548,0.163144
0.99788,-0.163838
1.06513,-0.474778
1.04145,0.0385029
1.028,0.208738
0.98785,0.158665
1.04719,-0.265645
1.03894,-0.386833
1.00486,0.391021
0.998915,0.297558
0.908359,1.05992
1.01077,0.271715
0.911806,0.945377
1.03072,-0.279207
1.02688,0.248851
0.98662,0.389824
1.00704,0.0405764
1.00533,0.0474953
1.08957,-0.674326
1.03965,-0.374385
0.986785,0.528338
0.963543,0.785552
0.981752,0.613211
1.00047,0.0615697
1.08094,-0.648501
0.97565,0.331328
1.01413,-0.123753
0.965268,0.733005
1.02421,0.430083
0.998835,0.252882
1.01904,-0.169627
0.983507,0.715627
1.00771,0.181379
1.00883,0.167398
1.00761,0.564249
0.971598,0.588062
1.02559,0.252687
1.01498,0.423278
1.02601,0.335252
1.04075,-0.437885
0.954233,0.847512
0.935717,0.915556
0.964864,0.672266
0.90677,1.29742
0.989111,0.449101
1.00612,0.53945
0.995987,0.162298
1.01104,-0.0655174
0.995272,0.0445466
1.02613,0.0287214
1.01847,0.0485066
1.01957,-0.049547
0.977468,0.322889
0.954263,0.677967
0.934187,1.20438
1.01594,0.220466
0.989736,0.546572
1.02524,-0.0635266
0.996233,0.220085
0.903341,1.37713
1.03535,0.280471
0.972244,0.624015
1.06458,-0.282666
0.99669,0.306372
0.959626,0.702876
1.06817,-0.433313
1.04182,-0.244417
0.994518,0.310106
1.04417,0.0396041
0.989752,0.314012
0.929981,0.952745
1.03116,0.0486799
1.01706,-0.013345
0.920044,0.800963
1.09004,-0.39068
1.02885,-0.312601
1.06099,-0.708282
1.03041,0.471596
1.06647,-0.614306
1.02263,-0.124477
0.960331,0.675997
0.894925,1.17997
0.926671,0.695464
1.02181,-0.209061
1.03287,-0.0087631
0.92565,1.11048
0.956207,0.572605
0.978203,0.181282
1.05113,0.132248
1.04169,-0.18544
0.969096,0.390889
1.02017,0.179695
1.01942,0.253667
1.1,-0.602854
1.02829,-0.0950376
1.00645,0.179595
1.02345,-0.0877643
0.988615,0.409774
1.012,0.476034
1.06079,-0.449654
1.0194,-0.186781
0.965003,0.388337
0.99881,0.570648
0.996691,0.296544
1.04918,-0.234022
0.999158,0.189495
0.99233,0.0821765
1.01412,0.424139
1.04921,-0.352692
0.976763,0.601865
0.97549,0.409609
1.00629,-0.0840585
0.972392,0.532422
0.956583,0.580445
1.02544,-0.133169
1.00601,0.278892
0.94156,0.742611
1.0224,-0.164176
1.05388,-0.347929
1.06217,-0.454408
1.02755,0.148024
1.0579,-0.0659359
0.93683,0.738812
1.04096,-0.328075
1.02468,-0.0375822
0.980985,0.321746
1.0015,-0.0632347
0.996156,0.56844
0.992016,0.31089
1.0259,0.316082
1.11046,-0.408158
1.00343,0.281208
1.02971,-0.456317
0.974546,0.562106
0.906589,1.37457
0.971256,0.605726
0.983158,0.440735
1.03416,0.199165
1.02686,-0.387187
1.06355,-0.187171
0.991061,0.27734
0.95665,0.891781
1.03824,-0.383007
0.973013,0.762858
0.983297,0.0442658
1.03422,-0.0820297
1.03866,0.170374
0.997467,0.493573
0.971084,0.746915
1.07188,-0.125504
1.02986,-0.240707
0.951661,0.536909
0.983411,0.410437
0.984522,0.45006
0.904291,1.11003
1.05943,-0.248285
1.07738,-0.850889
1.00678,0.461682
1.01422,0.175231
1.00678,0.619107
0.910521,1.40286
0.959341,0.22198
0.957732,0.532626
1.00371,0.335307
1.01982,-0.501789
0.991333,0.65817
0.9864,0.157567
0.885606,1.0858
0.95839,0.703172
0.94898,0.608771
1.03626,-0.302169
1.05927,-0.550585
1.07548,-0.699131
1.03234,-0.191611
0.958869,0.691161
1.08675,-0.553075
1.03551,0.163963
0.973006,0.462396
0.942392,0.665834
1.0304,0.358655
0.942956,0.805102
0.998068,0.575295
1.04508,-0.147088
1.02344,-0.361977
1.0188,0.00529414
0.98916,0.611816
1.03417,0.141786
0.960911,0.759203
1.05123,-0.0968319
0.91806,0.507763
0.993119,0.32626
0.992741,0.300024
0.990246,0.42047
1.03194,0.268027
0.893133,0.868294
1.00386,0.0266332
0.912181,0.901863
1.03779,0.0413428
1.05555,-0.645773
1.02515,0.203871
0.968572,0.15362
0.927124,1.20252
0.972153,0.108787
1.00303,-0.0978183
1.01702,0.090798
1.0143,-0.132791
0.907281,1.30094
0.997513,0.511268
0.992099,0.305723
0.97012,0.48981
1.03755,-0.193821
1.06157,-0.405102
1.01135,0.084934
0.968465,0.418965
1.0051,0.249356
1.03671,-0.348305
0.922299,1.12173
1.04062,-0.216758
1.05107,-0.372943
1.05189,-0.114219
0.982785,0.788657
0.999533,0.254544
1.02616,-0.382567
1.02808,-0.0206886
1.00495,0.292084
0.944305,1.00289
0.971596,0.640833
1.01314,0.0444046
1.01338,0.151692
0.966054,0.556591
1.13825,-0.846694
1.01428,-0.156461
0.976186,0.857107
0.990123,0.577272
1.02543,-0.000956199
1.08762,-0.321816
0.944308,0.978052
0.936857,0.728197
0.959054,0.540224
1.02692,0.60516
1.02053,0.160548
0.935637,0.953289
0.981224,0.567422
0.961698,1.00315
1.06048,0.0401168
0.960424,0.550188
1.00028,-0.0157885
1.01685,0.158127
0.928578,0.846011
1.00622,0.414488
1.01977,0.178398
0.91999,1.10085
1.07635,-0.553054
0.893586,1.28327
1.05392,-0.487426
0.936017,1.05382
0.958271,0.695553
0.987035,0.255291
0.962939,0.799583
1.09239,-0.840708
0.986639,0.0441588
1.03981,-0.124768
0.972596,0.369876
1.05644,-0.0462748
1.01878,-0.0174327
1.06433,-0.331974
0.957295,0.596599
0.979818,0.334339
0.933475,0.76607
0.980331,0.586616
1.06249,-0.0390073
0.977702,0.88379
0.935996,0.824994
1.00198,0.524787
1.00241,0.422061
1.03541,-0.218725
1.10884,-0.613033
1.04099,-0.0873419
1.02947,-0.0746891
0.987614,0.614504
1.0589,0.123274
1.03798,-0.134815
1.01265,0.190158
1.04485,-0.260328
1.05315,-0.225733
1.01297,-0.00163161
0.966908,0.419931
1.02164,0.157368
0.991246,0.496587
1.02344,-0.0705633
1.0203,0.313081
1.04465,0.226593
0.967981,0.779748
1.01922,0.0711293
0.990392,0.866024
1.02477,0.00104361
0.986153,0.0878565
0.981034,0.387344
1.02103,-0.0306024
1.03182,-0.106336
0.986196,0.384221
1.00091,0.0284021
1.07461,-0.471222
0.967772,0.412551
0.955153,0.476098
1.08258,-0.338991
1.08638,-0.136067
0.970046,0.583275
0.9179,1.01371
1.02739,0.125326
0.902632,0.771657
0.957088,0.135862
1.02584,0.647393
0.989189,0.375784
1.04311,0.125077
1.07083,-0.230916
0.938248,0.981699
0.989142,0.150714
1.04238,0.0591443
0.959426,0.542414
1.05825,-0.439489
1.00179,0.861856
0.992166,0.144495
1.06354,-0.587489
0.940162,0.938315
1.06538,-0.458754
0.968506,0.588723
1.0919,-0.646167
1.05518,0.0689441
1.01435,0.428411
1.07433,-0.22888
1.03944,-0.121595
1.02435,0.306991
1.0088,0.279642
0.946957,0.872621
0.976474,0.255821
0.990301,0.0329955
1.03106,-0.00704245
1.03548,-0.286831
0.971534,0.493594
1.03499,-0.0836683
1.01153,0.088319
1.05548,-0.258054
1.03638,-0.268627
0.930185,1.04882
1.00457,0.0913225
0.979231,0.307094
1.03847,0.150914
0.975528,0.430273
1.06232,-0.460184
1.03316,-0.144948
0.97823,0.770583
0.979489,0.417355
1.03466,0.0136177
0.924882,1.26105
1.02837,0.0406903
1.00262,0.14306
0.961194,0.490211
1.00419,0.557089
1.03579,0.154185
0.995064,0.185111
0.926876,0.947523
1.06499,-0.32712
0.973722,0.155283
1.04329,0.108497
0.941203,0.829631
0.926856,1.2942
0.9995,0.399655
0.90746,1.17219
1.02169,0.301529
0.955742,0.532263
0.923,0.849144
0.924224,1.07364
1.02147,-0.231909
0.992443,0.585925
0.967429,0.706872
0.936905,0.77324
0.97677,0.637052
1.012,0.164862
0.945698,0.763832
0.998519,0.767479
1.07032,-0.484569
0.9905,0.103686
0.989183,0.139229
0.995427,0.111827
0.9798,0.626948
0.974217,0.920066
1.05746,-0.404372
1.01164,0.215378
0.94068,1.0663
1.00998,0.429515
0.960622,0.161969
0.97485,0.460313
1.08952,-0.612316
1.09222,-0.143145
0.979052,0.633573
0.975268,0.593007
1.05302,-0.138868
0.956107,1.00751
0.949685,0.464432
1.05389,-0.130542
1.04559,-0.26858
1.03931,-0.230188
0.946897,0.643239
1.07877,-0.775366
0.956871,0.606508
1.00902,0.501413
1.03813,0.273182
0.928732,0.699788
1.02956,-0.191398
0.958307,0.742399
1.0277,-0.17293
1.02837,-0.0224214
0.947989,0.3798
0.984385,0.712289
1.01806,-0.0804057
1.05499,-0.187217
1.02824,-0.119627
1.07809,-0.310209
1.03177,0.444833
1.0989,-0.984759
0.986176,0.249242
1.10687,-0.890183
1.0231,-0.0841706
1.02185,0.109717
1.01031,0.362335
1.01625,0.0271291
1.06309,-0.645118
0.973451,0.488036
0.971499,0.372683
1.02934,-0.23654
0.989657,0.703631
0.987797,0.197936
0.961635,0.839776
0.933473,0.847347
1.00597,0.0420198
1.00078,0.25803
0.964697,0.901648
1.01688,0.150115
1.06536,-0.467272
0.972215,0.289345
0.981027,0.64358
1.04767,-0.412152
1.03707,-0.0289956
0.978489,0.340779
1.00419,0.157836
1.04493,-0.406697
1.018,-0.189264
0.994997,0.0971237
1.07427,-0.0805914
1.00357,0.254352
0.945691,1.24377
0.979993,0.157933
1.06645,-0.19976
1.00577,0.50678
0.988898,0.452121
1.0302,-0.0223028
1.06367,-0.392396
1.11955,-0.672747
1.01976,0.294756
1.00213,0.101667
1.01438,-0.0337457
0.9001,1.423
0.956599,0.778691
0.995945,0.306507
1.05082,-0.520298
1.02301,-0.178266
0.972477,0.697894
1.0579,-0.0659089
0.898641,1.47348
0.993464,0.259455
0.97085,0.726335
1.07102,-0.296881
0.870889,1.91589
1.01307,0.0974311
1.00267,0.197125
0.974206,0.631032
1.03318,-0.238234
1.02127,0.215454
1.02311,-0.00425778
0.959351,0.886379
1.00404,0.327675
1.07019,-0.200791
1.05543,-0.370084
0.880797,1.46379
1.04726,-0.0871415
1.01576,0.0433338
0.966539,0.865461
0.925083,0.807262
1.02511,-0.00503983
1.00804,0.102917
1.03139,-0.119316
0.889041,0.737788
1.00907,0.0536013
1.0479,-0.0109009
1.03254,-0.410275
0.910206,1.20195
0.999586,0.118495
0.970751,0.771423
1.00225,0.0349144
1.0192,0.2005
1.02241,0.282203
1.03871,-0.488409
0.958426,0.481301
1.04766,-0.52335
0.984134,0.594506
1.00793,0.274699
1.06332,-0.460824
1.13793,-1.14545
0.982515,0.767805
0.992703,0.139433
1.06016,-0.197178
0.996014,0.342754
1.01095,0.224556
0.947204,0.594126
0.977567,0.625173
0.970402,0.943193
0.964108,0.546157
1.02949,-0.0134214
1.03264,-0.281733
1.00054,-0.0545694
1.00069,0.116192
1.08067,-0.790697
1.03063,-0.145192
1.02164,-0.63995
0.985799,0.291053
0.936857,0.972216
1.00087,0.105259
1.03617,0.00384594
1.04091,-0.176848
0.966691,0.583034
0.989622,0.585274
1.07064,-0.482705
1.03884,0.0128673
0.996104,0.589171
0.928922,1.14695
0.902045,1.29998
1.02791,0.114478
0.972388,0.395364
0.930285,0.979487
1.01033,-0.144378
1.00788,0.462246
0.990779,0.497819
0.954315,0.63433
1.007,0.0955992
0.988628,0.509048
0.961427,0.533162
1.02786,-0.195182
1.06235,-0.200618
0.972712,0.468327
1.05337,-0.310703
1.04289,-0.09901
0.944455,0.780123
1.00434,0.684151
1.00953,-0.260309
1.07043,-0.689351
0.941212,1.01543
0.990888,0.570725
1.02884,0.200581
1.00668,0.344053
1.01746,0.223016
0.942052,1.02355
0.986727,0.0871462
1.04493,-0.182201
1.08329,-0.370662
0.964584,1.0885
0.989754,0.162524
1.0026,0.0992625
1.03813,0.330875
0.985891,0.704755
0.996382,0.473178
1.07088,-0.347936
0.93879,0.555629
1.02933,0.389522
0.920642,0.902673
0.999262,0.415307
0.964728,0.693687
0.989297,0.451085
0.985405,0.545299
0.983559,0.485122
0.993536,0.534326
0.956017,0.761713
0.97643,0.27332
1.08601,-0.396114
1.02458,0.361715
1.00267,0.146763
0.935989,0.616896
1.04082,0.285031
0.973702,0.321081
1.026,-0.156063
1.08463,-0.663729
1.07919,-0.538434
0.990647,0.484027
0.978198,0.19893
0.961807,0.666758
0.972503,0.709045
1.05369,-0.411566
0.976708,0.477066
0.986032,0.148164
0.965168,0.605113
0.94316,0.732418
1.05694,-0.0674764
0.932123,0.569863
0.960854,0.42316
0.951353,0.341984
1.01155,0.224149
1.05623,0.0529632
1.05353,-0.283439
1.08315,-0.601771
1.01744,0.331925
1.02386,-0.0737661
0.961983,0.303523
1.02014,0.485682
0.932464,0.853562
0.980388,0.535566
1.1369,-0.733818
1.00706,-0.0848778
0.953886,0.68495
1.02859,0.274267
1.00477,0.115242
0.975316,0.0935635
0.971028,0.6292
1.00657,0.339217
1.1177,-0.788554
0.961716,0.238598
1.06512,-0.500491
1.01353,0.132874
1.01724,-0.0415266
0.967829,0.451226
1.02107,0.285931
0.960934,0.556965
1.00535,0.145298
1.01551,0.138275
1.05622,-0.319114
0.921293,0.950939
1.00031,0.755128
0.955376,1.17359
0.972992,0.490719
0.992509,0.485753
1.01267,0.191396
1.01073,-0.120047
1.04656,-0.0783524
1.10059,-0.171786
0.916202,1.10306
1.00366,0.308886
0.912127,0.907539
1.01406,0.0960992
1.04111,0.0730552
0.963492,0.505607
1.02737,0.266297
1.05563,-0.0184852
0.944241,0.862858
1.02469,-0.200808
1.06992,-0.273113
0.967614,0.393703
0.994122,0.234339
0.995834,0.450815
0.896005,1.33339
0.988906,0.493508
1.0586,-0.211652
0.997742,0.305003
0.979065,0.620758
1.05288,-0.180964
0.991647,0.439908
0.979577,0.452247
1.04417,-0.383205
1.05292,-0.337708
1.1107,-0.815062
0.961447,0.800673
0.974869,0.32266
0.985541,0.430659
1.02709,-0.0565401
1.04292,-0.340258
1.04286,-0.363339
0.980231,-0.0343874
0.999908,0.235987
0.953521,0.575789
1.08024,-0.347205
0.935288,0.824149
1.04306,-0.0601021
1.02237,-0.310256
1.00676,0.287367
0.993633,0.264136
0.994263,0.448798
0.990368,0.438669
0.957214,0.684429
0.975046,0.779508
1.03135,-0.229228
1.0086,0.219564
0.974431,0.796978
1.12467,-0.393003
0.998418,0.050563
0.994754,0.487911
0.931882,0.485139
1.00691,-0.181519
1.00148,0.555366
0.987313,0.89725
0.949504,0.947699
0.98592,0.22172
1.04535,-0.18836
0.982562,0.617267
1.1185,-0.833989
0.980159,0.454937
1.04152,0.282721
0.999616,-0.139962
1.04134,-0.123733
0.923746,1.16111
1.05657,-0.375683
0.979886,0.511188
1.00717,-0.134837
0.966405,0.81881
1.06656,-0.273263
0.920598,1.27511
0.953888,0.792628
1.03503,-0.161725
1.06674,-0.730328
1.09443,-0.908166
0.989586,0.236382
1.0152,-0.284072
0.992304,0.0738302
1.02139,-0.0937945
1.00099,0.251016
0.995677,0.262757
0.993224,0.248681
0.997143,0.831965
1.0001,0.366897
1.0201,-0.358704
1.01754,-0.263227
1.0588,-0.252956
0.982284,0.719064
0.993517,0.271857
0.98651,0.0162006
1.0953,-0.539502
1.04612,-0.125112
1.04001,-0.506155
1.01598,0.273962
0.95032,0.194065
0.968437,-0.0547487
0.989617,0.562521
1.04028,-0.0146837
0.990054,0.208683
0.93457,0.691038
1.01753,-0.209037
1.00114,0.248936
0.907134,0.821183
0.976858,0.358775
0.999817,0.0847113
1.04586,0.215689
1.08728,-0.592574
0.990494,0.31876
0.976876,0.659818
0.984603,-0.00523923
0.937143,0.791761
1.0002,0.0628335
0.977057,0.676248
0.976907,0.313489
1.07562,-0.356001
1.00786,0.264133
1.11001,-0.784389
1.00237,0.544589
1.06491,-0.581912
0.993947,0.484774
0.946353,0.455001
1.03826,0.14286
0.921868,0.98878
1.02303,0.380226
0.880704,1.33822
0.989101,0.6382
1.00149,0.404223
0.956647,0.607656
0.985736,0.263572
1.03252,-0.127259
1.06683,-0.741965
1.02995,0.209896
0.968991,0.532413
1.06668,-0.417963
1.00527,-0.0423946
0.969992,0.497314
1.00765,0.135553
1.06153,-0.352642
1.01455,0.133947
1.04915,-0.106648
0.997572,0.567825
0.97904,0.963182
1.00608,0.33179
1.03948,0.0570723
1.02448,-0.066187
1.00063,-0.0893717
0.923908,0.902589
0.990104,0.28236
0.964921,0.772885
0.993982,0.0635542
0.976572,0.498458
1.01615,0.106786
1.0086,-0.0183565
0.950575,0.704219
0.964382,0.624681
0.977865,0.858277
0.949731,0.637566
0.958329,0.521131
1.04464,-0.326314
1.04405,0.1968
0.973355,0.443825
0.918827,0.730488
0.840384,1.49129
1.01732,0.296486
1.07148,-0.568847
1.06696,-0.809164
0.977825,0.758015
0.954804,0.786937
0.993279,0.433829
0.954628,0.640717
0.950402,0.995287
1.04466,-0.312064
1.03649,0.385848
0.9642,0.754651
0.967561,0.690178
0.980568,0.495543
1.17517,-1.17697
0.969284,0.277227
0.999875,0.495763
1.02345,-0.025691
1.03169,0.201078
0.997322,-0.0016139
0.989536,0.371079
0.953411,0.708223
0.969814,0.810412
1.00618,0.767423
1.03842,-0.220835
1.06581,-0.378712
0.973177,0.810712
1.03867,0.128642
1.05451,-0.0104974
0.945975,0.287446
0.996858,0.198074
1.06824,-0.360458
1.05975,-0.157047
0.986026,0.296398
1.00874,0.0201582
1.035,0.00791294
0.968446,0.254405
1.08125,-0.583636
1.04247,-0.166206
0.971754,0.755425
0.960961,0.50249
1.04564,0.0301087
1.02693,0.0312376
1.00122,0.544774
0.953328,0.763507
1.09238,-1.11787
0.989886,0.258657
1.02609,-0.0548211
0.966482,0.405761
0.96006,0.642802
1.0968,-0.822074
0.934339,0.580114
1.05873,-0.25717
0.992292,0.428708
1.04572,-0.348478
0.962198,1.00914
1.06011,0.00451321
0.98672,0.656784
1.11274,-0.716349
1.10908,-0.775188
1.03469,-0.396127
0.979605,0.262968
0.981539,0.691598
0.944838,0.910576
0.975882,0.526274
0.980447,0.606145
1.05822,0.0252915
0.948822,0.641867
0.997515,0.624519
0.908395,1.50629
0.9999,0.441768
1.01973,0.359665
0.996932,0.333466
0.972767,0.692434
0.957896,0.566118
0.968525,0.876081
0.989752,0.46886
0.988867,0.254515
0.988705,0.770179
1.03463,0.147396
0.941018,0.788454
1.07429,-0.70276
0.994881,0.432931
0.960048,0.58687
1.09052,-0.636291
0.989921,0.347839
0.942341,0.764286
1.00497,-0.107369
0.962613,0.244989
0.988069,0.400353
1.03861,0.0811585
0.948282,0.769479
1.03623,-0.268015
0.961291,0.52177
1.09413,-0.581542
0.963817,0.424705
0.909723,0.994849
1.07517,-0.0313082
1.00616,0.240264
1.05409,-0.117759
1.02468,0.000408652
1.08999,-0.619222
1.03731,0.16022
0.937188,0.853878
0.982356,0.124284
1.00259,0.542073
0.952145,0.909022
0.990331,-0.0353848
1.07888,-0.269445
0.980172,0.692542
1.02607,0.104098
0.956129,0.874601
1.03913,-0.285443
0.970151,0.871166
1.00231,0.434999
1.01096,0.317167
0.97766,0.349612
0.961898,1.08966
0.997015,0.131769
1.02,-0.206809
1.00887,0.164957
1.04874,-0.406562
1.04021,-0.0299643
0.997258,0.213261
1.00638,0.110239
1.05128,-0.254849
1.01477,0.278331
0.998591,0.247737
1.0111,0.585563
1.04768,-0.159547
1.05491,-0.0525199
0.996504,0.33577
0.987223,0.456027
0.925121,1.22002
1.04884,-0.126519
0.983152,0.52445
0.971899,0.478453
1.01147,-0.128701
1.01884,-0.117307
0.976079,0.731554
1.03088,-0.564897
1.01072,-0.148172
0.935029,1.11756
1.0089,0.407955
1.02714,-0.139829
1.00912,0.15453
0.960765,0.781348
0.977094,0.302652
1.09603,-0.728468
0.958849,0.704783
1.04964,-0.156531
0.997609,0.312782
1.00555,0.43803
1.00786,-0.016401
1.01741,0.237403
1.01069,0.215757
0.963214,0.714076
1.07331,-0.478149
1.02614,0.140097
0.99617,-0.092133
0.959889,0.16606
1.02813,0.186183
0.956618,0.323398
0.972956,0.59
0.993233,0.205169
1.00431,0.447258
0.987141,0.726536
0.980875,0.382734
1.04378,-0.316004
1.04775,-0.109673
1.04569,-0.0775354
1.0032,0.302628
1.02685,-0.304891
1.02794,0.588519
1.00577,0.131876
1.01964,0.258659
0.958412,0.463686
1.00112,0.426039
0.941594,0.607112
1.04282,-0.0500026
0.976612,0.205811
0.987295,0.416727
0.985329,-0.165963
0.999203,0.20449
0.986992,0.0749631
0.935058,1.01262
1.07627,-0.313701
0.932466,0.5555
0.969536,0.844743
0.971388,0.386491
1.1195,-0.774071
1.04542,-0.242319
0.962827,0.840382
1.08059,-0.517851
1.00617,0.177725
1.0141,0.175893
0.972595,0.822873
1.00669,0.0593661
1.05973,-0.068059
1.02858,-0.00302164
1.00658,0.349965
1.06161,-0.732384
0.962889,0.494242
0.990208,0.243429
1.00383,0.17392
1.07291,-0.405107
1.04875,-0.184691
1.10622,-0.499843
1.04698,-0.167338
0.951805,0.837346
0.973415,1.08588
1.00834,-0.0405991
1.02171,0.439614
1.08927,-0.877211
1.03476,-0.0295359
0.955959,0.575702
1.02659,0.380932
1.01191,0.135937
1.03943,-0.539076
1.01765,0.345676
1.01859,0.370029
1.06593,-0.299933
0.994544,0.21985
0.994837,0.44313
0.971571,0.607512
1.01074,0.309121
0.951211,0.895547
0.950882,0.363438
1.01187,0.5304
0.998837,0.0856375
1.03166,-0.615711
1.00425,0.268521
0.994724,-0.068792
0.97067,0.816166
0.9824,0.344702
0.982008,0.619145
1.00972,0.113352
1.04274,0.162445
0.864177,1.43954
1.00213,0.217283
1.05768,-0.245306
0.965617,0.823049
1.01775,-0.248273
1.08501,-0.463714
1.059,0.0770728
0.945236,0.990809
1.05943,-0.371075
1.04404,-0.284741
0.898097,1.42533
0.93078,0.722272
1.04189,-0.466873
0.872731,1.61482
1.02572,0.0318583
0.931293,0.730761
1.03787,0.261451
1.10049,-0.312904
0.989428,0.00458892
0.993718,0.259491
0.95798,0.651615
0.914095,1.27991
0.983423,0.458574
0.996732,0.181768
1.01324,-0.00923376
1.02574,0.177199
1.03945,-0.0486027
0.957448,0.0957664
0.971507,0.70543
0.906305,0.874243
1.03027,0.0535586
0.994398,0.511153
1.03403,-0.0840506
0.982067,0.161743
1.00767,-0.319872
1.06887,-0.62641
1.05068,-0.321133
0.939119,0.935842
1.02411,-0.103979
1.0228,0.488877
0.98844,0.864039
0.91864,1.10799
1.09279,-0.711545
0.99347,0.65402
1.06288,0.0458649
1.07394,-0.361111
1.01037,0.248969
0.982054,0.0364035
0.945333,0.979346
1.02826,0.076588
1.04549,-0.122767
1.05815,-0.615351
0.998507,0.593979
1.08654,-0.695601
0.978503,0.724629
1.01676,0.0669437
0.945024,0.812411
0.970067,0.38228
0.996019,0.0982211
0.942528,0.785
1.00931,0.218243
1.01389,0.117427
1.03456,-0.658442
1.0122,0.320468
0.961083,0.373461
1.04638,-0.28748
0.978909,0.332358
1.05371,-0.412127
1.03884,0.0136435
1.00685,0.227728
1.02389,0.112534
0.973915,0.032757
1.07279,-0.333536
1.00874,0.0321369
0.986271,0.270045
0.990519,0.0583339
0.996798,0.168712
1.07464,-0.598833
0.976144,0.503385
0.990879,0.406467
1.01644,-0.0028415
1.08306,-0.625231
1.00686,0.192935
0.990949,0.939977
0.899471,0.857496
1.00629,0.360742
0.994181,0.677991
0.980595,-0.207138
0.930993,0.836382
1.00743,-0.443062
1.02029,0.210265
0.995419,0.530732
1.04979,-0.160375
0.994556,0.135629
0.975954,0.781195
0.978362,0.487692
1.03106,-0.0782563
1.01626,-0.0105568
1.00954,0.206606
0.985344,0.682647
1.02405,-0.0469629
1.02377,-0.052552
1.00779,0.275092
1.00248,0.227333
0.990752,0.134655
0.927183,0.878321
0.989897,0.248381
0.97231,0.564708
0.994227,0.501204
1.0181,0.0724165
0.988598,0.755167
1.01079,0.000670625
0.975631,0.262746
0.982206,0.788351
1.05044,-0.344475
0.991331,0.275
1.00247,0.0942094
0.977308,0.668058
1.07127,-0.968523
1.02504,0.324099
0.952395,0.702137
1.08244,-0.536038
0.89523,1.32151
0.93882,0.543436
1.01339,-0.00165057
1.0229,-0.251272
1.02022,0.162961
1.03206,-0.0918316
0.955942,0.943563
1.06014,-0.740988
1.00583,0.364887
0.958822,0.582778
1.04429,-0.347209
1.01007,0.260304
0.947724,0.270776
1.06287,-0.190285
1.02234,0.416685
0.94153,0.717164
0.979257,0.494896
0.874021,1.39093
0.998366,0.0890585
1.00121,0.0563793
1.07512,-0.196262
1.04576,-0.591652
0.944788,1.123
1.03111,0.0950315
1.07808,-0.624236
1.08828,-0.533977
0.973375,0.724099
0.994669,0.303691
0.897409,1.20918
0.961481,0.574694
1.02472,0.0478995
0.991098,0.31334
1.00771,0.187195
1.03347,0.191547
0.977613,0.618274
0.977167,0.435369
0.928908,0.856008
1.10802,-0.91682
1.01473,-0.0691246
0.985908,0.201102
0.995772,0.646405
1.05082,-0.610267
0.968194,0.842652
0.997749,0.632875
0.94555,0.887554
0.991459,0.386356
1.0841,-0.273124
0.952301,0.899461
1.06767,-0.231968
0.998939,0.250985
0.965252,0.936228
0.928966,1.02532
0.879371,1.01569
1.00767,0.583982
0.974479,0.155873
1.08563,-0.415013
0.985869,0.10743
0.983744,0.245936
0.96494,0.435112
1.02945,0.143401
0.862147,1.48719
0.970298,0.591106
1.03364,-0.232984
0.966986,0.556075
1.02839,-0.106098
1.07884,-0.614036
0.988841,-0.208214
1.07556,-0.167995
1.09048,-0.338712
0.948018,1.02676
0.961303,0.337512
0.994453,0.0606323
1.0525,-0.449007
1.05247,-0.338002
1.04441,0.0445532
0.947606,0.758679
0.955391,0.405729
1.02931,-0.00412402
1.00142,0.288149
0.9579,0.681186
0.992579,0.414617
0.931913,1.347
0.932399,0.810127
0.970853,0.735401
1.07503,-1.02288
0.98683,0.487873
1.01782,0.172857
1.08793,-0.554823
0.998023,0.514899
1.00255,0.452376
0.967655,0.532604
1.00172,0.383208
1.04762,-0.281671
0.965436,0.700535
0.952802,0.630245
0.94863,0.627537
0.9631,0.760541
1.02985,0.0532149
1.03231,0.224321
0.938616,0.590483
1.00422,0.231759
1.1311,-1.04078
0.966105,0.852891
1.04819,-0.049773
0.928077,0.673056
0.986205,0.347499
0.910567,1.02494
0.972288,0.699959
1.05288,-0.488014
0.970851,0.294395
1.02047,-0.217849
1.01279,-0.0884779
1.00379,0.363093
1.03035,-0.170107
0.993219,0.761612
1.01395,-0.108177
1.03213,0.545556
1.00943,-0.0206918
1.02754,-0.233264
0.952805,0.837453
0.963802,0.782641
1.0644,0.0272882
0.999305,0.307008
1.05057,-0.4789
0.990269,0.627582
0.98263,0.188269
0.968198,0.685792
0.998454,0.144336
1.04878,-0.0171981
0.931513,0.884612
1.01189,0.629152
0.962831,0.614137
1.01771,0.230683
1.01769,0.214915
1.05917,-0.179822
0.967264,0.532349
1.00306,0.441323
1.02993,0.0328844
1.02759,0.485693
0.952743,0.877915
1.04599,-0.341933
0.997585,0.298134
0.9617,0.463598
0.914794,1.36352
0.94256,0.714586
0.995823,0.267518
1.07049,-0.174681
0.996284,0.0439872
0.956813,0.876101
0.972251,0.14404
0.97735,0.37656
1.00024,0.341305
1.01101,0.538774
1.0163,0.197231
0.981717,0.693127
0.935339,0.971371
1.01485,0.0384309
0.971718,0.57442
1.03541,-0.103291
1.02757,0.245514
1.04115,-0.156903
1.0043,0.0103951
1.05622,-0.173086
0.978919,-0.0457064
1.04075,-0.143925
0.966249,0.175232
0.989435,0.355099
1.01778,0.411148
1.0412,-0.264671
0.975008,0.395914
0.977958,0.621976
0.970482,0.710289
0.981228,0.61489
0.968812,0.793522
0.989213,0.643589
0.982544,0.793313
0.956766,0.748778
1.09695,-0.498965
1.11377,-0.721536
1.15082,-1.00049
1.03726,-0.288446
0.99603,0.478119
1.02287,0.242475
1.05,-0.246513
0.932096,0.916977
0.986174,0.712145
0.961937,0.614319
0.994452,0.333786
1.11036,-0.76206
1.03803,0.331737
0.954276,0.83699
1.0865,-0.876579
1.02699,-0.301478
0.935676,0.576328
0.994608,0.30516
1.12658,-0.573948
0.950613,0.943968
1.0134,-0.222598
1.06979,-0.264227
0.956002,0.570008
0.980874,0.317064
0.945067,0.926956
0.986819,0.3964
1.0013,0.269354
1.0054,0.206312
1.02665,-0.308864
0.990721,0.35347
0.974872,0.264369
1.02404,-0.271334
1.05692,-0.554184
1.05071,-0.289641
1.06947,-0.252235
1.07003,-0.596693
1.04281,-0.0275537
1.08693,-0.171526
0.952488,0.542082
0.998936,0.441715
1.00409,0.5193
1.01287,0.208192
1.07897,-0.463517
0.933843,1.00377
0.960303,0.59796
1.07161,-0.362923
1.01455,-0.425499
1.02544,-0.106764
0.954566,0.709538
1.06588,-0.373959
0.94437,0.923261
1.05713,-0.298334
1.03543,-0.0608369
1.04734,-0.185146
1.11471,-0.512073
0.99177,0.388434
0.999373,0.485302
0.99268,0.679351
1.02522,0.0166654
0.988467,0.0952876
0.991717,0.871775
1.01393,0.446972
0.995799,0.0402383
0.949481,0.570905
0.935874,0.716049
0.948695,0.863519
1.01159,0.285925
1.01838,0.0442372
1.03576,0.165238
1.00211,-0.00211193
0.993491,0.202791
1.03857,-0.140442
1.03989,-0.343816
1.00908,-0.160181
0.976267,0.581695
1.00709,0.223479
1.08228,-0.377556
1.01663,0.0672216
1.03266,0.160453
1.06192,-0.453025
0.989698,0.225893
0.953668,0.595934
0.977515,0.617948
1.01292,-0.0559851
1.03347,-0.389874
0.89309,0.769291
1.0795,-0.268109
1.02562,0.3341
1.04621,0.020381
1.03805,0.0625261
1.03036,0.0105513
1.00772,-0.182354
1.04132,-0.247418
1.05223,0.0247777
1.05015,-0.455633
0.949616,0.981321
0.977445,0.490938
1.03367,0.239616
1.04556,-0.0495908
0.990356,0.0165774
0.992667,0.202701
0.973425,0.457067
1.04209,-0.0440256
1.02159,0.382579
0.967116,0.193583
0.973038,0.540273
1.03577,0.50433
0.979153,0.139637
1.03858,-0.0622184
0.98013,0.323259
0.935008,0.913959
0.889563,1.74818
1.01501,0.140103
1.01812,0.536223
1.02685,0.233896
1.01523,0.12574
0.960575,0.593024
0.89438,1.33902
1.03916,0.224313
1.07128,0.0399257
0.900298,0.859293
1.00112,0.234686
1.04632,-0.0615457
0.965156,0.49941
1.02104,0.0933402
1.02706,0.049153
1.02926,-0.127167
1.01022,-0.0105572
0.967618,0.76683
0.983616,0.801443
0.998929,0.138396
1.03848,0.17647
1.05628,0.0544096
1.04657,0.115489
0.998114,0.67248
1.01678,0.223269
0.987315,0.788631
1.05623,-0.430646
0.926553,0.618103
0.944947,1.06532
1.02339,0.429293
1.06399,-0.082557
1.02067,0.508284
1.0049,0.279502
0.937541,0.516284
1.05468,-0.342114
1.06435,-0.0568339
1.01469,-0.111602
0.983376,-0.0950412
1.01284,-0.0416661
0.943416,0.915573
1.04569,-0.34778
1.02456,0.342478
0.988274,0.402782
1.03973,0.0289043
1.00255,0.284295
1.00237,0.260708
1.02641,-0.330482
0.982628,0.348628
0.963774,0.67292
0.936677,1.23249
1.00224,0.0481953
1.04087,-0.104965
0.973292,0.388477
0.996122,0.422081
0.985007,0.257364
1.01883,0.311228
0.946858,1.0674
1.03361,-0.253171
0.996325,0.262588
0.97628,0.555313
0.953928,0.649656
0.982104,0.438317
1.00131,0.201758
1.04727,-0.376478
1.06457,-0.524857
1.04048,0.201683
1.02878,0.32361
1.00606,-0.009463
0.982618,0.296063
1.06534,0.0292696
1.06869,0.0188599
0.994107,0.323044
0.988895,0.683202
0.977505,0.681545
1.00003,0.291642
0.977729,0.507591
1.00813,0.59129
1.02645,0.57803
0.968383,0.361746
0.970395,0.496122
0.968274,0.495501
0.990196,0.469154
1.06508,-0.467915
0.994166,0.207273
1.04051,-0.312433
0.93504,0.936511
0.901721,1.18972
0.922911,0.974847
1.02636,0.213862
0.991309,0.395828
1.04461,0.245296
1.01983,0.38128
0.997135,0.1361
1.01613,-0.118134
1.00555,-0.0935417
0.935992,0.982133
0.937178,0.636298
0.901996,1.28678
0.87173,1.28164
1.02374,0.232496
1.03078,0.0602782
1.0104,0.00105567
1.05803,-0.335996
1.03848,0.21053
0.942548,0.518692
0.906219,1.21461
1.02143,-0.162506
0.958996,0.933952
1.04117,-0.11241
1.01031,0.0284959
1.02674,0.191098
0.988839,0.256966
0.966429,0.47597
0.945088,0.694169
1.00466,0.0591434
1.02671,-0.182943
1.07086,-0.75407
1.06805,-0.198296
1.05583,0.211127
1.04199,0.0136968
0.979112,0.493751
0.924058,0.821673
1.02146,-0.122196
0.979406,0.159887
1.06106,-0.399975
0.978477,0.619873
0.965536,0.535073
0.946088,0.387699
0.963235,0.790604
0.934432,1.14067
1.04932,-0.272314
0.950308,0.473899
1.00673,0.360892
1.02357,0.096246
0.950835,0.65224
0.952038,0.521553
1.07979,-0.265793
1.05763,-0.253271
1.04328,0.0253901
0.907496,1.32762
1.0079,0.348452
0.983117,0.395911
1.00057,0.376218
0.927998,0.873992
1.04452,-0.32263
1.02341,0.311702
1.03237,-0.199778
1.02608,0.379361
1.05052,-0.190521
1.03882,0.102118
1.00958,0.277411
0.946359,1.17552
0.989726,0.32623
1.00155,-0.0936374
0.93381,1.0308
1.04475,-0.0173524
0.957704,0.520653
0.961166,0.492673
0.962651,0.265711
1.02118,-0.321585
1.04932,0.0419877
0.969961,0.581722
0.949378,0.447583
1.0498,-0.359966
1.00912,0.359579
1.04531,-0.565115
0.944513,0.910758
1.04659,-0.468598
1.03618,0.183643
0.997895,0.123205
1.03874,-0.276974
1.04536,-0.236317
1.01982,0.0720165
0.98192,0.407216
1.04166,-0.457502
1.01976,0.154311
1.05397,0.322239
1.03186,0.0111078
1.08201,-0.545346
1.03549,0.0153536
0.990804,0.529059
0.980001,0.634749
0.996811,0.479056
0.959663,0.745136
1.01192,0.0292051
1.04396,-0.0388622
0.996954,-0.000705433
1.05451,-0.434575
0.99451,0.355757
0.993529,0.479295
0.984892,0.273104
1.01929,-0.146732
0.990833,0.41407
0.953994,0.77432
1.03885,-0.141465
1.02413,0.215037
0.875098,1.15734
1.05564,-0.0605982
1.03434,-0.330333
1.00831,0.150041
1.04376,-0.451896
1.02035,0.662414
1.00224,0.0982283
1.04545,-0.561029
1.03075,0.0390074
0.945674,0.970961
0.99641,0.475038
1.03329,-0.253647
1.04237,-0.222476
0.960795,0.506156
0.993243,0.423803
1.06969,-0.387944
1.02233,-0.435441
0.959029,0.608773
0.956174,0.611888
1.0491,0.110214
1.07085,-0.382108
0.996248,0.478975
0.947531,0.699375
1.01859,0.280595
1.08131,-0.508729
1.00341,0.319585
1.07545,-0.37875
0.924157,0.947106
1.07268,-0.635278
0.963784,0.777575
1.00531,0.214457
0.999099,0.274205
1.03336,-0.299172
0.939153,1.11666
1.01604,0.345683
1.0481,0.0835149
1.02868,-0.348467
1.00324,0.0824406
0.986198,0.514097
0.984282,0.291453
1.02732,0.381093
1.02899,0.412549
0.879382,1.62438
1.08508,-0.434622
1.0046,0.241582
1.03671,-0.400064
0.956264,0.972844
0.953266,0.788655
1.0239,-0.0822777
0.967291,0.583106
1.02183,0.248919
1.02003,0.0356399
0.991802,0.2637
0.96324,0.240611
0.989911,0.718394
1.02445,-0.172861
1.04037,0.151418
0.973819,0.601474
0.992474,0.140504
0.992255,-0.0307441
0.944717,0.470354
0.996834,0.256132
0.979605,0.947387
0.9583,0.177227
1.05135,0.12903
1.0444,-0.289422
0.910428,1.0782
0.980959,0.713399
0.976334,0.781765
1.0479,-0.0492349
0.991623,0.383944
1.00284,0.121244
0.98315,0.382651
1.02718,0.245418
1.06196,-0.343413
0.953543,1.04631
0.956166,0.738338
1.01922,-0.0483785
0.939364,0.360118
1.04627,-0.447832
1.01551,-0.130484
0.977311,0.37044
1.03346,0.0229061
1.0715,-0.539397
1.04195,-0.0732934
0.91077,1.25552
0.976492,0.842354
1.02865,-0.05488
0.993596,0.521052
1.05512,-0.110155
0.995066,0.392652
1.00097,0.245856
0.997326,-0.0250319
1.02873,-0.0958468
0.912459,0.605068
0.994809,0.468195
0.981114,0.607731
0.997436,0.239189
1.01997,0.0022763
1.05984,-0.313103
1.02165,-0.163899
1.03951,-0.223007
0.964809,-0.0326833
0.917738,0.529961
1.02073,0.612512
0.978812,0.570432
0.925861,1.17054
0.946564,0.604945
0.953748,0.262312
0.956894,0.18247
1.08253,-0.749125
0.973696,0.566508
0.969335,0.683531
0.94908,0.93936
1.04755,-0.150346
0.952292,1.14226
1.00208,0.6972
1.02841,0.0133321
1.02351,0.049221
0.939756,0.688756
1.03773,0.0263614
0.992906,-0.285002
1.04609,-0.0617524
1.01532,0.00433889
0.992815,0.570098
0.943264,0.53011
0.920025,1.12136
0.985777,0.653762
1.03044,-0.15856
0.981003,0.559776
1.01332,0.38898
0.961413,0.770776
1.04036,0.00993695
0.945991,0.835731
0.93833,1.07696
1.01419,0.077597
1.00526,0.222961
1.12222,-0.745124
0.929706,0.922468
0.964747,0.423147
1.08051,-0.736464
1.04708,-0.0181003
1.01874,0.139812
0.953101,0.587446
1.02668,-0.156943
1.03046,-0.15769
0.968202,0.66876
1.04881,-0.144986
0.985305,0.697329
0.997797,0.304908
1.01761,-0.16023
0.944999,0.687553
0.967042,0.66018
0.982259,0.294561
1.11192,-0.993153
0.928904,0.908783
1.00534,0.397895
1.02156,0.16455
0.993725,0.306012
1.10283,-0.683764
1.03946,-0.201536
0.987366,0.409212
0.995833,0.49068
1.09384,-0.629547
1.04981,-0.358617
0.962214,0.777917
1.07756,-0.311246
1.01536,-0.0497435
1.01268,0.105535
1.04823,-0.519767
0.945728,0.824763
1.03515,-0.168236
0.930774,1.14873
1.01744,0.315618
0.978617,0.674241
1.01965,0.272456
0.980024,0.555145
1.0209,0.653377
0.976032,0.529425
0.950202,0.944296
0.917014,1.13807
1.00636,0.288499
1.01764,-0.0504254
1.03673,-0.0661666
0.993525,0.562006
1.00528,0.508546
0.979463,0.131177
1.03178,0.169452
0.989654,0.319056
1.03306,-0.217438
0.998994,0.6824
1.04615,-0.0517865
1.00519,0.225853
0.919349,1.00621
1.00177,0.787735
1.0158,0.437818
1.03669,0.168247
0.988183,0.309007
1.06083,-0.389283
0.9907,0.469433
1.07112,-0.35247
1.01058,0.153723
1.03727,0.282885
0.955962,0.574883
1.00026,0.322309
0.967222,0.415035
0.965773,0.507184
1.02062,0.177105
0.963066,0.468264
1.01826,0.192928
1.08149,-0.388204
0.991067,0.191833
1.06693,-0.236474
1.03954,-0.243145
0.99135,0.332245
0.966007,0.76271
1.05264,-0.384646
1.03515,-0.042111
0.897067,1.25143
1.00581,0.217914
0.996427,0.015765
1.03054,0.0357469
1.12756,-0.921344
1.01357,0.183418
0.971611,0.817603
1.02188,0.0188658
0.945958,0.723734
1.00567,0.307889
0.912307,0.867436
1.03196,0.189105
0.96978,0.657297
0.950258,1.0204
1.01355,-0.432639
1.02054,0.0781176
0.963615,0.57191
0.992084,0.0393905
0.997111,0.255358
1.08565,-0.854448
0.94655,0.509566
0.985598,0.344426
0.996565,0.27663
0.962261,0.941304
1.01858,-0.00908688
1.02435,0.137804
0.934449,0.772549
1.02453,-0.630213
0.974881,0.603108
1.05383,0.0774941
0.980481,0.415205
1.01991,0.116704
0.999941,0.272514
1.01947,0.274043
1.03313,-0.0790431
0.989212,0.277866
1.00007,0.0772367
0.991941,0.50073
0.965958,0.655864
1.04958,0.0917715
1.04004,-0.0635297
1.00428,-0.0309393
1.10343,-0.954841
1.04925,0.0559458
0.919112,0.688291
1.0523,-0.721402
0.947203,0.905034
1.00801,0.217823
0.94473,1.14659
1.01579,-0.171863
0.992666,0.317961
1.08969,-0.636364
1.03613,-0.105893
1.00492,0.481971
1.0287,-0.295437
0.996843,0.304707
1.01208,0.451996
1.16936,-1.40558
0.993843,0.356328
1.06715,-0.0785902
0.96358,0.319019
0.940569,0.938213
0.991066,0.514027
0.991248,0.0514813
1.0234,0.413231
0.993172,0.576889
0.965152,0.743968
1.03769,0.0947521
1.06184,-0.315058
0.916814,0.526999
0.957796,0.382402
0.917677,1.17202
1.02188,-0.375787
0.972353,0.153824
1.01477,-0.0291071
0.914784,1.49525
0.930047,1.20385
1.06311,-0.389135
0.988486,0.484893
1.01693,-0.176622
1.01339,0.145909
0.979737,0.87199
0.982599,0.645445
1.00738,-0.0104721
0.912004,1.37847
1.06257,-0.760716
0.954488,0.615401
1.07354,-0.0309239
1.06903,-0.459593
1.07576,-0.710594
1.02891,-0.17583
0.945246,0.603042
0.986257,0.169364
1.04414,-0.0946571
1.07338,-0.491694
1.01556,-0.169826
1.00152,0.642026
0.994481,0.187277
1.02668,0.155263
1.06579,-0.313285
1.00863,0.0455106
1.02741,-0.160696
0.965571,0.370893
1.06146,-0.360388
0.988047,0.368746
0.994707,-0.37737
1.01388,0.389472
1.02496,-0.210407
0.974287,0.0084016
1.04856,0.099873
1.0394,-0.171166
1.03361,0.0666314
0.966369,0.72038
0.916628,1.23732
1.0173,0.194668
0.970071,0.873123
0.958151,0.877675
0.9521,0.789904
0.993872,0.18651
0.959423,0.787386
1.04086,0.128154
1.01034,0.283713
1.04719,-0.0115154
1.02284,0.194219
1.01898,-0.381954
0.991207,0.390537
1.06335,-0.262578
1.0468,-0.128446
0.995769,0.470547
1.03345,0.292896
0.923827,0.705881
1.05825,-0.178233
1.00381,0.328259
1.05481,0.14019
0.985277,0.452816
1.03082,-0.106191
1.06049,0.067238
1.0193,0.127453
1.03939,0.0216854
0.972533,0.909361
0.999346,0.249072
1.0316,-0.0752462
0.973434,0.463606
1.03835,0.1002
0.924572,1.10094
1.02523,-0.137123
0.965636,0.63037
0.957355,0.681839
0.930704,0.569247
1.01165,-0.154512
1.02137,0.00191095
0.99228,0.272719
0.967186,0.661514
0.999337,0.455045
0.931259,0.565051
1.10894,-0.411215
0.985878,0.266535
0.956174,0.564572
0.975391,0.80387
0.97706,0.395099
0.981114,0.387833
0.9334,1.11866
1.08315,-0.922993
1.01253,-0.342791
1.01027,0.359128
0.99776,0.246827
1.07061,-0.527356
0.922916,0.857634
0.93366,0.931198
0.966141,0.697883
0.961013,0.578022
0.954378,0.706698
1.0286,-0.0445488
0.924528,0.717365
0.982857,0.77032
1.00894,-0.140413
0.941385,1.22583
1.10699,-0.952623
1.06144,-0.175868
1.06072,-0.202313
0.900771,1.6542
1.059,-0.0194435
1.00058,0.306159
0.949238,1.11236
0.966525,0.766386
1.0825,-0.718111
1.05709,-0.0350176
0.993995,0.159491
0.903991,1.06034
0.984557,0.40826
1.10073,-0.367683
1.0174,0.202672
0.990009,0.169463
0.923463,0.82558
1.01451,-0.183188
0.998577,0.321332
0.926239,1.03433
1.01341,0.0678292
1.00875,0.19589
1.05726,-0.252147
1.02975,-0.0920193
0.945221,0.714673
0.993979,0.42996
1.13197,-0.716708
1.01339,-0.115863
0.987507,0.395867
0.95101,0.446177
0.997471,0.223602
1.02517,-0.08355
1.00468,0.0597991
1.06565,-0.32378
1.07524,-0.947955
0.956837,0.651984
1.02056,-0.00442391
1.04531,-0.0763876
0.956351,0.441453
0.925401,0.803803
0.950426,0.701537
0.92762,0.840983
0.982558,0.588304
0.980578,0.910154
1.11292,-0.679759
1.01722,0.262973
0.901178,1.27089
0.946866,0.503503
1.0162,0.294471
1.07173,-0.80018
1.01019,0.140513
0.964088,0.516085
1.06117,-0.0144475
1.02624,0.0452684
1.02838,-0.206703
0.991359,0.596551
0.954132,0.286468
1.06003,-0.0194169
1.01319,-0.0247444
1.0569,-0.0509079
1.02646,-0.251979
0.995258,0.159581
1.03927,0.209381
0.923311,0.966014
0.970814,0.980192
1.0422,-0.504432
1.05976,-0.434196
0.999783,0.421955
1.00562,-0.0849329
0.950559,0.635354
1.05192,-0.469139
1.01163,0.360112
0.937749,1.15037
1.01654,0.0927791
1.03054,-0.113981
0.992687,0.251725
0.980316,0.577505
1.00695,-0.0100333
1.00178,0.227019
0.993368,0.381653
1.03175,0.314069
1.00925,0.244735
0.999297,0.226207
0.98574,0.34597
0.968757,0.62575
1.00296,0.351458
0.971578,0.452735
0.999493,0.189458
0.980762,0.374977
0.971593,1.15832
1.02757,-0.0366252
0.982297,0.917382
1.01354,-0.492166
0.937823,0.922213
1.08268,-0.463589
0.923564,1.02847
0.972495,0.340644
0.984064,-0.0236375
1.04819,0.026647
1.08697,-0.704875
0.997741,0.259609
1.03087,-0.0945979
1.02828,-0.137714
0.981236,0.513927
0.914147,0.837944
1.02841,-0.0181299
1.02921,-0.000245855
1.03575,0.0820968
0.942374,0.464301
1.00357,0.100297
1.00002,0.428734
0.974559,0.462031
0.977417,0.78532
1.02084,0.291915
0.910927,1.32998
1.021,0.0803509
0.959059,0.275614
0.970847,0.695098
1.0515,-0.149771
0.974344,0.779595
1.09781,-0.530542
0.976521,0.325367
1.0461,-0.0842448
0.966428,0.429638
1.05822,-0.112273
0.966251,0.833175
0.895032,1.34836
1.11164,-0.534556
1.0828,-0.446519
0.954934,1.36801
0.991031,0.34834
0.965773,0.893637
1.03988,-0.137411
1.04739,-0.281892
1.02193,0.0556719
0.987538,0.619047
1.01977,-0.0231185
1.03913,-0.255114
0.991116,0.71481
1.02026,0.0794051
0.977751,0.882951
1.03286,-0.0762262
1.00532,0.0290368
0.945436,0.918871
0.989116,0.0719264
1.01465,0.142156
1.00368,0.409957
1.02951,-0.0356142
1.07162,-0.71926
0.975323,0.410208
1.09161,-0.662899
0.896168,1.17761
1.05367,-0.247762
1.09732,-0.89793
1.01381,-0.00166583
0.982015,0.72664
1.0659,-0.28644
0.974831,0.571247
1.01903,0.1458
0.993254,0.440024
0.98817,0.472662
1.06064,-0.271281
1.0102,0.237896
0.981296,0.298697
1.07658,-0.219062
1.05413,-0.414407
1.00219,0.384445
0.968889,0.995908
1.05287,-0.0413478
0.979082,0.378219
0.955716,0.79849
0.991871,0.355675
1.04818,-0.0324536
1.01713,-0.0702889
0.959429,0.441235
0.976162,0.626396
0.946565,0.767969
0.918936,1.47736
0.999067,0.274784
1.05822,0.262642
0.942744,0.675532
0.928863,0.942793
1.00521,-0.0648468
1.0524,-0.425145
1.04155,-0.210996
0.980548,0.528272
0.971118,0.557364
1.06637,-0.374472
1.019,0.182832
0.966112,0.790712
0.998601,0.22922
0.938615,0.956566
0.981253,0.235557
1.02725,0.109972
1.00401,0.52891
1.04511,-0.151798
1.02152,-0.105226
0.97249,0.281445
0.919338,1.11149
1.04242,-0.420765
1.01366,0.223054
1.00409,0.307119
1.03353,-0.141005
1.00274,0.417728
1.05059,-0.154845
0.947565,0.76845
1.07921,-0.563721
1.00563,0.240912
0.988672,0.316025
0.977082,0.6456
0.992747,0.26714
0.999816,0.313353
1.0023,0.123712
1.01252,-0.237154
0.927341,1.09552
1.04582,0.306205
0.995372,0.256365
1.01465,0.3921
0.993917,0.431816
0.906732,1.32799
1.09125,-1.12679
1.02123,0.304795
0.998192,-0.060595
1.11888,-0.660505
1.03865,0.0628483
0.959618,0.705897
0.938691,0.887993
1.00558,0.388397
1.05516,-0.395164
1.06105,-0.101474
0.923225,0.700078
0.999106,0.409144
0.978133,0.799756
1.09277,-0.373363
1.00122,0.577377
0.98618,0.915707
0.981151,0.391101
0.930529,1.34936
0.994712,0.140673
1.00941,0.275149
1.0139,0.423568
1.08787,-0.329328
1.01402,-0.0733519
0.987216,0.427678
1.06858,-0.26372
0.970219,0.698586
1.0185,0.209196
1.04785,-0.149787
1.00002,0.461905
1.06001,0.181615
0.943829,0.583988
1.04263,-0.282571
1.04608,-0.279048
0.954541,0.793708
1.02499,0.366118
1.01612,0.1361
1.0247,0.234282
0.977059,0.295184
0.947598,0.672602
1.07874,-0.508962
1.04814,-0.213064
1.13126,-0.99913
0.920636,1.29671
0.971702,0.520549
0.99607,0.0466741
0.991327,0.315593
0.99636,0.1961
0.958912,1.13455
1.03961,-0.0193652
1.08559,-0.284054
0.940801,0.546988
0.996969,0.491861
1.00924,0.258408
0.910424,1.12101
0.982455,0.398087
1.07942,-0.317619
1.02464,0.0736635
0.974591,0.347532
0.98332,0.622879
0.997224,-0.0700548
1.02926,-0.327575
1.03997,0.0157878
0.854636,1.68962
1.00447,0.182473
0.997053,0.399355
1.00263,0.250383
1.06577,-0.258133
0.981606,0.661219
1.0679,-0.487016
0.904945,1.46733
1.10006,-0.605538
1.04702,-0.211647
1.06606,-0.219516
1.04946,0.097423
1.04529,-0.129631
0.88644,1.21753
0.995422,0.461451
0.956505,0.409157
1.03119,0.0945045
0.988293,0.266624
0.986729,0.477977
0.962715,0.504252
1.00488,-0.0181643
0.941004,1.08476
0.973141,0.513296
1.05238,-0.239345
1.03988,0.0012707
0.957431,0.825629
0.991133,0.056202
1.00666,0.237169
1.0549,-0.275661
0.906879,1.05975
0.996298,-0.0167444
0.996982,0.489689
0.897245,1.14786
1.0374,-0.21227
1.01733,-0.224579
1.10496,-1.01125
1.02959,-0.155331
0.981643,0.34258
0.939663,1.3444
0.970791,0.537208
0.9732,0.30904
1.08764,-0.659322
1.03463,-0.172583
0.950836,0.593632
1.0308,-0.212235
0.999198,0.295292
1.01551,0.356632
1.01023,0.030409
0.992808,0.399444
1.01718,-0.173245
1.02953,-0.00182594
1.04805,0.137099
1.01212,-0.0991419
1.04085,0.140743
1.11568,-0.659171
0.941211,0.854595
1.01096,0.0977455
1.07305,-0.27119
1.02225,0.316847
0.943001,0.840057
1.00149,0.0630316
1.03866,0.00507675
1.09667,-0.317513
0.947213,0.651843
0.992534,0.36072
0.94952,0.879786
0.970509,0.749436
0.966472,0.731148
0.955205,0.541836
0.891284,1.44581
0.886682,1.15733
1.0257,-0.194459
1.01073,-0.10675
1.04151,0.0620158
1.05283,-0.523848
0.92546,1.09289
1.00572,0.194314
1.03335,-0.0354293
0.987726,0.124265
1.04095,0.014482
0.970144,0.406349
0.983227,0.195242
0.995529,0.349558
1.0312,0.215892
1.06128,-0.203913
1.05965,-0.270175
0.916872,0.853885
1.05148,-0.0380976
1.03257,-0.122281
1.00104,0.169349
0.997491,0.440358
0.915874,1.01282
0.965802,0.70947
1.04087,-0.465322
1.00063,0.638775
0.99163,0.320156
0.958045,0.55542
0.987617,0.35246
0.91848,0.962294
0.967242,0.422207
0.974545,0.512466
1.05097,-0.174263
1.00956,0.024623
0.985983,0.64271
0.996199,0.226986
1.01384,0.305899
1.02293,-0.0407573
1.04157,0.144867
0.969624,0.744181
1.01524,0.120072
0.951572,0.874993
0.987316,0.563418
0.962853,0.657188
0.902379,1.06073
1.00056,0.222298
1.04668,-0.132566
1.05671,-0.266712
1.04036,-0.241436
1.05545,-0.147734
1.00654,0.155393
1.07711,-0.763531
1.01388,-0.278248
0.940361,0.842183
1.00772,-0.143551
0.982228,0.345087
1.05555,-0.156557
1.0468,0.277309
1.11871,-0.532104
0.979693,0.225948
0.988702,0.601833
1.03024,0.395752
0.979997,0.19655
1.05133,-0.109233
1.00151,0.269397
0.992612,0.514117
0.953639,0.996653
0.952888,0.738169
1.00536,0.423818
0.936702,1.07217
0.9467,0.858167
0.984083,0.780859
1.00778,0.221122
0.959848,0.495356
1.03851,0.310828
0.981472,0.549875
0.962007,0.653031
1.02865,0.37215
0.935044,0.918143
0.963793,0.290907
1.00186,0.483563
0.962373,0.570217
0.957008,0.731508
1.00013,0.512675
0.996327,0.0588743
1.03879,-0.0465794
1.03687,0.129454
1.03189,-0.0695855
1.01107,0.360019
0.952689,1.14172
1.04278,-0.0990089
1.03887,-0.0238744
1.01735,0.568753
1.02122,-0.039687
1.09259,-0.433923
1.02997,0.22452
0.998759,0.66207
1.06212,-0.602439
1.0198,0.398869
1.02388,0.242796
0.946294,0.82413
0.986356,0.394208
0.975663,0.369449
0.948806,0.831032
0.951279,0.685091
0.959512,0.706185
1.01716,-0.187241
0.954266,0.969872
1.01022,0.169326
0.999649,0.112691
1.05154,-0.135789
1.01481,0.114214
1.01018,0.374521
0.965822,0.593177
1.01397,0.0121323
1.04511,-0.106355
0.946794,0.858947
0.979911,0.470086
0.985133,0.177056
1.05651,-0.592446
1.01712,-0.0927459
1.13523,-0.460072
0.986872,0.38443
0.929285,0.914019
1.0045,-0.290789
0.997803,0.138274
0.966773,0.807636
0.959492,0.688718
0.916218,1.10264
1.02502,0.247732
1.05633,-0.39141
1.04969,-0.324604
1.02007,0.17521
1.06764,-0.381341
1.05483,-0.0879963
0.978903,0.597087
0.992541,0.389246
1.03866,0.116968
0.98501,0.478084
0.946883,0.673319
1.02998,-0.0793693
1.00277,0.729403
1.01239,0.297635
1.01875,-0.140247
0.967253,0.218041
1.06768,-0.212131
1.06404,-0.51797
0.968846,0.724201
1.01383,0.00370053
1.03378,0.00207911
0.982642,0.366683
0.900224,1.18164
0.933589,0.591416
1.00966,0.569343
1.06547,-0.0763746
0.936669,0.653937
1.07253,0.0445895
0.967537,0.243794
0.938023,0.814925
1.006,0.151246
1.01332,0.386286
0.999399,0.335357
1.00157,0.151298
0.960569,1.28903
0.974537,0.324007
1.0063,0.332076
1.10267,-0.315631
1.0072,0.338227
1.03552,-0.17052
0.950949,0.872272
1.12011,-0.791774
1.03652,-0.0379569
1.04637,-0.173811
0.935231,1.04203
0.94555,0.375927
0.966811,0.304296
1.00101,0.228492
1.01993,-0.366255
1.04481,0.0909238
0.945554,1.18578
0.910934,0.899208
1.04288,0.0323889
0.891542,1.05173
1.04396,-0.0469248
1.02841,-0.0321787
0.960444,0.518161
0.993051,0.0886748
0.95414,0.729878
0.969896,0.564108
0.980074,0.485296
1.04483,-0.0540344
1.04145,0.0947378
0.994758,0.250563
1.00329,-0.0825287
1.01909,-0.0872109
1.02823,-0.23511
0.979675,0.593534
0.919736,1.25424
1.01749,0.426429
1.04111,-0.153476
1.00681,0.247526
1.03389,0.299174
1.03122,-0.16944
1.01483,0.0729575
0.992277,-0.138423
1.04244,-0.0403379
1.03951,0.0182866
1.01108,-0.0767776
1.04196,0.0339739
1.05566,-0.269451
0.998641,0.0700199
1.02852,0.00141956
0.973367,0.867226
1.01695,0.234771
1.014,0.406902
0.976221,0.491707
1.01312,0.272672
1.02644,0.102354
1.00894,0.259091
0.992708,0.0945156
1.02374,-0.123412
1.04512,-0.0171539
0.981859,0.497056
0.996107,0.471265
1.03088,-0.422742
0.976497,0.416939
1.0104,0.0280285
1.02508,0.495209
1.05853,-0.44661
0.991486,0.411887
0.97836,0.380775
1.09633,-0.553028
1.01368,0.403442
0.999789,0.343295
1.02088,-0.12025
0.973471,0.552909
0.985734,0.698919
1.06451,-0.167134
1.0226,0.112253
0.998974,-0.087301
1.03976,0.0753135
1.06813,-0.582792
0.998487,-0.15493
1.04492,0.0670693
1.01361,0.0931571
0.997885,0.252293
1.04008,0.0786618
1.06364,-0.244276
1.02845,-0.243105
1.02306,-0.07748
0.997967,0.154086
1.02727,0.216549
0.97906,0.489644
1.00608,0.226552
0.992958,0.390463
1.02373,0.385229
1.05069,-0.0755772
0.965043,0.547717
1.0568,-0.292361
0.960941,0.712064
1.01454,0.149134
0.905148,0.973424
1.04121,-0.0987739
1.01727,-0.230101
1.04227,-0.0669591
1.0415,0.065619
1.03815,-0.315241
0.998838,0.175402
0.952991,1.02701
0.908015,1.07156
1.05941,-0.229284
1.05479,-0.502478
0.924367,0.931213
1.00199,0.261548
1.00725,-0.0700117
0.974296,0.609077
0.961742,0.442182
0.988638,0.32315
0.950542,1.02201
0.962215,0.721474
1.00836,0.197548
1.09392,-0.560501
0.957892,0.604474
1.03484,0.0201848
1.02551,0.554922
0.943306,0.703422
0.999688,0.225073
1.07222,-0.361029
1.06708,-0.721948
0.945034,0.740858
1.04389,-0.357391
0.961934,0.471788
0.980587,0.535368
1.03355,-0.0672816
1.04124,0.105587
1.01761,0.0388785
1.04142,0.189019
1.06959,-0.933881
1.01143,0.372402
0.972312,0.417209
1.06948,-0.173444
1.00202,-0.103883
0.933611,0.525825
0.958791,0.557392
0.959599,0.343248
1.0872,-0.462408
1.04316,0.221254
0.936233,1.17335
1.01734,0.329668
1.02038,0.0616179
1.01535,0.54972
1.01876,0.0470318
0.99665,0.170858
0.976667,0.547948
1.04791,-0.274275
1.01184,0.169925
1.0745,-0.360712
1.03228,0.211709
1.03619,0.422976
1.05267,-0.130542
0.992585,-0.0196409
1.03236,-0.0548098
1.06194,-0.317628
0.997052,0.14442
0.978062,0.811514
1.01112,0.200148
0.956608,0.843744
1.00138,0.446656
0.982128,0.587394
1.02768,-0.121225
1.05168,-0.117801
1.03056,0.144146
0.958325,0.334782
1.03731,-0.0206889
1.03806,-0.212853
1.09429,-0.686572
1.0089,0.171299
0.983437,0.550141
1.07399,-0.153747
1.046,-0.103054
1.02798,-0.251339
0.997973,0.364517
1.03031,-0.272504
0.974659,0.588229
1.02008,-0.124902
1.00089,0.24228
0.962346,0.96969
1.0454,-0.0855496
1.02634,-0.00436396
0.942638,0.616556
0.961059,0.650046
1.05485,0.0887456
0.933355,0.753087
1.01035,0.0419223
0.986375,0.539902
0.983716,0.368873
1.04454,0.107086
1.05766,-0.367442
1.0692,-0.500164
0.982301,0.508351
1.03709,-0.0249893
1.05625,-0.172991
1.03531,0.0656683
1.07003,-0.231227
1.07434,-0.361455
0.969569,0.475647
1.05372,0.0768225
1.01975,0.0267576
0.953567,0.859849
1.01588,0.226813
0.924459,1.20153
1.00852,0.0415111
0.873006,1.70051
0.993213,0.480309
1.00105,0.370179
1.14099,-0.736393
0.978788,0.418664
1.0039,0.0745052
1.01163,0.132288
1.06144,-0.188297
1.04294,0.161933
1.00674,0.0231887
0.988581,0.189549
0.982541,0.53491
1.00349,0.537319
1.00918,0.200671
1.02015,0.30223
1.01303,0.259518
0.950325,0.777803
1.00169,0.324168
1.00192,0.0568141
1.01254,0.33302
0.966514,0.523909
0.966454,0.571072
1.0225,-0.0547029
1.04555,-0.181862
0.958403,0.413612
1.01855,0.285316
0.905295,1.43462
1.00945,0.136957
0.990965,0.908227
0.987316,0.563541
1.02017,0.0454079
0.945655,1.17026
0.902004,1.16469
1.00991,0.163291
1.03208,0.17557
1.04366,-0.212477
0.974357,0.477412
0.984394,0.0680064
1.01094,0.268616
1.0819,-0.512433
0.990134,0.46078
0.981052,0.322491
0.927288,1.17733
0.978081,0.313637
1.1487,-0.970818
0.935383,0.833613
0.933356,0.786905
1.00648,0.372169
0.972646,0.465362
1.00419,0.294006
0.998133,0.230061
1.0691,-0.218784
0.944596,0.741925
0.998418,0.804299
0.968109,0.529856
1.02599,0.176049
1.01705,0.0680152
1.05258,-0.150773
0.993643,0.151802
0.974765,0.626488
0.97496,0.948511
1.02696,0.763296
1.04788,-0.579164
0.969093,0.584513
0.977177,0.598689
0.965831,0.509635
1.04427,0.129485
1.08706,-0.535703
0.933883,1.02888
1.00833,0.507236
1.01617,-0.0436262
0.982801,0.654905
0.919061,0.981479
1.00937,0.580035
1.05028,-0.550924
0.99638,0.204066
1.00197,0.493259
1.00924,0.356677
1.01591,-0.473118
0.98806,0.591043
0.920983,0.959231
0.962201,0.633218
1.01965,0.415968
0.946408,0.553193
0.98949,0.539278
0.991361,0.56087
1.04248,-0.260973
0.959879,0.754706
0.997406,0.342702
0.972433,0.491423
0.98132,-0.121787
0.993101,-0.105998
1.0274,0.0759955
0.997768,0.142033
1.00694,0.663755
0.947317,1.18113
0.990057,0.453808
1.02068,0.42408
0.959149,0.257759
1.06892,-0.399658
1.00021,-0.311435
0.947662,0.525903
0.989158,0.298616
0.992522,0.0593223
1.02547,0.0102285
0.944459,1.10883
1.06361,-0.273272
0.973146,0.708381
1.10945,-1.00562
0.96373,0.841757
0.936894,1.30395
0.964861,0.0253476
0.999017,0.253203
0.881077,1.07855
1.0664,0.00410165
1.06263,-0.193412
0.965707,0.710926
0.966625,0.791533
1.00032,0.331697
0.972709,0.663945
1.00315,0.0893311
0.992551,0.537602
1.03642,-0.500475
1.01936,-0.0627877
1.04389,0.0475337
0.9989,0.12574
1.02633,0.0244538
0.998628,0.20851
0.975166,0.643601
0.945209,0.672504
0.900086,1.31388
1.11589,-0.69483
1.04252,-0.349104
1.09272,-0.120827
0.9737,0.802615
1.04985,-0.33103
1.02809,0.142014
1.00903,0.16843
0.991738,0.144255
1.06065,-0.542515
1.02901,-0.00821053
1.01164,0.215828
0.982348,0.46378
1.00285,0.0130356
1.06708,-0.111675
0.911057,1.21299
0.993083,0.231221
1.04403,-0.309446
0.965727,0.560343
1.04758,0.0895792
1.03985,-0.295675
0.962321,0.474545
0.965939,0.871977
1.10291,-0.489849
1.00961,0.192496
1.05601,-0.572881
0.967806,0.743451
0.956712,0.565729
0.998119,0.312417
0.995134,0.307078
1.02027,-0.133512
0.903011,1.08717
0.991206,0.338038
0.965542,0.627495
0.992121,0.385976
1.00527,0.211354
1.04336,-0.0909576
0.997593,0.0990268
1.07057,-0.777761
0.965566,0.734151
1.08249,-0.48534
0.953871,0.486403
1.00441,0.32273
0.996269,0.764337
0.978466,0.0714058
0.8992,1.41919
1.06434,-0.465295
1.00136,0.0934802
1.03982,0.0717452
0.956509,0.774298
