slope,intercept
1.12964,0.722252
1.14207,0.284678
1.11915,0.747361
1.10076,0.833397
1.18761,0.0245841
1.18676,0.498289
1.03491,1.14
1.12541,0.668408
1.24443,-0.0559837
1.05898,1.03777
1.24434,-0.281732
1.09736,0.7225
1.12073,0.565204
1.11282,0.574348
1.13616,0.70035
1.2017,0.519685
1.27769,0.228715
1.19734,0.070462
1.1522,0.3093
1.18594,0.193622
1.04697,1.2699
1.13739,0.341452
1.08914,0.584976
1.12673,0.586846
1.22361,-0.0319857
1.102,0.703535
1.15481,0.748413
1.112,0.698516
1.07636,0.91564
1.17861,0.144604
1.14172,0.412622
1.16141,0.115579
1.21106,0.0899456
1.13298,0.324982
1.22021,0.123387
1.19201,-0.0936964
1.06282,0.6198
1.10798,0.664386
1.1141,0.785425
1.13557,0.589572
1.20979,-0.00589769
1.19225,0.247736
1.10905,0.669144
1.16764,0.367957
1.10745,0.914921
1.15896,0.481353
1.17021,0.405554
1.10773,0.47153
1.16217,0.536393
1.122,0.598533
1.19788,0.0994563
1.15651,0.157413
1.12373,0.719593
1.14664,0.419303
1.11885,0.618101
1.12794,0.427432
1.13768,0.702306
1.14482,0.288398
1.16277,0.444631
1.11058,0.956098
1.17734,0.346629
1.13251,0.553291
1.11065,0.476998
1.07235,0.737022
1.17886,0.173926
1.19486,0.329575
1.07828,0.825194
1.20313,0.056448
1.11354,0.562507
1.02877,0.971027
1.1822,0.285825
1.20401,-0.0284433
1.19201,0.250982
1.0849,0.78283
1.12466,0.360968
1.16354,0.36333
1.10998,0.605585
1.14311,0.673257
1.14664,0.340088
1.02113,1.25007
1.1454,0.494191
1.11234,0.702632
1.13388,0.483844
1.18717,0.238617
1.10008,0.896651
1.11321,0.682249
1.17004,0.298949
1.17697,0.381084
1.07345,0.724016
1.1259,0.51659
1.16876,0.315246
1.20606,0.0838975
1.1697,0.307427
1.18413,0.262685
1.14571,0.519495
1.11789,0.535256
1.17768,0.0792078
1.0771,0.96416
1.14328,0.596917
1.20917,0.0780821
1.16218,0.188288
1.06718,1.0418
1.1747,0.391668
1.11462,0.74536
1.04951,0.769119
1.08378,0.745832
1.15927,0.0914003
1.10533,0.728824
1.11065,0.472623
1.13629,0.272434
1.13922,0.539662
1.13142,0.474303
1.1551,0.63735
1.13756,0.33228
1.06718,1.18328
1.15519,0.223948
1.14191,0.233544
1.07185,0.760398
1.02521,1.44495
1.11374,0.723231
1.11323,0.870812
1.1467,0.614684
1.12527,0.514859
1.19373,0.145522
1.20823,0.371709
1.16265,0.529453
1.10941,0.771917
1.15394,0.355767
1.03928,0.923066
1.1644,0.361961
1.09396,0.672066
1.17829,0.35818
1.11701,0.627656
1.11125,0.540778
1.20367,-0.0287472
1.11841,0.631397
1.1148,0.479982
1.18607,0.206226
1.19772,0.245146
1.15882,0.313371
1.09464,0.74902
1.17569,0.528494
1.17831,0.24474
1.17277,0.228474
1.18183,0.198198
1.13635,0.479405
1.13964,0.168137
1.15486,0.148219
1.1578,0.584212
1.08816,0.473773
1.14388,0.652763
1.21245,0.156419
1.2002,-0.100028
1.12706,0.689922
1.10797,0.812449
1.14676,0.435157
1.14785,0.339197
1.12054,0.585708
1.08547,0.87094
1.13002,0.391571
1.18985,0.356526
1.21794,-0.0689803
1.0991,0.708787
1.17204,0.505307
1.1091,0.500445
1.10058,0.737051
1.16173,0.136686
1.16657,0.284507
1.13726,0.319048
1.11814,0.611232
1.11815,0.311131
1.10818,0.657886
1.19364,0.375469
1.1483,0.185883
1.08063,0.867182
1.16277,0.254502
1.11796,0.840896
1.11748,0.849718
1.12423,0.279746
1.1357,0.437354
1.15889,0.375599
1.11713,0.494607
1.16196,0.107546
1.06884,0.954757
1.15939,0.333523
1.08728,1.0446
1.16083,0.259433
1.21551,-0.228184
1.14637,0.43887
1.17522,0.537774
1.23107,0.218864
1.18356,0.408811
1.06007,0.652289
1.09342,0.946994
1.20955,-0.216642
1.09346,0.439606
1.12019,0.213248
1.12878,0.772527
1.06945,0.879477
1.18985,0.275434
1.16147,0.373488
1.10929,0.288039
1.13273,0.599515
1.06202,0.674292
1.19727,0.0300495
1.15539,0.402398
1.20296,0.116287
1.22754,-0.0163133
1.24643,-0.0649823
1.15257,0.637237
1.07555,0.696592
1.15279,0.638776
1.16876,0.408707
1.18731,0.465878
1.14012,0.359424
1.18333,0.347277
1.12587,0.483876
1.04474,1.08479
1.21527,-0.0618549
1.18299,0.159597
1.10861,0.474096
1.0781,0.646159
1.15898,0.217692
1.11858,0.718165
1.20196,0.313974
1.20285,-0.025216
1.18697,0.359221
1.07545,0.977031
1.16394,0.288405
1.18838,0.202167
1.14757,0.49669
1.18227,0.176754
1.16451,0.322697
1.13183,0.344762
1.07146,1.01539
1.13825,0.680612
1.02504,1.21576
1.10412,0.787108
1.16207,0.154036
1.15386,0.41614
1.11096,0.669592
1.09289,0.683786
1.08635,0.884756
1.09556,0.590786
1.1154,0.59073
1.17269,0.177044
1.15623,0.643187
1.04379,1.07599
1.09941,0.778712
1.13087,0.54627
1.20921,-0.154308
1.07986,0.817786
1.16854,0.307484
1.11772,0.810885
1.14229,0.511346
1.0566,0.727827
1.15432,0.666841
1.19042,0.64642
1.12824,0.66886
1.14383,0.467799
1.15865,0.41867
1.21654,0.215595
1.21977,-0.0621161
1.15307,0.30287
1.12431,0.28978
1.14572,0.179062
1.20353,-0.129636
1.09272,0.795145
1.13849,0.53954
1.10889,0.750741
1.16652,0.380961
1.11804,0.548249
1.12575,0.719087
1.22269,0.104445
1.13508,0.475566
1.12099,0.553669
1.13361,0.722212
1.14596,0.246717
1.11731,0.29714
1.20701,0.442006
1.15828,0.519679
1.19371,-0.0541621
1.10834,0.346882
1.10013,0.662043
1.17253,0.572947
1.2445,-0.342305
1.11736,0.586704
1.06701,0.846186
1.18093,0.096591
1.14978,0.375817
1.20164,0.374655
1.07794,0.936687
1.20743,0.0934235
1.19827,-0.0827126
1.19801,0.0919746
1.17771,0.0253347
1.15281,0.269333
1.16746,0.379057
1.08493,0.548383
1.18219,0.235725
1.13176,0.530143
1.15466,0.393833
1.18536,0.0645935
1.07314,0.839863
1.10007,0.924548
1.12764,0.416367
1.21492,0.370424
1.12488,0.54619
1.09118,0.906715
1.14867,0.49778
1.19422,0.420061
1.12471,0.467354
1.09601,0.496149
1.16647,0.456322
1.12456,0.646534
1.1204,0.60882
1.11437,0.48835
1.11786,0.605866
1.13961,0.372373
1.14204,0.285282
1.16406,0.198012
1.17,0.310328
1.15796,0.651203
1.08014,0.731617
1.14499,0.462201
1.1832,0.314829
1.15988,0.220988
1.13618,0.452811
1.08128,0.733522
1.12864,0.490544
1.18156,0.2456
1.09619,0.821146
1.1615,0.488793
1.08262,0.638408
1.07823,0.700615
1.11208,0.668656
1.03755,1.07688
1.16166,0.248905
1.13671,0.531137
1.2247,0.121426
1.19776,0.234353
1.14547,0.548979
1.22353,-0.0447822
1.18219,0.269197
1.19885,0.311954
1.20986,0.0216468
1.15492,0.220857
1.12796,0.498455
1.21626,0.257463
1.11941,0.498011
1.15931,0.478781
1.09674,0.606263
1.07751,0.806164
1.16807,0.455439
1.2056,0.0144881
1.12239,0.448147
1.17311,0.231048
1.09363,1.00181
1.12394,0.566675
1.16197,0.340627
1.23658,-0.402169
1.1325,0.679827
1.0092,1.27926
1.08921,0.666282
1.13836,0.190312
1.11314,0.569148
1.11962,0.589128
1.17621,0.337465
1.09428,0.747616
1.09842,0.558119
1.21325,0.075558
1.07375,0.963993
1.11262,0.611832
1.07512,0.57667
1.19854,0.289912
1.14758,0.259775
1.08075,0.745114
1.16532,-0.101279
1.10591,0.67644
1.21993,-0.0635671
1.12613,0.208297
1.22564,-0.0502811
1.16347,0.209421
1.0832,0.80706
1.11404,0.563522
1.13869,0.608967
1.15325,0.454106
1.23831,-0.0448551
1.15781,0.324206
1.1543,0.297998
1.18623,0.232663
1.08258,0.702798
1.16334,0.393468
1.11639,0.726334
1.12348,0.694038
1.11968,0.450229
1.15478,0.394228
1.09808,0.629788
1.22845,-0.0929722
1.18994,-0.117877
1.22491,0.318864
1.07027,0.876855
1.17548,0.430653
1.17441,0.401657
1.1127,0.518114
1.10004,0.618794
1.17264,0.25531
1.16678,0.548864
1.02351,1.15742
1.07845,0.7785
1.13071,0.759245
1.13963,0.617042
1.09662,0.698776
1.1618,0.450415
1.17302,0.15742
1.104,0.355844
1.13519,0.687259
1.07762,0.904211
1.18941,0.048927
1.04747,1.15807
1.21738,-0.0376392
1.16033,0.367765
1.18615,0.281638
1.16789,0.527032
1.08521,0.318838
1.08857,0.473174
1.05789,0.659581
1.19497,0.548549
1.206,-0.133029
1.17143,0.0347677
1.1887,0.0247866
1.1249,0.649986
1.07779,1.02378
1.03859,0.781367
1.17784,0.184651
1.00917,0.985236
1.1375,0.446865
1.18174,0.462095
1.0691,0.676742
1.10823,0.644266
1.1745,0.243564
1.11757,0.336301
1.13702,0.684002
1.18017,0.192647
1.18647,0.310495
1.15242,0.557727
1.15377,0.194039
1.13127,0.551287
1.09904,0.729611
1.14815,0.492996
1.12973,0.497277
1.12939,0.537836
1.12255,0.410577
1.12889,0.577235
1.18498,0.468999
1.13731,0.576347
1.16457,0.564224
1.1336,0.288914
1.24779,0.107461
1.18211,0.336136
1.14513,0.322445
1.21184,-0.00658288
1.17466,0.144221
1.18229,0.480669
1.05923,0.936347
1.16834,0.126462
0.983778,1.35982
1.15381,0.268889
1.17069,0.238325
1.11355,0.468277
1.14476,0.37437
1.07608,0.963129
1.11661,0.80901
1.18716,0.109354
1.06331,0.782967
1.00593,1.00613
1.19567,0.201753
1.08987,0.727383
1.06885,0.792171
1.12999,0.641736
1.07228,0.896626
1.16649,0.247016
1.146,0.530828
1.17546,0.016035
1.11838,0.725161
1.14525,0.430772
1.19336,0.0252416
1.19193,0.133965
1.08539,0.777905
1.13232,0.0653976
1.15888,0.385804
1.20481,0.105307
1.05329,1.16357
1.20733,-0.0442962
1.1276,0.64415
1.1995,0.165218
1.18542,0.0390195
1.17449,0.444358
1.06632,1.03026
1.12242,0.230297
1.14937,0.393139
1.21598,0.0145268
1.15774,0.187921
1.11692,0.550448
1.16829,0.148589
1.13901,0.785426
1.21789,-0.0764526
1.08573,0.698888
1.15996,0.294918
1.17438,0.272298
1.18891,0.302617
1.12709,0.655913
1.07889,0.560079
1.12979,0.660193
1.10476,0.421623
1.13452,0.555783
1.04621,0.868145
1.13686,0.425661
1.14475,0.604099
1.12278,0.725782
1.11004,0.772415
1.17756,0.532987
1.1252,0.382008
1.1697,0.357238
1.14481,0.28724
1.16494,0.279121
1.2049,0.0420461
1.15795,0.281208
1.12337,0.462107
1.14285,0.5273
1.18577,0.114191
1.17034,0.463406
1.06317,1.02004
1.17232,0.300667
1.21656,0.126079
1.12512,0.617956
1.1403,0.345408
1.03693,0.902832
1.12754,0.572405
1.17481,0.449528
1.16087,0.630318
1.1405,0.260466
1.14559,0.437325
1.11944,0.529976
1.05929,1.0563
1.09488,0.630287
1.11699,0.377765
1.27104,0.206994
1.18409,0.393368
1.20468,0.176944
1.03084,0.835849
1.0419,1.25457
1.03014,1.2355
1.13225,0.490211
1.15109,0.351055
1.15154,0.0259017
1.14652,0.376597
1.13694,0.501649
1.22144,0.109785
1.16194,0.449162
1.09653,0.957011
1.1863,0.400969
1.15062,0.538324
1.2159,0.168802
1.13082,0.370791
1.12805,0.459264
1.16303,0.189801
1.09352,0.620388
1.12053,0.570359
1.14619,0.522656
1.05468,1.27875
1.26521,0.090947
1.14204,0.774398
1.11369,0.499335
1.16388,0.397931
1.12719,0.722973
1.1844,0.285912
1.10091,0.740738
1.08052,0.730007
1.15557,0.702653
1.12924,0.53915
1.12826,0.427275
1.14034,0.297311
1.09225,0.722466
1.18753,0.491244
1.15425,0.0988779
1.09884,0.657465
1.1474,0.243567
1.06414,0.974417
1.18418,0.18779
1.12174,0.752024
1.10417,0.344598
1.20107,0.130807
1.11598,0.288519
1.17485,0.137398
1.21831,0.101601
1.18716,0.0330499
1.14943,0.576
1.11453,0.712039
1.10549,0.502709
1.04464,0.940236
1.16739,0.107493
1.0938,0.878728
1.15801,0.334887
1.19526,0.275148
1.14942,0.736239
1.11833,0.801614
1.16459,0.46916
1.10949,0.746429
1.08549,0.767566
1.11386,0.537358
1.14463,0.554523
1.21222,0.215275
1.09142,0.953612
1.14266,0.38811
1.11439,0.396112
1.15127,0.193725
1.22129,-0.20897
1.1968,0.105224
1.16891,0.380539
1.15657,0.296651
1.12962,0.495657
1.09895,0.648744
1.05924,0.967224
1.20198,-0.248228
1.10617,0.444162
1.13203,0.280761
1.09496,0.640359
1.04498,1.01498
1.13749,0.3462
1.18793,-0.0135447
1.19478,-0.0390089
1.05459,0.923844
1.10385,0.587446
1.06932,0.806828
1.15783,0.392866
1.14372,0.356888
1.13514,0.314765
1.09185,0.450959
1.10987,0.530902
1.13185,0.321208
1.16177,-0.0259149
1.13245,0.31846
1.16518,0.29705
1.19429,0.152301
1.08998,0.690531
1.18679,0.263306
1.1243,0.506209
1.13578,0.409307
1.16492,0.339227
1.16057,0.177827
1.17425,0.38406
1.05775,1.03931
1.09446,0.746902
1.19616,0.13173
1.14933,0.369227
1.1641,0.525211
1.1071,0.751566
1.19069,0.487435
1.06819,0.860707
1.08875,0.565909
1.19985,-0.310319
1.15786,0.3864
1.11431,0.417978
1.19097,-0.0600545
1.19358,0.404765
1.20888,0.0853993
1.04958,0.922744
1.16736,0.484425
1.0635,0.928799
1.18277,0.559223
1.0882,0.678242
1.20328,-0.0193363
1.18951,-0.0827673
1.21684,-0.20059
1.174,0.24245
1.11796,0.545988
1.01952,1.27624
1.12014,0.4805
1.11556,0.78103
1.08895,0.807874
1.18308,0.0575296
1.06329,0.677776
1.07767,0.9279
1.16951,0.116575
1.10898,0.863949
1.15698,0.534163
1.12071,0.733625
1.16857,0.345666
1.12824,0.520502
1.22562,-0.0212584
1.02745,0.859866
1.1997,0.0993489
1.11273,0.605787
1.13077,0.693056
1.13122,0.422094
1.14391,0.248545
1.11678,0.70996
1.105,0.782021
1.15807,0.172106
1.15347,0.397496
1.11163,0.49928
1.21555,0.0167305
1.19754,0.357693
1.07812,0.863229
1.06999,0.791979
1.1302,0.306917
1.07775,0.776426
1.11817,0.639167
1.1274,0.458683
1.11498,0.388417
1.19817,0.247093
1.13125,0.552408
1.2233,0.0612055
1.21958,-0.0894019
1.08024,0.778987
1.17698,0.387375
1.12166,0.74613
1.10912,0.533825
1.05306,0.78425
1.20258,0.108843
1.16798,0.183251
1.14183,0.516663
1.17131,0.201307
1.08153,0.631536
1.14663,0.638168
1.18119,0.481002
1.09995,0.799908
1.1767,0.215238
1.17456,0.264284
1.17701,0.244094
1.06592,0.800515
1.11649,0.406917
1.09965,0.731101
1.11491,0.833086
1.16826,0.515978
1.13834,0.805179
1.1763,-0.0454124
1.07889,0.952452
1.10983,0.718761
1.08993,0.80459
1.12658,0.575624
1.09653,0.47301
1.08345,0.657698
1.15461,0.26657
1.11538,0.495004
1.1137,0.515219
1.15894,0.631406
1.12513,0.496452
1.23588,0.0277104
1.20317,0.0948944
1.17821,0.0725471
1.05831,0.804427
1.10112,0.639119
1.11177,0.562014
1.06264,0.672132
1.17894,0.0461818
1.1604,0.115762
1.07261,0.712041
1.246,-0.0292173
1.13711,0.496801
1.15888,0.361844
1.22617,0.0218707
1.12948,0.440317
1.21043,-0.00372076
1.13786,0.64961
1.14194,0.394569
1.10369,0.658965
1.14837,0.459739
1.22282,-0.212838
1.15528,0.190198
1.11098,0.4142
1.0782,1.11236
1.18126,0.202816
1.13027,0.466056
1.16524,0.462307
1.13801,0.713502
1.19249,0.095213
1.15393,0.491922
1.11748,0.634793
1.24144,-0.0768638
1.11738,0.659404
1.08037,0.658462
1.23914,-0.218422
1.0968,0.616396
1.13033,0.531651
1.10302,0.616636
1.1135,0.356672
1.16155,0.194443
1.09402,0.716314
1.08843,0.715563
1.13438,0.369671
1.21831,0.135814
1.12793,0.72442
1.18261,0.406714
1.15005,0.384078
1.10579,0.575877
1.10462,0.68549
1.16216,0.1933
1.09211,0.57104
1.12261,0.572721
1.13108,0.559413
1.0887,0.940737
1.12704,0.49416
1.16113,0.199103
1.08608,0.580229
1.15984,0.0817429
1.17043,0.610681
1.12479,0.478407
1.07158,1.03223
1.16568,0.0747338
1.10623,0.517363
1.13167,0.45352
1.12023,0.543482
1.1839,0.163373
1.04521,0.745389
1.08978,0.66741
1.1459,0.547248
1.16682,0.330543
1.09388,1.0504
1.22531,-0.0576133
1.15724,0.262436
1.15896,0.285722
1.10942,0.432319
1.1225,0.315123
1.1053,0.796313
1.09979,0.803576
1.17236,0.545451
1.15819,0.105386
1.11198,0.362603
1.11499,0.688654
1.08933,0.706565
1.13945,0.636936
1.13029,0.358014
1.10764,0.563202
1.1182,0.415393
1.1259,0.795086
1.13159,0.443211
1.22933,0.348543
1.14949,0.471899
1.06847,0.611235
1.0944,0.56929
1.17438,0.237261
1.06127,0.532476
1.12928,0.485774
1.09779,0.894982
1.16559,0.143025
1.07435,0.820166
1.11606,0.952912
1.10055,0.594433
1.14671,0.197439
1.23606,0.00358797
1.16156,0.119281
1.23478,-0.161058
1.10821,0.644134
1.18362,0.393117
1.19318,0.263292
1.11611,0.867011
1.12464,0.718901
1.15865,0.293791
1.22522,0.19833
1.13691,0.347327
1.15348,0.282071
1.15732,0.309374
1.06965,0.760382
1.13978,0.330201
1.16222,0.281233
1.11207,0.423446
1.13683,0.573181
1.23142,-0.394911
1.19915,-0.0397013
1.11816,0.412883
1.15928,0.413222
1.11724,0.570385
1.12716,0.508893
1.19714,0.0333732
1.07619,1.0383
1.07625,0.683813
1.17135,0.290052
1.0405,1.07397
1.12091,0.556114
1.12109,0.431471
1.10518,0.535868
1.20817,0.406186
1.17462,0.191419
1.18667,0.339085
1.19824,0.372096
1.09397,0.430357
1.12801,0.363039
1.18589,0.293508
1.1642,0.514263
1.10698,0.687374
1.23976,-0.322
1.10065,0.506333
1.00637,1.3295
1.10529,0.774597
1.16822,0.558986
1.19201,0.179894
1.14564,0.470005
1.18285,0.306759
1.15112,0.444296
1.05894,1.24898
1.07835,0.853685
1.23352,0.0211136
1.16054,0.228317
1.175,0.448594
1.11349,0.673333
1.22721,-0.266068
1.16019,0.0542251
1.22658,-0.0139253
1.19344,0.355444
1.11299,0.488395
1.20995,-0.0192217
1.128,0.931855
1.1979,0.0826965
1.10785,0.510651
1.16715,0.341906
1.20674,0.0892896
1.13651,0.654375
1.2167,0.11914
1.12424,0.54539
1.14866,0.348931
1.12755,0.265966
1.13588,0.47749
1.18417,0.226658
1.09517,0.572082
1.10517,0.7611
1.07626,0.967851
1.2632,-0.157173
1.20398,0.33314
1.15342,0.379985
1.16621,0.600091
1.13737,0.470301
1.18802,0.238187
1.14547,0.453678
1.17794,0.173769
1.14661,0.295125
1.13408,0.554167
1.18261,0.497314
1.03762,0.9516
1.14834,0.431342
1.17521,0.282957
1.1336,0.339084
1.1434,0.538002
1.15969,0.100188
1.04384,0.835232
1.18192,0.27094
1.16133,0.267248
1.11363,0.797233
1.10164,0.53911
1.10378,0.757152
1.12975,0.916319
1.06817,0.789652
1.10578,0.599867
1.01322,1.46314
1.08906,0.635059
1.14176,0.383209
1.12087,0.5261
1.21271,-0.0605613
1.12151,0.586396
1.1744,0.279308
1.09612,0.904146
1.08008,0.619683
1.14882,0.459829
1.12114,0.758705
1.14274,0.51438
1.09502,0.426311
1.15568,0.240722
1.13958,0.521157
1.16268,0.0417861
1.13496,0.685363
1.15996,0.192906
1.17206,0.0598467
1.17667,0.381721
1.09553,0.899544
1.14516,0.457477
1.17383,0.220431
1.10635,0.549861
1.16805,0.195632
1.12477,0.347922
1.13943,0.574873
1.12011,0.474012
1.1799,0.22303
1.21873,-0.229061
1.08142,0.902623
1.12134,0.32291
1.14137,0.493863
1.05796,0.712644
1.20049,0.164064
1.09409,0.550219
1.1577,0.321553
1.18867,0.168783
1.16386,0.374569
1.12813,0.558676
1.09113,0.873105
1.12223,0.755901
1.07553,0.996179
1.10205,0.471625
1.07122,0.792941
1.13515,0.602734
1.21595,-0.127266
1.16061,0.184818
1.03872,1.06019
1.12096,0.718555
1.10105,0.674367
1.08385,0.768692
1.12369,0.390886
1.18693,0.0729388
1.0835,0.720621
1.12303,0.752886
1.07882,0.765205
1.13057,0.65085
1.13072,0.649494
1.13058,0.549565
1.07224,0.832134
0.996768,1.1706
1.08525,0.730893
1.09711,0.668451
1.13045,0.60147
1.11677,0.843318
1.17888,0.347192
1.13772,0.650264
1.11931,0.788292
1.16445,0.174099
1.15606,0.403626
1.09915,0.571439
1.14098,0.509798
1.13964,0.288544
1.13004,0.455805
1.14358,0.316721
1.12314,0.80927
1.19975,0.117212
1.13606,0.516509
1.0978,0.656103
1.10366,0.679462
1.15303,0.464204
1.14563,0.45643
1.02994,1.32651
1.06331,1.017
1.15259,0.431749
1.16168,0.608791
1.15854,0.465507
1.11798,0.309047
1.14092,0.463918
1.19423,0.34487
1.16825,0.211569
1.23862,0.119726
1.1295,0.55666
1.14012,0.553305
1.12383,0.562114
1.17217,0.197748
1.09477,0.56956
1.02401,1.47131
1.07243,0.937921
1.15908,0.412098
1.13171,0.487894
1.12971,0.599
1.08163,0.872509
1.11529,0.78171
1.09886,0.636509
1.15367,0.101646
1.1023,0.546576
1.15305,0.44605
1.14535,0.545024
1.17481,0.14569
1.05949,0.887052
1.14504,0.27892
1.0776,0.866957
1.20581,0.0884298
1.1024,0.537688
1.15735,0.369082
1.05719,0.959703
1.18732,0.182187
1.11125,0.619656
1.14804,0.399127
1.11528,0.398087
1.15027,0.260116
1.122,0.669545
1.14573,0.254145
1.14155,0.494936
1.12918,0.322789
1.08607,0.761719
1.05015,1.03181
1.16568,0.312455
1.17779,0.16051
1.21053,-0.0156577
1.15032,0.296255
1.25755,-0.0585658
1.12058,0.542432
1.09658,0.86934
1.20768,0.19609
1.17518,0.310985
1.12865,0.18677
1.09558,0.821397
1.15615,0.286005
1.07304,0.817057
1.20072,0.164529
1.06925,0.803316
1.14059,0.266503
1.19844,0.041448
1.07472,0.685809
1.08939,0.618395
1.11395,0.586407
1.13191,0.386316
1.15078,0.360727
1.16777,0.699058
1.0776,0.516615
1.16787,0.43975
1.11436,0.385892
1.141,0.372254
1.18882,0.357215
1.07806,0.688431
1.19733,0.0134162
1.10498,0.579142
1.09007,0.772654
1.15123,0.480528
1.10886,0.780339
1.22935,0.0077468
1.12853,0.756765
1.17497,0.195375
1.12712,0.859629
1.11824,0.536712
1.18947,-0.122746
1.08699,0.774305
1.15542,0.373944
1.11413,0.613334
1.07137,1.08995
1.12519,0.475678
1.16372,0.397305
1.17871,0.639627
1.13161,0.32787
1.19456,0.162061
1.16732,0.518963
1.09402,0.793946
1.15586,0.652173
1.18725,0.101617
1.12539,0.615787
1.16823,0.276286
1.12591,0.623357
1.17904,0.566413
1.16358,0.253271
1.12754,0.252438
1.13087,0.562341
1.13536,0.63841
1.10902,0.531632
1.1268,0.507028
1.07534,0.736221
1.077,0.929971
1.10753,0.817416
1.14275,0.80006
1.19279,0.625168
1.11575,0.632486
1.17834,0.415606
1.07622,0.916342
1.11056,0.518146
1.12478,0.652897
1.12539,0.446006
1.15508,0.495047
1.14668,0.392108
1.17747,0.212698
1.1037,0.67658
1.04796,0.917555
1.13392,0.41038
1.12385,0.674908
1.11038,0.737861
1.13205,0.582656
1.06722,0.835993
1.14236,0.362869
1.10493,0.667615
1.20076,-0.0990539
1.07083,0.929473
1.19877,0.126825
1.16819,0.228381
1.11437,0.703171
1.15509,0.41819
1.17949,0.383245
1.11188,0.719897
1.15551,0.348116
1.06939,0.936076
1.14301,0.117022
1.12709,0.401925
1.15959,0.255077
1.07255,0.877419
1.08858,0.707232
1.11063,0.52052
1.132,0.553898
1.12782,0.465504
1.11622,0.641546
1.11401,0.769002
1.13428,0.337414
1.19356,0.0829259
1.10044,0.809795
1.1994,-0.0147801
1.11757,0.806391
1.14612,0.61707
1.16046,0.364994
1.04867,0.956766
1.11264,0.424378
1.20173,0.461502
1.08157,0.948906
1.11852,0.690862
1.16758,0.0943447
1.18926,0.200084
1.15886,0.397852
1.26977,-0.356544
1.22131,-0.0775895
1.05693,0.849661
1.06211,0.742458
1.078,0.874571
1.17709,0.318963
1.14641,0.402714
1.13547,0.634766
1.16979,0.199953
1.11076,0.594778
1.15867,0.235239
1.14264,0.222841
1.14679,0.34282
1.11522,0.655567
1.15112,0.350968
1.1537,0.171065
1.08495,0.549861
1.11968,0.729905
1.09443,0.936102
1.07611,0.792491
1.14414,0.314067
1.19301,0.0897634
1.20049,-0.0744454
1.10968,0.523246
1.09904,0.80821
1.16603,0.170911
1.15669,0.336683
1.22102,0.0339149
1.18218,-0.15153
1.17136,0.287965
1.19907,0.178796
1.13355,0.421469
1.19386,0.405494
1.20912,0.185599
1.08912,0.687683
1.2331,-0.0681966
1.18479,0.436479
1.16416,0.448296
1.14224,0.500007
1.16773,0.123233
1.16252,0.307351
1.17221,0.456882
1.13084,0.63377
1.17096,0.382828
1.1308,0.546374
1.11815,0.441309
1.0598,0.861495
1.21171,0.14862
1.18269,0.251749
1.14196,0.582174
1.15022,0.411965
1.17567,0.490593
1.11442,0.515966
1.19595,0.356946
1.11762,0.728689
1.16515,0.504375
1.14682,0.413545
1.14244,0.231627
1.14077,0.405518
1.14124,0.575921
1.19303,0.523907
1.17539,0.542919
1.11588,0.659442
1.13043,0.474936
1.14773,0.61239
1.16664,0.467433
1.13737,0.644463
1.0479,0.920032
1.14135,0.362449
1.06575,0.73677
1.19712,0.0458312
1.13364,0.803117
1.11085,0.353589
1.17495,0.0968145
1.21425,0.0320572
1.10968,0.691208
1.11148,0.47768
1.12404,0.248045
1.08504,0.574369
1.12811,0.644109
1.20337,0.224563
1.16477,0.246825
1.23283,-0.12107
1.11687,0.383406
1.20939,0.0513504
1.16689,0.407284
1.0995,0.818442
1.10411,0.785149
1.18095,0.36268
1.13802,0.430987
1.24957,-0.193118
1.16494,0.444487
1.15577,0.20811
1.23109,-0.0643402
1.03056,0.920478
1.10206,0.410172
1.15832,0.479613
1.13324,0.795734
1.06811,0.922814
1.16977,0.292549
1.18284,0.300771
1.12933,0.480611
1.26863,-0.00578278
1.11343,0.787698
1.12294,0.554719
1.15026,0.457088
1.1783,0.522334
1.06764,1.14292
1.14113,0.433592
1.1342,0.354315
1.13583,0.393867
1.06538,0.769086
1.19639,0.00243703
1.0875,0.82061
1.19455,-0.0118169
1.15042,0.482053
1.14013,0.449365
1.00709,1.21884
1.2661,-0.288356
1.0671,0.813158
1.12228,0.710451
1.14608,0.387288
1.18404,0.272146
1.15723,0.24652
1.16824,0.118661
1.10801,0.696623
1.21412,0.284164
1.09182,0.733083
1.10379,0.752694
1.14262,0.161342
1.08034,0.592108
1.18195,0.0569904
1.18146,0.518063
1.14378,0.691879
1.21299,-0.106347
1.1065,0.623427
1.15667,0.536781
1.14528,0.47716
1.165,0.349097
1.09401,0.798414
1.03072,0.958592
1.12865,0.769789
1.08433,0.552657
1.08192,1.03684
1.08787,0.723798
1.06556,0.831139
1.10246,0.611895
1.2024,0.259342
1.03683,1.13747
1.11934,0.753238
1.20782,0.323157
0.999594,1.18604
1.05953,1.06116
1.1158,0.651881
1.03282,0.983594
1.15559,0.18013
1.10437,0.46261
1.1244,0.657103
1.10989,0.820006
1.10554,0.793148
1.1114,0.493832
1.15168,0.514256
1.06068,0.954931
1.1748,0.493737
1.04654,1.07932
1.21196,0.182168
1.10191,0.620516
1.08597,0.759308
1.0544,0.955539
1.15742,0.3015
1.11819,0.85524
1.10082,0.598605
1.13552,0.454554
1.23498,0.0182912
1.21127,0.1588
1.15024,0.553913
1.18537,0.518378
1.13072,0.485582
1.18575,0.218924
1.09212,0.642753
1.09507,0.534866
1.16133,0.286294
1.12506,0.382174
1.12859,0.237477
1.06744,0.905283
1.14542,0.609103
1.16104,0.33894
1.10748,0.868822
1.16179,0.368046
1.09039,0.694368
1.11314,0.498823
1.21556,0.213569
1.12695,0.516109
1.13398,0.256515
1.15653,0.203301
1.14891,0.341938
1.11838,0.410695
1.18938,0.111406
1.15051,0.240271
1.13804,0.635619
1.0947,0.778698
1.16718,0.391272
1.18769,0.141741
1.06246,0.858308
1.12983,0.531646
1.07507,0.761746
1.09784,0.67273
1.14263,0.361381
1.12515,0.648601
1.19644,-0.0433005
1.18691,0.437096
1.08625,0.602278
1.12285,0.613536
1.15498,0.615245
1.15477,0.557119
1.10815,0.836915
1.11451,0.500468
1.09589,0.933159
1.22174,-0.0944605
1.08073,0.519448
1.18597,0.0552955
1.14573,0.497493
1.23475,-0.0525717
1.09867,0.616811
1.05156,0.815793
1.15157,0.254815
1.14312,0.627693
1.11332,0.450562
1.12215,0.476079
1.16438,0.25124
1.16308,0.315076
1.11325,0.907544
1.1507,0.375126
1.16244,0.467792
1.24864,0.166537
1.08144,0.862486
1.13282,0.571763
1.09263,0.662746
1.18499,0.187761
1.19963,0.141176
1.1292,0.251336
1.18286,0.218092
1.10899,0.650464
1.19545,-0.0102775
1.1913,0.340249
1.22212,-0.0684492
1.18801,0.271941
1.20228,0.227146
1.1379,0.521091
1.1491,0.37764
1.17048,0.488762
1.08411,0.829773
1.08789,0.890573
1.09375,0.735518
1.1379,0.478711
1.07947,0.586203
1.05301,0.932034
1.18892,0.0740158
1.20111,0.227701
1.0887,0.756718
1.1739,0.464951
1.13624,0.342227
1.029,1.02885
1.13502,0.76531
1.19341,-0.0588581
1.20871,0.152146
1.10599,0.817729
1.18969,0.238686
1.15039,0.418623
1.19525,0.129533
1.24022,0.110898
1.12355,0.74535
1.21656,0.072198
1.18897,-0.012247
1.04268,0.933744
1.13948,0.435045
1.14311,0.551159
1.12756,0.489956
1.15846,0.347166
1.15195,0.315178
1.2003,0.109258
1.13574,0.493565
1.14737,0.291895
1.11551,0.836443
1.16849,0.431481
1.1367,0.382732
1.14222,0.479585
1.09907,0.759649
1.17189,-0.0727274
1.14757,0.334647
1.15182,0.719546
1.21838,-0.0128296
1.19609,0.516529
1.18171,0.2254
1.13635,0.427581
1.21576,0.13822
1.1161,0.562286
1.1594,0.198816
1.02365,1.12236
1.1315,0.326606
1.2012,0.270073
1.16349,0.223856
1.10964,0.685294
1.25712,-0.0155334
1.09797,0.803649
1.13619,0.548012
1.12884,0.265902
1.14995,0.449238
1.03131,0.774258
1.14958,0.453553
1.20196,0.0434586
1.08117,1.03626
1.0752,1.03035
1.0899,0.543819
1.19559,0.170959
1.1396,0.310742
1.17522,0.610222
1.1089,0.922469
1.02897,1.36423
1.17697,0.129385
1.10549,0.644929
1.07365,0.758801
1.09208,0.643008
1.10595,0.608544
1.23252,-0.341559
1.16618,0.122922
1.10386,0.628561
1.17012,0.253878
1.20494,-0.199111
1.0604,1.22774
1.08504,1.08656
1.12392,0.734675
1.11599,0.621123
1.14636,0.697202
1.10911,0.534041
1.17728,0.205431
1.2188,-0.0932329
1.15701,0.306731
1.18346,0.284003
1.07452,0.816498
1.11158,0.701554
1.23608,-0.286965
1.11791,0.446344
1.16189,0.585567
1.13459,0.351839
1.01778,1.16065
1.2147,-0.30197
1.21349,0.0710392
1.10961,0.611434
1.11546,0.703507
1.20298,0.263183
1.15122,0.605137
1.15027,0.426592
1.07979,0.875293
1.06572,1.04466
1.11556,0.624117
1.16124,0.287962
1.17243,0.374377
1.20544,0.147893
1.11431,0.678768
1.13477,0.703302
1.15675,0.342351
1.14363,0.725884
1.11565,0.611524
1.17008,0.403605
1.09515,0.716902
1.15968,0.544685
1.14164,0.337944
1.21326,0.151076
1.14993,0.344352
1.15399,0.357697
1.12945,0.229228
1.14623,0.0818557
1.08907,0.534041
1.07646,1.09728
1.09455,0.839625
1.18306,0.29655
1.14825,0.464285
1.20331,0.155741
1.08703,0.801295
1.16416,0.311967
1.08889,0.637159
1.17307,0.543357
1.19344,0.250069
1.19877,0.0901501
1.10258,0.922356
1.15694,0.602139
1.12463,0.452667
1.18127,0.230863
1.0728,0.905816
1.09828,0.580183
1.19064,0.323872
1.04644,0.825871
1.16532,0.315012
1.08741,0.604645
1.14047,0.459253
1.17008,0.227868
1.21961,-0.101144
1.1654,0.474972
1.05639,1.25746
1.12562,0.603923
1.14309,0.638131
1.17814,0.129045
1.05979,0.661306
1.06346,0.894236
1.10569,0.545152
1.16488,0.603237
1.16365,0.451459
1.11046,0.681485
1.17529,0.238427
1.20651,0.0130804
1.07744,0.759925
1.06458,0.824307
1.08819,0.569662
1.14714,0.73068
1.16102,0.160719
1.1189,0.73656
1.10785,0.595254
1.13237,0.476305
1.08416,0.797219
1.14586,0.456668
1.12856,0.391081
1.11629,0.814724
1.20266,0.16393
1.16668,0.034706
1.14582,0.621199
1.08355,0.638076
1.0842,0.856669
1.15935,0.0209028
1.12275,0.528505
1.14066,0.481253
1.10888,0.696026
1.0927,0.726695
1.28505,-0.20202
1.11143,0.743876
1.16793,0.0909766
1.13784,0.758318
1.12714,0.462099
1.19257,0.218635
1.17321,0.262168
1.08371,0.972312
1.17153,0.32374
1.06727,0.733433
1.22764,-0.0738205
1.06967,0.359224
1.10207,0.486211
1.09405,0.568281
1.20563,0.200712
1.24048,-0.253169
1.2634,-0.211179
1.15672,0.307179
1.10202,0.767253
1.22117,0.0781187
1.10937,0.561092
1.13588,0.224799
1.19847,0.346286
1.15713,0.337376
1.13353,0.683353
1.12443,0.452429
1.13826,0.60677
1.11172,0.766605
1.0896,0.952622
1.20764,0.0132692
1.15824,0.476444
1.07366,0.607365
1.14872,0.589464
1.14687,0.22742
1.10231,0.673118
1.14977,0.468625
1.06398,0.913943
1.10992,0.693946
1.17039,0.17655
1.1374,0.632814
1.16951,0.340885
1.12252,0.617244
1.1085,0.825025
1.19597,0.0192881
1.13293,0.611748
1.03987,1.00602
1.144,0.3924
1.13935,0.44976
1.12224,0.65044
1.11044,0.813695
1.09593,0.767418
1.14081,0.159692
1.09603,0.51883
1.19975,-0.151428
1.13538,0.456451
1.12202,0.716712
1.14547,0.355957
1.14769,0.18275
1.13052,0.756984
1.2076,0.0287862
1.11968,0.500346
1.1639,0.367104
1.10337,0.7388
1.09062,0.95208
1.12585,0.568747
1.16944,0.0539359
1.1927,0.135132
1.02847,1.08833
1.048,1.04776
1.14081,0.526224
1.14896,0.288949
1.19674,0.0707047
1.10029,0.680716
1.15147,0.43573
1.12485,0.509739
1.14824,0.432612
1.19478,0.10088
1.05669,0.966366
1.14522,0.177981
1.1531,0.551382
1.01966,0.857288
1.18731,0.140772
1.16964,0.207733
1.10726,0.616318
1.19394,0.0983302
1.20046,0.226181
1.16708,0.175889
1.13986,0.500821
1.10438,0.755184
1.076,0.753822
1.09008,0.546565
1.11215,0.500248
1.19057,0.357572
1.23952,-0.179808
1.11028,0.612831
1.12005,0.399869
1.11538,0.798656
1.18089,0.171922
1.11134,0.502435
1.13383,0.75407
1.13448,0.554747
1.17323,0.300015
1.13522,0.277315
1.14205,0.57787
1.16277,0.602929
1.19761,-0.0816819
1.2043,0.0388702
1.05301,1.15964
1.1548,0.473188
1.19495,0.143373
1.17307,0.406347
1.08977,0.69532
1.16993,0.248244
1.12402,0.474792
1.06579,0.475353
1.08898,0.790882
1.12853,0.937507
1.25137,-0.328749
1.13417,0.892592
1.13075,0.442428
1.12711,0.859294
1.21296,0.151113
1.15703,0.523422
1.22205,0.059955
1.13254,0.599038
1.14757,0.436343
1.08677,0.876348
1.05846,1.00431
1.18478,0.450441
1.11433,0.547752
1.10464,0.496242
1.21264,0.0221326
1.07561,0.791569
1.16783,0.494091
1.1417,0.447707
1.15196,0.606516
1.14778,0.54323
1.07257,0.544954
1.20629,0.133526
1.07413,0.959233
1.18195,0.2145
1.20613,0.150041
1.10101,0.681864
1.20931,0.28515
1.13164,0.523267
1.15804,0.151603
1.13934,0.155469
1.18717,0.194814
1.15187,0.639566
1.06521,0.996718
1.18442,0.213731
1.11168,0.766059
1.21507,0.0623059
1.13394,0.354492
1.10353,0.587114
1.17777,0.299538
1.14324,0.464236
1.22517,0.301878
1.15143,0.356979
1.12017,0.540992
1.18347,0.453787
1.12996,0.689048
1.13045,0.377806
1.15955,0.206363
1.10122,0.643447
1.17425,-0.0457526
1.20671,-0.225113
1.15721,0.24463
1.13348,0.557494
1.1611,0.359443
1.16873,0.311577
1.14118,0.227605
1.17044,0.286004
1.15788,0.11305
1.18566,0.0576832
1.13985,0.460928
1.18593,0.107448
1.10515,0.706835
1.18174,0.298381
1.20229,0.125745
1.13521,0.240012
1.1242,0.412017
1.21267,0.177177
1.12694,0.715359
1.15374,0.191288
1.18403,0.193343
1.04784,0.984579
1.09745,0.459701
1.1082,0.578224
1.15341,0.291427
1.15095,0.365561
1.12799,0.629335
1.13462,0.39755
1.06708,0.8421
1.19167,0.0686531
1.13057,0.521326
1.09221,0.734662
1.14681,0.320294
1.11116,0.573556
1.13345,0.744477
1.21588,0.224118
1.18313,0.224399
1.20758,-0.0559414
1.20657,0.00951667
1.21348,0.0469017
1.1374,0.39825
1.1882,0.239227
1.08891,0.78312
1.03302,1.14909
1.0772,0.755227
1.02143,1.09627
1.113,0.718294
1.0992,0.908825
1.12893,0.597422
1.08541,0.752661
1.14871,0.192186
1.12717,0.594253
1.05335,1.03754
1.15068,0.741152
1.14925,0.430497
1.12523,0.507497
1.19322,0.219951
1.14511,0.444648
1.12816,0.637228
1.12669,0.558263
1.11375,0.719536
1.18903,0.347278
1.1385,0.435418
1.1456,0.418256
1.12517,0.402784
1.18788,0.337695
1.06444,0.839469
1.14457,0.374395
1.16109,0.348801
1.16264,0.326924
1.16901,0.0995636
1.15491,0.230479
1.11827,0.390846
1.14879,0.241096
1.08027,0.831368
1.18854,0.358322
1.13649,0.339407
1.15684,0.372528
1.16578,0.309101
1.23351,0.0412138
1.17364,0.21734
1.10646,0.646104
1.15349,0.632233
1.10043,0.913456
1.17863,0.00619522
1.15025,0.402225
1.08404,0.633438
1.18887,0.0209309
1.0816,0.691835
1.05416,0.80709
1.21165,-0.313933
1.08922,0.416981
1.16291,0.461395
1.08374,0.849174
1.19202,0.10426
1.15819,0.534293
1.15254,0.271675
1.21395,0.106529
1.19557,0.315336
1.11633,0.610599
1.20002,0.0112719
1.09043,0.78623
1.18383,0.241779
1.20762,0.272358
1.08235,0.972402
1.17402,0.349729
1.13137,0.60513
1.25024,-0.195677
1.15055,0.455026
1.14844,0.767223
1.14196,0.396441
1.10077,0.76626
1.18252,0.047732
1.1685,0.377784
1.07059,0.751755
1.16146,0.373478
1.07756,0.795528
1.17716,0.244992
1.18992,0.274597
1.20312,0.00377055
1.20331,0.0849611
1.09785,0.78096
1.09518,0.813359
1.15889,0.204821
1.09509,0.632981
1.20301,0.0599282
1.05986,0.956807
1.16063,0.463021
1.14805,0.454016
1.10468,0.504227
1.09516,0.790941
1.07255,0.835607
1.12344,0.544888
1.1501,0.300953
1.11988,0.553079
1.20122,-0.0489789
1.15314,0.480207
1.21787,0.483989
1.11616,0.403095
1.1319,0.450566
1.09441,0.830019
1.14188,0.377802
1.10139,0.657819
1.17794,0.39156
1.20207,0.126947
1.11692,0.446157
1.2307,-0.284771
1.17314,0.476646
1.09549,0.850862
1.18074,0.292315
1.1944,0.0575413
1.0509,0.827806
1.12698,0.613598
1.13774,0.398294
1.20205,-0.0303249
1.13302,0.328111
1.11528,0.679472
1.18315,0.0361673
1.23345,-0.247551
1.17971,0.0306726
1.22232,-0.0119638
1.21583,-0.347401
1.15851,0.271833
1.05726,1.13439
1.12905,0.255788
1.14026,0.552616
1.17759,0.25917
1.11875,0.449337
1.11695,0.545268
1.10161,0.732762
1.10133,0.711064
1.12578,0.728378
1.17472,0.287548
1.13135,0.607446
1.14568,0.633244
1.06677,0.766259
1.18674,0.427004
1.14547,0.392069
1.13596,0.425911
1.14588,0.178623
1.09764,0.357129
1.25544,-0.157129
1.19281,0.294724
1.14296,0.372666
1.12406,0.530226
1.15597,0.341711
1.0983,0.823507
1.14552,0.318824
1.17635,0.0380017
1.15472,0.366212
1.16471,0.604253
1.19461,0.346924
1.16169,0.305179
1.1744,0.244865
1.15927,0.413803
1.17065,0.167199
1.11704,0.875528
1.14094,0.269322
1.24034,-0.0468862
1.11579,0.779769
1.121,0.290816
1.23688,0.00894578
1.18707,0.322818
1.15504,0.344053
1.16374,0.68739
1.15525,0.522748
1.08872,0.751234
1.12735,0.585343
1.08826,0.916754
1.09619,0.604952
1.13883,0.511845
1.08747,0.594539
1.03109,0.981662
1.14082,0.512664
1.08854,0.577198
1.11528,0.281227
1.1689,0.414341
1.12942,0.167964
1.06937,0.872118
1.11181,0.715748
1.18782,0.457253
1.16913,0.427388
1.17382,0.262963
1.28727,-0.218903
1.18594,0.10902
1.13906,0.633046
1.10801,0.785466
1.12228,0.553635
1.11108,0.538896
1.21978,0.194404
1.12987,0.43824
1.12109,0.612431
1.09307,0.678419
1.12316,0.593216
1.25393,0.292566
1.15363,0.379737
1.1574,0.374637
1.18243,0.673052
1.14818,0.301454
1.1774,0.31358
1.17258,-0.0305996
1.13194,0.485428
1.14667,0.532254
1.13328,0.72908
1.20292,0.287408
1.10414,0.808687
1.13393,0.397676
1.13839,0.492182
1.07094,0.745406
1.16959,0.185676
1.10313,0.808181
1.14045,0.482002
1.07981,0.85203
1.04668,1.18244
1.13479,0.329732
1.19777,0.165178
1.18185,0.361983
1.17105,0.329353
1.2846,-0.468254
1.12129,0.514162
1.10602,0.627743
1.13262,0.500563
1.15156,0.44049
1.10314,0.533871
1.18191,0.577115
1.03098,0.859433
1.15922,0.345324
1.09456,0.461817
1.10117,0.815326
1.13737,0.372098
1.07911,0.533678
1.12946,0.368647
1.13552,0.340389
1.10822,0.489923
1.23877,-0.0633819
1.15151,0.513277
1.07182,0.841705
1.17883,0.196981
1.16185,0.107844
1.10729,0.818652
1.03369,1.10673
1.09525,0.387253
1.21332,0.0993658
1.17085,0.223503
1.14845,0.403118
1.12018,0.706643
1.09453,0.763553
1.08818,0.764476
1.13812,0.494647
1.07644,0.676152
1.10809,0.583115
1.10727,0.58654
1.14063,0.460138
1.17739,0.00532327
1.19105,0.0556813
1.17925,0.354636
1.10847,0.626859
1.09659,0.556608
1.17937,0.31901
1.06632,0.844688
1.18768,-0.105293
1.24637,0.0728789
1.14323,0.228444
1.13726,0.357163
1.04616,0.816026
1.14906,0.401642
1.13746,0.544123
1.10065,0.850756
1.09856,0.45237
1.20387,0.0901503
1.13147,0.577953
1.12708,0.562714
1.1705,0.150228
1.16307,0.328107
1.12354,0.306043
1.12587,0.801311
1.1263,0.524343
1.21631,0.280506
1.06622,0.749948
1.10536,0.593559
1.14598,0.616773
1.16303,0.571959
1.06919,0.825723
1.20186,-0.0631784
1.18621,0.367939
1.09653,0.652433
1.10911,0.726622
1.16232,0.235093
1.10976,0.638703
1.1487,0.298814
1.12635,0.513821
1.18747,0.424371
1.19575,0.0941201
1.16133,0.224917
1.11377,0.580505
1.0848,0.72469
1.21151,0.331423
1.16977,0.189046
1.14728,0.431154
1.12255,0.657283
1.1092,0.647912
1.0966,0.727558
1.20984,0.362946
1.09477,0.651485
1.1381,0.394639
1.21003,0.253625
1.14215,0.386062
1.11068,0.597685
1.12065,0.453748
1.12575,0.571073
1.12814,0.223271
1.14423,0.316188
1.11544,0.204426
1.18917,0.1814
1.17864,0.315589
1.14541,0.527835
1.06039,0.629969
1.17715,0.275153
1.10969,0.441825
1.15928,0.665531
1.1462,0.38433
1.07342,0.669076
1.09869,0.661167
1.10424,0.785095
1.16805,0.461661
1.07056,0.777237
1.1403,0.662188
1.15862,0.585343
1.12399,0.606628
1.10256,0.831277
1.07203,0.631668
1.18477,0.0780477
1.21886,0.24785
1.17195,0.426323
1.11789,0.486716
1.12477,0.769271
1.12543,0.425382
1.12019,0.829121
1.10824,0.576937
1.23167,-0.133899
1.1804,0.344682
1.1208,0.450148
1.07137,0.90114
1.14891,0.426991
1.05109,0.776356
1.15195,0.603333
1.16399,0.45329
1.09303,0.711068
1.23485,-0.19374
1.17409,0.414953
1.07488,0.997071
1.13412,0.620404
1.1546,0.503881
1.13359,0.54556
1.14056,0.581989
1.15019,0.76083
1.18112,0.237155
1.11413,0.43227
1.15001,0.380025
1.04773,1.18032
1.18172,0.356275
1.19125,0.351222
1.13958,0.542569
1.16239,0.526823
1.19808,0.0422955
1.08276,0.833247
1.18752,0.493993
1.17587,0.390703
1.17731,0.260471
1.18326,0.112046
1.24957,-0.340866
1.08748,0.991785
1.15074,0.62307
1.17682,0.283084
1.22918,-0.0515714
1.1789,0.272833
1.14817,0.354422
1.12555,0.658775
1.12666,0.660214
1.08974,0.649552
1.1273,0.239833
1.14391,0.431453
1.2075,0.0667613
1.18128,0.304926
1.1484,0.435168
1.16582,0.476255
1.14612,0.236495
1.10542,0.538726
1.14669,0.389854
1.13854,0.394626
1.14509,0.127715
1.18083,0.180818
1.14374,0.719177
1.16529,0.14826
1.11156,0.732501
1.13544,0.510419
1.14738,0.372921
1.1229,0.411752
1.06093,0.698547
1.00353,1.08531
1.05799,0.904363
1.17827,0.280106
1.19486,0.0191791
1.10246,0.78752
1.06287,0.762542
1.23007,-0.193832
1.19337,0.113614
1.13385,0.677993
1.14639,0.465736
1.1137,0.55665
1.1463,0.33356
1.19024,0.319269
1.13225,0.478946
1.10833,0.324787
1.14761,0.312946
1.13529,0.705892
1.03539,1.16764
1.12477,0.62192
1.19815,0.0894745
1.13335,0.602652
1.13122,0.501395
1.13863,0.760626
1.13651,0.562602
1.09648,0.603004
1.10325,0.535476
1.06878,0.93788
1.19395,0.42879
1.18998,0.097682
1.06928,0.880725
1.12781,0.479874
1.10488,0.717577
1.17991,0.399266
1.14534,0.492216
1.17091,0.481145
1.18719,0.470804
1.13723,0.384122
1.10625,0.422921
1.19741,0.197439
1.1671,0.390625
1.19649,0.339219
1.12139,0.796455
1.14222,0.632958
1.11787,0.403128
1.148,0.661395
1.16275,0.185751
1.18187,0.446503
1.1088,0.715444
1.08127,0.716223
1.02854,1.06867
1.15372,0.274806
1.10338,0.620609
1.08685,0.573591
1.16963,0.378566
1.08849,0.871718
1.1358,0.634278
1.15122,0.242715
1.07502,0.706428
1.07143,0.812072
1.17532,0.440053
1.08899,0.716315
1.19048,0.113008
1.19684,0.0314842
1.21609,0.373913
1.20605,0.1358
1.13668,0.934937
1.10463,0.587391
1.16788,0.310621
1.1845,0.41227
1.20275,-0.130731
1.16022,0.63455
1.04789,0.876781
1.14645,0.437734
1.20145,0.275824
1.12088,0.469551
1.06462,1.01131
1.14967,0.420283
1.1441,0.529383
1.09657,0.480487
1.15968,0.482768
1.2449,-0.0887993
1.20883,0.100613
1.1792,0.0465986
1.07403,0.818647
1.17392,0.484196
1.15391,0.377001
1.23897,-0.232324
1.08734,0.980833
1.23311,0.0164421
1.04469,0.755629
1.173,0.362718
1.16843,0.322528
1.04499,1.15074
1.1565,0.441115
1.08605,0.837539
1.06327,0.956995
1.15931,0.0403962
1.08915,0.512931
1.15967,0.249155
1.19112,-0.129732
1.15525,0.209468
1.20882,0.16633
1.16177,0.24154
1.16808,0.275045
1.04035,0.963072
1.12212,0.471325
1.15262,0.514506
1.14957,0.643445
1.14848,0.458993
1.13793,0.363967
1.13575,0.392346
1.10421,0.736056
1.18144,0.214134
1.18626,-0.108406
1.15116,0.42312
1.15886,0.411911
1.19507,0.0556542
1.15315,0.0165504
1.10439,0.667011
1.07099,0.925462
1.06025,0.842823
1.14137,0.123892
1.07599,0.813619
1.1265,0.407538
1.16493,0.729025
1.18846,0.137458
1.20191,0.0254046
1.0664,0.746068
1.13007,0.391822
1.12583,0.8194
1.17572,0.228279
1.13769,0.597133
1.20594,0.11471
1.14063,0.194311
1.08888,0.827339
1.08507,0.604799
1.17077,0.383781
1.17746,0.260622
1.10893,0.476774
1.10897,0.691136
1.19411,0.116864
1.09654,0.471349
1.12931,0.668007
1.16783,0.219969
1.20942,0.501314
1.16836,0.289868
1.17886,0.302612
1.14398,0.45698
1.12234,0.777016
1.1434,0.388479
1.11956,0.656665
1.04601,1.13919
1.03511,0.734453
1.10759,0.87409
1.09687,0.595213
1.1143,0.617115
1.19177,0.216627
1.16212,0.226404
1.1561,0.454391
1.15958,0.388004
1.20189,0.332528
1.07954,0.607811
1.04756,1.14519
1.12286,0.554826
1.13551,0.296274
1.18034,0.0466273
1.06729,0.720529
1.04213,1.07529
1.07433,0.808913
1.11383,0.443275
1.18628,0.295795
1.07093,0.914121
1.2035,0.187897
1.14694,0.335412
1.1221,0.634696
1.15629,0.463296
1.18935,0.120906
1.19592,0.351581
1.17725,0.319964
1.0787,0.805192
1.14148,0.542862
1.04888,0.951857
1.09446,0.727702
1.19723,0.309065
1.10935,0.481437
1.09036,0.502449
1.09872,0.410513
1.16494,0.535205
1.22213,-0.184043
1.07604,0.808704
1.14696,0.481593
1.1161,0.742514
1.15571,0.322196
1.11375,0.613944
1.10717,0.79594
1.05516,1.04314
1.15818,0.458514
1.07521,0.96702
1.12351,0.764593
1.09039,0.709788
1.15679,0.516616
1.15091,0.272937
1.14444,0.556977
1.14854,0.609016
1.09024,0.731234
1.13394,0.444529
1.12289,0.612902
1.11304,0.890205
1.10806,0.639563
1.11795,0.84428
1.15215,0.497274
1.18061,0.153716
1.17832,0.248587
1.09379,0.577594
1.20471,-0.0582374
1.18492,0.364603
1.09734,0.593234
1.12847,0.735292
1.13725,0.503578
1.25022,-0.340119
1.1647,0.164759
1.15528,0.371162
1.15158,0.334223
1.15451,0.197553
1.15611,0.414874
1.15771,0.52823
1.14141,0.555479
1.19049,0.125591
1.17497,0.291108
1.11299,0.413917
1.08763,0.446202
1.21959,0.269019
1.1101,0.688518
1.07376,0.495762
1.08778,0.634867
1.19593,-0.179281
1.10757,0.807274
1.14501,0.575802
1.14818,0.0692771
1.05847,0.863057
1.04283,1.11253
1.18839,0.0305864
1.12375,0.670744
1.15688,0.377107
1.21367,0.473482
1.06908,0.898635
1.19198,0.203226
1.04771,1.19979
1.10043,0.537359
1.23082,0.136407
1.21055,0.233825
1.13635,0.230652
1.26894,-0.265168
1.19105,0.159902
1.22184,-0.0201798
1.10523,0.487421
1.1666,0.455081
1.07744,1.02977
1.15575,0.352355
1.17575,0.118866
1.08711,0.420532
1.05182,1.01908
1.16836,0.508113
1.12845,0.75314
1.08669,0.666046
1.08547,0.791055
1.12206,0.736727
1.13923,0.404436
1.10304,0.557377
1.09738,0.937187
1.19798,0.31906
1.14796,0.525005
1.1955,0.0623928
1.15215,0.572086
1.24647,-0.130429
1.10097,0.805212
1.1812,0.0763869
1.22219,0.19624
1.13858,0.670421
1.08192,0.706739
1.10649,0.75679
1.16096,0.360693
1.24847,-0.08768
1.14031,0.323373
1.13824,0.454748
1.06966,0.584587
1.12229,0.664125
1.07714,0.460355
1.06471,0.797702
1.13778,0.327902
1.08015,0.849352
1.13804,0.362719
1.115,0.60625
1.12176,0.673052
1.08699,0.883233
1.13175,0.532161
1.17397,0.360886
1.14758,0.365611
1.1419,0.520724
1.10154,0.522544
1.12972,0.478599
1.14508,0.567251
1.16491,0.519114
1.18041,0.512669
1.1648,0.374655
1.06346,0.812133
1.06291,0.841604
1.20633,0.145042
1.14234,0.788087
1.12309,0.342287
1.07476,1.23658
1.07939,0.725288
1.09686,0.761867
1.19105,0.0613249
1.17953,0.330089
1.14048,0.301583
1.13561,0.289928
1.09037,0.744567
1.14058,0.683143
1.12629,0.608269
1.06419,1.02064
1.07258,0.729309
1.15744,0.332139
1.18064,0.119684
1.10535,0.526594
1.09984,0.397521
1.09745,0.883021
1.11371,0.608828
1.15926,0.153088
1.16605,0.125579
1.1009,0.738088
1.17899,0.293186
1.14431,0.31562
1.13112,0.380325
1.17653,0.358161
1.12459,0.550678
1.13834,0.680283
1.21888,0.313543
1.09324,0.943608
1.13881,0.89513
1.17778,0.146869
1.1899,0.271024
1.18833,0.0475213
1.0807,0.909821
1.1855,-0.107206
1.16326,0.412818
1.13931,0.229701
1.16156,0.478336
1.11879,0.733699
1.1154,0.751244
1.15556,0.371798
1.16433,0.606402
1.13262,0.729548
1.10963,0.594153
1.11446,0.36552
1.09971,0.653433
1.1944,0.0966005
1.16846,0.29884
1.22267,-0.0814466
1.1793,0.230733
1.11874,0.388389
1.19091,-0.0294356
1.16673,0.207109
1.07314,0.537908
1.04484,1.08598
1.14849,0.323504
1.12569,0.255279
1.08552,0.773203
1.10295,0.541328
1.14989,0.405189
1.16097,0.472385
1.11449,0.684999
1.13571,0.571845
1.21647,0.148517
1.16936,0.146896
1.21962,0.101537
1.14015,0.177567
1.1172,0.475381
1.17639,0.105491
1.09378,0.752762
1.08234,0.662272
1.15857,0.0653694
1.17276,0.220224
1.21304,0.281404
1.10753,0.501666
1.08504,0.942754
1.16773,0.215499
1.11074,0.457313
1.15054,0.411448
1.05475,0.584051
1.15352,0.273465
1.16218,0.320252
1.09394,0.489438
1.15589,0.531418
1.13424,0.341147
1.16013,0.303317
1.10505,0.694934
1.17297,0.451525
1.03021,1.10281
1.18222,0.48657
1.23769,0.00233777
1.12928,0.415994
1.15864,0.130359
1.17756,0.252795
1.17919,0.317447
1.09604,0.75257
1.14745,0.476822
1.14981,0.342885
1.11234,0.59296
1.12728,0.46134
1.10674,0.737973
1.19186,0.09316
1.2521,0.132658
1.0889,0.644177
1.10396,0.691596
1.11587,0.652506
1.12079,0.291111
1.18221,0.430942
1.15219,0.37517
1.11875,0.406258
1.11033,0.733134
1.15701,0.0146136
1.09134,0.720685
1.09123,0.865176
1.20301,-0.0956319
1.09722,0.531227
1.2219,0.0521443
1.11959,0.421474
1.13625,0.408011
1.17613,0.0128388
1.14582,0.545196
1.15029,0.36913
1.06789,1.02481
1.18155,0.306174
1.16223,0.507424
1.15507,0.195631
1.14729,0.378239
1.17947,0.304407
1.1327,0.627451
1.09318,0.705012
1.20898,0.0726977
1.09822,0.660238
1.11705,0.53918
1.09661,0.697834
1.16369,0.368783
1.16428,0.483297
1.07971,0.762499
1.16369,0.168236
1.13075,0.502136
1.13057,0.695686
1.12193,0.353107
1.10879,0.397826
1.1709,0.290026
1.14891,0.190503
1.09495,0.580543
1.09013,0.586153
1.16677,0.271582
1.16016,0.39397
1.13927,0.755494
1.15478,0.255008
1.11989,0.667853
1.0885,0.82695
1.1676,0.423229
1.08504,0.809488
1.22899,-0.0457082
1.15572,0.635995
1.1617,0.529812
1.13619,0.482299
1.13214,0.483032
1.14945,0.416624
1.15759,0.490434
1.13395,0.513109
1.10166,0.855026
1.08535,0.667721
1.17032,0.497321
1.19832,0.276706
1.07248,0.836088
1.11858,0.510704
1.12534,0.275641
1.13268,0.567661
1.17379,0.117506
1.13738,0.541166
1.07855,0.528166
1.10532,0.73164
1.1546,0.2209
1.16138,0.170797
1.07266,1.01078
1.04912,1.00373
1.07279,0.871056
1.11366,0.527379
1.18001,0.354539
1.10497,0.798391
1.23378,0.0859836
1.13552,0.392211
1.16441,0.461442
1.19647,0.101905
1.15828,0.518809
1.18226,0.269849
1.17002,0.00311218
0.989771,1.23265
1.10693,0.591556
1.12165,0.510684
1.19435,0.120179
1.18074,0.262908
1.08142,0.685014
1.13544,0.769998
1.02005,1.33787
1.12724,0.566134
1.193,-0.013684
1.14009,0.482078
1.13141,0.523978
1.144,0.509407
1.11041,0.517215
1.16319,0.433456
1.10002,0.497011
1.12457,0.70873
1.10875,0.505066
1.04346,0.930418
1.21416,0.0247368
1.17673,0.276303
1.1311,0.390425
1.12748,0.33594
1.14678,0.554775
1.16293,0.431538
1.07136,0.864699
1.13535,0.4198
1.16336,0.540757
1.12007,0.67275
1.12553,0.497675
1.18442,0.0957714
1.13647,0.507879
1.13266,0.809175
1.10251,0.820077
1.18686,0.298474
1.12624,0.436332
1.14511,0.585448
1.09449,0.774473
1.12879,0.387939
1.07705,0.635502
1.11967,0.579318
1.20494,0.216168
1.19133,0.215024
1.1603,0.199703
1.13112,0.310767
1.14942,0.505985
1.07377,0.795756
1.18671,0.0703719
1.16909,0.282849
1.2015,0.0655955
1.14827,0.400025
1.01534,1.01395
1.14638,0.454141
1.02956,1.04745
1.09071,0.748452
1.19581,0.179498
1.12229,0.656471
1.09483,0.607138
1.11293,0.805218
1.08252,0.893968
1.11859,0.597245
1.07768,0.796011
1.11213,0.669883
1.13339,0.339727
1.1591,0.339209
1.11663,0.369256
1.19432,0.241861
1.17035,0.253525
1.2008,0.222952
1.17241,0.138533
1.16923,0.348878
1.0942,0.950205
1.12258,0.49893
1.1556,0.309441
1.15347,0.252293
1.20279,0.184408
1.0869,0.597125
1.06928,0.84112
1.18245,0.0193374
1.16096,0.145423
1.14115,0.450895
1.11859,0.656722
1.13161,0.510251
1.11155,0.623803
1.09026,0.582168
1.15814,0.397479
1.1778,0.427235
1.13851,0.405695
1.16367,0.593384
1.16813,0.273443
1.09669,0.843128
1.18437,0.17417
1.11049,0.476236
1.08404,0.61284
1.14034,0.358001
1.21291,3.5422e-05
1.13271,0.591751
1.08596,0.934299
1.11335,0.497154
1.10081,0.714481
1.22476,-0.155025
1.0967,0.692065
1.0882,0.693639
1.16098,0.25245
1.19295,0.238755
1.18749,0.132038
1.13132,0.37386
1.13674,0.365937
1.12963,0.528107
1.12878,0.489177
1.09044,0.619873
1.10501,0.550503
1.10375,0.917223
1.1835,0.328178
1.12069,0.972171
1.13855,0.651213
1.13585,0.381464
1.19306,-0.0876938
1.1487,0.851175
1.11631,0.528418
1.22076,-0.155834
1.16661,0.460407
1.07897,0.959705
1.16562,0.148668
1.16215,0.0753315
1.19875,0.184242
1.20935,0.0324345
1.11591,0.443043
1.09696,0.718794
1.1371,0.48353
1.17099,0.443388
1.15473,0.293426
1.05804,0.838506
1.25696,-0.260784
1.13538,0.594421
1.12419,0.673433
1.10209,0.514889
1.15444,0.226882
1.21318,0.0476896
1.21509,0.288048
1.20458,0.307023
1.21935,0.29085
1.10188,0.878666
1.07849,0.662017
1.15622,0.105545
1.22194,-0.148888
1.13868,0.395558
1.13823,0.301243
1.12994,0.314835
1.14969,0.355768
1.23569,-0.150752
1.10849,0.712362
1.14837,0.619547
1.10718,0.638637
1.18635,-0.0558276
1.11355,0.935586
1.14608,0.643339
1.11097,0.597538
1.10818,0.965912
1.15339,0.410727
1.1235,0.561405
1.13031,0.431162
1.1738,0.0735656
1.10482,0.661046
1.09938,0.958555
1.17266,0.386766
1.13726,0.51738
1.0866,0.571628
1.15808,0.673205
1.09558,0.632493
1.15371,0.517534
1.20146,-0.0559126
1.12453,0.684685
1.10958,0.301327
0.985097,1.27816
1.12004,0.692261
1.16126,0.597115
1.06676,0.712147
1.1343,0.553655
1.11046,0.587447
1.10735,0.848676
1.06742,0.603481
1.12826,0.615683
1.18605,0.424164
1.25212,-0.188482
1.06305,0.913432
1.19213,-0.0619519
1.15252,0.279915
1.18836,0.241859
1.15841,0.55593
1.04958,1.00806
1.13405,0.488068
1.04896,0.952763
1.06972,0.808257
1.20497,-0.243304
1.01173,1.25947
1.07709,0.686683
1.15001,0.502325
1.13552,0.619021
1.23403,-0.22919
1.0561,0.92403
1.20917,0.239473
1.12703,0.660046
1.22236,-0.0754237
1.15603,0.335136
1.14887,0.492686
1.16812,0.415231
1.1497,0.472953
1.12695,0.54266
1.16268,0.424074
1.1166,0.770756
1.19954,0.324454
1.16969,0.289847
1.13518,0.728356
1.2043,0.260232
1.08179,0.780144
1.17484,0.308932
1.13272,0.346468
1.07408,0.973991
1.13905,0.534589
1.09489,0.941445
1.04786,0.73926
1.12135,0.482031
1.10851,0.556243
1.10159,0.849992
1.03812,0.791731
1.16871,0.562641
1.09832,0.689107
1.13232,0.831042
1.17974,0.249701
1.16658,0.295047
1.18389,0.370498
1.14113,0.587544
1.01346,1.30142
1.14422,0.0563429
1.0929,0.516036
1.17075,0.114067
1.19441,0.123692
1.13116,0.30889
1.16945,0.244764
1.06142,0.854381
1.13875,0.483399
1.19075,0.410505
1.16786,0.435119
1.17377,0.450924
1.0667,0.92702
1.17124,0.318177
1.17219,0.114655
1.07823,0.704681
1.15361,0.622188
1.0699,0.762677
1.19011,0.0375771
1.07409,0.864535
1.20763,0.16721
1.10035,0.910607
1.1638,0.386785
1.164,0.177184
1.17793,0.416286
1.18217,0.235803
1.15475,0.419377
1.12318,0.642192
1.09716,0.690927
1.1699,0.226097
1.11965,0.686689
1.08689,0.984819
1.15079,0.389579
1.18462,0.360478
1.1455,0.386021
1.06769,0.760459
1.14754,0.34044
1.08015,0.83479
1.13347,0.62303
1.07334,0.662743
1.17957,0.0407037
1.126,0.171547
1.13972,0.310484
1.22076,0.0132117
1.13462,0.315247
1.13052,0.574377
1.08107,0.837068
1.17679,0.308119
1.12252,0.692144
1.05499,1.18313
1.05364,1.02329
1.22808,0.0214401
1.14029,0.371427
1.18894,0.244136
1.10888,0.462567
1.18044,0.127478
1.08517,0.557729
1.19887,0.273993
1.14731,0.243082
1.18047,0.283175
1.11336,0.441106
1.12769,0.488717
1.12055,0.700527
1.14172,0.460988
1.00603,0.832908
1.17728,0.151381
1.12537,0.423913
1.10163,0.73344
1.1983,0.326976
1.15309,0.482773
1.22022,0.00615146
1.1199,0.53529
1.21576,-0.0501837
1.09938,0.585662
1.11779,0.569961
1.05972,0.765562
1.14432,0.481569
1.15464,0.545972
1.12283,0.616418
1.17549,0.248126
1.1167,0.782562
1.17748,0.341272
1.09509,0.778136
1.27207,-0.184625
1.0933,0.720781
1.07998,0.778174
1.09182,0.817185
1.16048,0.589972
1.15775,0.235759
1.13822,0.757941
1.13029,0.49244
1.18452,0.131946
1.13242,0.165864
1.11198,0.307007
1.08158,0.484981
1.15235,0.609628
1.11382,0.658356
1.18267,0.0265595
1.12321,0.430848
1.09273,0.892941
1.11,0.61883
1.16378,0.581692
1.11921,0.46519
1.13555,0.642579
1.15549,0.797791
1.12799,0.687609
1.13949,0.497215
1.07696,0.790521
1.06166,0.778292
1.1579,0.739042
1.18641,0.16868
1.1453,0.600021
1.13714,0.699976
1.1316,0.624102
1.12495,0.639411
1.21707,-0.0920656
1.23341,-0.0318822
1.12886,0.452598
1.11075,0.780818
1.06172,0.657573
1.16224,0.352759
1.06383,0.981971
1.13783,0.558473
1.03706,0.89414
1.16738,0.49019
1.15367,0.273125
1.14445,0.528023
1.1785,0.342844
1.09603,0.728881
1.13155,0.465787
1.15106,0.547655
1.06469,0.808693
1.198,0.13321
1.18139,0.388083
1.09887,0.737018
1.13377,0.549217
1.15264,0.249593
1.16979,0.242989
1.18441,0.144651
1.11745,0.561494
1.10351,0.519963
1.20034,0.19422
1.15877,0.229498
1.22231,0.120975
1.16337,0.322549
1.16806,0.373492
1.16049,0.443708
1.03883,1.04971
1.09282,0.647547
1.19321,0.229833
1.09947,0.612133
1.18296,0.209503
1.04348,0.690313
1.12934,0.577007
1.11713,0.810961
1.09455,0.714581
1.17388,0.309953
1.13027,0.566626
1.07818,0.995512
1.11417,0.605668
1.13013,0.668674
1.15438,0.234589
1.1267,0.428161
1.12591,0.758263
1.13152,0.3331
1.16823,0.253911
1.24364,0.137478
1.11883,0.568556
1.0696,0.916125
1.13629,0.395248
1.21777,0.181459
1.10553,0.736361
1.13658,0.323409
1.16148,0.143059
1.23397,0.0565912
1.08643,1.20398
1.15044,0.393705
1.17471,0.384468
1.10945,0.547552
1.18159,0.0700532
1.21733,0.0670178
1.20829,0.304792
1.1242,0.420185
1.07114,0.905763
1.17063,0.226849
1.12457,0.381878
1.26525,-0.252513
1.10119,0.549983
1.10799,0.72273
1.10203,0.593113
1.24445,-0.132457
1.15247,0.328438
1.16083,0.263078
1.13338,0.34437
1.12899,0.477217
1.19918,0.235417
1.16981,0.373046
1.13671,0.553082
1.21032,0.117886
1.11529,0.54537
1.11302,0.812126
1.1049,0.63169
1.13307,0.520109
1.15109,0.414922
1.13767,0.298337
1.16882,0.52915
1.15572,0.596637
1.15796,0.542748
1.16343,0.310006
1.14542,0.419324
1.17527,0.424296
1.12468,0.640033
1.13443,0.592891
1.09982,0.928161
1.09822,0.510744
1.1013,0.684487
1.20635,0.0526296
1.15036,0.490105
1.19272,0.375495
1.16531,0.429573
1.12069,0.607669
1.03342,0.82561
1.1692,0.329707
1.19981,-0.168534
1.14628,0.229355
1.07311,0.5435
1.12776,0.429298
1.08576,0.634336
1.15961,0.19028
1.21891,-0.134334
1.127,0.40256
1.15757,0.173121
1.1537,0.377526
1.08102,0.699269
1.14243,0.441781
1.16345,0.372121
1.17783,0.127578
1.08468,1.02807
1.11676,0.52407
1.0779,0.831209
1.02961,0.831015
1.09691,0.609214
1.11594,0.686865
1.17145,0.528637
1.08252,0.579393
1.08731,0.644779
1.11232,0.503219
1.18753,0.489446
1.08828,0.814214
1.2393,-0.0953678
1.17663,0.315142
1.13919,0.397819
1.10908,0.623298
1.21554,-0.00106183
1.1405,0.483365
1.14834,0.403331
1.11525,0.574115
1.18717,0.141913
1.0834,0.798465
1.16264,0.352031
1.12043,0.649622
1.12602,0.619252
1.09767,0.536767
1.17557,0.311666
1.13587,0.255804
1.21942,0.12578
1.18332,0.315706
1.13328,0.393941
1.12317,0.49078
1.27624,-0.457207
1.13024,0.672124
1.20794,-0.152367
1.12517,0.500389
1.07984,0.840225
1.0579,0.966325
1.08907,1.10689
1.01245,1.09813
1.08983,0.720412
1.21775,0.0384691
1.00898,1.29362
1.20032,0.232032
1.05493,1.01766
1.11934,0.65108
1.17003,0.194226
1.1872,0.273974
1.13869,0.484376
1.1543,0.372981
1.15579,0.407134
1.13295,0.448912
1.1496,0.564799
1.23759,-0.100682
1.13,0.422115
1.14827,0.331711
1.1438,0.491934
1.02934,1.23891
1.09625,0.635142
1.06255,0.726153
1.05786,0.873347
1.08804,0.7748
1.05661,0.9002
1.17683,0.254671
1.12497,0.412327
1.20351,-0.03167
1.1901,0.259972
1.20833,0.151945
1.10606,0.680281
1.10835,0.488468
1.20192,0.35753
1.03457,1.05709
1.18852,-0.0464722
1.10831,0.945786
1.18648,0.23208
1.16107,0.23786
1.24206,0.105928
1.07811,0.929998
1.11483,0.480679
1.10222,0.604089
1.15634,0.361949
1.17747,0.226629
1.15544,0.369611
1.16703,0.277777
1.18157,0.0364767
1.14015,0.544611
1.11134,0.572258
1.06117,0.846381
1.17147,0.665253
1.12738,0.670184
1.14495,0.442663
1.15676,0.468112
1.06829,0.640509
1.13342,0.694494
1.16421,0.129934
1.07913,0.911145
1.16613,0.10921
1.12182,0.663699
1.21005,0.165959
1.13176,0.597946
1.16985,0.368192
1.18552,0.335661
1.18299,0.331205
1.14744,0.223625
1.16489,0.440512
1.2443,-0.0423005
1.15381,0.146876
1.12872,0.476952
1.14705,0.578223
1.15012,0.189554
1.11872,0.580332
1.17393,-0.12574
1.11987,0.704829
1.06511,0.844178
1.07335,0.935562
1.07411,0.901385
1.222,-0.17982
1.11945,0.574594
1.22883,-0.106879
1.14267,0.493694
1.09725,0.870704
1.12886,0.336986
1.11854,0.49561
1.10581,0.598254
1.09207,0.931188
1.13594,0.655984
1.14087,0.441487
1.12723,0.661222
1.1992,0.229525
1.12807,0.762426
1.21412,0.0486329
1.18114,0.361423
1.14728,0.388488
1.21176,-0.0314482
1.032,0.865585
1.1902,0.261455
1.11314,0.512849
1.18221,0.537248
1.12557,0.556255
1.16873,0.410784
1.18012,0.489399
1.21348,0.0377773
1.13673,0.53746
1.12546,0.458036
1.15282,0.401632
1.11167,0.550774
1.18002,0.408384
1.13562,0.63106
1.0536,1.00637
1.13625,0.537596
1.12513,0.588305
1.16995,0.0480999
1.10808,0.707574
1.15241,0.364952
1.23782,-0.276041
1.04684,0.874756
1.20949,0.292318
1.22295,0.378853
1.16282,0.208024
1.2582,-0.0876987
1.14661,0.382831
1.20177,0.0928388
1.1442,0.491389
1.16537,0.413917
1.18876,0.415067
1.12832,0.755858
1.14612,0.331061
1.08068,0.617943
1.04777,1.18291
1.16768,0.409779
1.20885,0.285777
1.12941,0.486214
1.00173,1.05358
1.05429,0.80782
1.17024,0.259184
1.15441,0.598824
1.22783,0.353906
1.09781,0.514692
1.18394,0.426353
1.20352,-0.106621
1.17888,0.121161
1.17166,0.162353
1.15016,0.136787
1.15978,0.269821
1.13496,0.486987
1.13093,0.534614
1.1577,0.397654
1.11525,0.70019
1.1734,0.189401
1.06965,0.550766
1.14201,0.356505
1.15455,0.537801
1.11196,0.73521
1.19786,-0.0570356
1.13287,0.387344
1.15791,0.485245
1.17545,0.0464784
1.14144,0.472167
1.1491,0.567536
1.14913,0.45268
1.19927,0.305418
1.10259,0.538363
1.238,-0.496074
1.07504,0.98806
1.2379,-0.266638
1.13294,0.45609
1.1783,0.0207121
1.11977,0.67939
1.11398,0.707982
1.18004,0.433041
1.11011,0.696915
1.14462,0.519875
1.14583,0.452672
1.10074,0.614976
1.13274,0.527309
1.13284,0.235016
1.19175,-0.00790392
1.03827,0.782276
1.12105,0.567656
1.16784,0.194647
1.21037,0.221782
1.08674,0.477601
1.07705,0.536245
1.13683,0.237046
1.20074,0.189578
1.1311,0.229251
1.2292,0.00996688
1.13314,0.284433
1.17151,0.259407
1.09616,0.768762
1.09521,0.812721
1.18861,0.404191
1.1575,0.070525
1.15879,0.375331
1.01894,1.34671
1.19087,0.0079338
1.10065,0.835119
1.12671,0.940489
1.10095,0.746071
1.07736,1.02496
1.06113,0.952577
1.10228,0.663891
1.14328,0.312764
1.09598,0.556442
1.1765,0.276311
1.18734,0.278523
1.06972,0.962205
1.10062,0.738894
1.15595,0.269966
1.15719,0.0451183
1.06137,0.799604
1.17571,0.335272
1.09806,0.59322
1.11613,0.377369
1.16669,0.48899
1.06206,1.08332
1.11351,0.555306
1.14413,0.622124
1.12001,0.464786
1.11859,0.643434
1.17158,0.137258
1.14744,0.200342
1.14192,0.470796
1.23838,-0.0170308
1.12261,0.475961
1.0733,0.850511
1.15209,0.240199
1.08762,0.811648
1.06408,0.711104
1.15573,0.440034
1.27061,-0.268027
1.10477,0.90578
1.20751,0.162592
1.14387,0.54632
1.09195,0.965195
1.11168,0.779455
1.21512,0.142696
1.10761,0.64157
1.11762,0.342616
1.15357,0.254105
1.09261,0.686029
1.13022,0.455787
1.1331,0.451704
1.18304,0.415031
1.19739,0.202917
1.10907,0.76294
1.0776,0.716463
1.10809,0.662441
1.216,0.170266
1.11118,0.783058
1.11077,0.554105
1.20273,0.205103
1.06636,0.792282
1.10003,0.572315
1.16175,0.197094
1.14026,0.581176
1.19365,0.249287
1.12182,0.759604
1.08562,0.676875
1.12327,0.722631
1.21985,-0.302357
1.0564,0.705998
1.10718,0.720112
1.26069,-0.194064
1.14173,0.427146
1.12796,0.591174
1.20461,0.175498
1.18715,0.162087
1.14027,0.584199
1.22152,0.207666
1.06224,0.715633
1.12069,0.479759
1.07503,0.565563
1.15204,0.405296
1.2029,-0.0615852
1.15352,0.27139
1.1802,0.065786
1.16208,0.243598
1.25273,-0.248256
1.14796,0.197128
1.11541,0.7762
1.1882,0.155265
1.20576,0.0378762
1.14425,0.344141
1.12488,0.348928
1.11645,0.501317
1.09633,0.637334
1.14421,0.725461
1.14641,0.318202
1.14008,0.212392
1.13551,0.416782
1.12005,0.715919
1.26774,-0.158078
1.12586,0.636704
1.15318,0.190382
1.16105,0.414645
1.12409,0.260933
1.16342,0.311956
1.11008,0.549034
1.15757,0.310942
1.06551,1.10057
1.17852,0.0261002
1.15661,0.341067
1.14973,0.49622
1.06865,0.649227
1.11125,0.665808
1.15041,0.506279
1.1649,0.532416
1.1323,0.619848
1.17866,0.156779
1.15003,0.35446
1.19811,0.147666
1.12531,0.212811
1.1756,0.00111391
1.11858,0.635452
1.02413,1.01922
1.21821,0.032792
1.13128,0.52414
1.10665,0.555152
1.0901,0.842673
1.1865,0.180441
1.12848,0.532795
1.12705,0.605757
1.0592,0.917412
1.07918,0.857082
1.17798,-0.00905367
1.08375,0.843675
1.09604,0.740695
1.16324,0.464036
1.16591,0.179854
1.12826,0.384038
1.15261,0.436961
1.134,0.325483
1.05841,1.12821
1.15495,0.382484
1.16491,0.137918
1.14903,0.729572
1.1596,0.63301
1.1295,0.50749
1.08643,0.500643
1.13057,0.525087
1.13803,0.729591
1.14242,0.443489
1.08061,0.78655
1.0893,0.812128
1.11897,0.51475
1.18011,0.154615
1.1875,0.425627
1.10198,0.67303
1.18646,0.143588
1.11239,0.544167
1.10009,0.475131
1.14232,0.453426
1.07613,1.08088
1.14326,0.222681
1.18352,0.489105
1.15074,0.540199
1.1033,0.832393
1.03841,0.856669
1.14517,0.266477
1.09971,0.638597
1.10133,0.543255
1.16807,0.414099
1.10405,0.623842
1.11514,0.658199
1.17377,0.285998
1.09641,0.422087
1.21535,0.0677072
1.12753,0.411561
1.1613,0.367448
1.21751,0.00245884
1.07656,0.712518
1.18674,0.317925
1.15247,0.330499
1.18512,0.259837
1.17124,0.306299
1.10638,0.656783
1.18648,-0.0849245
1.15586,0.315107
1.21527,0.174149
1.1479,0.715583
1.15537,0.259824
1.17075,0.287399
1.13611,0.622139
1.13332,0.325885
1.13968,0.503301
1.15495,0.407466
1.08211,0.85108
1.10886,0.456897
1.17479,0.419385
1.18309,0.13327
1.1419,0.473551
1.12394,0.48192
1.09057,0.560638
1.17251,0.364539
1.1313,0.473919
1.13452,0.462095
1.19111,0.386285
1.19173,-0.0260113
1.17546,0.46217
1.17881,0.526458
1.12663,0.652228
1.19585,0.238217
1.1215,0.304573
1.14242,0.304599
1.16836,0.204273
1.10281,0.525911
1.12571,0.680122
1.16106,0.67965
1.19912,0.264668
1.13926,0.676893
1.09487,0.927704
1.12618,0.659845
1.09799,0.899049
1.12889,0.640498
1.17212,0.534636
1.14629,0.504551
1.09524,0.809659
1.08876,0.768844
1.0938,0.442694
1.13109,0.658731
1.08773,0.869158
1.03914,0.816246
1.11698,0.573808
1.15248,0.375976
1.0915,0.558743
1.12916,0.0785695
1.24197,0.225165
1.18403,0.00680132
1.16925,0.594924
1.07697,0.830572
1.17849,-0.148555
1.10087,0.681173
1.1418,0.643368
1.07973,0.879613
1.16499,0.553244
1.14495,0.580142
1.13193,0.654818
1.11913,0.95956
1.12155,0.586763
1.10273,0.625146
1.11769,0.819481
1.13107,0.483671
1.09851,0.869545
1.14365,0.416338
1.14244,0.409367
1.13796,0.522085
1.14891,0.472715
1.07486,0.924607
1.19054,-0.0912477
1.13378,0.466852
1.03045,0.982417
1.13109,0.382234
1.07688,0.665919
1.16639,0.125607
1.10914,0.589159
1.26754,-0.245423
1.05401,1.03329
1.00372,1.2861
1.14267,0.728289
1.09621,0.606291
1.21224,0.0108132
1.03141,1.07793
1.22277,-0.0121116
1.20514,0.0901958
1.15194,0.234997
1.15918,0.688169
1.19542,0.0874912
1.21194,0.119645
1.19961,0.105313
1.08032,0.634916
1.08639,0.82119
1.07036,0.881355
1.23161,0.0880345
1.16615,0.542734
1.18183,0.109724
1.15883,0.558669
1.17642,-0.0762893
1.08718,0.697092
1.08341,0.948789
1.12843,0.221372
1.07251,1.02699
1.14661,0.796008
1.14991,0.296556
1.1482,0.550122
1.14155,0.445511
1.14822,0.642501
1.14753,0.30643
1.12407,0.887809
1.18902,0.0734242
1.12819,0.392801
1.17536,0.507383
1.173,-0.00978769
1.19863,0.251807
1.12639,0.627931
1.16013,0.24192
1.21561,0.175645
1.1211,0.539008
1.12798,0.393465
1.14415,0.175868
1.12751,0.456934
1.05306,0.778733
1.20852,0.105798
1.09061,0.61642
1.18115,0.281556
1.19013,0.133811
1.17932,0.226074
1.15265,0.768573
1.21252,0.0917255
1.13917,0.544689
1.06566,0.890216
1.12311,0.471657
1.11699,0.667601
1.18322,0.240539
1.11683,0.74446
1.0886,0.686589
1.11994,0.410515
1.11562,0.616577
1.20665,-0.0652727
1.17199,0.276376
1.09011,0.576525
1.0704,0.75934
1.18845,0.117707
1.2278,-0.107541
1.07464,0.549019
1.1421,0.529135
1.08967,0.846357
1.15604,0.439972
1.1457,0.363693
1.10974,0.775977
1.14732,0.446198
1.17487,0.267646
1.18256,0.299434
1.16002,0.388167
1.18837,0.446345
1.17756,0.28834
1.02915,1.41483
1.10169,0.368733
1.13853,0.268489
1.12109,0.459779
1.11096,0.52582
1.16715,0.332226
1.13385,0.31073
1.21417,-0.0748566
1.1498,0.621678
1.16043,0.436659
1.09189,0.78791
1.09585,0.856184
1.08007,1.026
1.13666,0.80586
1.13734,0.559577
1.14475,0.400734
1.14321,0.389922
1.08609,0.628331
1.15694,0.178739
0.994416,0.955483
1.16668,0.52329
1.14348,0.328728
1.16501,0.403491
1.13235,0.465228
1.15877,0.350746
1.15953,0.105517
1.04847,0.896928
1.0905,0.694069
1.20197,0.0305363
1.2506,-0.288994
1.11624,0.505411
1.13679,0.176494
1.14571,0.269711
1.13478,0.527722
1.1743,0.247026
1.20355,0.114283
1.18229,0.277373
1.16804,0.331974
1.27986,-0.227863
1.09748,0.827363
1.10133,1.05147
1.14861,0.545185
1.07034,0.765032
1.18061,0.0682533
1.07902,0.692701
1.11224,0.929595
1.10651,0.844283
1.1482,0.485047
1.15386,0.332285
1.1254,0.314178
1.10504,0.573759
1.05449,1.25303
1.27242,-0.167648
1.11446,0.542571
1.11924,0.696498
1.17133,0.156949
1.10164,0.670151
1.08922,0.836123
1.15922,0.287988
1.0275,0.943169
1.07496,0.969349
1.19417,0.205195
1.15966,0.378066
1.07223,0.683287
1.13646,0.445487
1.19864,0.378099
1.1478,0.585283
1.18053,-0.100249
1.1958,0.195389
1.12829,0.531036
1.10033,0.633289
1.06024,1.10937
1.06349,0.866914
1.15795,0.186187
1.14277,0.431582
1.10532,0.486832
1.16089,0.273698
1.09932,0.852572
1.12714,0.318014
1.08206,0.670722
1.2223,0.0105687
1.06905,0.69305
1.12382,0.427283
1.07509,0.676639
1.08885,0.889131
1.10508,0.612711
1.12602,0.597454
1.12716,0.515084
1.15038,0.513125
1.12782,0.446408
1.19192,0.0319664
1.05137,1.10759
1.21191,-0.0722006
1.23665,-0.140275
1.12128,0.372389
1.17012,0.727959
1.15851,0.353667
1.18114,0.122678
1.16699,0.382437
1.14236,0.225211
1.13266,0.403657
1.19485,-0.279462
1.11511,0.456206
1.16353,0.259565
1.16163,0.432633
1.0884,0.801754
1.20926,-0.118153
1.17223,0.283868
1.13465,0.47704
1.0693,0.799159
1.01822,1.21244
1.11207,0.321618
1.18216,0.034625
1.0935,0.668623
1.06277,0.688873
1.07823,0.884569
1.16135,0.358651
1.14128,0.573477
1.17198,0.438605
1.09216,0.862254
1.21574,0.0457234
1.04635,1.05792
1.06897,0.912178
1.10197,0.547769
1.19711,0.00899799
1.18383,0.200756
1.21646,0.153901
1.14564,0.185384
1.0952,0.763204
1.19955,0.0102312
1.09326,0.63639
1.09342,0.771059
1.12433,0.625636
1.13194,0.464643
1.14113,0.56037
1.12758,0.456028
1.10399,0.570859
1.10916,0.582861
1.19004,0.116231
1.18883,0.120229
1.11994,0.486185
1.16673,0.586185
1.06031,0.929368
1.17399,0.323968
1.13104,0.482095
1.12341,0.472236
1.17795,0.477236
1.16266,0.206891
1.0612,1.04429
1.12902,0.676504
1.07679,0.7596
1.13613,0.436135
1.15403,0.395531
1.14333,0.335071
1.2229,0.316937
1.17233,0.175526
1.21106,0.0523588
1.13129,0.90106
1.11352,0.743428
1.07958,0.748904
1.17897,0.209128
1.16652,0.653124
1.18174,0.403406
1.11576,0.779825
1.2265,0.00379233
1.22139,0.0781821
1.0695,0.740553
1.05084,0.832104
1.12715,0.435237
1.10128,0.738972
1.1469,0.312192
1.17063,0.425196
1.09329,0.699623
1.16063,0.625845
1.07167,0.830587
1.13497,0.45664
1.10302,0.877336
1.1136,0.716683
1.15571,0.108901
1.18425,0.440716
1.07922,0.477146
1.06029,1.09846
1.15951,0.358685
1.10573,0.582607
1.12104,0.565581
1.15462,0.171029
1.14738,0.346157
1.17266,0.215694
1.09564,0.612741
1.03494,0.834238
1.11372,0.314411
1.07485,0.92644
1.13259,0.307113
1.13315,0.455388
1.15325,0.525255
1.12176,0.427258
1.13625,0.572518
1.16605,0.302742
1.05362,0.721719
1.09854,0.70977
1.16704,0.418879
1.15953,0.333114
1.17519,0.0131079
1.12335,0.677001
1.08997,0.599418
1.08443,0.815371
1.17726,0.3831
1.06256,0.694315
1.11287,0.617178
1.15113,0.241585
1.17094,0.565895
1.12853,0.625952
1.15752,0.506869
1.15186,0.431632
1.11697,0.589509
1.0638,0.945672
1.17591,0.491126
1.10954,0.800771
1.13081,0.331889
1.07822,0.553765
1.15056,0.137474
1.20152,-0.0655695
1.09316,0.970805
1.10898,0.944247
1.11743,0.295493
1.17963,0.275223
1.20065,0.41505
1.19693,0.000392445
1.11466,0.512906
1.11414,0.782843
1.1373,0.433788
1.27513,-0.266937
1.12567,0.624858
1.1401,0.367006
1.14147,0.397574
1.12342,0.504955
1.10017,0.395486
1.1307,0.386758
1.09918,0.940336
1.13059,0.548859
1.17294,0.207051
1.04838,1.15764
1.12075,0.597737
1.15193,0.41785
1.20032,0.193076
1.09448,0.524586
1.11767,0.59671
1.09041,0.931883
1.12797,0.701991
1.17482,0.208612
1.20448,0.452619
1.06032,0.726846
1.16844,0.237847
1.19046,0.348364
1.09127,0.873095
1.19986,0.166472
1.05837,0.911027
1.06629,0.78496
1.03235,0.843174
1.23683,-0.17516
1.13325,0.349707
1.13646,0.251837
1.14731,0.398096
1.13382,0.484629
1.11838,0.522694
1.19089,0.0379772
1.15723,0.245207
1.07809,0.67056
1.15484,0.479177
1.14598,0.201552
1.06972,0.785589
1.2171,-0.0531415
1.04047,1.11889
1.19628,0.143858
1.16937,0.273813
1.16407,0.504472
1.18744,0.196244
1.15998,0.228079
1.12745,0.713141
1.18614,0.136856
1.09234,0.661762
1.11998,0.744522
1.12792,0.598506
1.1123,0.644704
1.18694,0.376173
1.19727,0.360071
1.04717,0.652226
1.10736,0.605166
1.07244,0.590671
1.1082,0.587154
1.08317,0.830752
1.13432,0.406304
1.13561,0.599401
1.17576,0.356306
1.10169,0.531042
1.09639,0.714256
1.17505,0.127177
1.1819,0.118435
1.1974,0.152504
1.1521,0.378208
1.09814,0.855727
1.11661,0.443441
1.1265,0.601807
1.16473,0.0491212
1.12655,0.892529
1.01695,1.17721
1.17518,0.160491
1.15974,0.508726
1.19938,0.0924188
1.16927,0.242276
1.08895,0.671196
1.02457,1.19027
1.09553,0.77387
1.04409,0.844902
1.21597,-0.0298728
1.1892,0.00485386
1.08606,0.681997
1.13479,0.661622
1.04127,0.993356
1.15198,0.385411
1.24036,-0.0491079
1.21564,0.0326382
1.18874,0.319013
1.10192,0.423935
1.13218,0.530803
1.22905,0.142069
1.09547,0.724789
1.19034,0.274832
1.14098,0.603816
1.04535,1.09889
1.08311,0.960351
1.08738,0.727783
1.16512,0.441294
1.08739,0.617586
1.1526,0.21454
1.14333,0.443017
1.18404,0.100953
1.06291,0.88465
1.08964,0.874443
1.1239,0.599904
1.1183,0.544089
1.08684,0.734025
1.18725,0.448587
1.1314,0.467025
1.19138,0.235732
1.06796,0.819364
1.14219,0.702515
1.2234,0.0679317
1.15729,0.453851
1.08079,0.838438
1.16094,0.321938
1.20408,0.083927
1.16626,0.130447
1.14635,0.540096
1.112,0.553453
1.05783,1.00808
1.13469,0.529232
1.1693,0.273573
1.11562,0.885597
1.09492,0.84168
1.07364,0.708573
1.11524,0.671362
1.17856,0.213583
1.01872,1.01279
1.19713,0.0641483
1.12991,0.66809
1.18757,0.271151
1.09497,0.532928
1.11685,0.614216
1.08149,0.721483
1.25052,-0.0534712
1.09327,0.852667
1.1396,0.406135
1.10683,0.834974
1.11664,0.58564
1.11148,0.562983
1.09224,0.764259
1.13464,0.26106
1.12676,0.376806
1.09495,0.756028
1.11652,0.73993
1.0994,0.698015
1.12919,0.450449
1.14363,0.496834
1.21562,0.165339
1.18458,0.0913583
1.21587,0.238362
1.16835,0.16563
1.1139,0.529528
1.15637,0.375028
1.20292,0.477532
1.15081,0.308763
1.13183,0.474362
1.12533,0.501985
1.09712,0.915671
1.07068,0.657098
1.1324,0.664149
1.16156,0.409399
1.09921,0.618085
1.19201,0.0448803
1.12918,0.5036
1.09369,0.722237
1.08411,0.706166
1.12081,0.739018
1.10593,0.664565
1.16477,0.434303
1.18092,0.262402
1.06869,0.989609
1.20715,0.251025
1.13778,0.553189
1.15972,0.263505
1.17951,0.13204
1.142,0.470011
1.11311,0.666383
1.13705,0.623789
1.12732,0.551149
1.17035,0.507867
1.14597,0.41586
1.12498,0.528771
1.18746,0.383071
1.15407,0.409245
1.1314,0.50377
1.14128,0.371372
1.14046,0.650932
1.17523,0.600666
1.16529,0.038233
1.17715,0.345751
1.17262,0.457639
1.11361,0.380864
1.16706,0.542667
1.16396,0.313166
1.10098,0.908588
1.1309,0.459896
1.13777,0.409088
1.09137,0.660823
1.08043,0.632777
1.11858,0.59855
1.12843,0.552486
1.08344,0.652869
1.11041,0.658927
1.15614,0.779407
1.07718,0.752278
1.12106,0.760299
1.14924,0.311345
1.1712,0.0444149
1.21299,0.0989307
1.09259,0.909191
1.05339,0.944982
1.16244,0.277536
1.22174,0.0301689
1.14187,0.32221
1.10222,0.565058
1.1125,0.618359
1.13777,0.537813
1.21219,0.0409856
1.11215,0.707209
1.16879,0.231772
1.16149,0.600209
1.12184,0.586308
1.09657,0.537708
1.12334,0.499157
1.28303,-0.367584
1.2027,0.156246
1.15904,0.44917
1.17017,0.316567
1.18126,-0.0408522
1.11515,0.550413
1.13033,0.42808
1.13552,0.660975
1.14503,0.205484
1.06492,0.949849
1.14052,0.229408
1.05842,0.892122
1.15445,0.581547
1.18485,0.263115
1.11868,0.498335
1.13119,0.420445
1.1325,0.433422
1.15772,0.536272
1.13423,0.654425
1.16295,0.262009
1.17114,0.150987
1.21968,-0.0634915
1.06519,0.669459
1.13578,0.273835
1.20282,-0.0495342
1.12191,0.611757
1.11794,0.679145
1.17417,0.405114
1.0714,0.890279
1.13114,0.39256
1.17775,0.204573
1.08841,0.838873
1.13257,0.290547
1.19205,0.220861
1.10364,0.541068
1.2036,0.2021
1.189,0.0970428
1.06527,0.973507
1.18061,0.305237
1.1033,0.695022
1.2534,-0.171892
1.2326,-0.330071
1.11116,0.397931
1.12762,0.241523
1.10461,0.525162
1.13913,0.586469
1.18012,0.408345
1.142,0.271631
1.16038,0.263998
1.16382,0.239717
1.19454,0.192969
1.10069,0.813799
1.19348,0.18859
1.06457,0.770394
1.10828,0.556384
1.12462,0.674838
1.14563,0.424634
1.09577,0.73928
1.10356,0.824031
1.05918,0.960243
1.06523,0.902593
1.07574,0.986668
1.15468,0.401327
1.14089,0.486929
1.18797,0.210229
1.10114,0.553372
1.10255,0.704978
1.20659,0.346525
1.16478,0.169473
1.15411,0.368169
1.08395,0.918286
1.15691,0.128729
1.15931,0.392876
1.22279,0.17085
1.1336,0.489388
1.10162,0.735431
1.07869,0.971062
1.04025,1.00566
1.14588,0.438367
1.15376,0.420227
1.15249,0.41083
1.1438,0.232582
1.09802,0.504069
1.10698,0.697675
1.10144,0.750484
1.08995,0.671925
1.12833,0.551053
1.0905,0.964682
1.1213,0.838509
1.13241,0.492437
1.09575,0.836241
1.18207,0.177527
1.17585,0.354336
1.196,0.0732565
1.11836,0.735121
1.20599,0.0435722
1.09816,0.74409
1.1731,0.125543
1.14472,0.67979
1.10728,1.01585
1.17977,0.223127
1.17569,0.0422471
1.17792,0.41366
1.21876,0.110949
1.12692,0.479536
1.14546,0.55131
1.10469,0.388789
1.11763,0.559388
1.15752,0.171605
1.10956,0.738979
1.16916,0.188834
1.13702,0.368587
1.17937,0.277468
1.12717,0.401974
1.13364,0.610794
1.15352,0.362061
1.15451,0.392383
1.14028,0.387367
1.1612,0.320104
1.13319,0.435815
1.1542,0.219388
1.15219,0.250327
1.16076,0.200567
1.15788,0.490621
1.08835,0.816383
1.11972,0.812051
1.14167,0.605664
1.10064,0.522293
1.1857,0.0630096
1.07819,0.998589
1.12381,0.676712
1.13659,0.249504
1.16335,0.166958
1.09829,0.888686
1.09425,0.546316
1.08923,0.880116
1.09261,0.687145
1.12722,0.600845
1.11711,0.369751
1.09645,0.661491
1.13726,0.458895
1.12287,0.643902
1.16512,0.200172
1.13489,0.554235
1.11508,0.659189
1.17434,0.289199
1.16238,0.204928
1.19995,0.332387
1.12521,0.477954
1.04005,0.927762
1.15517,0.408403
1.07314,0.488895
1.09925,0.841124
1.22301,-0.237216
1.18019,0.0797014
1.10384,0.938552
1.04302,0.814878
1.1539,0.621303
1.23323,-0.215642
1.14359,0.404882
1.19018,0.162461
1.14867,0.329409
1.09629,0.878307
1.16171,0.376479
1.18207,0.248638
1.10232,0.808221
1.14565,0.608182
1.08047,0.557966
1.25027,-0.155116
1.21071,0.0487139
1.07319,0.63413
1.22747,0.0284898
1.16578,0.251
1.12412,0.457299
1.19121,0.198603
1.13035,0.515617
1.13205,0.105932
1.05518,0.993842
1.15773,0.335498
1.20051,0.184773
1.20114,-0.0851234
1.15039,0.469721
1.12671,0.609213
1.15107,0.250344
1.05132,0.848053
1.2209,0.0659165
1.14453,0.378454
1.10312,0.516947
1.1649,0.604953
1.1649,0.465301
1.21259,-0.0850658
1.07146,1.21849
1.08127,0.712832
1.14706,0.501841
1.10351,0.667209
1.14302,0.763818
1.21339,-0.0508754
1.11267,0.517524
1.1436,0.403567
1.12716,0.334901
1.17049,0.393229
1.11746,0.667713
1.08444,0.624748
1.18949,0.412671
1.13874,0.29663
1.07589,1.11494
1.14276,0.241725
1.08307,0.615535
1.04522,1.17994
1.15823,0.221391
1.27713,0.0053131
1.18243,0.433643
1.09898,0.895581
1.18792,0.17844
1.13394,0.038425
1.19114,0.366312
1.12093,0.796532
1.21789,0.367097
1.10549,0.394052
1.10987,0.664439
1.10735,0.664596
1.26446,-0.0150751
1.14538,0.284581
1.11834,0.481172
1.19146,0.262923
1.11432,0.647306
1.19072,0.247273
1.17969,0.174947
1.19365,0.255825
1.24578,-0.194784
1.14805,0.482019
1.18996,0.409155
1.09146,0.591858
1.1208,0.308551
1.14344,0.476491
1.1305,0.545272
1.10575,0.589379
1.07187,0.778397
1.13827,0.383998
1.11771,0.681996
1.14114,0.391919
1.14586,0.516407
1.22316,-0.0420368
1.12896,0.65963
1.14258,0.335962
1.15832,0.370786
1.15748,0.558201
1.13377,0.220998
1.11422,0.285869
1.20414,0.338953
1.15536,0.205927
1.12802,0.571998
1.06688,1.24671
1.08044,0.91365
1.17863,0.296942
1.13717,0.26374
1.14651,0.183012
1.10445,0.4246
1.03666,1.03769
1.08746,0.5143
1.10605,0.46071
1.09084,0.218216
1.08472,0.71273
1.14649,0.329423
1.03312,1.08485
1.16607,0.308627
1.14695,0.413585
1.19347,0.442822
1.18237,0.410551
1.1346,0.477802
1.16323,0.401176
1.23317,0.000381418
1.22604,-0.000356483
1.11854,0.328427
1.16894,0.427521
1.1715,0.237772
1.12595,0.545521
1.109,0.674325
1.06713,1.01935
1.05005,0.953431
1.15293,0.435908
1.1735,0.178932
1.12791,0.953762
1.12109,0.456331
1.17072,0.182195
1.0813,0.61583
1.12479,0.564567
1.07349,0.928088
1.1606,0.353179
1.10231,0.783444
1.14864,0.58933
1.08999,0.644719
1.09162,0.709467
1.11702,0.566202
1.19219,0.0489595
1.11668,0.673146
1.04395,1.03265
1.19821,0.149856
1.24518,0.0375695
1.00857,1.18033
1.11141,0.618953
1.16746,0.216814
1.10153,0.767718
1.10012,0.797013
1.13751,0.277857
1.14582,0.343908
1.19725,0.0789057
1.18985,0.388624
1.12081,0.568786
1.1224,0.628852
1.17384,0.335539
1.14707,0.330711
1.06386,0.97738
1.16904,0.257055
1.15619,0.203204
1.1249,0.46701
1.17061,0.173931
1.12485,0.393441
1.07063,1.15825
1.08579,0.474639
1.15375,0.541776
1.14654,0.23503
1.14822,0.38044
1.07534,0.906219
1.1327,0.72373
1.16529,0.212504
1.15815,0.443671
1.17618,0.299848
1.20429,0.0526465
1.07783,0.882615
1.10073,0.640414
1.11883,0.385717
1.15751,0.433978
1.22636,-0.0919602
1.14262,0.344115
1.22208,0.211993
1.10767,0.663533
1.2376,0.0164574
1.06723,0.866412
1.06233,0.942174
1.0754,0.91084
1.11555,0.617573
1.13148,0.591499
1.14853,0.226015
1.10477,0.566111
1.10938,0.88961
1.08288,0.855835
1.17967,0.29934
1.18346,0.0944248
1.172,0.254722
1.22636,-0.132751
1.10827,0.758761
1.08143,0.917323
1.1683,0.185069
1.18402,0.102014
1.18499,0.285108
1.09901,0.700875
1.16074,0.488485
1.1961,-0.0380233
1.10377,0.453525
1.15509,0.410335
1.05839,1.03283
1.1082,0.414402
1.16224,0.232252
1.12897,0.719806
1.11173,0.638852
1.1632,0.216682
1.07457,0.815325
1.13678,0.352937
1.03199,1.13351
1.14765,0.573104
1.10024,0.865515
1.19124,0.347758
1.14436,0.365143
1.10046,0.576047
1.12601,0.500836
1.15165,0.501276
1.18669,0.10594
1.11689,0.554113
1.25886,-0.212218
1.13698,0.697996
1.15371,0.313569
1.12163,0.620656
1.09865,0.644672
1.06288,1.00322
1.21478,0.0724249
1.09915,0.53451
1.20194,0.335608
1.08961,0.691943
1.19244,0.329821
1.13096,0.374395
1.13884,0.790354
1.09565,0.710646
1.11942,0.751025
1.09859,0.574949
1.06657,0.740802
1.02483,1.33754
1.148,0.367195
1.08097,0.571262
1.10128,0.680767
1.10334,0.506708
1.11065,0.748895
1.17528,0.0760942
1.05818,0.778315
1.09363,0.758238
1.14235,0.117639
1.07897,0.886779
1.11811,0.743503
1.21441,-0.0558071
1.1139,0.173035
1.1931,0.357835
1.13954,0.718243
1.04729,1.20878
1.18185,0.369006
1.08674,0.731085
1.15171,0.431625
1.1297,0.392384
1.13939,0.450409
1.14841,0.563423
1.09083,0.668637
1.19603,0.377328
1.04916,0.783513
1.1432,0.506845
1.17073,0.249579
1.18675,0.231079
1.14433,0.588035
1.10486,0.808098
1.14251,0.584082
1.16416,0.365041
1.16597,0.332712
1.19587,0.0222844
1.20714,0.038562
1.13189,0.175523
1.08928,0.577019
1.12884,0.461696
1.23974,-0.286072
1.14593,0.232476
1.16081,0.237299
1.20693,0.155161
1.1221,0.409609
1.15424,0.381411
1.10337,0.575373
1.10385,0.504597
1.1581,0.517045
1.08608,0.684085
1.1268,0.425826
1.13224,0.606566
1.16856,0.520755
1.11422,0.722854
1.12269,0.644807
1.19767,0.225841
1.13733,0.304538
1.1748,0.250833
1.15181,0.419583
1.1552,0.474706
1.10089,0.82857
1.13664,0.567035
1.17956,0.271993
1.12737,0.469304
1.09939,0.813871
1.22864,0.0547154
1.16978,0.368591
1.16511,0.266809
1.1321,0.168455
1.16821,0.509356
1.18749,0.347748
1.18637,-0.0860009
1.15909,0.350493
1.16569,0.264143
1.11717,0.439153
1.15775,0.632728
1.093,0.799952
1.04153,0.934191
1.13699,0.525968
1.14016,0.655298
1.11017,0.491707
1.18307,0.0882588
1.0701,0.831237
1.16722,0.285171
1.12795,0.394571
1.13452,0.506487
1.0879,0.644018
1.16521,0.27407
1.15062,0.765231
1.08081,0.657691
1.10675,0.43668
1.15985,0.574089
1.2115,0.202091
1.12845,0.615275
1.11044,0.571657
1.11471,0.642982
1.21118,0.100892
1.14845,0.315077
1.12958,0.789251
1.09175,0.741284
1.13138,0.56229
1.1507,0.0379282
1.18264,0.0813343
1.11718,0.620227
1.15559,0.41213
1.19291,0.0836601
1.08258,0.936837
1.18576,0.067118
1.07628,0.879184
1.17099,0.387709
1.20076,-0.158589
1.18874,0.0157891
1.15608,0.39984
1.18619,0.338285
1.15597,0.436243
1.11292,0.581413
1.09701,0.488766
1.17422,0.181323
1.13564,0.64494
1.1118,0.652568
1.15394,0.202818
1.14488,0.0335539
1.14178,0.472605
1.25874,-0.036739
1.16255,0.494088
1.15346,0.101472
1.15629,0.483553
1.09384,0.584727
1.07917,0.954947
1.0727,0.959718
1.08874,1.12344
1.15475,0.213173
1.13775,0.47027
1.04889,0.879706
1.19745,-0.0205781
1.14543,0.120188
1.17639,0.0966896
1.1747,0.393932
1.08503,0.790297
1.19942,0.278321
1.08507,0.714119
1.1263,0.412154
1.14791,0.487038
1.07411,0.658985
1.0934,0.843557
1.06551,0.942818
1.10864,0.892684
1.06056,1.0422
1.1406,0.23112
1.1866,0.0115559
1.07915,0.904771
1.09893,0.680161
1.07191,0.674543
1.10945,0.758633
1.18656,0.0144717
1.06448,0.732396
1.11138,0.767814
1.19358,0.258057
1.08239,0.856092
1.13841,0.559742
1.17301,0.156553
1.13147,0.454957
1.07003,0.929672
1.27917,-0.186197
1.13654,0.246728
1.16704,0.548401
1.14773,0.387772
1.15819,0.378653
1.14704,0.245617
1.12865,0.593842
1.0784,0.813913
1.10867,0.616572
1.12402,0.322065
1.13117,0.370162
1.13979,0.551331
1.18458,0.159181
1.09775,0.601065
1.18179,-0.0794535
1.10805,0.673037
1.19159,0.176414
1.07534,0.694535
1.26601,-0.140186
1.17075,0.151483
1.16494,0.0321791
1.07611,0.899501
1.20294,0.0574816
1.07828,1.02768
1.08691,0.994007
1.04229,1.0499
1.07834,0.778266
1.17188,0.323076
1.07116,0.958183
1.07465,0.781607
1.11265,0.71198
1.14665,0.541604
1.17322,0.345742
1.12822,0.624884
1.24827,0.162888
1.18234,0.0762549
1.06531,0.939183
1.20105,0.193566
1.04461,1.15368
1.08171,0.988161
1.1579,0.435125
1.16598,0.205687
1.10549,0.781508
1.15542,0.485413
1.16683,0.322927
1.096,0.643521
1.13255,0.681271
1.14052,0.476308
1.1442,0.493282
1.05345,0.852296
1.14621,0.399528
1.20123,0.0113667
1.16036,0.300386
1.15255,0.480612
1.09675,0.726585
1.15014,0.290762
1.09271,0.773663
1.11943,0.700735
1.10385,0.706091
1.07819,0.85577
1.15249,0.271097
1.1996,0.218571
1.15558,0.571598
1.11653,0.510972
1.11014,0.589376
1.24608,-0.134038
1.2463,-0.144216
1.11127,0.793106
1.13124,0.647747
1.1454,0.486173
1.16305,0.478086
1.23091,0.0437504
1.18059,0.307704
1.1448,0.602768
1.16961,0.177363
1.19785,0.27055
1.14514,0.328381
1.09752,0.550237
1.11172,0.715082
1.08687,0.795245
1.16445,0.218164
1.13529,0.64514
1.13216,0.306452
1.18744,0.122835
1.20478,0.0210674
1.09932,0.655347
1.11264,0.605511
1.10348,0.550638
1.18499,-0.0709291
1.19311,0.17823
1.19592,0.206529
1.23831,-0.096389
1.18136,0.266772
1.12267,0.410676
1.16006,0.431381
1.19161,0.338978
1.16913,0.0257379
1.08868,0.905843
1.10628,0.562901
1.1513,0.589941
1.07594,1.02911
1.12272,0.447818
1.07634,0.986282
1.1269,0.727947
1.09371,0.599445
1.13679,0.535155
1.12614,0.410652
1.13162,0.466595
1.1468,0.464422
1.13709,0.474111
1.14243,0.340149
1.19116,0.33693
1.14214,0.471214
1.11061,0.714827
1.07354,0.834532
1.08425,0.822806
1.10058,0.714414
1.13416,0.362555
1.18276,0.132149
1.01561,1.20397
1.08884,0.78765
1.13758,0.412945
1.1798,0.108942
1.07199,1.01989
1.06429,0.796227
1.19632,0.140916
1.12849,0.395124
1.1507,0.248972
1.2134,-0.108705
1.16235,0.413597
1.17145,0.502909
1.1278,0.528384
1.10048,0.526259
1.15681,0.463854
1.13679,0.392306
1.1252,0.72152
1.11475,0.694412
1.16267,0.33619
1.14497,0.291665
1.06663,0.854546
1.08942,0.925233
1.17457,0.081417
1.17593,0.200153
1.18007,0.315726
1.2174,0.0834583
1.16568,0.378341
1.16343,0.394039
1.21402,-0.00113261
1.10252,0.481446
1.11383,0.700086
1.07453,0.753311
1.11462,0.676784
1.08808,0.841666
1.13111,0.555322
1.14352,0.555502
1.06897,0.951137
1.16034,0.219586
1.20825,0.282856
1.22654,-0.216453
1.04919,0.731949
1.1107,0.638846
1.15619,0.181722
1.1566,0.331522
1.12444,0.590764
1.09542,0.800075
1.1543,0.597948
1.2263,0.160475
1.16401,0.444123
1.07331,0.810842
1.08808,1.04093
1.16007,0.265966
1.08498,0.695544
1.15025,0.218452
1.14815,0.41951
1.10431,0.845706
1.15746,0.250894
1.13693,0.556661
1.18851,0.177013
1.09643,0.624067
1.12897,0.266849
1.11879,0.444727
1.07951,0.807578
1.12779,0.302075
1.142,0.191533
1.09734,0.715425
1.13383,0.411535
1.12199,0.41281
1.16118,0.420321
1.13365,0.672928
1.16945,0.362786
1.18255,0.196501
1.12947,0.522745
1.12094,0.683301
1.22387,-0.000600944
1.18345,0.22686
1.12297,0.80112
1.11419,0.296835
1.15729,0.17749
1.12595,0.388053
1.12632,0.640127
1.21143,-0.0128537
1.1708,0.259331
1.11708,0.824786
1.20936,0.0714071
1.13676,0.54938
1.15884,0.576717
1.19854,0.483555
1.09742,0.563651
1.11726,0.513874
1.09014,0.924508
1.06143,0.801989
1.07225,0.501933
1.18556,0.185002
1.12094,0.541441
1.03649,0.955832
1.08323,0.701894
1.18329,0.191416
1.17472,0.135546
1.15587,0.629945
1.14736,0.276248
1.08401,0.933848
1.21773,-0.224143
1.16509,0.378711
1.17234,0.315136
1.09771,0.861283
1.10715,0.836262
1.20563,0.116559
1.13697,0.631333
1.07406,0.81755
1.05898,0.560215
1.08397,0.270128
1.18744,0.210727
1.20955,0.275434
1.14203,0.48313
1.11854,0.42098
1.04196,1.13691
1.10859,0.648329
1.17177,0.49682
1.0973,0.7014
1.15705,0.40162
1.13658,0.473232
1.16875,0.368509
1.08366,0.642058
1.10878,0.592997
1.10853,0.625493
1.10966,0.516322
1.13818,0.443533
1.17804,0.284495
1.07986,0.887308
1.18944,0.335283
1.2438,-0.350413
1.07186,1.08824
1.08598,0.75208
1.13557,0.341746
1.13133,0.306682
1.18262,0.104306
1.03173,1.1013
1.06183,0.910729
1.12367,0.508015
1.1138,0.735345
1.25085,-0.0474078
1.13943,0.358502
1.15748,0.421936
1.1837,0.0514333
1.17581,0.461817
1.17748,0.540157
1.2428,-0.110208
1.07976,0.754194
1.18523,-0.0172085
1.11812,0.816096
1.19203,0.0381969
1.09481,0.70451
1.10668,0.93816
1.11972,0.675342
1.14516,0.4322
1.21778,0.0410737
1.20053,0.236521
1.20303,0.120128
1.19905,0.105295
1.12686,0.493758
1.19936,0.127139
1.11188,0.757318
1.15355,0.590779
1.21517,-0.142291
1.202,-0.028634
1.133,0.511997
1.22253,-0.0332953
1.21062,0.434368
1.1692,0.440572
1.16546,0.326508
1.18425,0.402771
1.06145,0.744221
1.15015,0.615042
0.997761,1.40283
1.17965,0.289001
1.09847,0.612247
1.16542,0.285815
1.06503,1.08557
1.16428,0.264626
1.13525,0.587877
1.12426,0.328142
1.12058,0.429049
1.09322,0.949004
1.1428,0.658447
1.13075,0.58179
1.11163,0.456702
1.06936,0.831419
1.15879,0.266797
1.13305,0.339213
1.10754,0.806555
1.1193,0.61285
1.22104,0.0288324
1.17052,0.493711
1.01365,1.34387
1.17833,0.224256
1.15758,0.408391
1.07856,1.0361
1.10911,0.470669
1.10336,0.71147
1.19017,0.27395
1.07779,0.663277
1.18085,0.443221
1.21289,0.134118
1.18468,0.348339
1.09266,0.823192
1.14196,0.637741
1.04892,0.971497
1.10102,0.85965
1.0218,1.30784
1.07461,0.965618
1.0974,0.696156
1.12496,0.794677
1.1155,0.42367
1.142,0.299626
1.15191,0.456212
1.13694,0.658724
1.07849,0.753776
1.04306,0.684061
1.24813,-0.126895
1.13977,0.241385
1.13124,0.480784
1.18175,0.0626018
1.22324,0.0372267
1.11341,0.533463
1.11406,0.631416
1.117,0.640704
1.24479,-0.0184556
1.11472,0.630624
1.13642,0.606343
1.15666,0.190905
1.13593,0.314967
1.20485,0.263002
1.16988,0.248818
1.11267,0.579304
1.10228,0.269484
1.04791,0.945219
1.16525,0.460759
1.09053,0.707898
1.16775,0.208954
1.0386,0.903374
1.16957,-0.0280432
1.18925,0.304765
1.09034,0.712149
1.03683,1.11067
1.16099,0.458113
1.12157,0.447285
1.00455,1.04866
1.13238,0.619096
1.18777,0.0251454
1.1076,0.996425
1.11328,0.620992
1.13723,0.41526
1.08406,0.517631
1.16115,0.184684
1.13162,0.698263
1.15045,0.39761
1.0573,0.919217
1.1168,0.677463
1.04844,1.05851
1.2048,0.214069
1.12081,0.721251
1.14411,0.708422
1.0473,0.961172
1.10346,0.538472
1.15976,0.206932
1.12329,0.547706
1.14948,0.57314
1.14373,0.483309
1.12955,0.60024
1.12972,0.458217
1.12249,0.429689
1.17634,0.156907
1.14727,0.440411
1.13565,0.377938
1.14038,0.377048
1.2059,0.163972
1.1449,0.436193
1.15036,0.682937
1.16955,0.0388173
1.18315,0.396858
1.09633,1.17998
1.14368,0.305078
1.15455,0.260577
1.11797,0.480604
1.12919,0.818122
1.14704,0.282401
1.11551,0.5906
1.1165,0.454636
1.14536,0.0446086
1.23743,-0.238539
1.15693,0.423582
1.04347,0.778591
1.17059,0.162292
1.13438,0.330957
1.07998,0.737447
1.07426,0.820455
1.1315,0.618965
1.13158,0.579859
1.10574,0.518243
1.17057,0.519895
1.1458,0.239593
1.15225,0.300334
1.1959,0.183801
1.14056,0.35427
1.22355,0.138189
1.27582,-0.241975
1.19859,0.42079
1.1105,0.632317
1.1339,0.527559
1.16698,0.31731
1.1254,0.763842
1.13357,0.684441
1.16829,0.514471
1.14666,0.385544
1.10601,0.789914
1.15544,0.526764
1.17824,0.0869481
1.12787,0.521433
1.14495,0.21966
1.15186,0.496798
1.13434,0.174659
1.17737,0.326522
1.0778,0.595849
1.06957,0.687281
1.15743,0.0909731
1.06605,0.934919
1.08049,0.628072
1.12471,0.243881
1.13207,0.582866
1.19283,0.223545
1.10716,0.604481
1.08316,0.819161
1.13766,0.661031
1.12974,0.432847
1.13672,0.682044
1.0857,0.840938
1.18998,0.357503
1.1923,0.114707
1.11299,0.663306
1.22594,-0.306148
1.21071,-0.019789
1.16599,-0.00787922
1.11592,0.510343
1.20137,0.192952
1.12687,0.565725
1.08371,1.23109
1.07649,0.683373
1.11167,0.377763
1.17649,0.111403
1.18258,0.213673
1.07798,0.778754
1.11679,0.601797
1.12136,0.392513
1.1592,0.411484
1.11592,0.578789
1.15926,0.0235989
1.12473,0.453007
1.11236,0.810144
1.05037,1.02013
1.15875,0.354071
1.14025,0.641381
1.11715,0.727738
1.22433,-0.277155
1.17196,0.299843
1.13661,0.62239
1.07773,1.01686
1.11049,0.491644
1.10679,0.751674
1.11142,0.719036
1.05664,0.804521
1.15231,0.556566
1.1146,0.691685
1.18411,0.21223
1.12647,0.557228
1.1815,0.105623
1.16637,0.190662
1.16403,0.230312
1.10799,0.538843
1.19155,0.0703146
1.13392,0.347616
1.08204,0.740225
1.08497,0.65088
1.23842,0.0735689
1.14815,0.383217
1.14537,0.486658
1.13511,0.372138
1.18944,0.099045
1.04289,1.10503
1.16308,0.189065
1.20872,-0.054621
1.10746,0.580583
1.19696,-0.0892928
1.06196,0.986351
1.0842,0.599572
1.16509,0.329393
1.26085,-0.280183
1.23034,-0.0416227
1.08246,0.647682
1.10206,0.825369
1.12756,0.48161
1.05321,0.921112
1.15905,0.363761
1.14826,0.47107
1.12059,0.503901
0.996256,1.41411
1.17578,0.274542
1.05578,0.586363
1.12918,0.537134
1.15012,0.523167
1.07928,0.678097
1.20849,0.054802
1.19047,-0.265737
1.19284,0.388846
1.13259,0.576868
1.09117,0.903504
1.12984,0.542699
1.14793,0.585984
1.04415,1.02667
1.22014,-0.190605
1.14461,0.73428
1.07581,1.06867
1.11651,0.657144
1.07969,0.835503
1.14427,0.378328
1.15461,0.552096
1.07572,0.714106
1.18047,0.302585
1.10539,0.352998
1.15131,0.414532
1.13958,0.674585
1.15656,0.339254
1.13103,0.419452
1.17503,0.259287
1.14763,0.487557
1.16035,0.481708
1.12809,0.556548
1.08068,0.935324
1.02485,1.00243
1.06869,0.721006
1.21923,-0.0367995
1.13686,0.44961
1.12424,0.826431
1.14947,0.634582
1.13833,0.215217
1.16494,0.544063
1.09746,0.693665
1.04218,1.08684
1.05927,0.588505
1.18126,0.217223
1.16187,0.219874
1.10934,0.69
1.12776,0.380023
1.1463,0.4816
1.02769,0.989814
1.1473,0.61093
1.16146,0.386124
1.17214,0.0557364
1.14272,0.715706
1.1261,0.485357
1.15181,0.176962
1.0674,0.596115
1.1465,0.510386
1.07567,0.989263
1.07283,0.897043
1.1219,0.281796
1.13472,0.6404
1.14185,0.408108
1.15531,0.194254
1.15401,0.537452
1.22824,-0.0427111
1.28414,-0.157242
1.08015,0.809397
1.14316,0.256603
1.10939,0.774272
1.22981,0.0808069
1.17346,0.383633
1.13883,0.442175
1.09309,0.393473
1.09704,0.502097
1.07567,0.9728
1.08484,0.930724
1.08357,0.625847
1.16315,0.44843
1.12095,0.52331
1.06996,1.05628
1.12994,0.550332
1.12595,0.223953
1.15157,0.186026
1.16923,0.190414
1.11184,0.859471
1.09074,0.749257
1.13795,0.441012
1.15007,0.385213
1.03161,1.03689
1.21421,0.0805369
1.08973,0.906109
1.16861,0.295909
1.21979,0.0131308
1.23474,0.07242
1.11945,0.703435
1.04459,1.00922
1.12383,0.706328
1.15209,0.380559
1.15978,-0.0177634
1.22156,0.127512
1.16475,0.499772
1.17617,0.359863
1.10713,0.776774
1.07288,0.838304
1.16776,0.324916
1.14084,0.409421
1.15646,0.392731
1.10085,0.837436
1.14754,0.457424
1.14088,0.59165
1.01566,1.09288
1.10772,0.434065
1.09789,0.688405
1.16382,0.38578
1.12184,0.573601
1.11786,0.717208
1.05369,0.826803
1.14289,0.335096
1.19106,0.469156
1.25338,0.0392164
1.15278,0.403765
1.17322,0.398316
1.16509,0.334332
1.2003,0.152434
1.20877,-0.219774
1.09845,0.853433
1.16995,0.428724
1.11995,0.67958
1.08118,0.769575
1.13226,0.572958
1.08596,0.94754
1.24758,0.168785
1.20281,0.140217
1.17473,0.468693
1.15701,0.587048
1.14081,0.424574
1.17084,0.218194
1.12347,0.71375
1.15076,0.308783
1.13449,0.606441
1.17334,0.117185
1.05876,0.709901
1.21516,0.0645699
1.14141,0.492655
1.12863,0.555616
1.09983,0.500027
1.11839,0.559831
1.21181,-0.0624442
1.0929,0.818574
1.11137,0.643419
1.04948,0.946816
1.14699,0.415374
1.1126,0.798874
1.16723,0.0943972
1.23891,-0.0230005
1.14604,0.466601
1.16346,0.568042
1.15503,0.380001
1.1348,0.423494
1.0709,0.77325
1.23673,-0.297286
1.16722,0.216792
1.11345,0.64879
1.0964,0.647616
1.18119,0.253932
1.123,0.454693
1.16678,0.45131
1.12279,0.609078
1.20497,0.159737
1.11761,0.578189
1.15937,0.126762
1.11794,0.474932
1.09613,0.578624
1.1656,0.546431
1.14336,0.360273
1.17156,0.46217
1.14191,0.157519
1.09895,0.848353
1.13039,0.539679
1.09358,0.832723
1.12107,0.687066
1.21959,-0.126133
1.06455,0.646059
1.22495,0.173639
1.0799,1.02553
1.14708,0.255973
1.08316,0.70938
1.10538,0.651762
1.13651,0.449924
1.09613,0.571446
1.14543,0.570173
1.14316,0.442644
1.08133,0.979412
1.12979,0.482658
1.1458,0.430637
1.19237,0.0392626
1.13152,0.543623
1.16534,0.21656
1.18448,0.375814
1.16184,0.293936
1.13308,0.694201
1.03565,0.677405
1.20605,0.0971492
1.0608,0.734483
1.12304,0.820877
1.06824,0.75335
1.12425,0.507746
1.1368,0.428312
1.2041,0.0815228
1.13043,0.425509
1.17725,0.352641
1.12214,0.58471
1.14679,0.522559
1.0871,0.704908
1.16194,0.175887
1.12304,0.372837
1.19961,-0.167996
1.11038,0.622257
1.08745,0.805145
1.22715,-0.0792796
1.09737,0.70114
1.12765,0.492642
1.16711,0.215903
1.10723,0.835841
1.19253,0.0775804
1.19823,0.0805922
1.0524,0.886395
1.14237,0.660426
1.18045,0.284162
1.10229,0.679473
1.16441,0.21627
1.08145,0.665687
1.05228,1.02569
1.07517,0.585181
1.20152,-0.242479
1.12435,0.701192
1.19032,0.354771
1.29695,-0.413275
1.07449,0.677775
1.1539,0.577035
1.12257,0.714789
1.21609,-0.0438594
1.21667,0.0204077
1.06507,1.14134
1.13509,0.50514
1.16382,0.311986
1.16632,0.534876
1.18225,-0.133359
1.13439,0.677968
1.21087,-0.0245735
1.12307,0.351886
1.10136,0.695639
1.13007,0.483843
1.31538,-0.34799
1.17714,0.577903
1.14886,0.488633
1.22354,-0.203279
1.17442,0.477293
1.02524,1.00184
1.14877,0.493972
1.12808,0.597959
1.05294,1.02906
1.04697,1.05778
1.13953,0.385907
1.10589,0.678311
1.1432,0.391773
1.07771,0.733114
1.09487,0.657371
1.18255,0.179527
1.1267,0.367802
1.18379,0.0637299
1.10663,0.564858
1.1753,0.218825
1.11403,0.608666
1.19128,0.427618
1.1623,0.465384
1.10354,0.450325
1.17785,0.250626
1.14828,0.552455
1.18151,0.113057
1.19774,0.539925
1.20107,0.373025
1.15633,0.615653
1.06327,0.782189
1.13947,0.459719
1.1716,0.195423
1.1452,0.800116
1.05258,0.973087
1.11428,0.279688
1.1713,0.424565
1.15073,0.394252
1.11114,0.674601
1.1279,0.480959
1.12264,0.37325
1.1659,0.54071
1.14038,0.558732
1.10414,0.539392
1.17557,0.0669126
1.13137,0.496133
1.13691,0.400319
1.10824,0.834319
1.18014,0.259888
1.1796,0.395088
1.24091,0.179068
1.19402,0.367948
1.1484,0.433949
1.12747,0.679123
1.10682,0.7263
1.17245,0.221391
1.1548,0.229537
1.15328,0.51173
1.16597,0.248747
1.12721,0.200391
1.14281,0.464813
1.16646,0.250542
1.21416,-0.117326
1.16894,-0.0846649
1.2199,-0.150266
1.00262,1.1877
1.09471,0.902358
1.07089,0.812076
1.15767,0.574243
1.15041,0.319237
1.15138,0.14639
1.15805,0.246453
1.08006,0.894375
1.13207,0.343681
1.15573,0.293354
1.09418,0.514746
1.09633,0.878702
1.1179,0.443592
1.17077,0.314813
1.13518,0.715321
1.14668,0.571905
1.04702,1.19632
1.13836,0.305299
1.10515,0.416589
1.10804,0.564296
1.16386,-0.00164813
1.16356,0.289661
1.13593,0.456475
1.13811,0.653918
1.17184,0.0661699
1.1891,0.185694
1.20049,0.0646191
1.03424,1.13699
1.08607,0.604712
1.14353,0.657546
1.05818,0.927889
1.12874,0.636959
1.11963,0.673799
1.19445,-0.128223
1.12107,0.735373
1.16599,0.392535
1.1796,0.104854
1.14864,0.430588
1.1234,0.781962
1.1394,0.344755
1.15849,0.460915
1.15767,0.464543
1.25672,-0.178859
1.13772,0.675952
1.12631,0.532658
1.21121,-0.0417146
1.06045,0.900438
1.14349,0.435602
1.09197,0.986552
1.07814,0.852355
1.11366,0.619807
1.13148,0.469908
1.21522,0.238881
1.12182,0.713146
1.10145,0.57755
1.04042,1.05547
1.06127,1.27964
1.14583,0.862768
1.1553,0.482127
1.12775,0.683157
1.09264,0.870518
1.11401,0.485353
1.11291,0.518324
1.14822,0.596641
1.13087,0.0386912
1.23268,0.0330472
1.15499,0.287157
1.14472,0.364419
1.15877,0.293733
1.15031,0.382432
1.11568,0.550926
1.11701,0.400508
1.07358,0.7666
1.13976,0.778135
1.07105,0.918102
1.10492,0.667425
1.09965,0.43711
1.126,0.773808
1.07202,0.750364
1.15893,0.482359
1.08447,0.645562
1.20225,0.330117
1.12405,0.610056
1.16908,0.536726
1.14768,0.408881
1.06841,0.896303
1.14028,0.389416
1.19562,0.118836
1.20158,0.357813
1.08645,0.962671
1.13033,0.696751
1.11499,0.348706
1.13124,0.533381
1.10123,0.459214
1.15336,0.355139
1.16101,0.521029
1.1396,0.44196
1.08498,0.675544
1.08809,0.752906
1.2021,0.0552892
1.12517,0.603665
1.17782,0.242328
1.23169,-0.0499471
1.15267,0.503311
1.13346,0.669197
1.13654,0.676944
1.11196,0.774454
1.13749,0.314453
1.11763,0.419301
1.09434,0.761644
1.1481,0.347075
1.19157,0.243108
1.0946,0.70797
1.09527,0.68643
1.11749,0.627548
1.13568,0.552395
1.23391,0.114685
1.16633,0.437304
1.08839,0.406961
1.1952,0.16673
1.16536,0.272603
1.21336,0.557343
1.10903,0.516145
1.17955,0.0207428
1.17398,0.136958
1.10789,0.621029
1.05864,1.04387
1.10997,0.443542
1.23584,-0.19186
1.12437,0.632302
1.10781,0.634086
1.13448,0.665528
1.0823,0.657546
1.06611,0.77678
1.17236,0.565449
1.16525,0.179482
1.17321,0.274051
1.12832,0.314559
1.11929,0.738149
1.11286,0.566816
1.19679,0.0546451
1.17901,0.0918364
1.04175,0.840042
1.22019,-0.128341
1.06098,0.968723
1.16493,0.318876
1.13898,0.513613
1.13236,0.41403
1.09266,0.74744
1.17896,-0.0138636
1.04119,0.933228
1.23153,-0.464371
1.0545,0.772727
1.08967,0.852069
1.08719,0.56469
1.19908,-0.088354
1.06376,0.862558
1.21394,0.203814
1.09241,0.695266
1.10293,0.780365
1.14022,0.59186
1.18921,0.0919795
1.13136,0.391003
1.15265,0.403298
1.22141,0.130078
1.17251,0.169883
1.07852,0.793712
1.0874,0.611221
1.22073,0.0380977
1.12913,0.375657
1.13351,0.199228
1.10967,0.664331
1.15274,0.0900389
1.1537,0.451732
1.15016,0.406114
1.09121,0.66301
1.1732,0.0436428
1.08439,0.769706
1.11048,0.600469
1.06527,0.447668
1.06809,0.723903
1.03364,0.769631
1.20714,0.299865
1.11615,0.722951
1.17325,0.23159
1.18208,0.295692
1.0649,0.631507
1.15367,0.273528
1.2271,-0.0904575
1.12671,0.599626
1.21105,0.413367
1.10561,0.504832
1.054,0.862087
1.15006,0.321739
1.12328,0.528513
1.1056,0.478323
1.00886,1.41902
1.08943,0.634509
1.17468,0.348701
1.11676,0.973017
1.16302,0.302533
1.13006,0.404959
1.09259,0.784749
1.14015,0.374187
1.18297,0.313374
1.19558,0.0347564
1.13682,0.202245
1.17211,0.141596
1.15025,0.535034
1.12274,0.537166
1.20846,-0.110674
1.18751,-0.200612
1.22827,0.129468
1.10262,0.469044
1.17411,0.406918
1.2164,0.253331
1.22326,-0.0320348
1.24422,0.0693702
1.11827,0.42984
1.1881,0.201358
1.0997,0.831585
1.09672,0.92747
1.17266,0.0158662
1.17855,0.0902447
1.13054,0.700765
1.09804,0.397087
1.09665,1.04297
1.11595,0.853993
1.10343,0.567062
1.15408,0.108002
1.12495,0.460336
1.21391,0.0152582
1.13802,0.484848
1.11194,0.717596
1.16293,0.498266
1.13283,0.524843
1.09875,0.493835
1.09694,0.767142
1.14413,0.523381
1.14962,0.449487
1.11517,0.547666
1.17527,0.37458
1.10315,0.765082
1.12781,0.357838
1.12696,0.653277
1.11297,0.862763
1.15436,0.307821
1.09916,0.987269
1.15682,-0.0195352
1.16856,0.0791742
1.12351,0.555641
1.16214,0.225114
1.07818,0.801202
1.07298,0.853864
1.16562,0.506546
1.09206,0.685917
1.14208,0.587641
1.17789,-0.0250992
1.07329,0.951609
1.07328,0.950727
1.19043,0.521567
1.19573,-0.0577743
1.18626,0.109531
1.17004,0.163988
1.09089,0.641903
1.16847,0.340706
1.11876,0.343182
1.18014,0.1696
1.02909,1.06938
1.12758,0.789869
1.19132,0.305623
1.16708,0.351149
1.09966,0.88187
1.13764,0.543166
1.09869,0.722575
1.12686,0.643797
1.07599,0.886804
1.25972,-0.529243
1.13422,0.633234
1.19296,0.225674
1.14546,0.563055
1.14806,0.483104
1.13679,0.443826
1.1282,0.397332
1.11492,0.738096
1.14163,0.465194
1.10829,0.651754
1.11789,0.466584
1.20423,0.0441543
1.12745,0.574248
1.13848,0.46925
1.12446,0.500115
1.14861,0.456605
1.07887,0.853536
0.952809,1.48604
1.14738,0.194441
1.12726,0.559727
1.16734,0.450585
1.13692,0.382539
1.14646,0.477721
1.10775,0.742526
1.14761,0.500998
1.19924,0.299107
1.14657,0.535099
1.13193,0.345539
1.11477,0.674245
1.15181,0.6406
1.09258,0.837529
1.17085,0.27881
1.11726,0.814111
1.10581,0.838144
1.12461,0.658484
1.16246,0.451353
1.06044,0.864919
1.15411,0.730864
1.18305,0.341471
1.16509,0.254847
1.18277,0.364437
1.16907,0.251187
1.17661,0.39387
1.08533,0.799475
1.17227,0.351409
1.16298,0.389096
1.16186,0.069096
1.14911,0.400649
1.19435,0.253778
1.06877,0.965769
1.15727,0.341704
1.17812,0.36891
1.2099,0.208281
1.0786,0.595263
1.15371,0.184288
1.24516,0.172291
1.18518,0.293255
1.05715,1.10088
1.07759,0.895883
1.07309,0.881193
1.21249,-0.165951
1.1561,0.326003
1.09919,0.468083
1.15429,0.4599
1.1621,0.369066
1.14828,0.784236
1.10928,0.655705
1.23927,-0.0306488
1.09879,0.619751
1.21077,-0.170629
1.12738,0.585259
1.05737,1.0339
1.14424,0.277879
1.08991,0.619514
1.03549,1.30802
