slope,intercept
1.11144,0.0841105
1.04393,0.26826
1.04862,0.196319
0.992555,0.610379
1.03912,0.163419
1.10143,-0.0364007
1.11349,-0.115728
1.11102,-0.00196474
1.12563,-0.256857
1.12302,-0.17296
1.12955,-0.146136
1.07536,0.0745371
1.11749,-0.0610964
1.14906,-0.294646
1.1099,-0.156838
1.16968,-0.343843
1.00111,0.3317
1.03772,0.456786
1.0837,0.0530983
1.13369,-0.19206
1.11699,0.0388312
1.10314,-0.0196047
1.11226,-0.00840223
1.10307,0.00748773
1.14343,-0.334505
1.13345,-0.241197
1.09799,0.03307
1.13676,-0.370488
1.11338,-0.269961
1.10575,0.00406246
1.06352,0.229549
1.08207,0.097316
1.11136,-0.0835245
1.09869,-0.0575267
1.16371,-0.371606
1.0402,0.289058
1.07658,-0.0666861
1.05605,0.0981837
1.06602,0.0635526
1.05783,0.194638
1.07788,-0.0104418
1.08536,0.119065
1.08196,-0.061112
1.12133,-0.0760281
1.14538,-0.162798
1.08406,0.05531
1.10578,0.0187187
1.08589,0.0641376
1.08708,0.0610312
1.07749,-0.117207
1.04514,0.147499
1.0641,0.22491
1.00908,0.488706
1.08824,-0.0615252
1.08433,0.226216
1.09286,0.219287
1.08059,-0.00341969
1.10344,-0.0111773
1.03652,0.454649
1.04664,0.292166
1.13232,-0.209468
1.12172,-0.06731
1.09018,0.0993286
1.09484,-0.0939514
1.0775,0.156147
1.11012,-0.113144
1.05219,0.187028
1.11751,-0.0757318
1.06095,0.165377
1.11808,-0.146614
1.14665,-0.194597
1.11148,-0.157766
1.04558,0.177324
1.09772,0.00421727
1.13533,-0.338341
1.09807,-0.109397
1.10408,0.0338757
1.07602,0.200512
1.04994,0.21978
1.09885,-0.0873134
1.10448,-0.150481
1.09102,-0.00753355
1.07394,-0.0118975
1.16176,-0.278548
1.16914,-0.554525
1.11709,-0.176963
1.07627,0.0797589
1.08247,0.0732622
1.14167,-0.223341
1.06052,0.328688
1.05871,0.278827
1.13158,-0.330401
1.09737,-0.132616
1.06516,0.211599
1.11975,-0.0903648
1.1539,-0.238129
1.17756,-0.457274
1.1212,-0.136332
1.12163,-0.0180387
1.07813,0.234415
1.13108,-0.191786
1.09021,0.0797086
1.12967,-0.227217
1.07084,0.060527
1.1191,-0.191537
1.04092,0.303029
1.10212,-0.168057
1.06322,0.297321
1.07932,0.12632
1.10285,-0.101803
1.17978,-0.454463
1.12802,0.00515831
1.06971,0.154748
1.07574,-0.0468328
1.11286,0.000151874
1.10845,-0.0249849
1.06816,0.240102
1.14378,-0.151969
1.07409,0.114864
1.09352,0.0179761
1.12445,-0.0938456
1.09193,0.0545727
1.07971,0.0243076
1.12434,-0.120938
1.13189,-0.0969971
1.10389,-0.174469
1.09346,-0.0705043
1.10765,0.0440629
1.11356,-0.163127
1.11522,-0.112728
1.06394,0.0930309
1.09907,0.0533701
1.07521,0.129996
1.15362,-0.350411
1.06182,0.199566
1.11672,-0.14216
1.09385,-0.125363
1.11842,-0.194053
1.12807,-0.171969
1.10327,-0.0711853
1.0743,-0.099966
1.11491,-0.0515802
1.00196,0.543245
1.07032,0.0126468
1.1311,-0.278485
1.09881,-0.0712303
1.11466,-0.124302
1.17914,-0.390905
1.12159,-0.235692
1.10953,-0.109439
1.08034,0.0360692
1.04462,0.231689
1.10798,-0.0813062
1.14548,-0.241421
1.06125,0.160329
1.06777,0.0895504
1.10623,-0.192053
1.18372,-0.407174
1.04602,0.14802
1.0684,0.172927
1.13837,-0.25118
1.11108,0.00949805
1.06845,0.125423
1.05235,0.0900968
1.0891,0.156244
1.12524,-0.140338
1.12828,-0.137008
1.11716,-0.0876136
1.1024,-0.0371845
1.14529,-0.297478
1.07256,0.0600751
1.08552,-0.0536151
1.12548,-0.0699315
1.05081,0.143075
1.04147,0.259307
1.10746,-0.0338338
1.1248,-0.300173
1.12801,-0.14533
1.10894,-0.213301
1.15537,-0.281565
1.07129,0.196105
1.11419,-0.124015
1.09233,0.0147615
1.16111,-0.433476
1.10472,-0.0938637
1.18267,-0.516296
1.13126,-0.261808
1.11232,-0.155507
1.07924,0.111707
1.10701,-0.087839
1.103,-0.0215109
1.05391,0.136653
1.11658,-0.0351964
1.04502,0.207728
1.06289,0.225538
1.04273,0.313747
1.11013,-0.154752
1.05551,0.19443
1.11511,-0.134924
1.08691,-0.0573184
1.10728,-0.0643141
1.01173,0.331042
1.15205,-0.292401
1.07874,0.0832602
1.11352,-0.146935
1.08219,0.158254
1.11018,-0.174656
1.02711,0.284872
1.10345,0.00636084
1.10541,-0.0430321
1.02211,0.399869
1.07819,-0.0858067
1.19861,-0.508773
1.09776,-0.0886711
1.12291,-0.0101361
1.10995,-0.113107
1.10728,0.0524362
1.10148,0.00752439
1.17114,-0.46196
1.09656,-0.0202726
1.07446,0.0612924
1.0252,0.325413
1.15023,-0.236204
1.12968,-0.210459
1.09164,0.0121419
1.14979,-0.345528
1.16373,-0.369194
1.1017,0.00263636
1.07941,0.00938977
1.09866,-0.0351545
1.10867,-0.165109
1.10614,-0.0336126
1.1263,-0.184735
1.13655,-0.319719
1.10817,0.046298
1.08571,0.0280839
1.10648,-0.0838871
1.10671,0.0546004
1.15081,-0.244064
1.08342,-0.145607
0.987532,0.560414
1.09008,0.0874342
1.16584,-0.325119
1.05137,0.263517
1.15557,-0.355979
1.07627,0.0305465
1.06838,0.0359195
1.09337,0.0616559
1.09085,0.0661712
1.07089,0.15698
1.03429,0.36751
1.11441,-0.109976
1.10123,-0.133948
1.11961,-0.288798
1.08665,0.0172919
1.111,-0.134252
1.12492,-0.272236
1.08416,-0.0956189
1.08949,-0.0129416
1.04949,0.256432
1.06997,0.171855
1.14395,-0.256414
1.09897,-0.090699
1.09045,-0.0633524
1.121,-0.100922
1.08809,0.0421164
1.05498,0.265496
1.10867,0.0878249
1.13857,-0.326417
1.17959,-0.51535
1.09678,-0.0704143
1.04812,0.236594
1.06416,0.0752264
1.13558,-0.108073
1.07993,0.0657953
1.0615,0.166959
1.09252,0.0110388
1.12905,-0.161018
1.10842,-0.142439
1.03814,0.325929
1.16756,-0.451977
1.10892,-0.307498
1.11679,-0.102101
1.18282,-0.423337
1.11864,-0.0752379
1.06746,0.125291
1.11014,-0.201691
1.14012,-0.228022
1.09991,0.0601769
1.14438,-0.152004
1.04118,0.148479
1.06453,0.205837
1.05884,0.147243
1.13316,-0.185616
1.11795,0.00328605
1.06537,0.174871
1.06989,0.0334356
1.06572,0.144385
1.09745,0.105984
1.07794,-0.00721711
1.0916,0.133298
1.0996,-0.0676853
1.06695,0.108908
1.05033,0.166182
1.09109,0.0769265
1.11479,-0.145264
1.1088,-0.0806136
1.05877,0.226277
1.07269,0.196198
1.09794,0.0368783
1.1476,-0.274643
1.14802,-0.233929
1.11878,-0.114718
1.12935,-0.13799
1.09236,0.138773
1.12258,-0.097231
1.14,-0.247525
1.08478,0.00259405
1.13404,-0.396233
1.07027,0.0317319
1.0883,0.0399684
1.17028,-0.330211
1.07441,0.0700041
1.073,0.170288
1.18561,-0.460519
1.1154,-0.132414
1.17049,-0.513268
1.01653,0.352745
1.06956,0.100702
1.11202,-0.0450094
1.0861,-0.0570863
1.08393,0.0746168
1.08607,0.081735
1.10523,0.00322144
1.12224,-0.1055
1.12465,-0.196809
1.10864,-0.147263
1.06197,0.250363
1.12322,-0.15005
1.07265,0.151113
1.087,0.255253
1.08652,-0.0932308
1.13905,-0.304721
1.05801,0.190881
1.10141,-0.027638
1.11394,-0.156002
1.0732,0.261145
1.12791,-0.249001
1.06384,0.225972
1.11659,-0.103703
1.09408,-0.126283
1.11365,-0.0724067
1.05537,0.151318
1.07492,0.0833214
1.03177,0.317044
1.17687,-0.421085
1.1386,-0.360288
1.12384,-0.20877
1.08273,0.120449
1.05212,0.22877
1.12965,-0.284697
1.13549,-0.142652
1.05447,0.187264
1.10126,-0.0972895
1.09283,-0.00912152
1.11269,-0.175495
1.03832,0.328595
1.12791,-0.119139
1.10677,-0.122281
1.14934,-0.271675
1.16777,-0.394133
1.06495,0.0860933
1.10096,0.101052
1.03647,0.303397
1.11194,0.0687897
1.14436,-0.356553
1.09934,0.094589
1.10261,-0.0255517
1.0962,0.0130094
1.16732,-0.294762
1.09747,-0.0773235
1.07999,0.204559
1.09198,0.103205
1.11461,-0.112037
1.11174,-0.0572779
1.03328,0.224763
1.09796,0.00531622
1.13295,-0.306033
1.10264,-0.00425455
1.13144,-0.249527
1.11665,-0.243202
1.09961,-0.011864
1.13568,-0.333314
1.07412,0.124534
1.06937,0.0357869
1.0822,0.0629736
1.13818,-0.385716
1.06522,0.101652
1.07606,-0.00698939
1.11799,-0.0191122
1.11316,-0.132805
1.11107,-0.132735
1.0483,0.339348
1.03087,0.353797
1.08747,-0.0709284
1.14431,-0.374839
1.07822,0.0749894
1.07875,0.194337
1.19292,-0.590619
1.15275,-0.285826
1.08167,0.110396
1.03842,0.106391
1.10137,-0.0247511
1.07697,0.13285
1.15187,-0.307933
1.07682,0.0766089
1.15185,-0.429807
1.04804,0.422366
1.12417,-0.113453
1.03577,0.263444
1.11672,-0.132374
1.14534,-0.378939
1.09398,0.0188375
1.08029,0.047088
1.128,-0.16709
1.11344,-0.142679
1.11277,-0.0382123
1.12452,-0.0501913
1.10793,-0.0851992
1.09362,0.0890573
1.10158,0.0349769
1.05648,0.0788332
1.14854,-0.32981
1.12913,-0.176085
1.13963,-0.406173
1.11798,-0.0779137
1.04734,0.225983
1.12078,-0.0982753
1.06631,0.0893755
1.12559,-0.298634
1.10242,-0.148615
1.01373,0.460319
1.13623,-0.258071
1.09187,0.00316015
1.08436,0.060956
1.06482,0.237711
1.1128,-0.0244257
1.09232,-0.0918237
1.09914,-0.0237426
1.09948,0.18412
1.10744,-0.130918
1.14279,-0.124124
1.09616,0.0765554
1.0232,0.225898
1.10578,-0.0563466
1.06851,0.225407
1.12198,-0.25668
1.11093,-0.0911021
1.09771,0.0479314
1.16203,-0.274813
1.05516,0.316548
1.12192,-0.0508408
1.09666,-0.00369494
1.06312,0.213497
1.11724,-0.222634
1.16571,-0.431865
1.07802,0.0659418
1.1234,-0.0392235
1.1523,-0.296421
1.10138,-0.085797
1.09676,-0.00151851
1.15947,-0.41973
1.09792,-0.196834
1.06012,0.0835274
1.08222,0.00550399
1.11098,0.00595493
1.0583,0.192781
1.13678,-0.367673
1.063,-0.00124137
1.05314,0.370092
1.03915,0.316902
1.06454,0.122582
1.05741,0.209406
1.09643,-0.0459905
1.13713,-0.163891
1.05169,0.238572
1.15413,-0.302737
1.13715,-0.236572
1.04047,0.207987
1.05648,0.233531
1.0888,0.0311206
1.10841,-0.249516
1.11465,-0.0660201
1.16216,-0.298513
1.0267,0.296003
1.07078,0.126213
1.10718,-0.183685
1.14075,-0.322469
1.07307,0.14371
1.06376,0.161078
1.1837,-0.42294
1.11711,-0.146134
1.1565,-0.432636
1.16538,-0.440405
1.07719,0.125809
1.12058,-0.262428
1.13796,-0.23069
1.07412,0.177818
1.12283,-0.180552
1.06618,0.134806
1.0864,-0.0817244
1.0977,-0.148122
1.12565,-0.142947
1.10186,0.024683
1.0854,0.06882
1.09634,0.0622819
1.08923,-0.0825065
1.1799,-0.482895
1.07692,0.14298
1.09536,0.0561118
1.05689,0.180897
1.08593,0.00901725
1.08318,-0.0038154
1.1005,-0.00522811
1.11038,-0.146376
1.09497,0.049804
1.07977,0.0682939
1.13462,-0.312357
1.04608,0.217076
1.09804,-0.0775211
1.03989,0.363604
1.08149,0.0936013
1.10711,-0.111984
1.13878,-0.158768
1.09043,-0.170382
1.08913,0.032677
1.07207,0.0920255
1.11831,-0.184302
1.1359,-0.267198
1.04317,0.275908
1.10972,-0.217709
1.0563,0.199041
1.1002,-0.0132308
1.16287,-0.301082
1.13356,-0.286596
1.07691,0.237393
1.07991,-0.06186
1.10428,-0.0855439
1.05304,0.178941
1.08548,0.107647
1.14519,-0.282747
1.08586,0.00976147
1.12075,-0.250983
1.05978,0.277969
1.11358,-0.107466
1.12073,-0.0896077
1.08237,-0.0335121
1.13059,-0.287036
1.06259,0.272455
1.08282,0.170178
1.12571,-0.181097
1.05325,0.136519
1.08466,0.0725567
1.16766,-0.348092
1.0537,0.189814
1.06726,0.173334
1.10543,-0.0244619
1.06832,0.0696404
1.13716,-0.0819958
1.03652,0.318776
1.09722,-0.0463797
1.14262,-0.344965
1.07314,-0.042773
1.16008,-0.245549
1.05061,0.206426
1.12546,-0.143117
1.13626,-0.422873
1.05325,0.316264
1.16249,-0.484135
1.14211,-0.25715
1.11998,-0.0496423
1.04675,0.326038
1.18719,-0.640269
1.08846,-0.0227739
1.14009,-0.353963
1.09479,0.0273028
1.10721,0.0152466
1.0404,0.249193
1.16263,-0.464101
1.09481,0.0363927
1.04547,0.345936
1.14199,-0.360921
1.09717,0.106079
1.12688,-0.15506
1.06171,0.23568
1.07619,0.196375
1.12545,-0.106772
1.08527,0.066769
1.10143,0.0237282
1.0074,0.404379
1.1294,-0.185941
1.13397,-0.2988
1.10114,-0.0935744
1.15634,-0.481164
1.1118,-0.107615
1.09463,0.0224573
1.13556,-0.288941
1.15296,-0.210808
1.07576,0.0604291
1.11778,-0.0985376
1.11025,-0.0863228
1.14935,-0.425529
1.05865,0.134261
1.11312,-0.12263
1.0845,0.110652
1.07318,0.181376
1.12236,-0.134154
1.11169,-0.0861178
1.13337,-0.0671945
1.09277,0.106121
1.11616,-0.0690422
1.12571,-0.0762254
1.11138,-0.173763
1.04451,0.283696
1.07265,0.233413
1.15585,-0.383205
1.14006,-0.326695
1.10868,-0.0087719
1.03212,0.273252
1.13253,-0.281808
1.14611,-0.323759
1.11352,-0.162722
1.11047,-0.0939702
1.09556,-0.0361534
1.04939,0.295044
1.0528,0.288277
1.08578,-0.0347153
1.07216,0.215214
1.04296,0.330746
1.06873,0.150722
1.06206,0.191338
1.1903,-0.574014
1.16133,-0.413829
1.08573,0.132146
1.10505,-0.0756085
1.12278,-0.126572
1.11748,-0.0819128
1.02931,0.493532
1.06929,0.229053
1.12462,-0.0745424
1.10357,-0.189702
1.05024,0.251854
1.04583,0.391389
1.11226,-0.0404981
1.11854,-0.142048
1.08671,-0.0161494
1.06517,0.289584
1.06802,0.0776208
1.06136,0.0721183
1.09968,-0.0242057
1.13164,-0.2022
1.08039,0.163263
1.1074,0.00957671
1.12984,-0.0783803
1.02339,0.320061
1.13183,-0.282572
1.07462,-0.0259918
1.06468,0.174333
1.10754,-0.165622
1.07766,-0.0357228
1.17174,-0.368605
1.10605,-0.0796303
1.0953,-0.0430493
1.15399,-0.294688
1.0564,0.105883
1.10382,0.0702397
1.05737,0.155144
1.12554,-0.20311
1.12563,-0.120247
1.1473,-0.162336
1.09849,-0.0195185
1.05287,0.151838
1.07695,0.110029
1.11181,-0.0962609
1.19093,-0.498172
1.1071,-0.0520754
1.07496,0.0733062
1.05977,0.127525
1.14532,-0.21079
1.11985,-0.162253
1.05811,0.24271
1.09803,-0.122858
1.14354,-0.168272
1.08075,-0.0520477
1.04956,0.0663793
1.1045,0.0196961
1.09842,-0.0664403
1.11054,-0.100019
1.06939,0.0879484
1.01327,0.461126
1.13422,-0.295793
1.13382,-0.155632
1.12337,-0.0288963
1.10398,-0.0630738
1.15132,-0.299271
1.06358,0.198301
1.06817,0.0774395
1.07783,0.124266
1.14709,-0.249881
1.10838,-0.00730965
0.977458,0.595767
1.12577,-0.069831
1.10225,-0.153054
1.05393,0.347645
1.16989,-0.389868
1.12886,-0.20458
1.04824,0.349216
1.11361,-0.159985
1.03374,0.300072
1.09058,0.154026
1.07095,0.141036
1.08391,0.126596
1.13455,-0.197797
1.07309,0.152791
1.08545,-0.0216567
1.12735,-0.135074
1.13382,-0.217655
1.05259,0.268378
1.12614,-0.114461
1.10749,-0.222375
1.09965,-0.0583062
1.12375,-0.108337
1.09971,-0.00177695
1.04029,-0.0342539
1.08285,0.0619553
1.05549,0.341794
1.12622,-0.278827
1.07549,0.212821
1.08463,0.0327513
1.10312,-0.182084
1.14601,-0.376459
1.08935,-0.0289734
1.08199,0.131579
1.04625,0.181483
1.10292,-0.0941636
1.09917,0.144876
1.09758,-0.0523534
1.0785,0.168256
1.0863,-0.100555
1.03749,0.346238
1.16742,-0.379092
1.1585,-0.382127
1.13011,-0.157181
1.1079,0.00822668
1.13281,-0.216834
1.10343,-0.120371
1.03207,0.281188
1.18385,-0.6227
1.16416,-0.29424
1.15791,-0.440925
1.1514,-0.155264
1.11576,-0.142641
1.09613,0.0126522
1.12804,-0.234641
1.13245,-0.348181
1.11732,-0.164454
1.03268,0.317996
1.0645,0.0659757
1.09831,-0.0164307
1.13463,-0.198413
1.15141,-0.295597
1.01877,0.403089
1.14965,-0.302005
1.13427,-0.20865
1.11481,-0.188042
1.09785,-0.0272129
1.18345,-0.509605
1.07271,0.120633
1.18206,-0.419198
1.15232,-0.270982
1.10856,-0.146681
1.13328,-0.130164
1.09624,0.000383032
1.09469,0.0794231
1.07063,0.0470498
1.08436,0.0694456
0.969625,0.717691
1.09601,0.0507936
1.09855,-0.0238765
1.12145,-0.09829
1.12041,-0.0814574
1.0904,-0.0884151
1.07594,0.0984877
1.0961,0.0485314
1.13478,-0.132681
1.14577,-0.106459
1.07573,0.0894883
1.10008,0.00728539
1.13688,-0.0838995
1.10634,0.00275776
1.05013,0.187014
1.10642,-0.0967763
1.15596,-0.300645
1.08945,0.00880047
1.035,0.318662
1.10878,-0.0018403
1.07624,0.0644295
1.09278,0.0591963
1.06036,0.183027
1.13597,-0.310269
1.15803,-0.438414
1.04954,0.175987
1.16287,-0.427191
1.07738,0.127003
1.13975,-0.358661
1.07158,0.195473
1.10209,-0.0589959
1.09685,-0.104154
1.08,0.121221
1.14886,-0.174716
1.03166,0.312695
1.04181,0.37992
1.06815,0.25105
1.05843,0.182726
1.07518,0.16637
1.05667,0.199918
1.07967,0.186183
1.0825,0.0567319
1.11395,-0.164239
1.08734,-0.0131264
1.11113,0.0295461
1.0828,0.00919038
1.04652,0.227362
1.13713,-0.182773
1.07872,0.0511614
1.03327,0.134425
1.09772,-0.190951
1.15742,-0.282351
1.10551,0.0287574
1.11657,-0.190419
1.08355,0.118771
1.13106,-0.225105
1.10756,-0.0439285
1.0947,-0.0716158
1.08289,0.0851345
1.14988,-0.342179
1.11389,-0.169978
1.10892,-0.212121
1.10608,-0.051903
1.05656,0.320506
1.1235,-0.185944
1.0932,0.0609348
1.06039,0.102161
1.12489,-0.157728
1.09709,-0.0368951
1.04475,0.276698
1.07491,0.21084
1.08913,0.0458791
1.08726,-0.0239205
1.11838,-0.0755629
1.12894,-0.293995
1.13387,-0.269382
1.07069,0.101612
1.14117,-0.314644
1.11346,-0.0299225
1.11089,-0.109328
1.08887,0.00654406
1.07561,0.0476938
1.11345,0.0680883
1.13121,-0.0367499
1.07011,0.228962
1.12056,-0.0652754
1.09349,0.0627904
1.10024,-0.0229005
1.1114,-0.0611729
1.12339,-0.202371
1.08298,0.0249783
1.05146,0.243549
1.10794,-0.146646
1.12703,-0.0280689
1.09813,0.126621
1.10917,-0.0669662
1.05688,0.139248
1.08912,0.106318
1.10755,0.100997
1.07001,0.202214
1.11396,-0.131005
1.06513,0.245286
1.13193,-0.121726
1.03276,0.45416
1.03487,0.367194
1.10027,0.0335092
1.06788,0.0937606
1.06928,0.0815509
1.0291,0.376083
1.13322,-0.169754
1.02841,0.376118
1.08746,0.09544
1.1061,0.0357801
1.05868,0.181512
1.05753,0.161933
1.12753,-0.118235
1.10374,0.0360669
1.12021,-0.0873044
1.12404,-0.281811
1.09234,0.101649
1.09402,0.0330299
1.15447,-0.27501
1.12122,-0.123538
1.12186,-0.0370091
1.06487,0.124708
1.04607,0.346291
1.16982,-0.346672
1.1426,-0.288678
1.04232,0.304208
1.1331,-0.227363
1.04982,0.349141
1.03939,0.422171
1.1234,-0.214062
1.13249,-0.0825759
1.07119,0.269272
1.05077,0.341634
1.14177,-0.146388
1.06896,0.104078
1.03938,0.342983
1.09493,-0.0930497
1.04184,0.367804
1.1025,0.0404244
1.11612,-0.099972
1.10839,-0.0518897
1.11071,-0.0459806
1.05038,0.334959
1.14606,-0.282355
1.0624,-0.0171486
1.11407,-0.234137
1.11549,-0.0720725
1.07947,0.0138674
1.11449,-0.182104
1.06493,0.279337
1.08621,0.0638515
1.1714,-0.442525
1.07387,0.170969
1.02293,0.456525
1.04872,0.287744
1.07052,0.0359128
1.04024,0.255286
1.10453,-0.049983
1.10057,0.0141557
1.08655,0.0287707
1.105,-0.130988
1.11187,0.015691
1.06131,0.19652
1.0756,0.151879
1.0912,0.0966089
1.16493,-0.419579
1.11373,-0.225986
1.10711,-0.0263052
1.08444,0.0177035
1.11013,-0.117156
1.07932,0.181465
1.12925,-0.16606
1.10504,-0.155821
1.03912,0.267907
1.11142,-0.122625
1.03082,0.323512
1.08369,0.0402315
1.08398,0.0736134
1.03458,0.299478
1.08091,0.161155
1.08718,0.0227994
1.10567,-0.182096
1.0916,0.137192
1.08453,0.0758303
1.07072,0.116036
1.08115,0.0622124
1.07219,0.140711
1.08467,0.127405
1.13186,-0.258889
1.06571,0.059835
1.07817,0.0135845
1.09882,0.128283
1.11733,-0.268485
1.05099,0.0999015
1.15773,-0.318627
1.11115,-0.0490793
1.11735,-0.161794
1.10825,-0.036721
1.02112,0.410722
1.02964,0.43722
1.07563,0.12958
1.08778,0.129899
1.05314,0.207734
1.06949,0.234335
1.14464,-0.115589
1.17694,-0.633419
1.03936,0.332028
1.13287,-0.260411
1.10587,-0.090235
1.11074,-0.111929
1.10703,-0.0695542
1.08979,0.0674745
1.09858,-0.0784995
1.08797,0.0368023
1.12855,-0.181687
1.02184,0.401172
1.10587,-0.113242
1.14327,-0.332259
1.10031,0.0726174
1.08316,-0.0123947
1.11779,-0.192283
1.08179,0.138742
1.10817,-0.0601196
1.16541,-0.394435
1.08703,0.0276839
1.13946,-0.273994
1.18498,-0.492604
1.11855,-0.190468
1.08245,-0.00570774
1.08528,-0.0181708
1.07416,0.0978291
1.07573,0.113781
1.15522,-0.348058
1.09155,-0.0181914
1.04409,0.212812
1.07878,0.0772621
1.04956,0.228991
1.08836,0.0707751
1.12498,-0.170229
1.04615,0.474279
1.0939,0.0337321
1.05359,0.275115
1.11587,-0.141423
1.13822,-0.174847
1.10849,0.0353844
1.14721,-0.274044
1.05355,0.201995
1.15714,-0.283475
1.16479,-0.486902
1.13042,-0.266715
1.13693,-0.227565
1.17382,-0.268503
1.1897,-0.597592
1.02981,0.343587
1.03294,0.356556
1.1124,-0.06384
1.12658,-0.192304
1.16985,-0.477146
1.17744,-0.494886
1.16112,-0.349988
1.09595,0.147709
1.10394,-0.0243345
1.10764,-0.0735126
1.14582,-0.203723
1.04449,0.29418
1.12898,-0.248394
1.11844,-0.114725
1.08357,-0.0469383
1.04711,0.254139
1.07367,0.0351746
1.13857,-0.31564
1.10443,-0.133186
1.05856,0.249347
1.11341,-0.00216961
1.11363,-0.160107
1.16643,-0.359708
1.01837,0.46595
1.14272,-0.357376
1.07532,0.317384
1.12896,-0.143159
1.16278,-0.249517
1.0897,0.15041
1.04205,0.336339
1.07596,0.00921409
1.06551,0.121223
1.1077,-0.038489
1.07743,0.14865
1.11597,-0.0170936
1.08678,-0.0313623
1.09436,0.119984
0.998732,0.547863
1.09716,0.036213
1.02515,0.277482
1.02444,0.334963
1.07508,0.132892
1.09583,0.0223571
1.13171,-0.165756
1.07283,0.130014
1.16747,-0.297827
1.12241,-0.167815
1.06496,0.154939
1.06936,0.12504
1.01685,0.435651
1.11417,-0.113309
1.05357,0.18957
1.15162,-0.39051
1.115,-0.0321993
1.11063,-0.0620408
1.05474,0.180892
1.14296,-0.269407
1.08694,-0.0261824
1.0687,0.157174
1.12867,-0.272557
1.10354,-0.0780715
1.06575,0.13648
1.0383,0.21578
1.08419,0.142174
1.13528,-0.183334
1.12256,0.0298067
1.06511,0.0816396
1.07247,0.162395
1.07927,0.0866711
1.07297,-0.00976714
1.10993,-0.0866226
1.11317,-0.230078
1.07133,0.123838
1.05914,0.143937
1.13189,-0.185865
1.14389,-0.30832
1.16956,-0.4559
1.09139,0.0275219
1.09091,0.0031263
1.08449,0.160361
1.1495,-0.436106
1.07862,0.17629
1.14682,-0.236827
1.13545,-0.235941
1.12703,-0.311691
1.09729,-0.0814984
1.06305,0.226781
1.09327,0.0794188
1.10476,0.0419744
1.13643,-0.276758
1.11712,-0.199745
1.07069,0.11428
1.04293,0.247349
1.10697,-0.191133
1.11955,-0.238007
1.09913,0.071962
1.14071,-0.215237
1.07602,-0.0245954
1.08688,-0.184029
1.1466,-0.264192
1.05462,0.167443
1.12739,-0.11141
1.09008,0.041433
1.12302,-0.139679
1.04325,0.264138
1.14434,-0.298723
1.0548,0.116502
1.1213,-0.04872
1.151,-0.283511
1.07351,0.168836
1.12346,-0.192069
1.1539,-0.26194
1.09416,-0.0507228
1.11031,-0.0410773
1.12,-0.0645751
1.13245,-0.0971119
1.13519,-0.214713
1.07696,0.100527
1.05206,0.300185
1.04776,0.303139
1.08551,0.000969244
1.1574,-0.184599
1.08604,0.162773
1.0573,0.127663
1.18249,-0.500157
1.07263,0.114593
1.13322,-0.248819
1.16636,-0.295275
1.1008,-0.0227514
1.15512,-0.360654
1.08908,-0.116061
1.07551,0.233149
1.14069,-0.468241
1.10081,-0.0693148
1.11967,-0.0817421
1.10546,-0.109878
1.18995,-0.420806
1.12989,-0.0197961
1.16457,-0.176105
1.08598,0.127933
1.13325,-0.181445
1.08658,-0.0942525
1.17345,-0.31182
1.04134,0.297534
1.14937,-0.0850169
1.09043,0.0758423
1.09721,-0.00541653
1.10023,0.0543615
1.17336,-0.446108
1.14901,-0.198063
1.07803,0.0764576
1.12166,-0.130195
1.14372,-0.225272
1.0396,0.250458
1.09404,0.0378074
1.16086,-0.203298
1.08871,0.0245743
1.13249,-0.121749
1.10218,-0.00166608
1.09275,-0.165299
1.10525,0.0227355
1.05321,0.167489
1.12232,-0.235975
1.07799,0.131044
1.13581,-0.319152
1.11382,-0.0700676
1.01324,0.257569
1.12523,-0.201158
1.1715,-0.452802
1.06866,0.123628
1.09354,0.0200493
1.0596,0.164125
1.10288,-0.034088
1.0914,0.0339454
1.05471,0.167576
1.11752,-0.104112
1.15524,-0.412584
1.08816,0.00504409
1.07058,0.0705029
1.06646,0.17313
1.12358,-0.168617
1.09962,-0.115139
1.10348,-0.0432874
1.09999,-0.013334
1.11173,-0.0662795
1.15874,-0.293809
1.15927,-0.299891
1.11023,-0.0816898
1.01331,0.509548
1.10184,0.0452017
1.1133,-0.0719745
1.08252,0.00127079
1.06174,0.215617
1.08311,0.0404715
1.14821,-0.367136
1.03928,0.215815
1.06089,0.305083
1.05254,0.227998
1.11768,-0.0823956
1.06586,0.132516
1.12212,-0.116797
1.08238,0.0516946
1.12672,-0.346259
1.07889,0.0982592
1.11443,-0.0739804
1.09344,0.0325023
1.16206,-0.538896
1.08115,0.209405
1.1327,-0.203068
1.14536,-0.281806
1.17874,-0.469751
1.14003,-0.268812
1.10858,-0.00505475
1.09818,-0.0372022
1.16081,-0.396603
1.14177,-0.304319
1.11624,-0.152048
1.09558,0.0180756
1.07722,0.0901695
1.03819,0.288234
1.0711,0.171236
1.05562,0.0539581
1.16212,-0.282888
1.16174,-0.3814
1.08758,0.0779974
1.04092,0.339647
1.09494,0.0196567
1.1022,0.0432707
1.16065,-0.417342
1.1305,-0.205433
1.0606,0.135008
1.11396,-0.210394
1.09113,0.0393013
1.09356,-0.0690063
1.06356,0.0396173
1.17857,-0.379388
1.11336,-0.0490477
1.01976,0.280947
1.0676,0.169969
1.11112,-0.0567697
1.02561,0.387283
1.09772,-0.029635
1.16526,-0.317718
1.04869,0.386907
1.07121,-0.0708558
1.13896,-0.3444
1.12013,-0.200412
1.0986,0.0943077
1.10186,-0.124845
1.08692,0.0478759
1.20048,-0.5322
1.16153,-0.354967
1.132,-0.267127
1.10221,-0.136633
1.11881,-0.0641589
1.06036,0.207081
1.15886,-0.314593
1.12157,-0.192757
1.1083,-0.100455
1.13773,-0.300135
1.13121,-0.0817359
1.10654,-0.103171
1.10718,-0.117448
1.08387,-0.010175
1.01725,0.404953
1.10255,-0.0470303
1.06824,0.141704
1.12012,-0.176094
1.1037,0.0899411
1.08288,-0.019446
1.1303,-0.27323
1.15087,-0.3814
1.07781,0.13597
1.07238,0.071312
1.1307,-0.236089
1.07588,0.0475393
1.09366,0.010512
1.12506,-0.0223678
1.13405,-0.237008
1.07264,0.0487912
1.16322,-0.374827
1.07037,0.0912265
1.07107,0.134935
1.11181,-0.159278
1.13358,-0.231093
1.0945,-0.0517146
1.11577,-0.0700286
1.09305,0.113705
1.12685,-0.249735
1.11274,-0.187548
1.08589,0.0852011
1.11028,-0.0278511
1.11859,-0.242437
1.08969,-0.100998
1.03506,0.293409
1.13127,-0.235462
1.16023,-0.571658
1.1547,-0.410738
1.10635,-0.0528646
1.09078,0.106182
1.10012,0.0116617
1.08663,0.0324012
1.18884,-0.62953
1.05094,0.122051
1.07496,0.114357
1.01957,0.395582
1.11305,-0.0369581
1.0969,0.0563171
1.03135,0.356511
1.13554,-0.151085
1.0856,0.0337546
1.11615,-0.0971979
1.03939,0.392456
1.15631,-0.274801
1.12878,-0.280251
1.05041,0.266748
1.08367,-0.0560453
1.10158,0.0358573
1.14475,-0.408728
1.0869,-0.0313771
1.11494,-0.264625
1.10112,0.0101695
1.14276,-0.175128
1.06907,0.135077
1.13968,-0.194589
1.10833,-0.114715
1.05006,0.18543
1.09711,-0.0645944
1.09972,-0.0969979
1.03641,0.485964
1.10157,-0.0102174
1.11923,-0.121725
1.0781,0.181098
1.09521,0.0445406
1.11983,-0.105253
1.08239,0.0277484
1.09937,0.0153838
1.1033,-0.0332516
1.08487,-0.00524451
1.04514,0.271727
1.17918,-0.515002
1.1087,-0.106251
1.03398,0.371456
1.05982,0.218245
1.06187,0.187845
1.10028,-0.0329105
1.10127,0.0272452
1.1295,-0.297077
1.08556,0.0866251
1.15023,-0.315333
1.06862,0.105605
1.0867,0.17855
1.09808,0.0121442
1.01466,0.424146
1.1065,-0.0323976
1.10975,-0.126581
1.12243,-0.198824
1.06807,0.203455
1.06179,0.0706121
1.13439,-0.323908
1.07648,0.148426
1.08599,0.00723416
1.09016,-0.00567311
1.04538,0.315275
1.11852,-0.154513
1.0968,-0.00931629
1.14111,-0.213888
1.12124,-0.18262
1.07808,0.0825145
1.08472,-0.0866647
1.08704,0.0583968
1.0344,0.272884
1.04777,0.33732
1.1046,-0.181317
1.01653,0.510355
1.0355,0.309033
1.05612,0.220065
1.13238,-0.161205
1.0424,0.21566
1.12132,-0.162543
1.02339,0.397046
1.09713,-0.034858
1.04911,0.2661
1.14595,-0.219351
1.08504,0.0275978
1.06951,0.0310726
1.10671,-0.038416
1.0734,0.270286
1.07555,0.170198
1.08021,0.080703
1.10594,-0.0764076
1.11289,-0.0144008
1.05823,0.156744
1.04683,0.306517
1.10048,-0.0710448
1.15576,-0.341243
1.11484,-0.249578
1.06891,0.0902065
1.10515,-0.0292116
1.16727,-0.419553
1.19922,-0.543518
1.12938,-0.20745
1.09702,-0.112645
1.08759,0.0131853
1.16436,-0.432386
1.10427,-0.212361
1.0722,0.193096
1.06912,0.100682
1.09566,0.067803
1.06753,0.163691
1.0985,-0.0502583
1.11283,-0.0676254
1.10043,-0.112465
1.03269,0.328303
1.14724,-0.267855
1.0929,0.0412928
1.06988,0.0414196
1.05832,0.285006
1.01157,0.495121
1.10985,-0.0304423
1.04753,0.230951
1.10059,-0.0406496
1.06142,0.161651
1.06429,0.260555
1.06592,0.197839
1.09055,0.020201
1.05556,0.193429
1.0728,0.0473589
1.10245,-0.0793422
1.09136,-0.00994053
1.08424,0.166559
1.08028,-0.0362243
1.11178,-0.266676
1.09627,0.00126331
1.06813,0.0717104
1.14042,-0.169388
1.05831,0.236401
1.09173,0.055179
1.0879,-0.00453441
1.11248,-0.113897
1.05025,0.183988
1.10618,-0.171535
1.10696,-0.0217437
1.07639,0.176237
1.10997,-0.0935166
1.07486,0.0302318
1.03074,0.443131
1.07334,-0.0108592
1.13655,-0.183429
1.08948,0.0694598
1.10495,-0.101684
1.10793,-0.0759789
1.11406,-0.093024
1.08168,0.0424564
1.05606,0.150327
1.04838,0.180463
1.12997,-0.0526891
1.11561,-0.0940051
1.11845,-0.091438
1.07928,0.183711
1.10875,-0.0686129
1.16062,-0.527166
1.11495,-0.0937393
1.11432,-0.0891446
1.15727,-0.235775
1.08642,0.0723518
1.15333,-0.256385
1.05669,0.177228
1.13242,-0.193081
1.11104,-0.140051
1.1341,-0.167249
1.05747,0.0997056
1.08357,0.122548
1.12978,-0.213791
1.09531,0.0502942
1.10673,-0.0960866
1.16257,-0.477895
1.1019,-0.0979557
1.13537,-0.04182
1.13815,-0.353159
1.10016,-0.0554222
1.00886,0.37462
1.14391,-0.406965
1.0904,0.0122261
1.07706,0.0887817
1.11799,-0.0772924
1.05902,0.285697
1.07475,0.134705
1.05912,0.166901
1.06949,0.163657
1.09746,-0.107099
1.07466,0.169437
1.10346,-0.0769601
1.1438,-0.354428
1.04632,0.137727
1.13398,-0.26861
1.13302,-0.327276
1.1167,-0.131981
1.08558,0.192541
1.16911,-0.345382
1.11446,-0.24895
1.05925,0.194728
1.11858,-0.166278
1.14005,-0.343608
1.11855,-0.0258796
1.10895,-0.0465237
1.15452,-0.407021
1.1173,-0.135723
1.17497,-0.448625
1.13808,-0.260457
1.10928,-0.156585
1.12603,-0.197462
1.05831,0.208428
1.06085,0.0532778
1.07049,0.15028
1.10222,-0.103498
1.10793,-0.143942
1.14213,-0.303506
1.02122,0.414669
1.11745,-0.223183
1.06496,0.129558
1.13269,-0.132809
1.08897,0.000925125
1.10507,-0.12885
1.09572,-0.059646
1.15491,-0.352395
1.10296,-0.0238352
1.06491,0.194412
1.15153,-0.244503
1.10897,-0.0676711
1.07631,0.0362407
1.07427,-0.0996679
1.05615,0.254634
1.01748,0.491891
1.07777,0.0187796
1.09306,0.0688778
1.08979,0.0524691
1.10642,-0.136496
1.04557,0.157853
1.03544,0.2899
1.04415,0.308911
1.0639,0.0487041
1.04971,0.22258
1.05807,0.136657
1.1174,0.0752614
1.11287,-0.193018
1.0678,0.171716
1.11972,-0.0250057
1.14386,-0.224611
1.11106,-0.012098
1.17813,-0.509913
1.14956,-0.229691
1.14907,-0.367292
1.10542,-0.0452759
1.09117,-0.000113424
1.10081,-0.0335841
1.03844,0.353539
1.08612,-0.0881273
1.13253,-0.260072
1.09723,0.05537
1.1212,-0.0980368
1.12498,-0.0973947
1.08825,0.0444003
1.13903,-0.211129
1.08901,0.0167667
1.07852,-0.0311167
1.07415,0.258333
1.04748,0.31591
1.05021,0.303659
1.15507,-0.418556
1.16064,-0.452639
1.06019,0.230951
1.13124,-0.130787
1.05066,0.283813
1.04599,0.269335
1.16788,-0.43526
1.11517,-0.267502
1.07769,0.146019
1.08377,0.0170383
1.18474,-0.543575
1.06511,0.155162
1.08965,-0.0320893
1.10182,0.0143605
1.1352,-0.319795
1.11241,-0.0163173
1.1185,-0.0800072
1.12977,-0.13824
1.12781,-0.295245
1.11466,-0.113675
1.06274,0.110763
1.0576,0.322315
1.07118,0.0485714
1.09035,-0.0231798
1.0472,0.176617
1.11892,-0.114891
1.11981,-0.163047
1.10824,-0.0483639
1.06877,0.12276
1.1673,-0.404
1.09435,-0.17867
1.07468,0.162256
1.15565,-0.298613
1.05245,0.232567
1.11656,-0.230505
1.11326,-0.183963
1.07743,0.0617576
1.08202,0.0535057
1.00869,0.54295
1.13309,-0.290181
1.12936,-0.255225
1.05731,0.171218
1.04598,0.366145
1.09111,0.135188
1.12328,-0.203498
1.03699,0.193443
1.11494,-0.109417
1.11721,-0.142506
1.14334,-0.343905
1.06119,0.250193
1.05778,0.232286
1.12028,-0.248352
1.08707,0.0686631
1.03142,0.40378
1.08999,0.0283164
1.11426,-0.0230064
1.10832,-0.12467
1.05616,0.0169751
1.09961,0.019535
1.05867,0.261655
1.08193,-0.0155385
1.10313,-0.118931
1.13628,-0.151453
1.11239,-0.14777
1.08904,-0.0806505
1.13403,-0.283803
1.08385,0.0508683
1.08466,0.143081
1.12745,-0.28553
1.01185,0.359188
1.15898,-0.32171
1.09456,-0.0975504
1.13485,-0.0483697
1.11346,-0.0468248
1.12815,-0.241065
1.04788,0.266616
1.05167,0.095015
1.06737,0.348009
1.10634,-0.0883385
1.07356,0.0798349
1.14442,-0.138235
1.11321,-0.133291
1.07733,-0.0546577
1.03297,0.334816
1.18723,-0.503678
1.0814,0.0377583
1.13085,-0.145277
1.08272,0.0179416
1.05071,0.221176
1.13061,-0.328738
1.08068,0.0540886
1.12474,-0.124548
1.12567,-0.18191
1.11543,0.0175692
1.1059,-0.07579
1.10074,-0.125067
1.12191,0.0668049
1.17354,-0.394797
1.09055,0.0323987
1.10432,-0.0684815
1.19474,-0.662085
1.06143,0.256507
1.10294,-0.130632
1.11473,-0.0365372
1.11112,-0.132344
1.11998,-0.234329
1.13522,-0.186876
1.04212,0.26408
1.14163,-0.330192
1.0972,0.027431
1.09325,0.0344046
1.04348,0.276991
1.04817,0.347477
1.12551,0.00788986
1.07662,0.0824264
1.10249,-0.0455725
1.09686,-0.0605273
1.0502,0.343204
1.10923,-0.0493381
1.05833,0.234928
1.08645,0.005936
1.05209,0.205035
1.1341,-0.246113
1.12941,-0.198518
1.07613,0.236787
1.07871,0.0542481
1.13935,-0.281057
1.1319,-0.163534
1.16303,-0.349707
1.19598,-0.547985
1.12686,-0.109236
1.06598,0.163483
1.12726,-0.147854
1.10863,-0.00742867
1.13645,-0.144587
1.14455,-0.303932
1.06219,0.138438
1.12648,-0.220556
1.16445,-0.402104
1.11375,0.00951498
1.14999,-0.322194
1.15187,-0.374965
1.14742,-0.309429
1.16445,-0.391104
1.15232,-0.268817
1.13006,-0.249236
1.12292,-0.299213
1.06291,0.00965614
1.09178,-0.0258546
1.10165,0.00280124
1.09714,0.0773899
1.09555,-0.0733363
1.11485,-0.171754
1.08773,-0.024249
1.13436,-0.23589
1.08537,0.0688222
1.0472,0.308326
1.1125,-0.0638879
1.1286,-0.353557
1.04261,0.168241
1.10193,-0.046138
1.08636,0.108513
1.11498,-0.195667
1.09158,0.106196
1.12297,-0.168877
1.09606,-0.0553572
1.10867,-0.177758
1.10048,-0.0620481
1.06572,0.127862
0.973428,0.75586
1.151,-0.244249
1.12472,-0.163319
1.135,-0.14133
1.09516,-0.0829129
1.09905,0.0049162
1.08155,-0.00843021
1.07213,0.0956938
1.10807,-0.145837
1.07028,0.246632
1.10785,-0.0334517
1.15449,-0.283975
1.11002,-0.177283
1.12124,-0.0170279
1.10758,-0.0236497
1.15806,-0.54881
1.11518,-0.144807
1.07676,0.124156
1.14621,-0.268803
1.14279,-0.241025
1.10712,-0.00564041
1.13642,-0.341392
1.0493,0.245591
1.12341,-0.195544
1.12146,0.0420596
1.03463,0.370553
1.13058,-0.196513
1.02939,0.304889
1.09055,-0.0366234
1.06283,0.154846
1.11264,-0.102734
1.10083,-0.11837
1.06591,0.0294817
1.05901,0.253303
1.10735,-0.0352717
1.06321,0.251969
1.12969,-0.173882
1.07279,0.197226
1.05806,0.21017
1.11489,-0.174595
1.01284,0.613429
1.02734,0.503261
1.06413,0.297543
1.11702,-0.185567
1.11987,0.0299539
1.06699,0.192781
1.10004,-0.00667722
1.07529,-0.0235673
1.11412,-0.104147
1.13065,-0.164832
1.102,-0.0474588
1.01489,0.329602
1.07901,0.0787071
1.10343,-0.127389
1.10864,-0.0919905
1.07003,0.0533937
1.06156,0.131132
1.14551,-0.121566
1.07267,-0.068862
1.10829,-0.131644
1.07615,0.08601
1.12495,-0.123242
1.07224,0.0608134
1.13854,-0.134953
1.08665,0.0334524
1.12028,-0.23736
1.04547,0.252895
1.06039,0.293418
1.10343,0.0641174
1.1247,-0.156156
1.12268,-0.121314
1.10591,-0.151385
1.03527,0.293239
0.997161,0.508547
1.08109,0.00237132
1.11991,-0.0485937
1.08157,0.0589042
1.07811,0.0281909
1.13634,-0.124576
1.10669,-0.0620557
1.09014,-0.0469909
1.10723,0.00145579
1.04181,0.179694
1.0499,0.33225
1.0748,0.11232
1.08973,0.020716
1.12611,-0.292392
1.14592,-0.233048
1.0374,0.552753
1.12403,-0.297707
1.05558,0.153057
1.1146,-0.123381
1.01216,0.310179
1.12072,-0.0573996
1.09985,-0.0909651
1.08318,0.155606
1.04737,0.369167
1.09646,-0.0735517
1.11378,-0.00912715
1.11048,0.0475745
1.06112,0.200716
1.044,0.387391
1.08254,0.160965
1.10045,0.0728467
1.09337,-0.0504112
1.10961,-0.16336
1.09908,-0.0532781
1.08038,0.0638403
1.09176,-0.00877447
1.14248,-0.42767
1.11855,-0.0548306
1.05708,0.269273
1.11347,-0.092721
1.12795,-0.22959
1.15022,-0.370122
1.06327,0.168156
1.08182,0.113656
1.11884,-0.100487
1.05534,0.223413
1.08748,-0.033877
1.14794,-0.417571
1.06716,0.14915
1.07671,0.213855
1.07456,0.0624782
1.10188,-0.0162829
1.1394,-0.356206
1.08273,-0.00537004
1.1117,-0.0577297
1.18608,-0.341598
1.13849,-0.526035
1.13865,-0.387217
1.12743,-0.26816
1.08192,-0.00738526
1.12108,-0.281214
1.07498,-0.011774
1.06935,0.079839
1.11762,-0.16076
1.13079,-0.213839
1.04154,0.291563
1.12953,-0.191687
1.12915,-0.23759
1.12344,-0.126987
1.06186,0.172197
1.15238,-0.368797
1.09512,0.0882892
1.04419,0.451359
1.07189,0.20508
1.13378,-0.206392
1.09711,0.0714363
1.11623,-0.167301
1.12945,-0.169319
1.13851,-0.336769
1.10718,-0.134881
1.12919,-0.0402576
1.06734,0.0639989
1.08398,0.0517256
1.07369,-0.0366309
1.07278,0.147408
1.09759,0.0552459
1.04204,0.382871
1.1101,-0.250618
1.08513,-0.0507675
1.06176,0.241934
1.01742,0.372542
1.12434,-0.146264
1.10464,0.00494902
1.15031,-0.222084
1.08594,0.137124
1.11743,-0.0946123
1.12555,-0.229027
1.14214,-0.356209
1.09251,-0.117553
1.08979,-0.09439
1.1197,-0.156626
1.1042,-0.161136
1.07271,-0.103256
1.11498,0.0233858
1.17479,-0.450059
1.13809,-0.342132
1.14257,-0.251599
1.12256,-0.109354
1.13232,-0.366661
1.05407,0.0930999
1.07029,0.16545
1.04364,0.302385
1.07841,-0.0180896
1.04532,0.24608
1.05923,0.204971
1.02737,0.293732
1.05346,0.295101
1.06833,0.151952
1.12838,-0.311497
1.09581,-0.00301605
1.06042,0.329584
1.11144,-0.128122
1.11559,-0.130955
1.06307,0.113889
1.09479,0.0313823
1.10936,0.018715
1.12158,-0.174823
1.12399,-0.167118
1.07415,0.129209
1.1157,-0.292346
1.13356,-0.323243
1.159,-0.374069
1.07359,0.0941035
1.15294,-0.404237
1.1629,-0.458016
1.0391,0.159191
1.09758,-0.0798342
1.09132,-0.0169677
1.08891,-0.00648824
1.09549,-0.0782421
1.13227,-0.207726
1.15303,-0.382854
1.12723,-0.105912
1.12524,-0.055265
1.10989,-0.213453
1.14745,-0.329223
1.17999,-0.530083
1.04621,0.218267
1.12061,-0.0411308
1.1375,-0.325399
1.04767,0.271427
1.14511,-0.363573
1.02787,0.343388
1.17597,-0.336481
1.13545,-0.234498
1.0806,0.0336283
1.11539,-0.109707
1.11622,-0.131566
1.05013,0.327619
1.11086,-0.191254
1.12101,-0.0542342
1.10757,-0.0782297
1.12256,-0.222821
1.1693,-0.459626
1.13629,-0.219025
1.13339,-0.256998
1.06827,-0.0118045
1.05339,0.34802
1.08548,0.109249
1.06259,0.0459094
1.01164,0.530295
1.12615,-0.283114
1.07814,0.122533
1.11977,-0.204636
1.0704,0.141549
1.06219,0.212048
1.15968,-0.366365
1.12024,-0.271794
1.14659,-0.23965
1.04208,0.381268
1.12955,-0.219513
1.15351,-0.215236
1.14494,-0.282329
1.12008,-0.184268
1.05852,0.265783
1.11875,-0.0823941
1.10205,0.0947104
1.07005,0.257325
1.0587,0.160221
1.05875,0.179113
1.12601,-0.220808
1.08941,-0.0034312
1.12349,-0.298503
1.08952,0.155631
1.10506,-0.0974428
1.12122,-0.0393445
1.11248,-0.178151
1.1164,-0.124136
1.0961,0.074134
1.04558,0.2924
1.03379,0.411161
1.1625,-0.32267
1.0893,-0.0266215
1.09396,0.0681159
1.06322,0.281036
1.0465,0.141712
1.12818,-0.171489
1.03496,0.311117
1.12102,-0.062746
1.07721,0.145679
1.17724,-0.418865
1.073,0.165167
1.08237,0.104143
1.15373,-0.327767
1.06312,0.164853
1.1613,-0.547308
1.12496,-0.0661029
1.07427,-0.0129812
1.10517,-0.0318297
1.06728,0.160712
1.1757,-0.382056
1.06006,0.0883051
1.13,-0.288274
1.13423,-0.261873
1.05374,0.186345
1.0889,-0.0274412
1.1295,-0.105871
1.08593,0.00911396
1.09212,-0.12775
1.12493,-0.134377
1.0975,0.11038
1.04577,0.294169
1.06007,0.188263
1.0504,0.238244
1.17612,-0.457997
1.00084,0.533324
1.11126,0.0104495
1.1323,-0.171233
1.04734,0.166639
1.11016,0.00862936
1.10182,-0.0654514
1.05464,0.139897
1.12445,-0.236192
1.10911,-0.112648
1.13227,-0.249572
1.11431,-0.065132
1.09907,-0.0998008
1.13401,-0.230912
1.03958,0.442002
1.13539,-0.276981
1.05385,0.262579
1.04386,0.403511
1.05945,0.2034
1.09018,0.165086
1.07703,0.131869
1.10347,-0.109334
1.07391,0.0807594
1.08539,0.0149786
1.08364,0.0803386
1.13966,-0.198195
1.12711,-0.200222
1.06951,0.127754
1.05378,0.129723
1.14609,-0.458865
1.08513,0.0170782
1.05967,0.152841
1.1349,-0.142783
1.11363,-0.117843
1.09864,-0.0590564
1.10816,0.0259786
1.07854,0.1817
1.0517,0.231968
1.06442,0.183732
1.04896,0.249853
1.1203,-0.263396
1.12024,-0.160515
1.09059,-0.100038
1.08782,0.0406441
1.09501,0.0364522
1.11903,-0.338253
1.14905,-0.237207
1.10673,-0.0648069
1.08616,0.011279
1.0685,0.0449905
1.1067,-0.0698606
1.13455,-0.238557
1.0335,0.250175
1.12986,-0.224795
1.09577,-0.103827
1.12345,-0.219252
1.05789,0.18602
1.0631,0.187186
1.08053,0.20154
1.10644,0.130363
1.08888,-0.189125
1.04931,0.141636
1.08686,0.132866
1.09759,0.131246
1.08435,-0.0814255
1.13091,-0.269778
1.10277,-0.0449647
1.07693,0.0703849
1.04853,0.501477
1.1303,-0.239823
1.08431,0.10264
1.10548,-0.0530223
1.07455,0.160829
1.08555,0.0973719
1.11281,-0.219634
1.0816,0.107181
1.11807,-0.103058
1.04423,0.367637
1.11855,-0.344002
1.16687,-0.155379
1.13012,-0.265883
1.08604,0.154149
1.15276,-0.309212
1.03129,0.330025
1.04625,0.316482
1.11584,-0.191332
1.11835,-0.134755
1.10074,0.0970741
1.04938,0.263059
1.10933,-0.0507206
1.10608,-0.188806
1.09747,0.0892739
1.11712,-0.108248
1.05039,0.26135
1.14241,-0.274381
1.11105,-0.278045
1.15372,-0.301922
1.0959,-0.0708998
1.10661,-0.0138903
1.09966,-0.101309
1.09154,0.0311165
1.12679,-0.225859
1.10189,-0.114423
1.1135,0.0637027
1.05346,0.131435
1.01879,0.378711
1.10991,-0.158037
1.03779,0.495771
1.09347,0.0720027
1.05441,0.301487
1.08888,0.0251192
1.10033,-0.00153872
1.08232,-0.0704548
1.0584,0.205196
1.07391,0.304686
1.13634,-0.257021
1.04516,0.290668
1.06616,0.13465
1.09517,-0.0892704
1.10181,0.0140945
1.0324,0.314737
1.07791,0.107004
1.05179,0.167462
1.08108,0.0359356
1.11891,-0.175573
1.10248,-0.00369423
1.0926,0.0141346
1.01132,0.421997
1.10045,-0.000543422
1.08736,0.141622
1.17373,-0.429443
1.05957,0.150764
1.07111,0.0775937
1.10023,0.101593
1.09585,-0.0440398
1.09831,-0.0838736
1.01174,0.54062
1.15695,-0.328739
1.13317,-0.335571
1.04008,0.481432
1.07738,0.0512313
1.04456,0.312242
1.07679,-0.0603793
1.13209,-0.249451
1.13735,-0.204481
1.04867,0.108507
1.05006,0.102249
1.03542,0.409635
1.13431,-0.44508
1.11676,0.0262691
1.12746,-0.300675
1.09966,-0.0343554
1.09725,-0.0103407
1.05762,0.299221
1.09264,-0.00830888
1.09243,-0.0310579
1.05966,0.121845
1.201,-0.613503
1.01758,0.300586
1.05434,0.138545
1.05191,0.393097
1.06884,0.290915
1.09593,0.0764165
1.13405,-0.187517
1.09319,-0.0681822
1.08533,-0.0635096
1.12328,-0.170196
1.10518,-0.0346059
1.05205,0.2497
1.18857,-0.462527
1.12657,-0.121995
1.14339,-0.344521
1.13708,-0.244686
1.02738,0.47655
1.11166,-0.150509
1.04127,0.230153
1.16437,-0.384583
1.0501,0.228203
1.08334,0.112658
1.09356,-0.0194193
1.04187,0.222447
1.04537,0.230403
1.08363,0.0542678
1.10146,-0.0409352
1.1188,-0.155063
1.08088,0.0778549
1.09342,0.0191594
1.08662,-0.0816349
1.12098,-0.0018152
1.1121,-0.100373
1.10321,-0.0597388
1.04415,0.249311
1.11642,0.0170124
1.06093,0.34803
1.12097,-0.137697
1.08748,0.155134
1.09512,-0.0306383
1.13353,-0.270094
1.0902,-0.00551728
1.06969,0.177455
1.09503,0.143576
1.04788,0.175816
1.14236,-0.199646
1.09626,0.146105
1.06729,0.14987
1.08352,0.0944922
1.14983,-0.32338
1.06629,0.274361
1.06988,0.225713
1.05483,0.233474
1.12468,-0.151832
1.12427,-0.267328
1.06589,0.024483
1.07717,0.154343
1.11506,-0.0695244
1.076,0.0318849
1.08482,0.0702119
1.06713,0.00491274
1.06429,0.186936
1.05649,0.0710308
1.11623,-0.266188
1.14523,-0.341077
1.09678,-0.107664
1.09124,0.0564593
1.1532,-0.284265
1.10257,-0.234378
1.16368,-0.339
1.13839,-0.14086
1.09851,-0.00647701
1.10246,-0.0297342
1.11383,-0.114739
1.14023,-0.291742
1.10111,-0.0949292
1.12572,-0.121933
1.14206,-0.243298
1.06612,-0.0282357
1.09562,-0.0728744
1.11162,-0.121147
1.14914,-0.36326
1.14654,-0.309561
1.15286,-0.346608
1.10022,-0.127951
1.05258,0.325155
1.04989,0.251629
1.08753,-0.0138196
1.11173,-0.0596803
1.07778,0.117923
1.09935,-0.151598
1.10704,0.0347341
1.04932,0.315059
1.08525,0.00558608
1.07136,0.0903519
1.08046,0.0234739
1.15382,-0.473697
1.13137,-0.299346
1.10274,-0.0888787
1.09474,-0.0179109
1.09774,-0.0755102
1.0953,-0.0413923
1.07339,0.105554
1.08956,0.066831
1.13111,-0.264639
1.1046,0.116031
1.11655,-0.139992
1.1391,-0.130962
1.10476,-0.0760627
1.09703,0.0509918
1.13801,-0.221803
1.09578,0.0912375
1.08035,0.132133
1.08107,0.0642986
1.08273,0.0715275
1.16998,-0.517394
1.1461,-0.23861
1.09093,-0.0645395
1.08808,0.0664855
1.03168,0.234649
1.1091,-0.129496
1.11599,-0.0798714
1.04718,0.362033
1.0798,0.112028
1.07417,-0.0147307
1.07392,0.232372
1.00655,0.403797
1.06107,0.116251
1.11926,-0.0731266
1.05773,0.249971
1.07593,0.0411185
1.06416,0.0914013
1.07821,0.0391566
1.12446,-0.0724633
1.07203,0.170748
1.08601,-0.0339394
1.11787,-0.054447
1.14864,-0.333926
1.12997,-0.427172
1.10043,0.0224325
1.06824,0.0288095
1.0949,-0.0174337
1.05278,0.375514
1.07115,0.0778221
1.11192,-0.212798
1.04599,0.217671
1.04711,0.256656
1.06408,0.168928
1.15317,-0.475981
1.08479,0.223156
1.13885,-0.210534
1.11551,-0.147456
1.12201,-0.233649
1.10791,-0.0543478
1.0258,0.348898
1.15414,-0.408481
1.09792,0.0397088
1.06664,0.111299
1.07178,0.175059
1.11444,-0.123377
1.0415,0.365995
1.15455,-0.534589
1.11582,-0.131531
1.11188,-0.050423
1.12209,-0.173767
1.1013,-0.079543
1.11606,-0.122639
1.14683,-0.318038
1.14664,-0.244984
1.13474,-0.200289
1.04441,0.255032
1.07924,-0.127955
1.11875,-0.0741597
1.11399,-0.153506
1.03257,0.233634
1.0678,0.208992
1.08821,0.123519
1.08551,0.0296551
1.0746,-0.111661
1.13547,-0.416449
1.07252,0.159286
1.10221,-0.00975872
1.15837,-0.322169
1.13974,-0.363813
1.1499,-0.321546
1.06997,0.0728091
1.15615,-0.125656
1.04554,0.225874
1.18149,-0.329582
1.0712,0.0890158
1.05102,0.189426
1.17272,-0.384839
1.05993,0.133249
1.06576,0.097866
1.08295,0.0680634
1.10748,-0.128785
1.0897,0.0678275
1.13601,-0.171309
1.11488,-0.189536
1.09283,-0.124829
1.06876,0.0555097
1.10083,-0.038572
1.08465,-0.00854978
1.13272,-0.256645
1.09093,-0.119622
1.14993,-0.379557
1.0938,-0.037918
1.02644,0.388808
1.05439,0.199474
1.16076,-0.280104
1.13955,-0.299229
1.01248,0.396329
1.04719,0.212231
1.05081,0.319859
1.146,-0.318209
1.13018,-0.164059
1.15518,-0.33854
1.08769,0.111329
1.11456,-0.0966783
1.09568,0.0652641
1.07586,0.224502
1.08075,0.0871358
1.06284,0.197864
1.01751,0.519579
1.1015,-0.197813
1.09846,-0.192587
1.13738,-0.289993
1.09693,-0.0296811
1.08249,0.0398171
1.07819,0.172253
1.09203,0.0588369
1.10407,0.0314404
1.07866,-0.0110111
1.13702,-0.118899
1.1763,-0.441333
1.08058,0.168634
1.09538,-0.03996
1.16266,-0.447751
1.04541,0.289896
1.13244,-0.214946
1.10644,-0.00936835
1.07566,0.233765
1.05455,0.177594
1.1002,-0.0683017
1.11001,-0.0136926
1.09673,-0.0404776
1.08055,-0.0118884
1.09025,-0.0677814
1.03746,0.289115
1.12632,-0.0539157
1.05395,0.235359
1.11517,-0.107002
1.17305,-0.510597
1.0748,0.0771511
1.17658,-0.578667
1.14592,-0.296263
1.07773,0.138455
1.12865,-0.217532
1.08637,-0.026202
1.13629,-0.0777075
1.18457,-0.483211
1.05049,0.191412
1.13984,-0.350688
1.10896,0.153819
1.1198,-0.227003
1.10624,0.0385215
1.00857,0.382787
1.02473,0.368515
1.11455,-0.076595
1.08252,0.0714554
1.05354,0.214898
1.13039,-0.0276044
1.12044,-0.128666
1.04691,0.173843
1.14053,-0.305722
1.07345,0.0771143
1.03319,0.348694
1.07786,0.156579
1.11969,-0.0499954
1.15179,-0.324631
1.15163,-0.403247
1.08079,-0.046523
1.08245,0.122301
1.04834,0.328493
1.06273,0.153994
1.05624,0.23568
1.08755,0.0851328
1.04841,0.248021
1.0794,-0.0673647
1.15117,-0.30881
1.10357,-0.164609
1.10765,-0.00327343
1.15442,-0.337827
1.08625,0.0954892
1.0342,0.44156
1.09775,0.136852
1.05889,0.199121
1.13321,-0.195024
1.08541,0.0504396
1.04739,0.277152
1.11332,-0.000685633
1.06749,0.159972
1.0627,0.183005
1.22799,-0.534349
1.14888,-0.317583
1.15632,-0.431884
1.04352,0.346679
1.10337,-0.0646756
1.03352,0.350985
1.06632,0.146797
1.10302,0.0204975
1.08447,0.0901184
1.04886,0.210358
1.11705,-0.268613
1.08649,-0.164339
1.08067,0.0168661
1.06792,0.234056
1.13676,-0.256595
1.05843,0.179417
1.15978,-0.4782
1.1232,-0.0052532
1.09259,-0.130628
1.13771,-0.274742
1.12606,-0.163576
1.0708,0.0704128
1.05909,0.25805
1.02575,0.321915
1.15008,-0.301562
1.09445,-0.132292
1.03475,0.273445
1.07741,0.0759566
1.09906,0.0529435
1.13701,-0.270017
1.13079,-0.165907
1.09352,0.0140769
1.10123,-0.0392243
1.09543,0.0205346
1.10906,-0.218238
1.1202,-0.154647
1.00968,0.410464
1.08596,0.0205864
1.10899,-0.0281123
1.0673,0.122415
1.15382,-0.374046
1.06248,0.219333
1.10622,0.0518366
1.08038,-0.00232954
1.04538,0.288072
1.13029,-0.208001
1.11318,-0.197037
1.18665,-0.50902
1.07695,-0.0463326
1.13037,-0.203897
1.08304,-0.0435543
1.1163,-0.0443584
1.08875,-0.00939384
1.09484,-0.0202833
1.11815,-0.125344
1.05546,0.177162
1.1308,-0.176542
1.11911,-0.087216
1.08658,0.0654687
1.13577,-0.125639
1.08461,0.0124508
1.05283,0.00782007
1.11559,-0.00869317
1.10585,-0.101253
1.12144,-0.0828871
1.14881,-0.287532
1.08033,0.0345546
1.05878,0.144483
1.04271,0.376522
1.0993,0.00181412
1.09959,0.0443095
1.07949,0.0780831
1.06645,0.0429017
1.07751,0.0661634
1.1099,-0.109176
1.06574,0.0205991
1.1219,-0.256046
1.06547,0.202102
1.05954,0.0970631
1.14311,-0.32131
1.13003,-0.313842
1.10904,-0.173646
1.10528,-0.0508288
1.05994,0.142813
1.16534,-0.340416
1.10536,-0.169044
1.10196,-0.0320678
1.14289,-0.273157
1.12144,-0.189167
1.12296,-0.0708635
1.0898,-0.0571322
1.06234,0.059401
1.11628,-0.0805856
1.09197,0.0458894
1.05077,0.113139
1.18262,-0.410495
1.06598,0.0966452
1.10257,-0.11421
1.09025,0.0373541
1.04295,0.294286
1.16367,-0.327129
1.08161,0.0394562
1.12106,-0.124289
1.09636,0.0376732
1.12168,-0.199069
1.06884,0.134348
1.10905,-0.0231413
1.09952,-0.116614
1.12952,-0.240439
1.02642,0.436478
1.12663,-0.199907
1.10106,-0.126771
1.04583,0.287442
1.11042,0.00131265
1.0963,0.0176693
1.00029,0.594982
1.06864,0.190334
1.11502,-0.0869182
1.08916,0.00346681
1.12475,-0.172146
1.12515,-0.0752972
1.11642,-0.035021
1.04929,0.252348
1.05084,0.161548
1.12013,-0.223854
1.04143,0.211521
1.11136,-0.0726435
1.11089,-0.142802
1.0673,0.205763
1.09409,-0.0169759
1.05253,0.304718
1.0494,0.213234
1.13906,-0.276521
1.03671,0.381459
1.08545,0.0860093
1.09858,-0.0197858
1.13691,-0.401714
1.02867,0.402491
1.09826,-0.00316312
1.14518,-0.254208
1.09639,0.0477469
1.10473,-0.038021
1.12497,-0.218366
1.10833,-0.124131
1.11047,-0.079507
1.11062,-0.0967143
1.11675,-0.0823533
1.11775,-0.0753626
1.07708,0.0905048
1.06643,0.127582
1.14018,-0.324944
1.10761,-0.18409
1.05941,0.190884
1.15664,-0.233428
1.01353,0.476974
1.07541,0.166527
1.08864,-0.0828426
1.16389,-0.291237
1.04287,0.244429
1.10202,-0.0141997
1.12862,-0.279298
1.09304,0.00243623
1.11869,-0.0911093
1.09689,0.0354579
1.06471,0.275982
1.13426,-0.103601
1.16353,-0.297238
1.08962,-0.0244822
1.1078,-0.0729424
1.12818,-0.19783
1.10672,0.00052045
1.11164,-0.0224889
1.09274,-0.0980828
1.11523,-0.130412
1.09022,-0.023253
1.09359,-0.0553962
1.12894,-0.429388
1.09876,0.0531584
1.03438,0.338281
1.13411,-0.366872
1.08804,0.0105343
1.12767,-0.0969096
1.07069,-0.00133599
1.10992,-0.114788
1.106,-0.0509408
1.11231,-0.158222
1.1354,-0.19757
1.09969,0.0403143
1.14329,-0.25686
1.1358,-0.147057
1.09712,-0.0900183
1.11323,-0.300665
1.11594,-0.2435
1.12873,-0.137104
1.09118,-0.0409724
1.078,0.0755172
1.16957,-0.500329
1.09637,-0.0846886
1.13641,-0.312722
1.00597,0.339899
1.1089,0.0405962
1.11349,-0.198315
1.10046,0.00645904
1.08253,0.0286176
1.15432,-0.24597
1.08044,0.207858
1.12457,-0.208282
1.12932,-0.172413
1.10839,-0.0541099
1.12922,-0.0551678
1.06485,0.143224
1.07562,0.00846015
1.04375,0.293703
1.06902,0.131667
1.07726,0.0438401
1.07136,0.0588795
1.11802,-0.0207689
1.05443,0.196197
1.1007,-0.0640312
1.00774,0.499197
1.09623,-0.127853
1.12159,-0.289959
1.08643,0.0818705
1.08096,0.0903775
1.09272,0.122683
1.0918,0.0191556
1.11236,-0.183157
1.04439,0.299102
1.08032,0.123595
1.09434,-0.132968
1.09422,-0.0603739
1.11496,-0.124206
1.10517,0.0159477
1.09085,-0.0692885
1.13149,-0.259669
1.12664,-0.189497
1.09887,-0.00180236
1.10886,-0.0849233
1.13038,-0.277391
1.0206,0.394901
1.1381,0.0427683
1.14387,-0.192469
1.09643,0.0265696
1.11608,-0.0723064
1.06725,0.166546
1.08528,0.123927
1.08013,0.0959292
1.15073,-0.293556
1.08444,0.0792443
1.10567,-0.0580485
1.06847,0.0898693
1.14695,-0.212914
1.06031,0.150081
1.10719,-0.036828
1.05921,0.116629
1.10492,-0.158474
1.06271,0.269705
1.10732,0.000565456
1.11009,-0.191099
1.05691,0.107885
1.05916,0.0996128
1.09763,0.0902786
1.12707,-0.200305
1.08046,0.116317
1.03325,0.395638
1.14179,-0.280575
1.10219,0.0533461
1.00902,0.462386
1.03341,0.36838
1.13308,-0.202177
1.08361,0.0337714
1.01018,0.516188
1.04819,0.175257
1.11687,-0.0647121
1.03297,0.342121
1.12505,-0.239311
1.10762,0.00753231
1.12852,-0.215698
1.13891,-0.172762
1.03424,0.500033
1.18856,-0.516677
1.03546,0.330341
1.08037,-0.0354461
1.14104,-0.226983
1.10228,0.013424
1.06925,0.0638097
1.11815,-0.277353
1.1043,-0.0957699
1.05538,0.128496
1.05061,0.154071
1.06891,0.0346523
1.11516,-0.0864741
1.11104,-0.0853547
1.12839,-0.207784
1.11804,-0.144502
1.12549,-0.0748482
1.14199,-0.14352
1.12006,-0.320003
1.05776,0.33542
1.06558,0.15477
1.10314,-0.131977
1.0578,0.213046
1.15319,-0.377557
1.21658,-0.634581
1.12052,-0.0723541
1.07544,0.105042
1.12333,-0.281006
1.06665,0.19063
1.08073,0.0480653
1.123,-0.116777
1.04411,0.403319
1.11431,0.00956557
1.05721,0.226308
1.03598,0.357531
1.11423,-0.149518
1.06256,0.141714
1.05564,0.194989
1.08773,0.138933
1.12304,-0.0885859
1.18773,-0.314905
1.13082,-0.224309
1.12695,-0.200268
1.11658,-0.110996
1.13785,-0.311115
1.10995,-0.159724
1.1434,-0.236807
1.15962,-0.21513
1.17189,-0.390253
1.08924,-0.0932855
1.03777,0.28413
1.12277,-0.265634
1.13374,-0.211519
1.07945,0.145606
1.08946,0.0838532
1.13806,-0.144405
1.00669,0.603735
1.09448,-0.112572
1.06057,0.239055
1.11492,-0.0804203
1.11211,0.0114399
1.07125,0.0549593
1.07269,0.117357
1.08728,-0.0368364
1.11533,-0.207171
1.11111,0.00588891
1.11592,-0.110785
1.1442,-0.307727
1.13177,-0.187431
1.16783,-0.353876
1.11228,-0.0309057
1.09659,0.0972509
1.13492,-0.199531
1.09569,0.0530292
1.0879,0.079281
1.10301,-0.0146082
1.08025,0.0379769
1.09737,-0.0418119
1.09411,-0.0162854
1.11496,-0.0861543
1.08449,-0.0617182
1.09073,0.063806
1.14279,-0.353207
1.106,-0.0965361
1.11203,-0.112047
1.09647,-0.0295039
1.11418,-0.218398
1.11714,-0.196967
1.15938,-0.295664
1.1474,-0.249483
1.04311,0.0277172
1.1155,-0.0955591
1.11863,-0.125193
1.08038,0.198145
1.1572,-0.418492
1.06738,0.158761
1.0484,0.176698
1.04599,0.400794
1.17073,-0.371085
1.11471,-0.0742391
1.08639,0.0898741
1.1177,-0.166813
1.11453,-0.120442
1.11678,-0.161223
1.11198,-0.113557
1.12445,-0.3397
1.05758,0.014133
1.09698,-0.0521382
1.09273,-0.0412194
1.08296,-0.000791072
1.12622,-0.0377529
1.05234,0.191987
0.989034,0.48474
1.07651,0.191865
1.08258,0.0323953
1.1206,-0.017866
1.15095,-0.293041
1.10069,0.00328199
1.13799,-0.283398
1.15591,-0.346799
1.16708,-0.396194
1.05111,0.217519
1.0979,-0.0267939
1.04064,0.172589
1.11365,-0.153554
1.14225,-0.111216
1.07005,0.13157
1.07928,0.048525
1.11981,-0.0753115
1.14282,-0.304506
1.11425,-0.109711
1.05466,0.345957
1.11363,-0.170005
1.1333,-0.227865
1.0901,-0.0454499
1.11472,0.0481509
1.14528,-0.225644
1.1358,-0.163001
1.13491,-0.147185
1.10467,-0.176519
1.1208,-0.0856636
1.10332,-0.0766317
1.12131,-0.128299
1.10858,-0.0826491
1.09811,-0.156242
1.10194,-0.0826192
1.12007,-0.15186
1.11515,-0.0894963
1.13957,-0.212874
0.979636,0.481233
1.06125,0.0316006
1.12979,-0.116499
1.14572,-0.417656
1.16261,-0.345069
1.12123,-0.110144
1.13925,-0.238803
1.14584,-0.345511
1.06203,0.0530757
1.06045,0.185354
1.11055,-0.0593683
1.07612,0.055392
1.09874,0.0699894
1.20562,-0.607131
1.11546,-0.186363
1.04257,0.380087
1.09494,0.186563
1.16037,-0.500479
1.08165,0.122887
1.07595,0.16298
1.06051,0.0555136
1.10425,-0.0310277
1.13327,-0.245152
1.09353,-0.0523337
1.13132,-0.210761
1.09355,-0.0173981
1.03126,0.205694
1.06969,0.157017
1.08113,0.0930075
1.06438,0.125347
1.08066,0.108212
1.10003,-0.0458169
1.08857,0.00791829
1.11424,-0.164614
1.10145,-0.0684613
1.00403,0.406778
1.10589,-0.139566
1.10975,-0.0171686
1.13693,-0.209181
1.09393,-0.0711427
1.08024,0.216285
1.09766,0.114794
1.05103,0.2758
1.10231,-0.186533
1.17496,-0.383018
1.09381,0.0288797
1.08142,0.106269
1.10381,0.0106797
1.14963,-0.310242
1.17673,-0.417288
1.05913,0.314938
1.12845,-0.117622
1.04086,0.221206
1.07353,0.0841604
1.1105,-0.088706
1.095,-0.0642113
1.07087,0.172192
1.1199,-0.239624
1.11763,-0.110501
1.06736,0.167624
1.07723,-0.088874
1.06828,0.155182
1.07745,-0.132378
1.12553,-0.247228
1.1136,-0.144868
1.10563,-0.132614
1.07011,0.100227
1.10423,-0.184739
1.05966,0.127247
1.09922,0.10298
1.11472,-0.169509
1.05836,0.0711956
1.14877,-0.378938
0.998354,0.473621
1.03204,0.328154
1.16865,-0.387571
1.02668,0.386043
1.09535,0.131582
1.1527,-0.309472
1.09679,-0.0681292
1.12387,-0.200426
1.04465,0.296773
1.10123,-0.211327
1.18435,-0.451205
1.116,-0.217826
1.13561,-0.109643
1.11803,-0.160902
1.09762,0.0768955
1.1408,-0.255046
1.13293,-0.2397
1.14976,-0.347293
1.08628,-0.151318
1.08557,0.0677849
1.05864,0.367408
1.02372,0.397175
1.07195,0.249197
1.05104,0.282037
1.0861,0.144215
1.16861,-0.281536
1.0594,0.0500365
1.05922,0.101651
1.1049,-0.118577
1.13919,-0.188202
1.0768,0.156021
1.08823,0.166917
1.09208,0.0257974
1.11035,-0.0717959
1.1069,-0.180011
1.06651,0.0704542
1.08978,-0.0143802
1.17132,-0.371
1.1264,-0.215441
1.09657,0.094946
1.02307,0.405454
1.17015,-0.349833
1.10441,-0.0125693
1.07207,0.0501103
1.11217,-0.0470882
1.10462,0.033535
1.09598,-0.106507
1.15009,-0.391648
1.11969,-0.00211401
1.14641,-0.326627
1.16173,-0.425344
1.1153,-0.20346
1.11451,-0.189087
1.11434,-0.061232
1.03568,0.471436
1.11958,-0.185723
1.07552,0.142617
1.00461,0.4716
1.13781,-0.222683
1.08317,0.0668203
1.10722,-0.142709
1.12888,-0.187093
1.05376,0.0590122
1.01214,0.451862
1.1453,-0.257278
1.10743,-0.110717
1.11255,-0.161023
1.07288,0.157618
1.02573,0.317312
1.14482,-0.27035
1.13585,-0.0644937
1.05782,0.0534383
1.10521,-0.088095
1.05337,0.30961
1.12636,-0.28485
1.06684,0.0516799
1.04922,0.361723
1.14523,-0.165135
1.16277,-0.387478
1.1238,-0.213375
1.11144,-0.0744013
1.14794,-0.346502
1.09345,0.0555314
1.11607,-0.128378
1.13381,-0.273058
1.14032,-0.21006
1.09324,-0.0874382
1.02503,0.403022
1.08051,0.0609105
1.12666,-0.0487848
1.14376,-0.304068
1.09146,0.0904283
1.07076,-0.0090195
1.04459,0.19515
1.07404,0.0731817
1.05456,0.117399
1.04869,0.230093
1.09696,-0.00877151
1.11944,-0.15545
1.05895,0.103744
1.03508,0.275538
1.11573,-0.214727
1.19409,-0.486136
1.14067,-0.301312
1.09332,-0.100613
1.13016,-0.230205
1.17285,-0.39865
1.1051,0.0864497
1.09637,-0.0660127
1.05428,0.222185
1.11923,-0.13681
1.15944,-0.34779
1.15114,-0.228868
1.08848,0.125906
1.06802,0.124996
1.08281,0.115516
1.09674,-0.0550057
1.06412,0.161841
1.11891,-0.0660288
1.1035,0.0924138
1.08671,-0.0769949
1.07982,-0.0232355
1.08778,0.0479596
1.11259,-0.0216685
1.07525,0.172855
1.12567,-0.192377
1.07064,0.0444465
1.12004,-0.171951
1.11624,-0.152986
1.19216,-0.625553
1.08718,0.00370791
1.07411,0.120387
1.10873,-0.196887
1.11729,-0.0032471
1.01135,0.526299
1.10526,-0.0737509
1.08607,-0.0194091
1.06178,0.2907
1.08351,0.117357
1.08537,0.0824168
1.08371,0.0184746
1.0808,-0.0261235
1.09382,0.0614073
1.02184,0.405362
1.10173,0.026679
1.10326,-0.0826984
1.05422,0.178986
1.06375,0.196101
1.09518,-0.0795429
1.14977,-0.371059
1.08261,0.00284764
1.08639,0.100746
1.07041,0.183625
1.10977,-0.128879
1.09912,-0.0219948
1.01936,0.4088
1.06707,0.317282
1.1015,0.00096976
1.09117,-0.0504261
1.09112,0.0319608
1.13865,-0.286059
1.10818,-0.116367
1.08896,-0.0981316
1.06075,0.278906
1.06262,0.072646
1.06937,0.229594
1.09814,-0.060603
1.0598,0.160211
1.10834,-0.0839121
1.07443,0.127561
1.06302,0.173942
1.09173,0.0743231
1.11879,-0.124355
1.10142,0.0194642
1.07094,0.03777
1.11374,-0.000532081
1.10579,0.00723624
1.05739,0.296931
1.103,0.0172166
1.11272,-0.160768
1.10751,-0.102996
1.09446,0.0352357
1.14372,-0.180649
1.09764,0.0390067
1.11993,-0.0562472
1.10096,-0.0768185
1.07749,0.0544676
1.19187,-0.511668
1.08649,-0.155774
1.05806,0.186698
1.03941,0.417304
1.09872,0.11627
1.141,-0.318399
1.07523,0.134725
1.07264,0.183719
1.04264,0.145273
1.0728,0.185928
1.14738,-0.284503
1.03832,0.262982
1.08018,0.0241811
1.057,0.218857
1.09298,0.076213
1.05519,0.0501424
1.18926,-0.560439
1.14054,-0.327568
1.12011,-0.167371
1.11244,-0.0483683
1.14355,-0.304937
1.05588,0.14805
1.13274,-0.237697
1.05031,0.128195
1.10864,-0.0205997
1.13982,-0.226483
1.10933,-0.108223
1.08238,0.124905
1.08531,0.164068
1.14271,-0.258528
1.1148,-0.113188
1.04302,0.200813
1.09189,-0.023569
1.10268,-0.159698
1.09328,0.00360149
1.11633,-0.154949
1.14418,-0.231839
1.1,-0.0654855
1.0986,0.00766638
1.09305,0.023622
1.06943,0.137086
1.05364,0.0834955
1.15618,-0.245586
0.986756,0.629917
1.07174,0.00185732
1.07697,0.126181
1.08874,0.125722
1.108,0.059953
1.15334,-0.381745
1.10148,-0.160057
1.0913,-0.0566138
1.10363,-0.0226769
1.10005,0.00885907
1.05808,0.130882
1.13503,-0.260125
1.13034,-0.121772
1.08219,0.0963154
1.10369,-0.0768285
1.09568,0.0956509
1.10488,0.0300487
1.10926,-0.0565935
1.14784,-0.162482
1.0804,-0.0683091
1.06902,0.124494
1.07311,0.112819
1.03879,0.231445
1.10758,0.00968699
1.12204,-0.0671761
1.102,-0.0183723
1.14189,-0.225448
1.09379,0.105571
1.08503,-0.0468559
1.06861,0.297124
1.08252,-0.0616809
1.07673,0.00803954
1.04543,0.217637
1.01587,0.345816
1.14542,-0.28007
1.18984,-0.472867
1.05627,0.092442
1.15557,-0.303535
1.06812,0.0811552
1.12924,-0.136616
1.1156,-0.12603
1.14237,-0.265767
1.17385,-0.49005
1.04945,0.293233
1.08253,0.141875
1.10281,-0.0893992
1.1056,-0.0109636
1.04148,0.326465
1.08788,0.0717132
1.06146,0.279215
1.11186,0.0491554
1.10069,-0.0764265
1.06294,0.103669
1.15613,-0.325741
1.06827,0.150409
1.12712,-0.0998868
1.07844,0.113669
1.06919,0.00189854
1.10343,0.140237
1.09275,0.0727188
1.13718,-0.323246
1.07223,0.00537868
1.01828,0.414097
1.03738,0.168331
1.10833,0.03557
1.01013,0.533453
1.1203,0.00128307
1.04089,0.279572
1.07955,0.0846784
1.03107,0.380757
1.06493,0.17045
1.11623,-0.0891952
1.14803,-0.349761
1.03398,0.378597
1.09134,-0.0108091
1.07375,0.00975062
1.03103,0.261706
1.12436,-0.0655031
1.18297,-0.434437
1.10286,0.0591845
1.15406,-0.395649
1.09643,-0.0243316
1.06447,0.0595611
1.16866,-0.31123
1.06725,0.150732
1.05724,0.0721358
1.13462,-0.290274
1.07981,0.135005
1.03916,0.264424
1.06709,0.25382
1.08784,0.151752
1.01044,0.422834
1.0515,0.128204
1.10173,0.0616576
1.03162,0.290681
1.15384,-0.286387
1.06078,0.234771
1.06132,0.119518
1.13228,-0.115643
1.03991,0.216245
1.112,-0.10524
1.09469,0.0161379
1.05879,0.332236
1.11006,-0.0891108
1.09058,0.129512
1.18412,-0.453806
1.13923,-0.174678
1.1238,-0.243054
1.05696,0.0163842
1.10058,-0.00435325
1.08035,0.104274
1.12837,-0.244378
1.12238,-0.269085
1.13024,-0.118546
1.03912,0.186633
1.06144,0.215484
1.07072,0.0163704
1.13029,-0.185421
1.10413,-0.0813606
1.09685,4.83124e-05
1.07311,0.113962
1.07715,-0.0614912
1.1004,-0.0564471
1.06627,0.209292
1.10981,0.0152387
1.09293,0.0682407
1.11996,-0.249942
1.09864,-0.0549897
1.06874,-0.0589445
1.08138,0.0672197
1.10123,-0.14644
1.14551,-0.366869
1.10618,-0.0534793
1.14243,-0.36825
1.07522,0.205324
1.08233,0.0235656
1.01949,0.369146
1.09982,-0.00828623
1.12777,-0.102895
1.11888,-0.129711
1.07022,0.19007
1.10571,-0.083855
1.07946,0.0235158
1.11163,-0.206772
1.12922,-0.209355
1.04756,0.31835
1.06229,0.0804176
1.06305,0.141563
1.12559,-0.0919343
1.08627,-0.0679108
1.10917,-0.0313984
1.06059,0.0732692
1.13602,-0.224504
1.11328,-0.0123182
1.0883,-0.0701153
1.17408,-0.408659
1.11763,-0.173472
1.07006,0.100408
1.0855,0.0823472
1.10888,-0.238508
1.06275,0.260864
1.08417,-0.0773282
1.17961,-0.376154
1.10429,-0.123273
1.07596,-0.00173049
1.08105,0.0272217
1.07002,0.116004
1.12867,-0.153957
1.09078,-0.0863226
1.10583,-0.128145
1.03699,0.353444
1.05896,0.233565
1.09945,-0.0804065
1.06478,0.267144
1.06493,0.0755677
1.06148,0.279103
1.08186,0.0985786
1.04438,0.329853
1.15544,-0.480766
1.11436,-0.152798
1.10178,-0.0916446
1.17306,-0.380767
1.11142,-0.0301005
1.1109,-0.151393
1.09224,0.136201
1.12314,-0.250977
1.11632,-0.179045
1.08376,-0.0505979
1.11771,-0.0978098
1.08885,-0.0309969
1.13371,-0.164734
1.11206,-0.175794
1.09378,0.0500948
1.10562,0.100192
1.09636,-0.145203
1.14759,-0.319012
1.07312,0.0831635
1.07995,0.164721
1.09605,0.0806962
1.16004,-0.275963
1.13745,-0.154512
1.09083,-0.0300758
1.06494,0.171939
1.08228,-0.100504
1.13375,-0.192544
1.10197,0.016471
1.14831,-0.308176
1.07725,-0.00545465
1.05232,0.192059
1.08126,-0.056326
1.06532,0.103639
1.07315,0.00225315
1.12983,-0.286407
1.10373,-0.179396
1.10675,-0.209677
1.11004,-0.0921385
1.06962,0.0824499
1.08888,0.100229
1.12737,-0.265561
1.09492,-0.112418
1.05901,0.211934
1.08357,-0.0108367
1.07088,0.181223
1.13602,-0.242466
1.11166,-0.10714
1.09041,0.101477
1.13337,-0.116974
1.10025,-0.0956595
1.1198,-0.17447
1.08484,0.159105
1.14001,-0.266204
1.10049,-0.0504441
1.09695,-0.0737779
1.12157,-0.190866
1.13549,-0.260782
1.12017,-0.162234
1.07292,0.159624
1.13589,-0.167177
1.06466,0.19143
1.06969,0.10677
1.08318,0.0904624
1.08051,0.102608
1.0656,0.225875
1.12736,-0.264251
1.12749,-0.223224
1.0263,0.243197
1.07982,0.137886
1.10916,-0.195678
1.16008,-0.395774
1.1358,-0.199947
1.16593,-0.333841
1.171,-0.389511
1.14077,-0.239161
1.08174,-0.00756078
1.12177,-0.178417
1.0322,0.369774
1.1223,-0.0694532
1.10394,-0.0452901
1.17742,-0.404091
1.12371,-0.238023
1.11727,-0.272616
1.11832,-0.152752
1.15719,-0.401203
1.12318,-0.22257
1.09086,0.0306238
1.07434,0.0611727
1.13368,-0.437076
1.08844,-0.0522054
1.14455,-0.366501
1.0819,0.0855127
1.03098,0.303604
1.05237,0.0449609
1.12018,-0.134554
1.12026,-0.179572
1.13162,-0.181497
1.06523,0.197215
1.11243,-0.0513303
1.09425,0.0168812
1.08089,0.029416
1.09527,-0.115136
1.12266,-0.229229
1.1277,-0.174875
1.09427,-0.098657
1.16061,-0.364383
1.11826,-0.0187575
1.09938,-0.0266066
1.0811,0.0596608
1.10131,-0.026356
1.08356,0.113552
1.0945,0.0277554
1.08919,-0.199417
1.06616,0.126289
1.15825,-0.469779
1.06217,0.0451507
1.09017,-0.0742703
1.1194,-0.0752787
1.03819,0.0756932
1.10317,-0.117209
1.18785,-0.519338
1.13497,-0.0712398
1.13111,-0.29713
1.09404,-0.00707693
1.13052,-0.193884
1.14893,-0.177917
1.07665,0.0447196
1.08776,-0.0362883
1.05956,0.229438
1.07941,0.0839008
1.11774,-0.245348
1.17937,-0.468328
1.0881,-0.0308796
1.09833,-0.03084
1.13849,-0.224018
1.0572,0.330798
1.14396,-0.174872
1.12872,-0.204669
1.09005,-0.0280017
1.15041,-0.362203
1.14049,-0.309238
1.03215,0.230403
1.07594,0.0435492
1.05507,0.172461
1.16135,-0.384889
1.036,0.456694
1.0986,0.140348
1.1052,0.0245368
1.08403,-0.0312618
1.10418,-0.00251841
1.10872,-0.16931
1.0774,0.131203
1.0322,0.311467
1.0987,0.0224767
1.09975,-0.158966
1.10288,-0.0262407
1.0854,0.121653
1.14298,-0.310015
1.10224,0.137203
1.04772,0.299727
1.05547,0.124579
1.13943,-0.253848
1.08405,-0.00527881
1.08306,0.105656
1.13468,-0.329104
1.07345,0.0479776
1.04045,0.264272
1.09225,0.127497
1.12209,-0.281833
1.05134,0.261976
1.09088,0.137021
1.11928,-0.0831149
1.10423,-0.0502051
1.0731,0.221552
1.10638,0.00192901
1.13654,-0.289799
1.14693,-0.222507
1.08002,0.140165
1.11769,-0.253313
1.07366,0.00976993
1.1118,-0.105132
1.14279,-0.278231
1.08889,0.020544
1.11183,-0.0720105
1.12155,-0.210365
1.08296,0.00503382
1.11241,-0.141466
1.12602,-0.231414
1.10074,-0.11099
1.08087,-0.0740359
1.09238,0.0751211
1.11811,0.0186806
1.06761,0.0856561
1.11301,-0.128004
1.12484,-0.174903
1.09537,0.0365012
1.12531,-0.189201
1.09267,-0.104379
1.15109,-0.271428
1.13206,-0.221379
1.0829,0.0126131
1.1508,-0.308709
1.06739,-0.0266607
1.10638,-0.15039
1.08756,-0.0670071
1.10298,-0.0754524
1.09946,-0.0568198
1.09645,-0.0378384
1.08671,-0.0173754
1.07977,-0.0356027
1.12135,-0.240688
1.07242,0.0597441
1.16013,-0.34132
1.09459,-0.0580931
1.16231,-0.426546
1.11656,-0.104729
1.1318,-0.173628
1.15389,-0.452894
1.09907,0.0292254
1.12059,-0.0983957
1.06362,0.189709
1.03687,0.266761
1.0647,0.119913
1.03927,0.209977
1.11998,-0.0566996
1.05884,0.209291
1.12171,-0.0526277
1.12991,-0.15507
1.0977,0.0747484
1.08532,0.120606
1.11683,-0.141715
1.07113,0.174085
1.13814,-0.267184
1.05563,0.304379
1.06339,0.211782
1.15506,-0.416
1.12336,-0.162444
1.07412,0.102949
1.09132,0.0333424
1.12883,-0.122729
1.09153,-0.0582525
1.12221,-0.0287155
1.07316,0.0875885
1.10616,0.020617
1.13445,-0.2271
1.06071,0.289063
1.08246,0.0984254
1.05986,0.178886
1.07932,0.104881
1.13602,-0.194924
1.0964,-0.0148443
1.09779,-0.0744105
1.10148,-0.00865945
1.11988,-0.141502
1.16829,-0.299444
1.14734,-0.249471
1.04473,0.171655
1.06419,0.132891
1.08756,0.119028
1.07922,0.135878
1.07572,0.209294
1.03681,0.363084
1.09947,0.00199787
0.996835,0.546816
1.11466,-0.211399
1.14575,-0.295165
1.12216,-0.12926
1.10223,0.0382185
1.03753,0.219782
1.13048,-0.260304
1.11261,-0.142223
1.10073,0.0257381
1.08751,0.00115381
1.03212,0.354851
1.06796,0.229065
1.05823,0.130565
1.10481,-0.0306756
1.07396,0.0641068
1.02519,0.434499
1.13819,-0.23438
1.10766,-0.0278847
1.0326,0.424134
1.10916,0.00854615
1.08027,0.128596
1.10163,-0.0763574
1.13662,-0.0775888
1.10757,-0.0524718
1.10864,-0.163775
1.056,0.257738
1.09727,-0.189748
1.08645,-0.00970079
1.1371,-0.268231
1.12394,0.0580151
1.04734,0.24419
1.10331,0.073565
1.12229,-0.213411
1.04367,0.282816
1.1026,-0.12045
1.11929,-0.198818
1.12326,-0.232135
1.07741,0.240307
1.09869,-0.129027
1.03827,0.407797
1.0724,0.251524
1.15637,-0.310307
1.09622,0.113967
1.11577,-0.14095
1.0877,0.146316
1.11333,-0.0363986
1.06786,0.104769
1.01074,0.351615
1.10978,-0.119626
1.09558,0.00842483
1.09716,0.0777775
1.08299,0.0642057
1.07658,0.171967
1.06439,0.129441
1.10359,-0.00652301
1.0777,0.0757952
1.08462,-0.0289174
1.0694,0.107422
1.10076,-0.109514
1.07114,0.227814
1.07963,0.015228
1.10277,0.0484815
1.08788,0.250909
1.18041,-0.408934
1.12574,-0.168029
1.13281,-0.16075
1.06899,0.268716
1.09863,-0.0512352
1.12463,-0.255143
1.11775,-0.0171787
1.12244,-0.188458
1.09728,-0.0680728
1.13748,-0.177581
1.10222,-0.180928
1.14319,-0.337274
1.06749,0.237128
1.07774,0.120949
1.12307,-0.120214
1.12381,-0.272751
1.08565,-0.0230658
1.12943,-0.141556
1.05473,0.221553
1.04141,0.298061
1.06657,0.212555
1.09215,0.0729827
1.08627,-0.0109937
1.10805,-0.0546408
1.1179,-0.215122
1.05346,0.17373
1.10342,0.0388333
1.13581,-0.210349
1.12751,-0.198282
1.03389,0.423349
1.12298,-0.178638
1.06401,0.153026
1.14619,-0.251045
1.1463,-0.255473
1.09178,0.105856
1.07721,0.0349472
1.09126,-0.0620805
1.0888,0.0297325
1.06735,0.0942649
1.0802,0.114584
1.13156,-0.0587304
1.07956,0.0745871
1.11407,-0.158981
1.11503,-0.251117
1.03547,0.385312
1.10039,0.00559593
1.10989,-0.0486762
1.14601,-0.196084
1.09227,0.0126162
1.07843,0.136873
1.05969,0.306029
1.02834,0.479846
1.01516,0.42085
1.11041,-0.134818
1.10043,-0.0608468
1.13165,-0.219553
1.10971,-0.0838808
1.081,0.0328502
1.09296,0.102631
1.17685,-0.501815
1.09865,0.0337365
1.10617,-0.0666692
1.1193,-0.154995
1.11497,-0.0263044
1.09877,-0.134335
1.06655,0.221467
1.12838,-0.166176
1.03059,0.374801
1.07614,0.197419
1.03131,0.35328
1.15494,-0.423161
1.04534,0.352988
1.10763,-0.0943155
1.15855,-0.500164
1.04543,0.3331
1.09679,-0.0764045
1.0586,0.1758
1.06548,0.14551
1.09595,-0.0369666
1.0829,-0.0164051
1.14448,-0.373031
1.12549,-0.265611
1.03396,0.417864
1.07028,0.1031
1.08521,-0.0695684
1.02295,0.313561
1.07288,0.099498
1.10446,0.0227493
1.08055,-0.0154072
1.03259,0.451442
1.10467,0.103006
1.10663,-0.135416
1.09309,-0.00498312
1.09128,0.0165775
1.15528,-0.226359
1.08993,0.000106902
1.05634,0.107986
1.07334,0.207047
1.11151,-0.145353
1.13165,-0.182979
1.04983,0.116835
1.09818,0.0484905
1.01885,0.390685
1.0216,0.356928
1.07319,-0.0451318
1.13954,-0.149714
1.10303,-0.0307633
1.06657,0.0968861
1.16763,-0.472514
1.08594,0.0597478
1.04612,0.251762
1.1516,-0.336198
1.07546,0.209651
1.03943,0.232587
1.15406,-0.218219
1.04431,0.371551
1.05347,0.0597564
1.15442,-0.308792
1.09957,-0.0440766
1.08783,0.0927552
1.05822,0.118026
1.10724,-0.0667859
1.04069,0.249825
1.11743,-0.257908
1.13827,-0.293308
1.1143,-0.132652
1.11892,-0.0772053
1.10289,0.000562969
1.14764,-0.204288
1.13498,-0.306014
1.11953,-0.086119
1.06185,0.24135
1.12034,-0.128852
1.16306,-0.375174
1.08876,0.0249416
1.1315,-0.188746
1.1029,0.0919231
1.02285,0.560879
1.15608,-0.374178
1.04095,0.141955
1.06704,0.342026
1.14044,-0.20506
1.06357,0.181159
1.11338,-0.247053
1.10103,-0.0523006
1.09948,-0.0190634
1.11001,-0.0935671
1.05824,0.193502
1.04014,0.260986
1.02787,0.353603
1.1,-0.0292009
1.06602,0.135471
1.15132,-0.212113
1.103,0.0111069
1.12623,-0.11359
1.11244,0.01421
1.08555,0.168929
1.13109,-0.0970214
1.12079,-0.245504
1.16074,-0.391995
1.03821,0.368225
1.13645,-0.118408
1.13749,-0.243392
1.0921,0.000472501
1.1206,-0.31133
1.13238,-0.136317
1.12403,-0.210125
1.10672,-0.0921843
1.10825,-0.021474
1.11772,-0.0845152
1.17962,-0.314887
1.08499,0.0646275
1.09856,0.124298
1.11293,-0.17128
1.13505,-0.14611
1.12882,-0.202591
1.04069,0.227779
1.14171,-0.337532
1.07478,0.118852
1.12958,-0.271604
1.07327,0.140489
1.11209,-0.0820774
1.11262,-0.0627299
1.10198,-0.0456274
1.11335,-0.136114
1.12601,-0.156013
1.0903,0.0315544
1.12315,-0.213238
1.03069,0.339563
1.14315,-0.255366
1.07431,0.090157
1.16512,-0.392322
1.11321,-0.0438339
0.997633,0.536024
1.14963,-0.350932
1.09688,0.0409043
1.04504,0.27262
1.13819,-0.361507
1.11761,-0.228078
1.07716,-0.0579945
1.06915,0.275669
1.09723,0.154309
1.11658,-0.1641
1.09033,0.0761457
1.04926,0.125286
1.08494,0.0195992
1.11546,-0.0386558
1.09192,0.0167377
1.12608,-0.283883
1.04866,0.223602
1.07458,0.0828473
1.12953,-0.138978
1.06832,0.100655
1.11763,-0.145415
1.08828,0.0819788
1.21102,-0.782516
1.07497,0.0024729
1.14652,-0.202414
1.05721,0.23041
1.06063,0.0635873
1.06536,0.101827
1.1503,-0.292704
1.11196,-0.137392
1.10406,0.0911748
1.05919,0.189739
1.09632,-0.0210574
1.14737,-0.204997
1.1564,-0.32065
1.11866,-0.308166
1.0971,0.0186497
1.14507,-0.222729
1.04693,0.223612
1.05902,0.288882
1.11484,-0.0681922
1.1003,-0.0888598
1.05551,0.28286
1.07023,0.096914
1.09473,0.034778
1.18352,-0.395333
1.09469,0.118782
1.12727,-0.193659
1.06495,0.0956284
1.04427,0.342667
1.09185,-0.00821989
1.09562,0.0137275
1.11338,-0.091438
1.10633,-0.18089
1.11564,-0.167554
1.16561,-0.28437
1.1049,-0.0556591
1.04501,0.281075
1.09106,0.0238348
1.06507,0.100937
1.20123,-0.606229
1.08186,0.137868
1.15995,-0.170864
1.09472,-0.11097
1.0387,0.393305
1.06264,0.0762957
1.16182,-0.301443
1.08237,-0.0460068
1.08713,0.0977117
1.14454,-0.342193
1.0541,0.185592
1.0671,0.101527
1.08537,-0.06135
1.04881,0.277779
1.05144,0.279725
1.11597,-0.106718
1.16062,-0.392649
1.1438,-0.346965
1.13905,-0.301718
1.06509,0.230894
1.08416,-0.054217
1.09207,-0.075849
1.09401,0.005663
1.11371,-0.186268
1.11883,-0.183193
1.15698,-0.253265
1.0177,0.292267
1.07393,0.0315356
1.06551,0.168116
1.0932,-0.0249977
1.09637,-0.107654
1.10713,-0.031488
1.06646,0.224246
1.163,-0.285602
1.13674,-0.16955
1.1023,-0.00770675
1.06974,0.0898944
1.09313,-0.0735461
1.08155,0.0326152
1.07834,0.163496
1.09178,-0.077344
1.12867,-0.267398
1.08234,-0.0451695
1.07888,0.0402906
1.01095,0.442082
1.12867,-0.0581516
1.12649,-0.184733
1.09672,0.0178391
1.08135,0.025577
1.09795,0.0910959
1.05967,0.313693
1.09659,-0.0166458
1.11686,0.035928
1.10321,-0.10215
1.13376,-0.271731
1.13577,-0.125586
1.15698,-0.338509
1.16206,-0.378637
1.1476,-0.358274
1.05927,0.271738
1.07528,0.060916
1.1202,-0.213956
1.05736,0.158453
1.07297,0.19428
1.0665,0.22886
1.10756,-0.157358
1.16494,-0.438266
1.09389,0.34236
1.10399,-0.138333
1.08343,0.158118
1.12562,-0.151546
1.04947,0.305198
1.17799,-0.33815
1.06216,0.228177
1.04482,0.24791
1.09143,-0.0252771
1.13672,-0.166934
1.10528,-0.0237459
1.10042,0.0925582
1.09448,-0.0630117
1.11819,-0.227853
1.10725,-0.140458
1.18546,-0.588733
1.14597,-0.385256
1.07891,0.28081
1.09979,-0.180046
1.06987,0.186951
1.14442,-0.293095
1.09566,0.0750654
1.05597,0.273602
1.02458,0.329211
1.18171,-0.562868
1.15663,-0.420305
1.0539,0.172926
1.14953,-0.339604
1.03426,0.292572
1.11234,-0.112451
1.07754,0.130549
1.02708,0.262556
1.03368,0.307177
1.08018,0.187374
1.07526,-0.117518
1.075,0.0863186
1.16711,-0.306705
1.09819,-0.0236676
1.11175,-0.176692
1.03688,0.225458
1.10439,-0.0901262
1.01739,0.310109
1.08687,0.144862
1.1382,-0.212749
1.07423,-0.0688978
1.16143,-0.443292
1.17338,-0.446612
1.10997,-0.234157
1.09113,0.0898651
1.04565,0.28522
1.07924,0.0818275
1.10369,-0.119984
1.16568,-0.443792
1.101,0.0369643
1.04954,0.213043
1.10406,-0.121857
1.032,0.299385
1.0767,0.139158
1.14147,-0.255257
1.12843,-0.138065
1.07692,0.190432
1.08792,0.0648956
1.03794,0.270023
1.05443,0.19229
1.06194,0.102942
1.09737,-0.196389
1.14773,-0.225706
1.0928,-0.0798478
1.10816,-0.104207
1.15031,-0.290425
1.12902,-0.159141
1.10185,-0.0234663
1.0857,0.191065
1.1082,0.0464502
1.13778,-0.201664
1.127,-0.235975
1.14361,-0.362895
1.1429,-0.199798
1.1044,-0.120697
1.13306,-0.0537541
1.07495,0.161951
1.12894,-0.102609
1.09038,0.159808
1.14475,-0.282702
1.17659,-0.351073
1.10059,-0.170859
1.10584,-0.0582692
1.06688,0.035389
1.09233,0.0930056
1.08719,0.0735869
1.10595,-0.198245
1.05147,0.326218
1.10992,-0.0314882
1.06241,0.184927
1.11647,-0.110832
1.08668,0.0185759
1.10494,0.0636321
1.09783,-0.0435932
1.1452,-0.321043
1.08234,0.0760823
1.02645,0.389793
1.13324,-0.0726579
1.10061,-0.11498
1.10834,-0.197469
1.06361,0.119919
1.08009,0.0663148
1.07638,0.216163
1.13133,-0.133126
1.05578,0.265114
1.05143,0.127085
1.11967,-0.0892893
1.11493,-0.201333
1.09562,0.166179
1.09866,-0.0295787
1.13667,-0.171751
1.09789,-0.0645562
1.12528,-0.196986
1.12435,-0.207058
1.07205,-0.0290019
1.02602,0.316738
1.10578,-0.12122
1.0702,0.0976623
1.03601,0.294233
1.0669,0.261906
1.07554,0.111314
1.07511,0.152235
1.13543,-0.308273
1.10886,-0.09772
1.10149,-0.0850787
1.05144,0.15098
1.08114,0.0460975
1.07689,-0.00299803
1.13596,-0.131585
1.14499,-0.290808
1.07239,0.0304575
1.16491,-0.316484
1.13962,-0.23695
1.07979,0.0139321
1.08581,0.0374638
1.0468,0.125901
1.10904,0.0412706
1.09414,-0.00608443
1.12097,-0.100042
1.13388,-0.280879
1.05932,0.127046
1.08276,0.0694594
1.1141,-0.073674
1.19229,-0.660565
1.08043,0.181636
1.10586,0.034695
1.04763,0.246989
1.15091,-0.186992
1.10416,-0.116836
1.08573,-0.104453
1.0734,0.0835129
1.08931,0.0460544
1.05118,0.1278
1.1032,-0.0485871
1.12582,-0.139861
1.13864,-0.216165
1.15983,-0.330306
1.10163,-0.123355
1.11753,-0.109055
1.06983,0.200228
1.09127,0.141798
1.08962,0.104136
1.09147,0.108379
1.14076,-0.305375
1.04772,0.152324
1.10069,-0.0566956
1.07558,0.105927
1.14259,-0.215827
1.13292,-0.284768
1.10024,-0.0549713
1.03986,0.436488
1.1463,-0.258384
1.10619,0.113633
1.06534,0.183253
1.11832,-0.143668
1.07034,0.263313
1.08171,0.0787131
1.08147,0.132564
1.1407,-0.39168
1.10744,-0.165928
1.06919,0.127656
1.09962,0.0723075
1.05633,0.267803
1.14424,-0.346007
1.09073,-0.0902892
1.07452,0.0584333
1.13175,-0.255036
1.09651,0.0421346
1.09691,-0.0512074
1.07481,0.162355
1.06921,0.149436
1.08266,0.0473728
1.11707,-0.117801
1.07719,0.222364
1.05755,0.097782
1.10905,-0.00515561
1.07592,0.0432025
1.12165,-0.253378
1.07947,0.135994
1.05857,0.293036
1.12834,-0.0559533
1.12071,-0.120402
1.07114,0.218292
1.15402,-0.286897
1.08829,-0.0101098
1.09494,-0.0867724
1.10948,-0.101951
1.09844,-0.0191445
1.05103,0.145379
1.08689,0.0674271
1.03694,0.327974
1.12595,-0.0791888
1.11124,-0.147045
1.16254,-0.350346
1.12447,-0.263262
1.03098,0.463069
1.06678,0.18775
1.12278,0.0433503
1.11625,-0.0939239
1.13967,-0.218545
1.08688,0.0108913
1.14003,-0.19107
1.11615,-0.17642
1.05532,0.292641
1.10602,-0.187671
1.09221,-0.15883
1.04209,0.246046
1.05048,0.225356
1.07457,0.253094
1.07887,0.0330634
1.11572,-0.110285
1.09101,-0.151423
1.1325,-0.156307
1.13612,-0.128939
1.05589,0.175784
1.08203,0.140248
1.12991,-0.0775247
1.06328,0.162926
1.06798,0.197381
1.14327,-0.230352
1.11439,-0.157162
1.02308,0.379443
1.11176,-0.0964382
1.08557,0.0425172
1.13472,-0.243837
1.11585,-0.0477332
1.05199,0.20703
1.08275,0.122522
1.13245,-0.0970572
1.08115,0.0986741
1.08222,-0.0157138
1.13254,-0.284347
1.07896,0.0997654
1.04014,0.27056
1.0803,0.121067
1.09616,-0.0938924
1.13347,-0.220374
1.09585,-0.0816679
1.14008,-0.165405
1.06733,0.257656
1.13301,-0.229615
1.0696,0.227513
1.09528,-0.151581
1.174,-0.401609
1.11263,-0.227119
1.08428,0.03135
1.09771,-0.0127412
1.06701,0.138511
1.08646,-0.035014
1.09505,0.0203594
1.07284,0.0153019
1.09101,0.0532095
1.10105,-0.141024
1.11583,-0.28431
1.06609,0.177142
1.12329,-0.199999
1.06322,0.0435794
1.06091,0.210176
1.07348,0.238639
1.07988,0.0299009
1.03615,0.194611
1.15224,-0.349232
1.09831,-0.164114
1.0456,0.293181
1.17102,-0.424699
1.12867,-0.145839
1.08673,0.011373
1.19029,-0.540693
1.10876,-0.0215137
1.06709,0.216415
1.0913,-0.00669389
1.1618,-0.43263
1.05258,0.197192
1.0672,0.121894
1.01944,0.391911
1.04717,0.327832
1.06665,0.241811
1.08507,-0.0132535
1.0158,0.278296
1.04337,0.161363
1.07544,0.148303
1.06445,0.186525
1.12456,-0.194055
1.09572,-0.0573046
1.11075,0.011588
1.09491,0.1389
1.08059,0.109652
1.07572,0.185978
0.992135,0.498226
1.10763,-0.115072
1.14517,-0.185508
1.15682,-0.469922
1.08634,0.0395066
1.15865,-0.353093
0.968255,0.637886
1.07554,0.280385
1.15537,-0.3205
1.12094,-0.197544
1.1408,-0.246123
1.10734,-0.112699
1.03779,0.276396
1.1267,-0.211014
1.06191,0.10519
1.13466,-0.23795
1.08507,-0.0267418
1.0205,0.508378
1.07229,0.150896
1.10003,-0.0765452
1.04599,0.280906
1.08398,0.140605
1.07653,0.130652
1.03679,0.40968
1.1402,-0.22521
1.0357,0.208402
1.08059,0.015325
1.07014,0.108143
1.16438,-0.29064
1.10402,-0.0139295
1.04896,0.140993
1.06029,0.227658
1.09527,-0.105819
1.11034,-0.0568301
1.09354,-0.0762933
1.11778,-0.267525
1.08034,-0.0113118
1.10462,-0.0658474
1.10621,-0.0357506
1.14457,-0.271926
1.06615,0.148549
1.17887,-0.517172
1.10302,0.0948305
1.15372,-0.311015
1.16667,-0.416151
1.11506,-0.154
1.07223,0.0810429
1.11009,-0.190302
1.13139,-0.301429
1.07055,0.144503
1.06109,0.117794
1.14793,-0.291523
1.11822,-0.100319
1.13811,-0.144566
1.0764,0.0247868
1.05941,0.11015
1.09229,0.0147318
1.06084,0.231146
1.06503,0.137291
1.08282,0.0293884
1.0949,0.134553
1.13608,-0.219995
1.08712,0.0342461
1.11534,-0.18046
1.05936,0.116837
1.13637,-0.170431
1.10467,-0.0355887
1.09575,0.00441171
1.10941,-0.0954917
1.09141,0.0227589
1.04252,0.261738
1.1318,-0.0953831
1.15455,-0.231203
1.1196,-0.127352
1.08246,0.0604273
1.1291,-0.203231
1.10578,-0.132618
1.13035,-0.0831294
1.08188,-0.0301254
1.09915,-0.0178852
1.05617,0.200692
1.1192,-0.0571963
1.14139,-0.180962
1.12809,-0.136845
1.0933,0.0872927
1.12245,-0.221996
1.1536,-0.321749
1.05433,0.0841526
1.09682,0.0261288
1.08826,0.102982
1.15216,-0.349028
1.12757,-0.177797
1.09647,-0.100191
1.14669,-0.117766
1.07436,0.254146
1.13451,-0.206256
1.07779,0.00688015
1.15406,-0.381507
1.06525,0.196853
1.08677,0.201109
1.0823,0.228604
1.1081,0.0460788
1.10923,0.0671089
1.05175,0.273029
1.06611,0.125448
1.13161,-0.249716
1.13165,-0.0917316
1.08744,0.101574
1.1032,-0.0869003
1.0575,0.112732
1.12312,-0.106104
1.13565,-0.414095
1.12927,-0.0957745
1.10636,-0.0733685
1.17273,-0.564359
1.1664,-0.381259
1.08701,0.231471
1.06633,0.267574
1.1281,-0.172295
1.02297,0.400599
1.10259,0.0336939
1.13172,-0.271808
1.15005,-0.187051
1.12498,-0.210806
1.09256,0.113082
1.21162,-0.570829
1.07938,-0.021645
1.09325,0.0502704
1.1628,-0.161616
1.06712,0.113712
1.0741,0.127506
1.14901,-0.377246
1.05038,0.325536
1.09406,0.0124342
1.06891,-0.0285966
1.08491,-0.150947
1.10612,-0.105764
1.11268,-0.182063
1.10514,0.0964072
1.09985,-0.0748585
1.04917,0.280285
1.18201,-0.541438
1.09905,-0.143983
1.06375,0.199106
1.0921,-0.0656223
1.08897,-0.0663201
1.10284,-0.0164364
1.09087,-0.06844
1.05429,0.321278
1.0658,0.0811764
1.06121,0.147959
1.10943,-0.0467512
1.11951,-0.109519
1.13661,-0.248755
1.08806,-0.0056195
1.07997,0.0284565
1.04662,0.207876
1.06413,0.0445744
1.10192,-0.0200181
1.07723,-0.0596019
1.02609,0.372688
1.12049,-0.0471391
1.05636,0.246157
1.01821,0.377349
1.10886,-0.124226
1.09098,0.0443101
1.06689,0.2184
1.11796,-0.204845
1.06339,0.287808
1.09067,-0.0469747
1.11924,-0.199876
1.13936,-0.305826
1.10263,0.0313883
1.18494,-0.515899
1.08712,-0.00785884
1.10746,-0.13025
1.13936,-0.366576
1.12317,-0.119745
1.06673,0.10013
1.10372,0.0501579
1.09432,-0.0722949
1.08772,-0.0418382
1.0388,0.259702
1.09162,-0.0318224
1.06275,0.152283
1.18818,-0.646123
1.11825,-0.12759
1.19966,-0.476897
1.16647,-0.327684
1.09731,-0.168782
1.09526,-0.0135015
1.14873,-0.387278
1.09596,-0.0287523
1.04699,0.203011
1.09149,0.12422
1.0809,-0.0133265
1.11839,-0.189902
1.08457,0.091316
1.1501,-0.349741
1.01948,0.372388
1.05687,0.140014
1.16947,-0.406594
1.14308,-0.240367
1.08575,-0.00512552
1.04261,0.340773
1.10739,-0.00270299
1.14251,-0.374209
1.06461,0.178622
1.1106,-0.07643
1.06721,0.12745
1.1055,0.00917178
1.15796,-0.352166
1.09797,-0.0291125
1.05988,0.198446
1.06776,0.0121465
1.09209,-0.0206919
1.12624,-0.25123
1.15787,-0.330957
1.07444,0.0746165
1.06466,0.20391
1.08393,0.141005
1.09858,-0.0870811
1.04817,0.308321
1.11194,-0.0880548
1.11356,-0.0319893
1.0476,0.231069
1.10792,-0.126552
1.04932,0.165075
1.1511,-0.375595
1.0405,0.296102
1.05719,0.217908
1.08928,-0.0629524
1.11365,-0.0570113
1.16398,-0.412521
1.11888,-0.0543139
1.07915,0.0801244
1.13732,-0.157541
1.1202,-0.232924
1.14091,-0.375101
1.10352,-0.126673
1.08812,0.0657121
1.1201,-0.12721
1.03076,0.41129
1.06212,0.273494
1.07621,0.0365379
1.10735,-0.192965
1.09646,-0.179865
1.06121,0.0843279
1.07726,0.0661003
1.06588,0.279393
1.1127,-0.239267
1.14979,-0.174919
1.09876,-0.0446095
1.05553,0.289192
1.15685,-0.361536
1.08309,0.0927798
1.07156,0.176086
1.08254,0.0150822
1.09709,-0.107223
1.04801,0.240424
1.09148,0.0951923
1.08999,0.0337486
1.14342,-0.287782
1.15226,-0.394086
1.15879,-0.352361
1.07496,0.0592226
1.04687,0.268899
1.11141,-0.133464
1.08338,0.125116
1.12484,-0.240026
1.08233,0.135625
1.06687,0.271436
1.15633,-0.176809
1.12547,-0.143479
1.02796,0.339395
1.10861,-0.146222
1.07949,0.0784402
1.10052,-0.042863
1.1273,-0.122966
1.12149,-0.212054
1.12893,-0.169132
1.1278,-0.104514
1.05941,0.191283
1.07361,0.174605
1.11884,-0.302894
1.14896,-0.271691
1.13185,-0.188942
1.07112,0.0555721
1.17823,-0.431881
1.09826,0.0631573
1.07056,0.0857777
1.10789,-0.0661238
1.0509,0.166645
1.06995,0.161906
1.09925,-0.0289335
1.11128,-0.218855
1.09392,0.028029
1.1373,-0.166389
1.17487,-0.426947
1.06986,0.0666821
1.11145,-0.0357832
1.0868,0.0372165
1.15878,-0.442363
1.08282,0.0868829
1.11178,-0.0172044
1.11855,-0.136758
1.06683,0.309674
1.11294,-0.217208
1.04689,0.22493
1.07493,0.117866
1.16586,-0.357167
1.03791,0.296926
1.09082,0.121345
1.09838,-0.131253
1.10998,0.0198975
1.08979,-0.0791056
1.10968,0.0139719
1.10224,-0.012658
1.06667,0.0905704
1.08417,0.0753096
1.07179,0.175002
1.09688,-0.223407
1.04977,0.300782
1.14337,-0.389477
1.07648,0.00907226
1.11559,-0.0417353
1.09073,-0.0847782
1.13253,-0.212373
1.11377,-0.0820627
1.10775,-0.00977489
1.05337,0.341415
1.07255,0.151535
1.04368,0.261966
1.10378,-0.136518
1.10272,-0.134484
1.07853,-0.0632222
1.04286,0.308605
1.04478,0.231332
1.10099,-0.0385805
1.07273,0.119993
1.02825,0.35302
1.09767,0.0469151
1.15297,-0.433742
1.139,-0.131123
1.11252,0.00698447
1.10644,0.0105777
1.10695,0.0263128
1.10462,-0.00322141
1.0839,0.0297651
1.11601,-0.012174
1.1116,-0.0352644
1.1289,-0.182306
1.10788,0.00961517
1.1237,-0.0550248
1.08684,0.0203766
1.07358,0.0573978
1.09723,-0.0110006
1.09593,-0.0981146
1.07672,0.0301102
1.08282,0.0617983
1.07515,0.00233073
1.13195,-0.202235
1.13482,-0.103818
1.13203,-0.227055
1.06262,0.0544344
1.18736,-0.506677
1.02532,0.49807
1.03614,0.420769
1.06902,0.263648
1.01451,0.43781
1.14136,-0.280319
1.10908,-0.0814685
1.08645,0.0508733
1.04902,0.283875
1.07065,0.163808
1.0659,0.0545166
1.17305,-0.379325
1.07185,0.229077
1.07887,0.11642
1.13361,-0.231487
1.14748,-0.275085
1.06605,0.13803
1.10635,-0.163825
1.12538,-0.172387
1.14362,-0.223272
1.1093,-0.0401371
1.11627,-0.125789
1.05076,0.201194
1.08234,0.102238
1.14413,-0.294572
0.998776,0.424406
1.10923,-0.15561
1.03127,0.240236
1.03205,0.341154
1.09945,0.0858621
1.12103,-0.140464
1.05348,0.194908
1.05931,0.184538
1.10224,-0.110142
1.14729,-0.307289
1.08982,-0.0147277
1.06052,0.201975
1.11732,-0.213334
1.09605,-0.144288
1.11566,-0.032755
1.06335,0.101511
1.0616,0.0152494
1.09953,0.0101944
1.10135,-0.205161
1.10766,-0.156054
1.13509,-0.29479
1.18816,-0.366645
1.08906,0.0350364
1.11271,-0.0671771
1.09848,-0.0386384
1.12228,-0.143331
1.13664,-0.164691
1.07759,0.232229
1.05415,0.238581
1.07586,0.139751
1.09973,-0.0155606
1.10689,0.0359433
1.12487,-0.209698
1.09187,-0.0124147
1.07704,0.137104
1.07572,0.0517204
1.08,0.120154
1.09719,-0.0545697
1.12275,-0.0211018
1.10792,-0.10372
1.03968,0.321132
1.04898,0.38294
1.05188,0.263755
1.11787,-0.27464
1.06199,0.121415
1.07913,-0.0203585
1.11722,-0.215492
1.11388,-0.0747577
1.03428,0.296946
1.11492,-0.0640367
1.05312,0.161339
1.07792,0.0303395
1.12156,-0.121587
1.1364,-0.303789
1.12063,-0.167131
1.11303,-0.1481
1.04266,0.198904
1.07239,0.139986
1.10711,-0.0712269
1.06149,0.237394
1.0743,0.106738
1.11144,-0.149543
1.06434,0.133474
1.06703,0.212157
1.07871,0.0503971
1.08614,-0.00928766
1.08329,0.0193824
1.07874,0.0409448
1.11279,-0.0663833
1.08896,-0.0597871
1.13777,-0.163756
1.08991,-0.0871737
1.13723,-0.248487
1.08201,0.217876
1.15498,-0.288304
1.16815,-0.287208
1.1608,-0.24258
1.23268,-0.696777
1.08922,0.0727054
1.06563,0.222024
1.11284,-0.284568
1.11486,-0.159817
1.12748,-0.125115
1.07471,0.0704426
1.07861,0.093065
1.13719,-0.2771
1.06202,0.0291154
1.12669,-0.155655
1.14783,-0.261764
1.05634,0.17072
1.07984,0.271066
1.1111,-0.138459
1.08614,0.059594
1.10098,-0.0372292
1.13444,-0.272487
1.12133,-0.03382
1.08263,0.143319
1.08884,0.00416196
1.083,0.0303395
1.11929,-0.236535
1.05213,0.349477
1.08102,-0.00438115
1.11874,-0.059777
1.1156,-0.182219
1.05468,0.263747
1.07804,-0.0854508
1.14163,-0.211098
1.05705,0.242168
1.13294,-0.158183
1.18397,-0.434712
1.16023,-0.359287
1.07917,0.137616
1.1201,-0.129545
1.14888,-0.247653
1.06321,0.207408
1.11172,0.00921163
1.05553,0.316653
1.05545,0.422765
1.09059,-0.0549763
1.06801,0.0913779
1.14072,-0.29424
1.13479,-0.118109
1.06113,0.0953129
1.09555,-0.102628
1.06574,0.133954
1.08333,-0.0945413
1.13205,-0.18314
1.03816,0.307923
1.07088,0.130792
1.0794,0.0250156
1.09531,-0.0506735
1.10687,0.0639512
1.07991,0.121697
1.09012,0.0527429
1.08317,0.100695
1.12382,-0.181671
1.07136,0.070767
1.02088,0.323034
1.06763,0.0900851
1.09302,0.0640389
1.08856,0.00382545
1.19533,-0.571066
1.13113,-0.171742
1.07105,0.0525023
1.14389,-0.359005
1.08974,-0.0567634
1.10385,-0.0797334
1.08921,0.16205
1.04584,0.152833
1.078,0.18212
1.0653,0.262984
1.14805,-0.375455
1.0512,0.20448
1.01877,0.40465
1.06943,0.00874478
1.06321,0.115616
1.06652,0.114502
1.06344,0.128112
1.14402,-0.398588
1.09745,0.100507
1.13437,-0.293015
1.03338,0.313049
1.13134,-0.317534
1.08123,0.180812
1.03943,0.189153
1.10384,-0.10485
1.1336,-0.141782
1.10597,0.125256
1.1426,-0.321161
1.13501,-0.168906
1.05261,0.2119
1.10469,-0.0341286
1.08049,0.177559
1.1479,-0.310648
1.08243,0.181535
1.11181,-0.0744776
1.07047,0.182506
1.13223,-0.289059
1.16512,-0.276966
1.15175,-0.317191
1.05279,0.283483
1.08681,-0.0271398
1.09869,-0.0226045
1.07965,-0.0280996
1.0851,0.169106
1.12289,-0.173427
1.07742,0.114547
1.11603,-0.0972887
1.13457,-0.19105
1.05849,0.183893
1.12551,-0.156663
1.0658,0.157386
1.12026,-0.0581614
1.11966,-0.166578
1.075,0.110305
1.10884,-0.102468
1.08682,-0.0161858
1.0931,-0.0538262
1.10604,0.0847052
1.10159,0.0766817
1.08389,-0.0501312
1.10881,-0.0375065
1.07113,-0.035915
1.10579,-0.100855
1.06592,0.122555
1.09771,0.00678727
1.09788,-0.188781
1.14142,-0.326213
1.07472,0.0212003
1.12454,-0.198603
1.08317,0.210294
1.08101,0.0411217
1.10363,0.0461813
1.11601,-0.0634931
1.08521,0.17657
1.07365,0.11759
1.10939,-0.160782
1.0492,0.194855
1.15951,-0.365553
1.1119,-0.146318
1.08325,0.0814557
1.11179,-0.0443379
1.08176,0.0211325
1.06846,0.0571278
1.07632,0.104342
1.13744,-0.208252
1.08225,0.106455
1.09975,-0.102715
1.08914,0.0801593
1.06936,0.194739
1.14132,-0.23691
1.12553,-0.224506
1.03754,0.193173
1.1255,-0.169963
1.08951,0.150011
1.03707,0.250337
1.01689,0.393176
1.09011,0.0289951
1.08505,-0.0262916
1.12064,-0.298172
1.08741,0.161424
1.02443,0.340423
1.11676,0.0252204
1.05796,0.20919
1.12132,-0.166052
1.02005,0.491311
1.13266,-0.340884
1.07058,0.116098
1.12221,-0.123004
1.13627,-0.181656
1.12775,-0.248897
1.0933,-0.142104
1.15996,-0.309902
1.14701,-0.421503
1.08848,0.0256241
1.07822,0.253414
1.12708,-0.158305
1.11792,-0.121723
1.10602,-0.111928
1.08341,-0.0141307
1.06424,0.0777238
1.06449,0.167945
1.08498,0.00853644
1.11685,-0.0660294
1.15008,-0.436219
1.16322,-0.411732
1.15556,-0.398052
1.09062,-0.04709
1.09763,0.0731799
1.06598,0.0149919
1.12242,-0.1292
1.08876,0.156715
1.11449,-0.0971746
1.07344,0.24019
1.11424,-0.185505
1.11797,-0.224163
1.12753,-0.225774
1.07565,0.305837
1.16819,-0.31283
1.16522,-0.459802
1.08357,0.0395065
1.02907,0.267829
1.13965,-0.257814
1.08933,-0.00264803
1.11878,-0.169598
1.10726,0.0765823
1.15395,-0.234175
1.09692,-0.14177
1.0996,-0.0961069
1.1399,-0.374181
1.13385,-0.0975675
1.11264,-0.152987
1.13311,-0.402772
1.09802,-0.0502592
1.09882,-0.104391
1.15572,-0.327957
1.10838,0.0372668
1.12751,-0.357777
1.10928,-0.0686954
1.0477,0.311988
1.11644,-0.186947
1.11876,-0.000961913
1.09411,-0.0843288
1.10842,-0.0632749
1.02869,0.322333
1.12478,-0.132143
1.16797,-0.538318
1.09211,0.0683013
1.1425,-0.216784
1.10564,-0.00213879
1.13133,-0.275596
1.10959,-0.187193
1.11536,-0.0871493
1.09773,-0.0805766
1.08988,0.024736
1.11206,-0.203846
1.08386,0.0596683
1.18083,-0.44129
1.12853,-0.25156
1.12578,-0.110102
1.12171,-0.0190197
1.1501,-0.283839
1.06308,0.206197
1.13712,-0.219014
1.09349,0.0155779
1.13562,-0.251046
1.08399,0.00510406
1.13247,-0.0269827
1.16524,-0.408482
1.08637,0.0174827
1.16529,-0.561807
1.09877,0.0546379
1.08871,0.153737
1.12621,-0.182895
1.09548,0.0488258
1.1303,-0.158646
1.04188,0.334216
1.10667,-0.197619
1.13818,-0.34068
1.10268,-0.10313
1.09106,0.0327789
1.1212,-0.307645
1.06434,0.180104
1.15067,-0.370433
1.03774,0.35142
1.10618,0.00943321
1.14564,-0.38962
1.13619,-0.14278
1.08171,0.119619
1.05815,0.267828
1.08671,0.0868231
1.04917,0.152929
1.05926,0.21353
1.06556,0.258628
1.06631,0.104345
1.06101,0.20375
1.04603,0.349164
1.14688,-0.282245
1.00975,0.428794
1.10047,0.0425591
1.09808,-0.0263951
1.11754,-0.0995933
1.04761,0.332846
1.14693,-0.444625
1.10382,-0.167731
1.10954,-0.0293052
1.00473,0.612957
1.06301,0.0718611
1.13331,-0.219684
1.11042,-0.109275
1.16307,-0.417834
1.03604,0.351752
1.07447,0.106202
1.07828,0.0698403
1.05148,0.143669
1.10824,-0.0601707
1.06748,0.221036
1.15291,-0.2562
1.05345,0.237046
1.09437,-0.069532
1.12861,-0.340625
1.10032,0.00681863
1.12395,-0.244931
1.10453,0.00885088
1.13715,-0.326379
1.12479,-0.0398693
1.10584,-0.083497
1.1359,-0.104623
1.09184,0.0450877
1.09241,-0.0214509
1.00787,0.515627
1.10534,-0.0608638
1.07691,0.11177
1.09372,0.0218808
1.07656,0.0984169
1.06479,0.322619
1.14764,-0.329634
1.06344,0.200825
1.12357,-0.0886629
1.05385,0.180829
1.06174,0.17298
1.11176,-0.0545933
1.15653,-0.324644
1.11979,-0.26302
1.05954,0.277342
1.08442,0.0576839
1.07342,-0.0763328
1.09678,0.0419457
1.16965,-0.389467
1.12277,-0.178027
1.07419,0.108398
1.15301,-0.264601
1.09555,0.0625153
1.1061,-0.145457
1.04537,0.277066
1.10675,-0.104642
1.15494,-0.233731
1.07167,0.0640301
1.12037,-0.102243
1.04777,0.24407
1.10891,0.039284
1.10091,0.0164082
1.11937,-0.13564
1.06069,0.151121
1.09438,0.0463282
1.16221,-0.408092
1.0911,0.0353977
1.12809,-0.290203
1.16277,-0.475794
1.15591,-0.258465
1.09328,0.0304048
1.11377,-0.0676583
1.08452,-0.0021155
1.0325,0.293192
1.09166,0.0788101
1.06732,0.0880045
1.02165,0.337983
1.08142,0.00229689
1.11438,-0.162466
1.09931,-0.0861444
1.07968,-0.0344376
1.09333,-0.0358548
1.13345,-0.193993
1.08431,0.113764
1.08529,0.14275
1.05209,0.169034
1.08467,0.100964
1.07122,0.139899
1.11529,-0.12018
1.0847,-0.0267869
1.1625,-0.370269
1.14071,-0.339386
1.05075,0.241656
1.0716,0.115478
1.06202,0.165482
1.06126,0.324496
1.1192,-0.31987
1.04752,0.254577
1.11301,-0.111576
1.11676,-0.0626252
1.09764,-0.00527352
1.1291,-0.105985
1.14278,-0.418194
1.12753,-0.118955
1.12499,-0.262461
1.08674,-0.00842353
1.01652,0.401826
1.15977,-0.418997
1.02643,0.328561
1.09425,0.102119
1.0504,0.247971
1.17258,-0.433098
1.02891,0.35274
1.07335,0.139404
1.03777,0.324922
1.07902,0.0123135
1.01691,0.416301
1.09267,-0.0605937
1.10157,-0.127079
1.07566,0.100541
1.03246,0.186229
1.07986,0.128339
1.09752,0.0266168
1.05908,0.110574
1.10414,0.130479
1.06728,0.104811
1.08091,0.0457449
1.09098,0.0251759
1.13439,-0.209772
1.07577,0.218727
1.06772,0.0165626
1.11091,-0.118717
1.12365,-0.245276
1.02669,0.244234
1.05427,0.215336
1.13238,-0.210271
1.08917,-0.114423
1.11441,-0.0714822
1.13064,-0.157127
1.14726,-0.15601
1.08303,0.0232015
1.13439,-0.224756
1.06511,0.0930825
1.07468,0.20718
1.1244,-0.112761
1.14402,-0.397296
1.08727,0.137982
1.15287,-0.214426
1.10684,-0.124998
1.09754,0.0669656
1.106,-0.0457174
1.10795,-0.0255627
1.06335,0.211782
1.08829,0.0147451
1.18685,-0.49288
1.12361,-0.193665
1.15238,-0.327084
1.11314,-0.0388201
1.09933,-0.0496014
1.06358,0.118997
1.08979,0.080389
1.07284,0.142275
1.21572,-0.682511
1.04642,0.261532
1.09108,-0.029057
1.13531,-0.220327
1.07672,0.00596541
1.10903,-0.107005
1.09839,-0.0334464
1.09826,0.00412056
1.12878,-0.103167
1.09545,-0.0741735
1.08852,0.206346
1.17868,-0.621721
1.13249,-0.219139
1.18121,-0.466163
1.05784,0.153691
1.0927,0.0286455
1.11026,-0.048632
1.17521,-0.401962
1.07285,0.0159042
1.0816,0.0224916
1.10953,-0.00359354
1.0386,0.195934
1.13422,-0.148405
1.0584,0.188829
1.14077,-0.269575
1.12324,-0.0469942
1.09977,-0.0124483
1.05815,0.222083
1.07931,0.113521
1.13161,-0.143122
1.04841,0.170843
1.10812,-0.00661649
1.09627,0.0249539
1.07498,0.0636199
1.17818,-0.679493
1.13919,-0.148547
1.07943,0.143918
1.07759,-0.152988
1.06595,0.201002
1.12864,-0.221298
1.08576,0.00369529
1.10202,-0.111632
1.14928,-0.325567
1.07706,0.122761
1.03253,0.461026
1.05848,0.281793
1.12426,-0.18598
1.1021,-0.0753849
1.05672,0.17892
1.03025,0.263487
1.14661,-0.32135
1.08606,0.00723928
1.11757,-0.0728452
1.12439,-0.192512
1.08649,-0.0369736
1.0534,0.23348
1.09258,-0.0407114
1.02098,0.362
1.14798,-0.138182
1.0714,0.196281
1.04294,0.211098
1.02968,0.423306
1.02681,0.39471
1.13139,-0.177967
1.09011,0.0276259
1.06476,0.0452228
1.10485,-0.163631
1.06999,0.051285
1.12906,-0.324141
1.10495,0.0208574
1.07041,-0.0196606
1.14638,-0.33997
1.11152,-0.255291
1.12696,-0.113083
1.0501,0.32065
1.05377,0.215347
1.0833,0.0257242
1.08981,-0.0338878
1.1145,-0.0564416
1.09813,-0.141227
1.05825,0.235985
1.10301,-0.140014
1.1446,-0.288842
1.07128,0.173663
1.07767,0.158279
1.07776,0.00761408
1.04855,0.217877
1.12977,-0.320725
1.09013,-0.0959273
1.11805,-0.141623
1.06326,0.112332
1.08453,0.0266027
1.15023,-0.305916
1.07261,0.191083
1.18227,-0.559576
1.08513,0.116326
1.14209,-0.26564
1.11006,-0.116072
1.08734,0.133257
1.09228,-0.0298638
1.07548,0.168582
1.06445,0.30474
1.12695,-0.21402
1.06083,0.245508
1.09093,-0.00844478
1.04982,0.239324
1.06662,0.217605
1.08233,0.170087
1.10501,-0.0800839
1.10765,-0.150084
1.12254,-0.0536707
1.08967,-0.0376719
1.10632,-0.151712
1.06764,0.293543
1.12946,-0.0735546
1.00028,0.498747
1.0702,0.0650788
1.14023,-0.137901
1.12733,-0.0303106
1.08393,-0.015319
1.10522,-0.0755526
1.17796,-0.448974
1.08208,0.147674
1.06999,0.249279
1.03427,0.36317
1.0766,0.0113613
1.12538,-0.107372
1.06634,0.313849
1.07697,0.0446407
1.09819,-0.0212964
1.13534,-0.0489887
1.05491,0.0383065
1.07391,0.144931
1.04325,0.179392
1.17611,-0.413403
1.07426,0.153309
1.0915,0.0636394
1.05664,0.314879
1.1545,-0.313386
1.142,-0.252589
1.10871,-0.105674
1.11679,-0.149175
1.12373,-0.145762
1.0789,0.115242
1.07797,-0.0112766
1.12106,-0.209904
1.06839,0.0796161
1.06275,0.286707
1.12458,-0.0704469
1.06948,0.0778418
1.09147,0.0204854
1.08556,0.0798913
1.11184,0.147582
1.10402,0.0386629
1.14606,-0.268931
1.06405,0.0475191
1.14494,-0.264706
1.11695,-0.144094
1.11107,-0.0645838
1.12031,-0.252084
1.10115,0.0804479
1.03559,0.235268
1.03682,0.312319
1.11965,-0.172715
1.10712,0.0824918
1.09841,0.0615176
1.12538,-0.174851
1.12477,-0.0998326
1.07179,0.0570149
1.08819,0.00880155
1.19134,-0.427183
1.03431,0.291164
1.11306,-0.113748
1.11593,-0.240663
1.18922,-0.465349
1.14191,-0.170765
1.08931,-0.089866
1.05203,0.335412
1.06229,0.168076
1.08901,-0.00506977
1.07106,0.106699
1.1243,-0.315146
1.12396,-0.161156
1.10591,-0.0637495
1.16536,-0.31084
1.0761,0.0831994
1.10743,-0.203292
1.08414,0.0921223
1.07863,-0.0808526
1.03202,0.363293
1.1509,-0.342872
1.10368,-0.0885585
1.00868,0.300682
1.08711,0.177539
1.14236,-0.357577
1.10603,-0.0805635
1.10566,-0.0173131
1.05139,0.179006
1.08589,0.00344004
1.12411,-0.0847939
1.21442,-0.734577
1.13552,-0.307616
1.16411,-0.483409
1.13054,-0.330346
1.06166,0.211344
1.13354,-0.362975
1.09604,-0.0652641
1.0853,0.0184617
1.10533,-0.0503912
1.09815,0.00725533
1.04833,0.169462
1.03711,0.348808
1.06213,0.26448
1.1068,-0.210041
1.04413,0.131425
1.06171,0.260748
1.05748,0.037243
1.04995,0.182426
1.10785,-0.271762
1.11054,-0.115158
1.1793,-0.561004
1.13592,-0.151679
1.08948,-0.0338163
1.14022,-0.294961
1.10072,-0.0903428
1.07011,0.167727
1.05901,0.240472
1.05724,0.164055
1.0806,0.22936
1.14267,-0.232255
1.13037,-0.277142
1.07957,0.227563
1.07888,0.00908268
1.13296,-0.217523
1.06201,0.118996
1.10751,-0.0321609
1.06759,0.29526
1.10313,0.144747
1.08001,0.132221
1.11298,-0.0803421
1.11482,-0.125755
1.13863,-0.229716
1.11639,-0.159254
1.0652,0.17117
1.0996,0.125413
1.15709,-0.311772
1.05961,0.104711
1.05487,0.195283
1.09848,0.159198
1.11463,-0.162222
1.07438,0.191261
1.07169,6.40335e-05
1.11197,-0.0285545
1.06977,0.0811939
1.09244,-0.0241448
1.06652,-0.0428735
1.16917,-0.364467
1.13499,-0.18694
1.0934,0.0510181
1.05647,0.216002
1.11808,-0.0161725
1.10317,-0.0193542
1.09448,0.20161
1.12158,-0.0513321
1.10577,-0.00952257
1.10178,-0.111777
1.12131,-0.176275
1.1487,-0.202587
1.08428,0.123443
1.09652,-0.0342606
1.13517,-0.131531
1.11272,0.00880147
1.0733,0.0862016
1.07307,0.0765408
1.01247,0.473531
1.09642,-0.00351642
1.07883,0.271684
1.14596,-0.290233
1.13153,-0.224895
1.20915,-0.741257
1.13057,-0.113272
1.16658,-0.228997
1.01912,0.42298
1.07202,0.046468
1.08294,-0.0280505
1.07798,0.105811
1.08792,0.236933
1.04302,0.271183
1.06764,0.215974
1.10666,-0.0679243
1.07576,-0.0631663
1.11528,-0.214329
1.05858,0.265927
1.07879,-0.0807157
1.18406,-0.490048
1.10711,-0.0206294
1.11002,-0.0460981
1.07952,0.121353
1.03068,0.304107
1.08367,-0.0795326
1.03672,0.353676
1.03605,0.471863
1.12225,-0.127162
1.10966,-0.145001
1.05928,0.0963648
1.14702,-0.230775
1.137,-0.250843
1.09478,0.00604437
1.03582,0.351009
1.12675,-0.228858
1.11137,-0.0414035
1.04749,0.309242
1.169,-0.461867
1.06073,0.161425
1.12651,-0.37024
1.08918,-0.00382659
1.07773,0.0808915
1.12505,-0.205939
1.08769,0.0966483
1.15354,-0.339165
1.09577,0.120307
1.15176,-0.386152
1.03675,0.15641
1.07394,0.250453
1.04002,0.322324
1.08166,-0.0231669
1.05409,0.239908
1.11431,-0.125655
1.08594,0.00139627
1.09978,-0.0665109
1.03238,0.241169
1.1413,-0.360482
1.09189,-0.103393
1.14302,-0.372163
1.15506,-0.417091
1.11162,-0.171308
1.09486,0.0298721
1.09344,-0.119227
1.04184,0.376951
1.04982,0.238458
1.11758,-0.193794
1.1156,-0.192193
1.09636,0.0851247
1.11803,-0.232018
1.12787,-0.201167
1.16351,-0.246643
1.04341,0.25806
1.10971,-0.0756426
1.063,0.151288
1.05684,0.135022
1.06529,0.0990945
1.17052,-0.374407
1.13335,-0.198972
1.12569,-0.134627
1.15978,-0.406356
1.10762,-0.0813456
1.07588,0.106395
1.11053,-0.153946
1.07669,-0.0321855
1.13107,-0.0853261
1.12865,-0.16503
1.07495,0.181224
1.12191,-0.259949
1.0882,-0.098761
1.12474,-0.26852
1.10484,-0.14816
1.12675,-0.0225311
1.13765,-0.175092
1.10266,-0.193895
1.09111,-0.20852
1.12801,-0.241263
1.00476,0.544042
1.09418,0.0309062
1.01423,0.282725
1.06811,0.214132
1.13728,-0.178022
1.1324,-0.103554
1.13976,-0.149424
1.15423,-0.298756
1.10533,-0.0504905
1.12406,-0.175994
1.05435,0.320775
1.12123,-0.196438
1.12362,-0.370374
1.09663,-0.0234211
1.09734,-0.148288
1.06753,0.0960041
1.11874,-0.113466
1.06419,0.0403571
1.0808,0.0228395
1.12702,-0.198086
1.16778,-0.499171
1.11221,-0.078501
1.1571,-0.24333
1.13968,-0.331956
1.13634,-0.235065
1.11855,-0.0891048
1.11047,-0.173458
1.06176,0.296345
1.03651,0.387771
1.0805,0.141418
1.09193,0.0490824
1.1388,-0.24602
1.16874,-0.371129
1.18198,-0.547225
1.1492,-0.226637
1.09686,-0.120461
1.07549,0.0623439
1.14755,-0.235504
1.13941,-0.28691
1.21714,-0.808209
1.1237,-0.236395
1.08719,0.147538
1.11958,-0.200087
1.05785,0.211551
1.07373,0.0124759
1.02259,0.384671
1.1035,-0.0509865
1.12442,-0.0709376
1.10742,-0.13534
1.19713,-0.595428
1.13332,-0.282003
1.10456,-0.180866
1.1135,0.0520175
1.08068,0.0713704
1.08984,0.0157806
1.06456,0.216239
1.09846,-0.0535225
1.08131,0.0333129
1.09495,0.0941959
1.11549,-0.162244
1.04104,0.434225
1.03768,0.250987
1.04203,0.352378
1.10801,-0.15022
1.03529,0.532269
1.13213,-0.16809
1.04658,0.284951
1.12904,-0.204171
1.12092,-0.202324
1.04804,0.108757
1.13917,-0.220506
1.10375,-0.0102971
1.09881,-0.120873
1.07955,0.214387
1.06864,-0.0730739
1.0512,0.302149
1.06086,0.239817
1.14764,-0.295357
1.05694,0.291797
1.07239,0.0369966
1.12018,-0.240708
1.09777,0.00494608
1.07726,0.0118989
1.1063,-0.0363626
1.1083,-0.210116
1.1337,-0.124005
1.05423,0.200756
1.12433,-0.167299
1.06435,0.163684
1.09973,-0.129181
1.14934,-0.274884
1.07567,0.0344884
1.13491,-0.139599
1.08195,0.160999
1.12823,-0.198638
1.09774,0.0474923
1.08305,-0.0246773
1.09551,-0.0649057
1.13822,-0.244019
1.09168,0.0147843
1.11914,-0.226198
1.17377,-0.471881
1.11453,-0.103193
1.09603,0.0206992
1.07693,0.143495
1.01779,0.423643
1.14086,-0.27927
1.10393,-0.123079
1.077,0.119044
1.15675,-0.369795
1.0976,0.0243713
1.09646,-0.0391537
1.06263,0.149617
1.18277,-0.449607
1.12293,-0.21116
1.05088,0.171851
1.07679,0.0612644
1.11962,0.00484283
1.07939,0.0779184
1.03643,0.381218
1.12585,-0.0595555
1.07836,0.169004
1.06251,0.0371409
1.1302,-0.242885
1.14481,-0.362125
1.07805,0.211435
1.1145,-0.312214
1.08323,0.0168396
1.00205,0.585379
1.0846,-0.0150813
1.08205,0.126446
1.03934,0.405445
1.08491,-0.0141946
1.08821,0.00176204
1.15107,-0.276975
1.05785,0.200787
1.06583,0.320123
1.10701,0.0348402
1.11924,0.0508429
1.09427,-0.056126
1.12871,-0.283916
1.12617,-0.134672
1.13045,-0.318088
1.02431,0.426667
1.09152,0.0281452
1.11874,-0.162542
1.20184,-0.817305
1.06488,0.159516
1.07749,0.103973
1.17487,-0.501659
1.12428,-0.360244
1.06828,0.240154
1.16362,-0.27214
1.14197,-0.186159
1.09733,0.0071503
1.0921,0.000245188
1.09326,-0.0238041
1.07235,0.027592
1.09303,0.0995039
1.03966,0.208473
1.04244,0.281814
1.23041,-0.899583
1.12485,-0.0871763
1.11476,0.0666185
1.11846,-0.144577
1.05514,0.145539
1.0678,0.0955526
1.12672,-0.228307
1.08114,0.0844321
1.09279,-0.0669581
1.05204,0.294393
1.0159,0.406735
1.06502,0.232966
1.0789,0.139562
1.03868,0.277733
1.06483,0.230058
1.13229,-0.165991
1.07091,0.116122
1.10168,0.00715768
1.06491,-0.00142256
1.09335,-0.0227756
1.08987,0.0356968
1.06753,0.168135
1.08465,-0.0625003
1.08003,-0.0265962
1.05718,0.14604
1.08882,0.0866259
1.12964,-0.0718872
1.06457,0.116237
1.03883,0.249249
1.08819,0.0448117
1.06557,0.09788
1.15712,-0.458314
1.12929,-0.0770543
1.11167,-0.0377436
1.10716,-0.138319
1.08866,-5.26257e-05
1.15372,-0.4235
1.08634,0.0550763
1.11158,-0.228537
1.10263,-0.0536919
1.07264,0.10653
1.14242,-0.0976924
1.0818,-0.0693864
1.15049,-0.352194
1.13789,0.0429009
1.11627,-0.134283
1.12106,-0.23003
1.04762,0.216422
1.08003,0.0801652
1.11968,-0.170472
1.04578,0.151851
1.01324,0.455093
1.06517,0.216765
1.14585,-0.2969
1.07575,-0.0577996
1.10174,0.04029
1.07968,0.0631271
1.15228,-0.296281
1.13594,-0.295055
1.14207,-0.209095
1.13081,-0.229783
1.13253,-0.201916
1.10341,-0.143032
1.11916,-0.114718
1.15453,-0.353451
1.13102,-0.21505
1.11774,-0.0885838
1.12185,-0.201436
1.08276,-0.00688016
1.12855,-0.2161
1.08573,0.138924
1.1502,-0.300019
1.0926,0.0147574
1.15663,-0.376061
1.06966,0.0457291
1.0649,0.131729
1.03842,0.222395
1.10678,-0.0140958
1.15096,-0.276239
1.08906,0.0550212
1.08581,-0.012582
1.05222,0.210703
1.13128,-0.157369
1.07696,0.0978482
1.10255,-0.0618966
1.06698,0.0462102
1.09967,-0.0313828
1.12469,-0.199233
1.09042,-0.0416269
1.13234,-0.262858
1.05875,0.247496
1.07411,0.0646137
1.08782,0.112565
1.07027,0.0562124
1.12332,-0.113855
1.11617,-0.109938
1.06229,0.256474
1.0886,0.0973413
1.02515,0.237854
1.04395,0.202583
1.07696,0.146518
1.16104,-0.445661
1.09679,0.00380111
1.08114,-0.0663303
1.08073,0.132298
1.04255,0.24184
1.13683,-0.15805
1.06494,0.169973
1.20061,-0.583437
1.07661,0.293091
1.11746,-0.083382
1.13465,-0.366784
1.13956,-0.249342
1.10593,-0.131223
1.10219,-0.0979252
1.08039,0.159976
1.14155,-0.172646
1.06647,0.118718
1.09437,0.0425869
1.06783,0.0594846
1.08451,0.101748
1.07862,0.10865
1.06185,0.312941
1.11444,-0.175951
1.11423,-0.0802746
1.14741,-0.248434
1.11673,-0.0997795
1.00922,0.411417
1.09181,-0.0730553
1.12914,-0.284806
1.0858,0.00515353
1.10501,-0.0580071
1.1007,0.0287793
1.12223,-0.0331071
1.07518,0.0844359
1.13704,-0.283193
1.08963,0.0122726
1.12517,-0.159959
1.09794,-0.171055
1.06073,0.20664
1.0395,0.316495
1.09684,0.1387
