slope,intercept
1.04189,0.425948
1.0855,-0.164985
1.0959,0.071332
1.10438,0.19148
1.04552,0.379719
1.07228,0.143527
1.02976,0.582628
1.08884,-0.112124
1.0863,-0.109369
1.05561,0.244661
1.1449,-0.320306
1.10476,-0.339443
1.08788,-0.13541
1.09529,0.156611
1.1128,-0.362698
1.12974,-0.427739
1.01591,0.582498
1.13922,-0.302331
1.12111,-0.0478714
1.05387,0.130117
0.951221,0.890572
1.13736,-0.129078
1.09086,-0.189062
1.00997,0.2036
1.06918,0.132166
1.02351,0.164591
1.07901,-0.062802
1.07212,0.162432
1.09123,-0.302947
1.10505,0.107802
1.13775,-0.0482201
1.0583,0.165463
1.05014,0.039154
1.06437,0.319878
1.08291,-0.121503
1.0184,0.200451
1.06129,0.278104
1.07561,0.257912
1.07021,-0.123215
1.06704,0.0928497
1.05489,0.206307
1.1184,0.188119
1.03217,0.150932
1.03338,0.302003
1.08927,0.0312762
1.15093,-0.518503
1.09627,-0.124524
1.09962,-0.0627212
1.06499,0.0428017
1.09436,-0.165371
1.1187,-0.473578
1.0933,0.193473
1.07295,0.338687
1.18218,-0.751044
1.06535,0.202794
1.03511,0.527514
1.19571,-0.769846
1.02221,0.165583
1.06182,0.132833
1.09487,-0.0330909
1.17034,-0.708148
1.10024,-0.256052
1.02539,0.231804
1.08136,0.026353
1.10593,-0.145263
1.08891,0.320306
1.0278,0.461517
1.09353,-0.0198085
1.06977,0.535377
1.01293,0.602414
1.09716,-0.146971
1.08998,-0.212301
1.11639,0.167963
1.11204,-0.407542
0.989018,0.472879
1.17,-0.567492
1.11199,-0.110932
1.10924,-0.378955
1.03735,0.248511
1.0942,-0.378323
1.05303,0.225145
1.11754,-0.0825573
1.08455,-0.0975727
1.00879,0.473908
1.05011,0.133081
1.15913,-0.633727
1.11931,-0.26879
1.11416,-0.34713
1.10452,-0.100439
1.12732,-0.395061
1.09765,-0.343433
1.13524,-0.471317
1.01884,0.301899
1.09856,0.0399112
1.09504,-0.0156301
1.15831,-0.550708
1.10228,0.103027
1.124,-0.195316
1.01199,0.433275
1.08108,-0.0934635
1.0873,0.186611
0.979568,0.470447
1.02637,0.0254317
1.02448,0.545908
1.10721,-0.132048
1.06315,0.129957
1.07585,-0.237351
1.07278,0.284901
1.02744,0.575193
1.11243,-0.298724
1.05234,0.252277
1.06738,0.309877
1.0539,0.1464
1.1247,-0.260773
1.04117,0.237449
1.12343,-0.513132
1.12137,-0.0738237
1.09595,-0.0756965
1.07836,0.0445236
1.05508,0.242347
1.13163,-0.418185
1.13486,-0.274181
1.04504,-0.0569768
1.09015,-0.341093
1.0191,0.538041
1.02647,0.338363
1.11466,-0.231972
1.13908,-0.0993808
1.10121,-0.217713
1.02481,0.375097
1.00319,0.472101
1.04829,0.200299
1.17242,-0.656607
1.0186,0.422905
1.12932,-0.369396
1.04736,0.294789
1.03835,0.0798486
1.05114,0.682138
1.12501,-0.204001
1.12196,-0.353999
1.05266,0.470988
1.01845,0.420286
1.11117,-0.0741658
1.00346,0.636411
1.00393,0.489611
1.02619,0.228231
1.07711,0.255058
1.11352,0.109784
1.09276,-0.170875
1.09588,-0.0822369
1.036,-0.010683
1.02459,0.166996
1.11482,-0.354735
1.06773,0.180267
1.00044,0.710482
1.09283,0.252278
1.06052,0.0915414
1.01392,0.62968
1.08207,0.145104
1.08431,0.136748
1.07667,-0.354169
0.993808,0.28479
1.0405,0.576819
1.03498,0.540383
1.08603,0.08734
1.07039,0.0217106
1.07969,-0.120072
1.16083,-0.730628
1.07491,0.0418631
1.04745,0.0163631
1.11329,-0.241854
1.08204,0.0152535
1.13085,-0.388226
1.06403,-0.033177
1.06046,0.141496
1.08829,0.198321
1.11028,0.0786751
1.14872,-0.585124
1.0183,0.713692
1.05218,0.181132
1.08973,0.0534825
1.069,0.159439
1.0591,0.215031
1.07246,0.157361
1.12397,-0.348128
1.08049,0.104458
1.05881,0.190405
1.08584,-0.155697
1.01072,0.364716
1.14948,-0.402779
1.0744,-0.146886
1.02977,-0.0331345
1.08238,0.141251
1.1642,-0.606307
1.0903,0.143125
1.08358,0.0719971
1.06199,0.180835
1.11506,-0.291447
1.12015,-0.283259
1.03049,0.185481
0.980336,0.697437
1.11509,-0.0455126
1.07471,0.479815
1.12521,-0.175698
1.07884,-0.167902
1.09631,0.0473862
1.06885,-0.217466
1.13465,-0.139107
1.06519,0.060013
1.02761,0.688212
1.14732,-0.497943
1.06736,0.261038
1.10649,-0.272315
1.06899,0.0234512
1.02084,0.333521
1.05563,0.453119
1.00772,0.752389
1.09345,0.156715
1.12193,-0.389599
1.05021,0.18048
1.02185,0.319464
1.04561,0.29622
1.11362,-0.709159
1.11944,-0.0664149
1.07565,-0.088464
1.10897,-0.603343
1.0628,0.255907
1.106,-0.25829
1.10687,-0.190617
1.03649,0.0471618
1.10614,0.0841858
1.09025,-0.106124
1.08484,-0.179667
1.01513,0.275478
1.09517,0.301495
1.0966,-0.238941
0.9731,0.325915
1.107,-0.337797
1.11872,-0.0915196
1.04717,-0.0944142
1.07766,0.516827
1.05442,-0.109132
1.07098,0.0749294
1.04762,0.216941
0.933871,1.01163
1.02133,0.197677
1.07991,0.199257
1.09975,-0.340051
1.11758,-0.157337
1.12441,-0.374378
1.10578,0.00508717
1.10533,-0.298753
1.0951,-0.0728229
1.07986,0.0488271
1.09482,-0.161068
1.1049,-0.152883
1.12888,-0.328101
1.0965,-0.101383
1.0809,0.226336
1.05733,0.25556
1.12645,-0.422697
1.07942,-0.102611
1.11085,-0.253265
1.05452,0.521209
1.06597,0.183524
1.12539,0.0475824
1.06799,0.155019
1.12578,-0.0372412
1.0978,0.2345
1.07164,0.0646227
0.999381,0.523981
1.04818,0.204836
1.08444,-0.5208
1.10557,0.068043
1.12175,-0.131814
1.03109,0.491187
1.06787,0.120821
1.04268,0.165075
1.05493,-0.117022
1.08765,-0.0226985
1.09302,-0.117396
1.02031,0.390868
1.08099,0.618159
1.08914,-0.0583878
1.13706,-0.51076
1.09592,-0.0402179
1.09142,-0.34326
1.04867,0.389124
1.10789,-0.132209
1.16438,-0.576438
1.07158,0.134923
1.039,0.265747
1.0749,0.187446
1.03597,0.305406
1.10079,-0.3563
1.07125,0.351789
1.04518,0.365427
1.06257,0.346298
1.0836,-0.0136042
1.12474,-0.130442
1.09562,-0.261788
1.01018,0.459707
0.999761,0.683588
1.1158,0.0366325
1.06843,0.156682
1.08018,-0.102343
1.0866,-0.0878553
1.07875,-0.00714513
1.0543,0.0392925
1.03069,0.460009
1.11453,-0.316257
1.15278,-0.62001
1.0787,0.0836586
1.06008,0.295637
1.15443,-0.221538
1.05234,0.196662
1.11148,-0.126803
1.08064,-0.162091
1.05497,0.237721
1.10874,-0.312699
1.12157,-0.326117
1.05428,-0.251899
1.09462,-0.0601527
0.967297,0.716204
1.00969,0.696405
1.00819,0.585329
1.09067,-0.0977784
1.14176,-0.433869
1.04422,0.336969
1.10699,0.0292979
0.999531,0.345931
1.1442,0.0345659
1.0229,0.218837
1.08707,0.248935
1.12146,-0.487646
1.08179,0.308173
1.05335,0.252128
1.17231,-0.605128
1.01825,0.323828
1.14609,-0.331565
1.0416,0.176009
1.05673,0.368199
1.14722,-0.446691
1.0249,0.294483
1.07788,-0.0688652
1.05544,0.571503
1.03467,0.216545
1.04636,0.505576
1.08632,0.31037
1.07603,0.254268
1.05794,0.0254898
1.08673,0.0386941
1.14408,-0.561237
1.07713,-0.127015
1.07874,0.288066
1.07667,0.222672
1.11437,-0.263656
1.00168,0.492962
1.13742,-0.579069
0.998934,1.09323
1.07576,-0.0934983
1.11597,-0.154412
1.03319,0.3399
1.1001,-0.0470048
1.05883,0.43764
1.10039,-0.464245
1.01649,0.446627
1.03365,0.837139
1.06432,-0.138347
0.974775,0.513529
1.16054,-0.708367
1.04783,0.0884137
1.07337,0.250224
1.09171,-0.352142
1.1052,-0.0317834
1.04336,0.604571
1.10104,-0.0790872
1.0139,0.25156
1.1495,-0.349751
1.12209,-0.473252
1.0459,0.269463
1.04678,0.224561
1.04586,0.264646
1.09725,-0.391468
0.965925,0.771208
1.118,-0.450723
1.11949,-0.286583
1.09322,-0.211659
1.08127,0.146816
1.05438,0.140023
1.0523,0.143311
1.14899,-0.452453
1.09343,-0.297849
1.05086,0.324907
1.06971,0.0181262
1.12401,-0.23599
1.09841,-0.0604725
1.10513,-0.118757
1.0488,0.573151
1.06664,0.00877523
1.03789,0.0604612
1.10213,-0.369882
1.05319,-0.103487
1.08799,-0.17795
1.05619,0.221148
1.03215,0.14796
0.980738,0.91269
1.05667,0.273295
1.04056,0.402761
1.07143,0.258688
1.11115,-0.22209
1.14534,-0.501407
1.02633,0.0198332
1.07684,0.21795
1.03243,0.435451
1.08014,-0.143964
1.06289,0.138251
1.07289,0.197562
0.989193,0.700341
1.07718,0.300854
1.01657,0.284638
0.990321,0.748597
1.06283,0.579219
1.01321,0.466573
1.10967,-0.317137
0.972138,0.681073
1.1024,-0.0135392
1.14044,-0.282156
1.0787,0.0870171
1.09934,-0.0248938
1.08051,0.131858
1.08063,-0.143513
1.09727,-0.227528
1.19172,-0.839995
1.08293,-0.22075
1.08379,-0.0277769
1.09079,0.317194
1.09259,-0.184427
1.07359,0.0264059
1.0073,0.27439
1.1251,-0.723974
1.11026,-0.227253
1.16926,-0.691227
1.04628,0.391527
1.0378,0.175747
1.04312,0.700841
1.05552,0.23999
1.11526,-0.233627
1.07972,-0.247854
1.07498,0.1308
1.08359,-0.0886698
1.03406,0.342788
1.11684,-0.0923538
1.11494,-0.504408
1.07747,-0.116677
1.0708,0.322026
1.08868,-0.255499
1.13109,-0.402998
1.00377,0.801504
1.07719,-0.236105
1.09595,0.0960774
1.01353,0.36299
1.15393,-0.617134
1.09939,-0.120965
1.12114,-0.417417
1.02137,0.379214
1.11878,-0.390631
1.05712,0.0815165
1.10327,-0.395638
1.04386,0.254379
1.1002,0.00864184
1.00134,0.692332
1.08084,-0.113724
1.17503,-0.433241
1.10002,0.160657
1.12956,-0.342934
1.10304,-0.101824
1.07778,0.071796
1.08447,-0.111123
1.09124,0.105701
1.07588,0.186496
1.07502,0.047508
1.00455,0.605721
1.06304,-0.213908
1.04476,0.364123
1.02487,0.449335
1.06799,-0.11507
1.03933,0.23302
1.00996,0.667219
1.07683,0.389416
1.02636,0.0886092
1.11263,-0.400716
1.08193,0.164822
1.11322,-0.223416
1.08753,-0.183964
1.04387,0.36509
0.956645,0.763786
1.02823,0.349817
1.02001,0.529824
1.07103,-0.0921978
0.949935,0.969773
1.0171,0.515435
1.08291,0.13552
1.02984,-0.16907
1.12402,-0.567695
1.14652,-0.191995
1.00215,0.458209
1.07089,0.284781
1.07992,-0.0427301
1.10588,-0.159055
1.1,-0.216703
1.09374,-0.232551
1.0348,0.583923
1.05108,0.288224
1.04685,-0.0586687
1.02898,0.19728
1.00827,0.398101
1.12203,-0.321041
1.09946,-0.116128
1.05954,0.283043
1.0724,-0.0347713
1.10863,-0.109746
1.1107,0.00189791
1.08937,0.168594
1.13489,-0.4318
1.1671,-0.496322
1.06357,0.189957
1.05276,-0.0580113
1.03465,0.340564
1.00632,0.294794
1.08426,0.336388
1.03169,0.26933
1.08594,0.575005
1.03031,0.559164
1.05186,0.544444
1.07544,0.0946449
1.04654,0.0675643
1.05588,0.382858
1.09355,0.108115
1.13539,-0.293602
1.05678,0.390973
1.04447,0.428169
1.02474,0.0550696
1.06797,0.183193
1.03852,0.447093
1.08442,0.222052
1.12308,-0.14142
1.06716,0.209423
0.955459,1.16297
1.06014,0.176606
1.02052,0.24535
1.10726,-0.258495
1.03942,0.281606
1.06768,0.297568
1.05972,0.26586
1.02083,0.466042
1.10503,-0.443397
1.10368,-0.227016
1.05147,-0.115769
1.06352,0.294478
1.07626,-0.205739
1.05134,-0.0452352
1.03797,-0.194411
1.05702,0.425924
1.07519,0.109241
1.11238,-0.157363
1.08494,0.0771079
1.05841,0.11406
1.06672,0.210615
1.01755,0.258229
1.09798,-0.247751
1.016,0.691576
1.09457,-0.460219
1.05982,0.391522
1.09955,-0.0124031
1.10707,-0.422583
1.1334,-0.445079
1.02827,0.249841
0.99714,0.96169
1.03892,0.198504
1.0828,0.105764
0.994017,0.528804
1.03867,0.180296
1.11043,-0.268927
1.09477,0.17674
1.12837,-0.0666411
1.06696,0.0819166
1.04878,0.350698
1.09261,-0.293369
1.0914,-0.370877
1.09563,-0.0522069
1.06386,0.0673975
1.01485,0.554605
1.08352,-0.091868
1.07915,-0.255803
1.04928,0.29418
1.14248,-0.358942
1.05624,0.306969
1.09781,0.337381
1.07885,-0.0622522
1.11005,-0.368063
1.00908,0.382766
1.05341,-0.00626149
1.01847,0.644647
1.04513,0.235319
0.961942,0.808308
1.0707,-0.00422616
1.06894,-0.173864
1.08066,-0.289772
1.036,0.329255
1.09332,-0.0818425
1.08993,-0.213596
1.09034,0.179851
1.10251,-0.001324
1.11515,-0.397194
1.13666,-0.362949
1.13786,-0.410877
1.07059,0.00187709
1.07031,0.229073
1.03285,0.287429
1.1128,-0.189857
1.04627,0.274883
1.05982,0.228992
1.09015,0.14293
1.11671,-0.329684
1.1226,-0.108413
0.996206,0.238664
1.05178,0.355564
1.10083,-0.25886
1.10552,-0.304692
1.04104,0.323901
1.10804,-0.00733297
1.08988,-0.0301844
1.1057,-0.0572458
1.09419,-0.259933
1.05609,0.0566506
1.04647,0.0296823
1.04471,0.201862
1.14185,-0.392972
1.10893,-0.159107
1.0416,0.361622
1.03263,0.532068
1.08973,0.106153
1.12729,-0.33427
1.14883,-0.313509
1.00852,0.402603
1.09042,-0.225754
1.10683,-0.456824
1.02232,0.642801
1.07898,-0.00978706
1.12557,-0.140917
1.09147,0.0656214
1.05702,0.32396
1.10102,0.283623
1.07834,-0.0546106
1.09911,-0.141586
1.01155,0.624334
1.05526,-0.000699504
1.08488,-0.337831
1.05453,0.161021
1.08379,0.178889
1.0903,-0.290514
1.16857,-0.534543
1.07612,0.289659
1.09856,0.093248
1.06131,-0.00570699
1.10194,-0.252563
1.09106,-0.232998
1.08749,0.101563
1.06537,0.154235
1.08053,-0.225493
1.08869,0.105371
1.03323,0.0799577
1.1051,-0.0706794
1.16047,-0.55193
1.02679,0.506429
1.07865,-0.0884967
1.11326,-0.350298
1.09569,-0.0490206
1.0051,0.714167
1.02,0.557555
1.12509,-0.232556
1.01844,0.411456
1.08119,0.155474
1.08394,-0.258392
1.04074,0.28622
1.05788,0.317026
1.07889,-0.245851
1.03398,0.219388
1.09093,-0.185694
1.03019,0.179319
1.08557,-0.0133288
1.05375,0.0924295
1.04007,-0.010841
1.07484,0.0146712
1.04459,0.344472
1.04331,0.266436
1.06555,0.0915379
1.13453,-0.173657
1.093,-0.0736387
1.10063,0.069942
1.07427,-0.181334
1.04644,0.286906
1.00804,0.357707
1.17702,-0.74723
1.07851,0.31773
1.03032,0.473915
1.08764,0.0166539
1.06842,0.209518
1.03358,0.138353
1.01073,0.404201
1.10585,-0.259449
1.13123,-0.262312
1.03062,0.438029
1.04668,0.189361
1.03819,0.164759
1.17668,-0.804487
1.0139,0.285273
1.10075,-0.111065
1.03633,0.219598
1.11067,0.00333636
1.06648,-0.0713429
1.17481,-0.671954
1.06208,0.10602
1.10882,0.0764261
1.11364,-0.0955755
1.11438,-0.65248
1.06578,0.123315
1.06491,0.174636
0.997793,0.40855
1.11452,-0.0418958
1.02913,0.3609
1.13067,-0.173057
1.07772,-0.00697237
1.03725,0.270157
1.06226,0.399055
1.07078,0.408074
1.054,0.431481
1.02286,0.372627
1.03332,0.588529
1.0709,-0.127841
1.12391,-0.390531
1.04561,0.179106
1.11821,0.00436604
1.09481,-0.150871
1.01438,0.479275
1.11392,-0.056886
1.07592,-0.0374862
1.06091,0.315558
1.08915,-0.146768
1.02742,0.270694
1.02466,0.469381
1.11571,-0.0691894
1.02103,0.265541
1.04293,0.144107
1.11368,-0.281273
1.02951,0.237032
1.03245,0.642435
1.06177,0.299666
1.0996,-0.163912
1.1286,-0.420137
1.0973,0.0350463
1.10469,-0.0731926
1.09353,-0.1496
1.00846,0.551511
0.995261,0.622448
1.08702,-0.0927747
1.04692,0.161073
1.0147,0.579551
1.03945,-0.0776793
1.11917,-0.184448
1.09917,-0.154048
1.10351,-0.1933
1.07718,0.0877642
0.994347,0.936869
1.0321,0.449317
1.04947,0.252985
1.08304,-0.0290654
1.02356,0.526541
0.970798,1.27783
1.07005,0.263594
1.02904,0.440928
1.11688,0.00637316
1.09878,-0.0302781
1.12111,0.0360662
1.06102,0.463428
1.07372,0.206562
1.11256,-0.565275
1.05507,0.24642
1.08905,-0.283499
1.10901,0.0448013
1.07946,0.10915
1.08192,-0.418058
1.05559,0.193775
1.04817,0.212159
1.07579,-0.0339636
1.06515,0.548974
1.08501,-0.128576
1.08218,-0.252061
1.08882,-0.377616
1.13763,-0.144781
1.15124,-0.567282
0.995079,0.521351
1.099,-0.0413651
1.13312,-0.36265
1.05818,0.353947
0.993304,0.645519
1.01976,0.362557
1.05616,0.295603
1.08232,0.151386
1.06193,0.279232
1.04786,0.172539
1.10229,-0.229369
1.09397,-0.290854
1.07818,0.519491
1.0231,0.253234
1.11829,-0.0465718
1.07402,-0.0839749
1.11561,-0.283549
1.0439,0.433056
1.14664,-0.46691
1.10781,-0.311244
1.08847,0.164845
1.13877,-0.19363
1.07258,0.299175
1.10094,-0.268459
1.11803,-0.661066
1.01885,0.148462
1.07712,-0.182678
1.09781,0.131236
1.00872,0.794068
1.09767,-0.180827
1.06902,0.175395
0.982456,0.890051
1.07465,-0.0221806
1.00983,0.306925
1.064,0.191587
1.14344,-0.673242
1.13841,-0.476015
1.09954,-0.00779921
1.13788,-0.38237
0.990181,0.743876
1.04734,0.12381
1.14381,-0.316256
1.11012,-0.399121
0.973591,0.874582
1.06319,-0.0411333
1.01641,0.363913
1.12884,-0.320456
1.07976,-0.116843
1.14862,-0.775817
1.04389,0.280792
1.05136,0.243017
1.08842,0.116256
1.09341,-0.264317
1.06716,0.471482
1.03189,0.29682
1.06634,-0.0532513
1.07654,-0.143162
1.10302,-0.240694
1.08273,-0.387469
1.06802,-0.158638
1.06749,0.452355
1.15789,-0.629228
1.06321,0.204344
1.05367,-0.113553
1.05518,0.335052
1.06936,-0.139855
1.1202,-0.274381
1.08559,-0.221885
1.07599,-0.00655143
1.11738,-0.311676
1.10336,-0.291214
1.10633,-0.329544
1.08155,-0.184549
1.09495,-0.0934057
1.03367,0.314457
1.02021,0.596114
1.05183,-0.0141795
1.07431,0.133831
1.10951,-0.124469
1.01705,0.271391
1.03301,0.242912
1.14481,-0.460424
1.02664,0.334674
1.0445,0.168516
1.09294,0.0694946
1.08887,0.109846
1.06176,0.385531
1.00742,0.323952
1.05462,0.418405
1.02296,0.455283
1.07299,0.161139
1.04828,0.37794
1.16819,-0.651558
1.09041,0.0914482
1.08616,-0.170768
1.03928,0.459854
1.06182,0.148858
1.1944,-0.714209
1.06956,0.26538
1.06671,0.331119
1.05589,0.174338
1.11412,-0.189175
1.07954,0.241723
1.05206,0.149211
0.960691,0.81394
1.1941,-0.782245
1.05916,0.0010118
1.04777,0.349344
1.08527,0.00507609
1.09408,-0.031869
1.05337,0.189999
0.967072,0.778336
1.09043,-0.166598
1.07878,0.0208181
1.10521,-0.141705
1.06046,0.253929
1.09769,-0.196296
1.15529,-0.745217
1.0306,0.205998
1.09994,0.0140711
1.14036,-0.0553638
1.04304,0.332465
1.11215,-0.339861
1.03651,0.277
1.02113,0.619478
1.01041,0.740816
1.15064,-0.150348
1.05428,0.0129014
1.0719,-0.019018
0.989423,0.735888
1.17594,-0.525896
1.00684,0.598096
1.02804,0.33664
1.13384,-0.528534
1.13374,-0.627515
1.09431,-0.0137199
1.0333,0.39888
1.08507,0.0416167
1.10059,-0.230615
1.11412,0.033523
1.04797,0.120477
1.11055,-0.0301323
1.04897,0.47739
1.15282,-0.172791
1.07145,-0.00319254
1.10609,-0.0304896
1.09105,0.0301233
1.11301,-0.157895
1.06611,0.334378
1.04173,0.268226
1.11165,-0.356745
0.956206,1.13032
1.0805,-0.173688
1.11541,-0.4114
1.10824,-0.307166
1.08986,-0.377568
1.0456,0.24265
1.02326,0.284151
1.0724,0.123156
1.01637,0.270704
1.11029,0.0285874
1.13897,-0.633909
1.04824,0.212673
1.00994,0.567203
1.01749,0.35044
1.10616,-0.309895
1.06135,0.313479
1.14198,-0.480287
1.12352,-0.0360717
1.12626,-0.584204
1.12983,-0.165599
1.1147,-0.437778
1.05984,0.272058
1.00001,0.754288
1.04923,0.464965
1.08972,-0.374617
1.04798,0.222153
1.06844,-0.363084
0.989875,0.534968
1.04242,0.411784
1.17192,-0.613005
1.03987,0.25029
1.02196,0.331405
1.00451,0.321354
1.07981,0.00104412
1.09954,-0.027569
1.0689,-0.156774
1.05688,-0.00670665
1.06233,-0.0594246
1.06712,0.371057
1.06148,0.131413
1.01737,0.59612
1.03189,0.167782
1.04317,0.233487
1.0696,0.408778
1.07695,0.0526449
1.16047,-0.502833
1.12992,-0.314798
1.13594,-0.466898
1.03177,0.474001
1.06377,0.00193613
1.04123,0.639791
1.12662,-0.385408
1.03892,-0.106863
1.13552,-0.470355
1.11781,-0.12013
1.06592,0.189893
1.09586,-0.0990122
1.07557,0.00771665
1.05131,0.400702
1.11045,0.352788
1.16426,-0.556061
1.08265,0.0654528
1.0961,0.0396311
1.0453,0.0344424
1.12159,-0.311957
1.09887,0.108847
1.03167,0.385277
1.04688,0.180686
1.14377,-0.692171
1.03343,0.190436
1.1281,-0.622967
1.09942,-0.0118205
1.11811,-0.23391
1.11146,-0.1894
1.06786,0.379889
1.0454,0.416867
1.03017,0.0824126
1.07829,-0.145422
1.09256,-0.144791
1.10092,-0.15707
1.10045,-0.0729661
1.03888,0.165827
1.04905,0.0488882
1.05475,0.448609
1.09152,-0.145925
1.06228,0.44672
1.12133,-0.216043
1.09867,-0.164311
1.0251,0.63559
1.13021,-0.295714
1.11816,-0.0889994
1.10309,-0.0867185
1.15697,-0.45982
1.08507,-0.27681
1.11871,-0.0430514
1.06894,0.0940199
1.06965,0.233091
1.05232,0.319521
1.11259,-0.0153805
1.09558,0.258317
1.12127,-0.221492
1.05352,0.158322
1.05486,0.0911901
1.11125,-0.0741061
1.03796,0.294158
1.07539,-0.0773496
0.986604,0.657301
1.07978,-0.0492788
1.07783,0.198359
1.04866,0.179999
1.08094,-0.0501651
1.07239,0.279258
1.06534,0.369718
1.07605,-0.1132
1.06384,0.0801829
1.1099,-0.396164
1.09757,-0.0661771
1.06673,0.144858
1.14098,-0.317844
1.03242,0.0753601
1.01251,0.824973
1.03971,0.0907905
1.08619,-0.0223878
1.09768,0.0690276
1.13678,-0.54579
1.00094,0.656079
1.11863,-0.667325
1.12296,-0.341598
1.03887,0.0339691
1.03726,-0.093475
1.04725,0.162376
1.06853,0.188225
1.02503,0.715823
1.07945,-0.0804202
1.03594,0.266193
1.06418,0.283577
1.0997,0.101075
1.10302,-0.164832
1.10378,-0.0134697
0.971756,0.459135
1.10867,-0.238627
1.0359,0.670169
1.0129,0.167321
1.08413,0.0534678
1.04274,0.331043
1.09758,-0.238244
1.15671,-0.790162
1.07739,0.0055622
1.02097,0.562674
1.11526,-0.296931
1.05107,0.342589
1.08731,0.11896
1.07232,0.219575
1.1215,-0.490953
1.03758,0.271589
1.0663,0.141316
1.05468,0.0117162
1.03338,0.316213
1.05815,0.430484
1.08813,-0.158676
1.07638,-0.0180313
1.02822,0.148401
1.10817,-0.380258
1.03953,0.427143
0.992297,0.717728
1.09338,-0.100132
1.10588,-0.383931
1.0653,-0.0620802
1.10627,-0.305282
1.07842,-0.206191
1.07526,0.281701
1.12349,-0.137473
1.09888,0.123362
1.07631,0.411487
1.0911,0.151621
1.03053,0.442379
1.09044,-0.156502
1.04549,0.241097
1.02406,0.480674
1.14538,-0.184998
1.05137,0.406405
1.00376,0.742374
1.14461,-0.428869
1.04238,0.0387297
1.11596,-0.145482
1.08738,-0.248749
1.04796,0.396599
1.08545,0.0625986
1.02056,0.478067
1.06859,0.129129
1.08325,0.00643504
1.05281,0.0787791
1.0541,0.344909
1.15174,-0.471972
1.10731,-0.024126
0.981058,0.78672
1.06001,-0.141701
1.07877,0.270771
1.02394,0.502681
1.08602,-0.116604
1.01223,0.366399
1.07685,0.531598
1.09543,-0.0321955
1.09635,-0.362355
0.998801,0.411616
1.0243,0.30105
1.12063,-0.306367
1.10669,-0.101551
1.08611,0.132044
1.04127,0.162691
0.987258,0.46187
1.06838,0.108951
1.09226,-0.188629
1.01471,0.382556
1.07183,0.150996
1.12626,-0.356761
1.12107,-0.312289
1.03476,0.479285
1.04055,0.37079
0.998877,0.721232
1.01014,0.504054
1.11024,-0.174994
1.09127,-0.088107
1.09249,-0.278054
1.05816,0.148057
1.16036,-0.313306
1.11265,-0.576012
1.01832,0.25929
1.07196,0.277105
1.09107,-0.18048
1.05577,0.37709
1.06708,-0.193665
1.02443,0.344663
1.10765,-0.0330512
1.08624,0.0463817
1.12138,-0.250115
1.03293,0.423719
1.15437,-0.444581
1.167,-0.532444
1.07592,-0.239595
1.03565,0.130806
1.04563,0.190794
1.01204,0.198493
1.10659,-0.0737864
1.08806,-0.0700127
1.04725,0.269454
1.07635,-0.072078
0.985704,0.840195
1.03748,0.438267
1.16439,-0.612433
1.04064,0.350859
0.991126,0.486872
1.08123,-0.448307
1.09123,0.207251
1.02845,0.700823
1.10709,-0.143798
1.1471,-0.31355
1.06471,0.246786
1.11159,-0.0931532
1.11784,-0.242113
1.02627,0.282876
1.13871,-0.503698
1.03748,0.163203
1.08391,0.190421
1.1571,-0.710668
1.1633,-0.435234
1.06735,0.160385
1.12411,-0.36629
1.10416,-0.450398
1.10656,-0.184087
1.11851,0.0728144
1.03691,0.126814
1.01785,0.683754
1.06,-0.0693865
1.02516,0.462706
1.11961,-0.228413
1.104,-0.114422
1.07237,0.346419
1.01205,0.810379
1.1722,-0.58076
1.04052,0.133876
1.06229,0.10634
1.00778,0.409485
1.10991,0.0585429
1.02617,0.303521
1.06793,0.184688
1.08135,0.135155
1.04553,0.234313
1.07737,-0.0176985
1.01667,0.422508
1.0412,0.473188
1.01612,0.467559
1.06717,0.0189835
1.08256,0.0709097
1.13476,-0.691501
1.03847,0.137186
1.09652,-0.260895
1.06732,0.408077
1.09441,-0.304943
1.05858,0.291875
1.06896,0.0540766
1.10199,0.00330627
1.03259,0.434201
1.10178,-0.333871
1.11057,-0.0757511
1.08651,0.027302
1.06494,-0.0959741
1.14381,-0.413967
1.09112,-0.215221
1.01632,0.305576
1.13691,-0.315414
1.05516,0.0717677
1.12592,0.203613
1.10969,-0.38569
1.02655,0.726063
1.02321,0.475488
1.0996,-0.342833
1.10551,-0.168487
1.05889,0.0552719
1.00668,0.603005
1.05228,0.274953
1.13727,-0.342428
1.10724,-0.234935
1.1031,-0.0722952
1.14463,-0.45213
1.05261,0.340386
1.11628,-0.297369
1.09892,0.028185
1.10025,-0.123274
0.964716,0.719179
1.10516,-0.259304
1.0755,0.0365951
1.05092,0.220762
1.04078,-0.0199973
1.10857,-0.285072
1.09855,0.122018
1.11832,-0.161932
1.06681,-0.151139
1.06002,-0.0675437
1.03726,0.194134
1.02499,-0.0454981
1.05468,-0.148356
1.06756,0.179868
1.03382,0.739867
1.06022,0.159154
1.06802,0.0821941
1.02588,0.148816
1.06913,-0.13431
1.05223,0.152783
1.06526,0.165604
1.14303,-0.18051
1.03536,0.335414
1.03757,0.231429
1.05428,0.222431
1.06202,0.362152
1.01765,0.567041
1.03275,0.280935
1.03132,0.128167
1.06582,0.300403
1.12385,-0.151205
1.12992,-0.199932
1.09337,-0.0783496
1.06205,-0.112154
1.10897,0.172515
1.09994,-0.119596
1.11199,0.0139128
1.06418,-0.029355
1.07641,0.101235
1.06197,0.35351
1.11849,-0.401241
1.07235,0.0726905
1.04995,0.165576
1.07768,0.375033
1.10138,0.00308851
1.09842,-0.0876863
0.99312,0.500544
1.05759,-0.0365031
1.02585,0.551859
1.07025,-0.0808591
1.1008,-0.16341
1.0999,-0.000924279
1.09838,0.0293359
1.08998,-0.140599
1.05772,0.17591
1.08677,0.206005
1.08104,0.0183178
1.08197,-0.10668
1.12597,-0.437362
1.07368,0.237463
1.02904,0.302225
1.09496,0.270267
1.11368,-0.143328
1.14448,-0.211952
1.13158,-0.67638
1.12293,-0.221637
1.09496,0.194363
1.09393,-0.251179
1.08389,0.00965004
1.09581,-0.0914465
1.08017,-0.0775917
1.0656,0.0589871
1.11453,-0.269943
1.07526,0.140739
1.07394,0.153485
1.06287,-0.0189611
1.07172,0.311596
1.06781,0.122879
1.04403,0.0744862
1.03271,0.305382
1.0656,0.11864
1.14973,-0.378904
0.990356,0.321659
1.07732,0.0289855
1.18585,-0.796654
1.09472,-0.208034
1.06254,0.0801621
1.08098,0.00568464
1.14809,-0.488716
1.16736,-0.670084
1.14713,-0.375049
1.0456,0.212062
1.05718,0.216046
1.05837,0.0537277
1.01163,0.259489
1.06163,0.350057
1.08655,0.103056
1.06355,0.435717
1.08747,-0.0499817
1.13643,-0.189907
1.15251,-0.33619
1.13057,-0.247557
1.12996,-0.125143
1.13058,-0.339657
1.08215,0.118205
0.952234,0.651905
1.08431,0.309216
1.11899,-0.690223
1.10928,-0.145444
1.07278,-0.0309074
1.06772,-0.197085
1.09479,-0.0633527
1.06543,0.0320012
1.10567,0.249866
1.04188,0.387082
1.05639,-0.276885
1.06608,0.000439188
1.08974,-0.0130195
1.03959,0.556352
1.05344,0.547001
1.08255,-0.0760305
1.03022,0.191512
1.08484,0.0184711
1.05841,0.518931
1.0349,0.256827
1.13755,-0.228931
1.06804,-0.0572522
1.06477,-0.306857
0.991042,0.51297
1.09902,-0.240535
1.05445,0.300379
1.09729,0.0701344
1.00337,0.446108
1.05696,0.473716
1.07099,-0.1372
1.1157,-0.150042
1.02962,0.461567
1.08752,0.011031
1.03406,0.668275
1.08694,0.0123178
1.03622,0.214809
1.10726,0.00114072
1.1168,-0.281983
1.04246,0.29653
1.09795,0.0113903
1.06868,-7.76888e-05
0.993092,0.722017
1.06098,0.0137913
1.12316,-0.359626
1.03457,0.053037
1.13403,-0.194662
1.02013,0.330084
1.0922,-0.0510511
1.14036,-0.626599
1.10103,-0.255008
1.08653,0.0246834
1.13855,-0.1731
1.08748,-0.301922
1.03756,0.458062
1.0182,-0.0153062
1.11351,-0.15511
1.10452,-0.101633
1.08118,-0.0696254
1.04943,0.52192
0.994308,0.322067
0.989695,0.660421
1.1194,-0.163791
1.11125,0.0480969
1.03298,0.566912
1.06653,0.0503174
1.05504,0.113287
1.14642,-0.469215
1.07431,0.0229487
1.06783,0.259362
1.04118,0.32906
1.10968,-0.163699
1.10432,-0.286036
1.06923,0.0982664
1.03671,0.413923
1.02156,0.519512
1.06653,0.0686379
1.0352,0.0283785
1.03987,0.195831
1.03088,0.448859
1.06464,0.112374
1.07415,-0.369414
1.10335,-0.208122
1.06595,0.208226
1.0411,0.229318
1.0209,0.576415
1.03675,0.269017
1.02862,0.487766
1.07701,0.101942
1.04052,-0.0616856
1.06744,0.174407
1.08776,-0.123023
1.10394,-0.106447
1.12957,-0.336356
1.08856,0.238234
1.0988,0.0721643
1.03031,0.305801
1.09525,-0.1222
1.12388,-0.21145
1.133,-0.176909
1.11457,-0.101306
1.12278,-0.21969
1.07567,0.267514
1.08266,0.146418
1.10697,-0.223717
1.07198,0.135842
1.05818,-0.170431
1.09002,-0.256684
1.12929,-0.274797
1.06645,0.0862786
1.06827,0.32791
1.05725,0.13124
1.057,0.0222248
1.06704,-0.0769071
1.12471,-0.392205
1.14381,-0.186752
1.09562,-0.261883
1.14831,-0.603717
1.08511,-0.0511375
1.06508,-0.0642043
1.14039,-0.341118
1.06612,0.256664
0.974377,1.13614
1.09061,0.464588
1.04607,0.168454
1.12534,-0.55731
1.12743,-0.277786
0.985988,0.902531
1.1472,-0.372874
1.04224,0.46849
1.1231,-0.706117
1.11941,-0.158572
1.06836,0.291907
1.06074,-0.119954
1.09813,-0.0614205
1.01079,0.352139
1.01337,0.334595
1.10837,-0.0561477
1.02295,0.355271
0.975836,0.515123
1.05796,0.16215
1.0643,0.0231788
1.09299,0.12083
1.03192,0.464869
1.0473,0.219652
1.13042,-0.568725
1.0903,0.329322
1.11454,-0.267018
0.996113,0.606585
1.04873,0.340646
1.1858,-0.83739
1.08953,-0.33682
1.1061,-0.537379
1.0805,-0.0204494
1.04148,0.34557
1.07393,0.305398
1.07219,-0.0203086
1.1268,-0.294422
1.09308,-0.00948967
1.1058,-0.120837
1.00484,0.552118
1.10953,-0.511337
1.04088,0.185154
1.03579,0.555285
1.07134,0.320317
1.10889,-0.0814695
1.11056,-0.184041
1.07673,-0.0232953
1.03305,0.25225
1.04804,0.113498
1.1434,-0.399214
1.08672,0.0914789
1.07466,0.118684
1.09861,-0.290572
1.07349,0.174692
1.11488,-0.34613
1.09699,-0.134584
1.06222,0.336456
1.09935,0.248794
1.04303,0.514427
1.03145,0.122567
0.987183,0.302101
1.09334,0.0252541
1.06087,0.476575
1.04084,0.523186
1.18326,-0.945511
1.07046,0.419145
1.03121,0.292987
1.13892,-0.405162
1.07478,0.219125
1.06855,0.18456
1.09189,-0.131603
1.06536,-0.0563107
1.06312,-0.100725
0.989258,0.506289
1.11146,0.0230835
1.11116,0.0542792
1.02825,0.584989
1.1,-0.188143
1.07049,-0.141636
1.07668,0.0080301
1.00793,0.490326
1.05711,0.16214
1.07484,-0.0846511
1.07847,0.294128
1.06351,-0.178969
1.10023,0.0529461
1.09213,-0.223468
1.05084,0.330445
1.06246,0.167168
1.07141,0.0409777
1.00183,0.47152
1.07168,-0.0354428
1.11182,-0.268048
1.13125,-0.676603
1.11283,-0.327947
1.07424,0.0232006
1.04412,0.349746
1.05404,0.219572
1.11535,-0.224872
1.14708,-0.757995
1.05357,0.375474
1.08529,-0.0773436
1.02493,0.571079
1.06166,0.16041
1.10835,-0.00877835
1.04895,0.50974
1.01041,0.422908
1.06927,-0.0186776
1.06377,-0.157849
0.968495,0.637817
1.08964,0.159114
1.13228,-0.585285
1.08846,0.0297414
1.02069,-0.000682462
1.0571,0.0204152
1.08788,0.157234
1.13193,-0.245373
1.04496,0.460059
1.08709,0.232769
1.13872,-0.316273
1.06692,-0.0192755
1.09044,-0.259271
1.09227,0.159372
1.00632,0.719985
1.09265,-0.108149
1.06826,0.136257
1.07242,0.186323
1.08218,0.107348
1.11368,-0.476609
0.986704,0.566321
1.06257,0.241809
1.02401,0.710595
1.04622,0.772477
1.09584,-0.370333
1.16126,-0.31251
1.08412,0.00120532
1.00857,0.754712
1.00722,0.41354
0.98876,0.778232
0.951309,0.526986
1.08283,0.0797881
1.07102,0.131589
1.03361,0.309131
1.04509,-0.134855
1.21148,-0.505399
1.06094,0.170888
0.997562,0.587838
1.10006,0.243703
1.0863,0.135162
1.10003,-0.132013
1.11739,-0.265531
1.11537,-0.366081
1.05823,0.0303119
1.13107,-0.0530711
1.03094,0.343238
1.09038,0.142447
1.0705,0.201976
0.960349,0.944873
1.10145,0.150681
1.07814,0.0377969
1.09147,-0.143812
1.07822,0.0829444
1.02355,0.268387
1.04448,0.0674443
1.06027,0.0589397
1.10186,-0.110529
1.08318,0.25724
1.05921,-0.0432918
1.08734,0.086475
1.11156,-0.0841229
1.02123,0.299127
1.07313,0.131277
1.11395,0.0886535
1.05328,0.426214
1.03021,0.269891
1.07009,0.194361
1.07633,0.139284
1.07073,-0.0523822
1.03921,0.425329
1.05776,0.406915
1.01549,0.474685
1.10282,-0.307699
1.07858,0.160946
1.09771,-0.00174739
1.11156,-0.250578
0.986521,0.422742
1.08922,0.199953
1.04318,0.485683
1.08494,-0.253912
1.03345,0.392262
1.0948,-0.0228407
1.06132,0.158928
1.10553,-0.0431137
1.09328,0.204026
1.01507,0.534637
0.997085,0.562194
1.06695,-0.0706025
1.04602,0.351356
0.988736,0.81347
1.07175,0.0355554
1.12927,-0.441352
1.1098,-0.279305
1.09646,-0.244116
1.05433,0.415604
1.09192,-0.217875
1.05783,0.128733
1.0329,0.180667
1.04519,0.0834502
1.10907,-0.480184
1.10505,-0.458601
1.06298,0.216029
1.07647,-0.137719
1.03904,-0.211296
1.05367,0.13907
1.13301,-0.448258
1.0911,-0.0957802
1.03389,-0.0891548
1.12351,-0.273578
0.998931,0.416977
1.08778,-0.0824352
1.11588,-0.144136
1.01482,0.62631
1.04707,-0.208992
1.03204,0.260327
1.04836,0.289953
1.16275,-0.294777
1.11051,-0.54579
0.991753,0.394424
1.10072,-0.0407337
1.04464,0.111995
1.09241,-0.0722791
0.995231,0.419064
0.98183,0.62091
1.09404,-0.120105
1.09998,-0.0374934
1.05946,-0.150382
1.0814,-0.174582
1.01887,0.261576
1.06158,0.209559
1.05324,0.26862
1.12871,-0.596314
1.04356,0.107827
1.0986,-0.254777
1.0672,-0.189976
1.13765,-0.12146
1.04962,0.457978
1.01901,0.474816
0.99924,0.619145
1.07799,-0.249513
1.10721,-0.113441
1.04056,0.54738
1.05624,0.415512
1.05632,0.372626
1.07246,0.155578
1.08117,0.141508
1.00425,0.47901
1.0687,0.017595
1.02406,0.123593
1.07273,0.146398
1.08937,-0.188542
1.06578,0.317122
1.01491,0.266758
1.1124,0.0215586
1.00365,0.536143
1.03849,0.510362
1.08854,-0.138647
1.07154,-0.184898
1.04851,0.151337
1.03788,-0.0796868
0.988931,0.304997
1.03737,0.117595
1.04945,0.245026
1.07734,0.238437
1.03826,0.0758639
1.07733,0.000256581
1.06826,-0.191451
1.07105,-0.0794466
1.14382,-0.509666
1.04905,0.137331
1.00564,-0.0622577
1.0885,-0.371553
1.00486,0.578039
1.02051,0.312545
0.992628,0.971776
1.01812,0.374016
1.07224,-0.119085
1.08384,-0.139961
1.13787,-0.443622
1.09404,-0.0172915
1.08559,-0.0507184
1.10141,-0.186745
1.06079,0.521845
1.11796,-0.515775
1.10317,-0.409952
1.0596,-0.0281533
1.0062,0.733014
0.971626,0.825561
1.05102,0.356374
1.06423,0.449457
1.07366,0.0238136
1.11805,-0.322219
1.00833,0.566483
1.06664,0.458829
1.07865,-0.334319
1.15368,-0.828438
1.02322,0.32444
1.10951,0.0151886
1.1033,-0.187554
1.08943,-0.00504827
1.07915,0.283761
1.09525,-0.0579614
1.08967,0.0688166
1.08928,0.285034
1.07722,0.270389
1.16483,-0.394933
1.07739,0.23986
1.04236,0.394161
1.03098,0.43192
0.998929,0.566011
1.13835,-0.678168
1.06943,-0.0510376
1.11116,-0.195728
1.09319,0.156509
1.01268,0.468082
1.04482,0.484592
1.11499,-0.282642
0.989105,0.643065
1.1389,-0.301227
1.02747,0.120633
1.13439,-0.402427
1.033,0.256512
1.02832,0.544931
1.04706,0.454078
1.05276,-0.16099
1.02876,0.413455
1.09183,0.113091
1.00199,0.720692
1.13136,-0.488303
1.06576,-0.13309
0.953639,0.719944
1.16681,-0.659436
1.08446,-0.115114
1.13058,-0.377224
1.05661,0.0622226
1.07221,-0.0447257
1.0176,0.396221
1.11399,0.1534
1.09616,-0.424731
1.14293,-0.318333
1.08786,0.0571604
1.06861,0.152736
1.08124,0.27282
1.07988,-0.127407
1.13505,-0.114268
1.12527,-0.118138
0.948788,1.19855
1.03154,0.300164
1.12501,-0.441167
1.00147,0.577123
1.07341,-0.185302
1.0681,-0.0379991
1.07184,0.0483629
0.964801,0.893693
1.04276,0.184981
0.998051,0.712537
1.12593,-0.586806
1.04072,0.258807
1.09096,-0.22533
1.07414,-0.275299
1.08822,0.0755375
1.12219,-0.354972
1.08634,0.227607
0.972306,0.562429
1.07694,0.363897
1.12016,-0.226005
1.06442,0.0165423
1.03449,0.502288
1.09341,-0.310369
1.07965,-0.0047572
0.987578,0.419282
1.05559,0.0614806
1.04397,0.468328
1.08508,-0.15778
1.06636,0.248404
1.07146,0.071179
1.06935,-0.0664658
1.08213,-0.0683357
1.04975,0.310215
1.06811,-0.0592096
1.00333,0.407299
1.0333,0.575205
1.11471,-0.0602949
1.0168,0.804611
1.05255,0.132473
1.01923,0.411806
1.0893,0.333134
1.10055,-0.310157
1.05707,0.245003
1.00847,0.461743
1.14221,-0.659356
1.11149,-0.332086
1.13804,-0.546318
1.08769,-0.135225
1.00257,0.215059
1.06277,0.309169
1.0874,0.270847
1.08049,-0.171718
1.06936,0.0164861
1.02714,0.355999
1.01094,0.297112
1.00803,0.0507383
1.02495,0.784229
1.05425,0.112333
1.06118,-0.00903525
1.10097,-0.0802195
1.03534,0.254456
1.00795,0.631661
1.1061,-0.340594
1.03723,0.145551
1.05671,0.348343
1.06004,0.271803
1.10831,0.0586684
1.09677,-0.225292
0.983375,0.551969
1.1149,-0.3564
1.02438,0.410238
1.11476,0.118947
1.11128,-0.216364
1.07253,0.356415
1.11156,0.0287983
1.07068,0.263472
1.1302,-0.0381837
1.10272,-0.23451
1.13747,-0.115139
1.02735,0.375969
1.05378,0.388171
1.06681,0.134173
1.08487,0.215067
1.08102,-0.229247
1.13094,-0.319269
1.08445,0.173099
1.09494,-0.12135
1.05962,0.110709
1.06457,0.0437214
1.03899,0.246105
1.03737,0.181576
1.09104,-0.135081
1.10373,-0.42417
1.09042,-0.0946675
1.04647,0.351816
1.02272,0.14882
1.10976,-0.0850585
1.07319,-0.0562312
1.06566,-0.212297
0.989227,0.490056
1.09723,-0.264502
1.08815,-0.0182354
1.17413,-0.427238
1.09262,0.179703
1.03682,0.419557
1.04887,0.427263
1.14076,-0.548725
1.09314,0.0607359
1.05848,0.00957194
1.12995,-0.506254
1.0782,0.0422071
1.05662,0.422654
1.05057,0.407514
1.101,-0.247792
1.07281,0.231965
1.07844,0.23554
1.05482,0.392522
1.1317,-0.332716
0.983467,0.295739
1.11539,-0.155702
1.13851,-0.159589
1.05374,0.491017
1.10526,-0.294664
1.04069,0.0160383
1.0908,-0.168867
1.07936,-0.00574325
0.995876,0.664301
1.06948,-0.124569
1.0786,0.35963
1.05708,0.121551
1.04146,0.282415
1.08512,-0.0087181
1.08552,-0.157707
1.1238,-0.575948
1.13916,-0.555638
1.07884,0.107271
1.06493,-0.00878984
1.04218,0.0229213
1.01509,0.262501
1.06716,0.0646006
1.11075,-0.108479
1.07175,0.121617
1.07138,-0.271687
1.05572,0.194021
1.09272,-0.0369956
1.10946,-0.214903
1.06302,0.0228526
1.02046,0.423272
1.07591,-0.122664
1.10224,0.0203808
1.13642,-0.589891
1.09658,-0.534741
1.11742,-0.115289
1.02605,0.603561
1.09561,-0.029188
1.06358,-0.0137663
1.07301,0.0187154
1.00601,0.6916
1.10635,0.0148673
1.02194,0.422329
1.05873,0.131844
1.10925,-0.13662
1.12258,-0.106515
1.03602,0.439371
1.10668,0.0660265
1.0197,0.455444
1.09429,-0.22301
1.07369,-0.230207
1.09856,-0.128885
1.16696,-0.391411
1.11277,-0.488744
1.00873,0.75575
1.07434,0.0278318
1.0601,0.402259
1.05423,0.373381
1.05047,0.519585
1.13805,-0.194279
1.12002,-0.428507
1.07855,-0.0290395
1.03587,0.206561
1.08508,0.616054
1.03378,0.113091
1.03985,0.277294
1.0441,0.479624
1.09828,-0.096567
1.17062,-0.247738
1.06024,0.0406961
1.03114,0.536545
1.06352,-0.0391162
1.04707,0.451974
1.0646,0.0654631
1.12871,-0.415845
1.06654,0.064778
1.0883,0.0664867
1.11025,0.162561
1.08955,0.0250009
1.08023,0.0822905
1.1256,-0.167436
1.07831,-0.0819819
1.05136,0.0710658
1.10658,-0.247455
1.0437,-0.228698
1.02613,0.48506
1.14054,-0.0754021
1.09139,-0.0846013
1.05775,0.573145
1.13321,-0.298894
1.07251,0.399899
1.18749,-0.832723
1.07116,0.0254049
1.05778,-0.18992
1.0843,-0.0719943
1.11689,-0.201248
1.03953,0.171764
1.10645,-0.0468207
1.04006,0.225971
1.02992,0.539151
1.08725,0.257678
1.05634,-0.173281
1.0996,-0.0613095
1.05832,0.0895948
1.04741,0.0309378
1.04209,-0.114501
1.04793,-0.211025
1.00686,0.473589
1.0593,0.500803
1.13297,-0.156411
1.05931,0.522518
1.07558,-0.0449389
1.08102,0.0216187
1.09694,-0.366982
1.08568,-0.0190961
1.04064,0.237421
1.05302,0.158433
1.09449,-0.113477
1.05316,0.561406
1.1414,-0.586232
1.13453,-0.420452
1.12849,-0.327368
1.09685,0.160471
1.08027,0.0571178
1.07554,0.0242882
1.05228,0.206142
1.03617,0.0728326
1.0666,0.0415177
1.09504,0.00524377
1.11913,-0.404503
1.10716,-0.272355
1.08282,-0.203059
1.0451,0.00173991
1.01043,0.793945
1.10093,-0.370522
1.07963,0.128729
1.08317,-0.0862328
1.05231,0.271611
1.04639,0.368073
1.05853,0.109801
1.04266,0.0206649
1.03747,0.301934
1.02942,0.367036
1.10027,-0.177209
1.05471,0.273279
1.08441,-0.0738718
1.08625,0.00467475
1.12467,-0.737719
1.09423,0.203882
1.00276,0.318424
1.10617,0.160791
1.06158,0.121076
1.09318,0.094446
1.12302,-0.158823
1.06016,-0.173852
1.08818,-0.067081
1.07472,-0.242245
1.07871,0.191858
1.06752,-0.0919801
1.13834,-0.143302
1.13231,-0.731596
0.996363,0.727294
1.09449,-0.193234
1.11595,-0.457814
1.05018,0.379913
1.03398,0.348
1.03286,0.197334
1.12969,-0.477029
1.1671,-0.972563
1.0949,-0.402241
1.10814,-0.256962
1.10763,-0.0809869
1.05502,-0.0729694
1.07132,0.370602
1.03356,0.582471
1.03715,0.652299
1.02324,0.571799
1.06565,0.10854
1.01799,0.328356
1.06693,0.00686521
1.08272,-0.0960793
1.12005,-0.42195
1.06715,0.118942
1.06189,0.449616
1.03922,0.143318
1.14997,-0.322309
0.997909,0.360614
1.06196,0.0135111
1.0996,-0.256196
1.03888,0.212006
1.042,0.210225
1.10839,-0.321989
1.03843,0.0031121
1.06483,-0.016298
1.05586,0.333949
1.14964,-0.209825
1.01384,0.340979
1.04459,0.180267
1.02296,0.597833
1.07744,-0.0271709
1.02965,0.105273
1.06044,0.155087
1.06245,-0.0514308
1.12742,-0.390376
1.096,0.12761
1.07421,-0.000242248
1.08146,-0.0745887
1.0585,0.40474
1.08332,-4.83741e-05
1.05337,0.0334092
1.1203,-0.314592
1.07195,0.280756
1.13639,-0.454635
1.00935,0.414525
1.02946,0.151429
1.06402,0.185044
1.06993,0.417709
1.06735,-0.211436
1.13692,-0.76656
1.09067,0.103953
1.02914,0.141738
1.01782,0.167979
1.06406,0.0825697
1.10552,-0.245435
1.09329,0.0928891
1.08086,-0.103877
1.02755,0.434693
1.08816,-0.226709
1.12476,-0.259151
1.01317,0.3791
1.07364,-0.101595
1.02307,0.578529
1.11781,-0.37135
1.04854,0.287145
1.00668,0.713068
1.08206,-0.152272
0.945587,0.889188
1.02261,0.575522
1.09037,-0.166322
1.07594,0.139918
1.07929,0.104919
1.09259,0.088222
1.05611,0.092856
1.07077,-0.0150159
1.04566,0.485398
1.0857,-0.0704162
1.09396,0.0134098
1.07946,-0.403598
1.0947,0.0854592
1.03377,0.106745
1.05901,0.332366
1.03605,0.5383
1.03959,0.262215
1.08643,0.193204
1.07027,0.193204
1.10727,-0.505951
1.06882,0.0258219
1.02392,0.468843
1.18325,-0.757685
1.04415,0.0136898
1.02684,0.386389
1.12621,-0.607841
1.01032,0.12795
1.11156,-0.138178
1.01674,0.347578
0.995239,0.491316
1.05543,0.075239
1.03641,0.629465
1.08614,0.0555836
1.02889,0.359007
1.04796,0.0763451
1.10656,-0.178853
1.06674,-0.17476
1.14904,-0.725607
1.04664,0.356583
1.06346,-0.0612391
1.09429,-0.293682
1.07349,-0.0516469
1.12769,-0.323388
1.14007,-0.66036
1.0921,-0.420022
1.08831,-0.250836
1.08453,-0.323548
1.10726,-0.0836944
1.04522,0.234297
1.02934,0.421013
1.02724,0.17275
1.07356,-0.413253
1.097,-0.147202
1.06988,0.0472738
1.07689,0.0361416
1.05213,-0.00286256
1.06056,-0.0785774
1.03068,0.241238
1.15649,-0.516763
1.04312,0.214834
1.10415,0.106035
1.03787,0.421595
1.12755,-0.52548
0.997201,0.604294
1.15621,-0.192412
1.07857,0.190449
0.993923,0.684861
1.07391,0.0183397
1.08302,-0.210918
1.038,0.490152
1.04909,0.340819
1.12603,-0.354694
1.00718,0.410574
1.10921,-0.218743
1.06248,-0.0326463
1.07957,0.157536
1.15125,-0.150472
1.03029,0.0894977
1.1159,-0.405344
1.02779,0.49462
0.998304,0.605204
1.07336,-0.0502668
1.07802,0.253091
1.14155,-0.48312
0.99241,0.29545
1.06285,0.271835
1.03147,0.589577
1.10298,-0.366713
1.07186,-0.0635949
1.02496,0.594215
1.08203,-0.163284
1.06248,0.269568
1.12164,-0.278008
1.10151,-0.0411971
1.06471,0.08601
1.09105,-0.0363416
1.10861,0.0465892
1.04143,0.449758
1.12169,-0.386232
1.13485,-0.27215
1.10386,-0.172729
1.03555,0.510808
1.11118,-0.388632
1.07778,0.0407859
1.00032,0.528592
1.06619,0.166794
1.0952,-0.156709
1.12143,-0.565973
1.08491,0.129723
1.00838,0.476775
1.0806,0.0788204
1.07926,-0.0180222
1.06891,0.211434
1.10085,-0.20314
1.04474,0.131719
1.05101,0.263823
1.03156,0.123977
1.04422,0.353075
1.05916,-0.224754
1.09759,-0.2096
1.12637,-0.215341
1.17403,-0.841758
1.13419,-0.170903
1.03051,0.0442127
1.00569,0.739177
1.10062,-0.385278
1.1458,-0.23658
1.11681,-0.149946
1.06226,0.194217
1.14199,-0.137981
1.07665,0.0303372
1.13986,-0.275385
1.13198,-0.446608
1.1071,0.00582492
1.07169,-0.195546
1.03176,0.453846
1.0935,0.0666973
1.14007,-0.489043
1.0689,-0.0498243
1.10913,0.179496
1.04728,0.153812
1.13694,-0.386331
1.17118,-1.03382
0.989837,0.568562
1.04646,0.23153
1.06367,0.176738
1.09308,-0.349152
1.08137,-8.15401e-05
1.06458,0.267724
1.09771,-0.460462
1.05377,0.385412
1.1057,-0.285404
1.09567,-0.0286863
1.09004,0.122173
1.05588,0.235784
1.05407,0.198155
1.12163,-0.288591
1.05091,0.510445
1.09779,-0.0239583
1.04168,0.209478
1.06595,0.152892
1.05215,0.204188
1.02737,0.365372
1.10345,-0.298302
1.03881,0.0953666
1.01119,0.177773
1.12225,-0.359287
1.09974,-0.317538
1.05245,-0.0373734
1.03887,-0.212625
1.11261,-0.356684
1.05882,0.479594
1.0771,0.0171761
1.13407,-0.47077
1.04625,0.451441
1.08485,-0.0241946
1.0859,0.255932
0.985462,0.588284
1.13715,-0.581313
1.00751,0.467767
1.1155,-0.04746
1.06013,0.349764
1.06323,0.201249
1.18761,-0.513877
1.16659,-0.486238
1.07608,-0.181996
1.0702,-0.0749529
1.04671,0.313265
1.07084,-0.33534
0.995165,0.952451
1.09109,0.176661
1.04286,0.422719
1.01745,0.380679
1.09693,-0.0713838
1.08005,0.0481213
1.08742,0.365741
1.02646,0.101554
1.07144,-0.162817
1.05714,0.328376
1.16321,-0.161944
1.07839,-0.287824
1.03266,0.178333
1.03987,0.474864
1.07044,0.205698
1.09561,0.0568221
1.08228,-0.00770688
1.03236,0.0991752
1.04547,-0.0735341
1.07497,-0.192549
1.01251,0.509318
1.05302,0.260928
1.05631,0.556799
1.07629,-0.0382289
1.02369,0.592991
1.05004,0.529763
0.995999,0.562362
1.03443,0.599136
1.11593,-0.178469
1.02654,0.33525
1.04154,-0.0755062
1.10336,0.416841
1.05972,0.119366
1.0449,0.448674
1.07809,-0.257725
1.08099,-0.104468
1.10303,-0.635809
1.07256,-0.103182
1.05864,0.395274
1.01673,0.417956
1.11718,0.0514316
1.1158,-0.237228
1.02858,0.486526
1.05508,-0.0856871
1.05152,-0.0521085
1.09152,-0.19281
0.993513,0.263912
1.04992,0.352478
1.12256,-0.659511
1.13799,-0.330035
1.07989,0.172414
1.12,-0.143465
1.09081,-0.0517107
1.04447,0.343792
1.01549,0.315598
1.04571,0.209837
1.03987,0.070289
1.04281,0.0319459
1.06538,0.274647
1.01924,0.465124
1.10035,-0.374486
1.04683,0.126221
1.08283,0.0142127
1.09701,-0.141932
1.12804,-0.167069
1.094,0.0209179
1.05041,-0.083316
0.967663,0.844574
1.0889,0.0460711
1.01473,0.616558
1.1148,-0.0110325
1.07942,0.300527
1.07724,-0.00934824
1.05416,-0.106968
1.02293,0.63994
1.04019,0.496971
1.14554,-0.357147
1.04542,0.113195
1.01752,0.457803
1.05302,-0.0193585
1.02486,0.554838
1.05068,0.459649
1.12975,-0.0463898
1.08161,0.396638
1.14694,-0.509822
1.13384,-0.186119
1.02054,0.454268
1.08905,0.025063
1.09737,-0.186904
1.03591,0.24802
1.08964,0.00867867
1.18219,-0.497364
1.03751,0.218197
1.04,0.0864955
1.02819,0.783974
1.00193,0.536946
1.11964,-0.164926
1.06345,0.233594
1.02267,0.215849
1.10773,-0.20664
1.05664,0.414087
1.10747,-0.216706
1.11141,-0.00872255
1.05546,0.2198
1.02592,0.665237
1.0604,-0.0693821
1.12138,-0.192091
1.10512,-0.357657
1.07797,0.220004
1.02342,0.0529847
1.08113,0.1256
1.03482,0.36466
1.04195,0.0855183
1.01893,0.588037
1.04208,0.242727
1.07091,0.435505
1.06153,-0.0450222
1.07673,0.150809
0.988436,0.769165
1.06904,0.214023
1.09513,-0.264878
1.03159,0.0637052
1.09799,-0.268119
1.08824,0.202126
1.08455,0.0658104
1.10404,0.0768491
1.03403,0.267254
1.03943,0.295352
1.02904,0.671527
1.06936,0.0123444
1.05731,0.187981
1.00283,0.417433
1.05729,0.571552
1.06339,0.441377
1.06983,-0.0360041
0.958267,1.11454
1.1069,-0.127882
1.02809,0.302999
1.06575,0.0288383
1.09562,-0.281777
1.13246,-0.0705315
1.05528,-0.124699
1.12586,-0.130822
1.06254,0.396462
1.08719,-0.104172
1.05256,-0.150901
1.09669,-0.139068
1.11708,-0.382256
1.06237,0.576411
0.998255,0.832825
1.07794,0.0715959
1.05074,0.0967477
1.00299,0.534803
1.16244,-0.109908
1.02181,0.227998
1.06642,0.187219
1.13824,-0.533312
1.04517,-0.0127185
1.09231,-0.132038
1.04268,0.37676
1.13575,-0.312537
1.00086,0.423809
1.03596,0.307795
1.00153,0.574103
1.05741,0.12037
1.11546,-0.105375
1.00767,0.610198
1.04228,-0.0112456
1.16955,-0.873997
1.1375,-0.467967
1.04056,0.272896
1.06148,0.201402
1.09027,-0.259992
0.994197,0.53445
1.08304,-0.108965
1.14344,-0.155173
1.01071,0.370598
1.12967,-0.338723
1.09917,-0.0538143
1.02334,0.273824
1.04072,0.301415
1.11606,-0.438617
1.14859,-0.495862
0.99744,0.646704
1.02699,0.136357
1.03534,0.407454
1.02473,0.108978
1.04566,0.343628
1.05426,0.430642
1.08841,-0.0886519
1.06269,-0.0247186
1.09666,0.0304442
1.06449,0.584863
1.08901,-0.106434
1.07955,0.27797
1.08879,0.0522942
1.09735,-0.473627
1.03357,0.215702
1.16343,-0.461623
1.06343,0.297657
1.04447,0.279654
1.08665,-0.175688
1.05387,0.122922
1.10379,-0.356538
1.02124,0.459499
1.13575,0.0782283
1.0363,0.380811
1.09878,0.178935
0.983097,0.792443
1.11286,-0.262375
1.10715,0.257441
1.044,0.241773
1.06772,0.191769
1.08321,-0.317102
1.05031,0.327376
0.994142,0.745287
1.03094,0.509197
1.04346,0.415316
1.01019,0.548599
1.0428,0.2796
1.03908,0.508735
0.987637,0.779831
1.03641,0.326849
1.04076,0.325332
0.998274,0.444341
1.10544,0.116012
1.06893,-0.0533884
1.02023,0.44532
1.07575,-0.180909
1.05788,0.187622
1.08028,-0.182111
1.08678,-0.0558275
1.04433,0.352168
1.09955,-0.180488
1.09108,-0.354734
1.13044,-0.299746
1.16373,-0.526435
1.04768,0.0572182
1.07896,0.0124804
1.06663,0.224146
1.04864,-0.0338382
1.05017,0.143989
1.05404,0.301631
0.948355,1.20168
1.02142,0.417215
1.05418,0.166247
1.12292,-0.297534
1.07608,-0.0731836
1.07325,-0.336553
1.0231,0.20755
1.03078,0.144875
1.03699,0.0405672
1.02743,0.16058
1.02645,0.429266
1.08512,0.251291
1.02432,0.321054
0.986591,0.781439
1.1205,-0.27115
1.08988,0.00680522
1.08348,-0.0586041
1.05248,-0.0398078
1.03734,0.090038
1.0439,0.173466
1.15505,-0.263099
1.12956,-0.291249
1.07185,-0.27855
1.11648,-0.425101
1.03457,0.547626
1.12786,-0.329562
1.04882,0.142893
1.14557,-0.195184
1.07543,0.0697643
1.10177,-0.00529271
1.07761,0.0270063
1.10628,-0.355117
1.10063,-0.124381
1.07652,-0.0888393
1.07716,-0.109232
1.03693,0.249839
1.10302,-0.120354
1.09687,-0.033494
1.14932,-0.536179
1.04652,0.391884
1.00661,0.275392
1.07705,-0.0433759
1.0535,0.340283
1.05128,-0.184738
1.02706,0.785962
1.10347,-0.168856
1.05386,0.0658134
1.12331,0.342137
1.02989,0.501217
1.04923,0.212281
1.07324,-0.0264162
1.07582,-0.102422
1.08884,0.152898
1.08526,-0.148548
1.03626,0.219023
1.12327,-0.0658276
1.10306,-0.14495
0.963827,0.64608
1.12485,-0.224721
1.05088,0.0800862
1.10591,-0.16317
1.08683,-0.0891353
1.11903,-0.20485
1.04348,0.255224
1.05651,0.324975
1.02769,0.160586
1.06831,0.186236
1.00886,0.42743
1.08573,0.099314
1.15928,-0.473531
0.991918,0.55015
1.07425,-0.067486
1.0753,0.189827
1.09237,-0.113713
1.10468,-0.0295308
1.13733,-0.288725
1.05409,0.403265
1.04926,0.356364
1.04782,0.221083
1.08067,0.00825651
1.19991,-0.929579
1.16389,-0.294932
1.09994,-0.242229
1.0826,-0.178646
1.11993,-0.20782
1.11389,-0.408362
1.17614,-0.592611
1.12249,-0.243941
1.11486,-0.281068
1.07613,-0.177093
1.11404,-0.384182
1.05485,0.340271
1.04768,0.348991
1.0914,0.194574
1.07057,0.0260907
1.02396,0.237242
1.11795,-0.0475
1.08645,0.0172586
1.12126,-0.671794
1.03029,0.0939947
1.06161,0.344926
1.13169,-0.145766
1.05086,0.00627651
1.07631,0.13399
0.990366,0.651355
1.06369,-0.0561607
1.16728,-0.284823
1.12805,-0.362171
1.03649,-0.00345357
1.11467,-0.23609
0.953306,1.14124
1.05962,0.493978
0.987784,0.69311
1.04875,0.106359
1.05622,0.435621
1.11629,0.0334844
1.11164,-0.0371197
1.02545,0.45959
1.06128,0.0147224
1.04164,0.31258
0.989323,0.759717
1.05686,0.461312
1.08136,0.0403559
1.07069,0.135958
1.10233,-0.172029
1.11695,-0.161519
1.08292,0.151535
1.03027,0.209533
1.08292,0.123805
1.09504,-0.0588116
1.08229,0.154363
0.908476,0.991518
1.08174,0.104774
1.07755,0.0665854
1.10767,0.0046103
1.06938,0.211409
1.08031,-0.168686
1.07258,0.594824
1.04615,0.344882
1.04022,0.25904
1.00959,0.394621
1.06497,0.32223
1.05113,0.322148
1.09877,-0.226387
1.01295,0.463281
1.14118,-0.333921
1.07284,-0.0284955
0.98093,0.394237
1.07208,0.461664
1.12248,-0.475121
1.04891,0.206141
1.10148,-0.152372
0.982717,0.938873
1.15102,-0.08829
1.10726,-0.0876516
1.08338,0.0428792
1.08257,0.226902
1.05843,0.358965
1.04947,0.287452
1.07676,-0.226701
1.05461,-0.15756
1.09419,-0.0419713
1.11465,0.0211018
1.10235,0.109328
1.11363,-0.555418
1.03084,0.229848
1.06371,0.0301732
1.03959,0.360798
1.08639,-0.015864
1.03003,0.252797
1.1029,-0.30453
1.03089,0.438182
1.10705,-0.138632
1.11076,0.138673
1.05715,0.00481355
1.13334,-0.401402
1.03218,0.645985
1.04901,0.332119
1.06921,-0.0630865
1.0037,0.341626
1.08955,0.0960003
1.03545,0.33009
1.04643,0.339941
1.06998,0.163738
1.04266,0.101457
1.04877,0.303479
1.13614,-0.450343
1.09059,-0.0733212
1.07314,0.111787
1.09355,-0.232954
1.07647,0.256946
1.01636,0.416511
1.05341,0.330884
1.12303,-0.151768
1.0263,0.30569
1.07074,-0.151901
1.09862,-0.0813026
1.0404,0.203984
1.07385,0.110086
1.07293,0.0546411
1.13176,-0.0382612
1.05161,0.0968926
1.09985,-0.146891
0.953139,0.925257
1.03097,0.146185
1.12217,-0.146039
1.10465,0.0439728
1.08853,0.150363
1.08578,-0.213331
1.10142,-0.0529377
1.12234,-0.224045
1.07915,0.216684
1.12069,-0.286938
1.10577,-0.169385
1.10426,-0.128047
1.1317,-0.488104
1.11011,-0.417201
1.05688,0.388855
1.15238,-0.346309
1.09782,0.0201834
0.999587,0.545138
1.03214,0.227067
1.05006,0.311225
1.05247,0.289675
1.1196,-0.368127
1.09552,-0.0865891
1.03103,0.674707
1.08125,-0.312822
0.987553,0.714015
1.13709,-0.424357
1.10222,-0.217105
1.08303,0.116868
1.04639,0.0753192
1.07799,-0.0516213
1.08756,-0.136223
0.995752,1.00221
1.03424,0.171747
1.12335,-0.417245
1.05649,0.24154
1.0902,0.0416996
1.10921,-0.32086
1.01899,0.772229
1.07584,0.175617
1.06568,0.168083
1.08786,0.370337
0.981708,0.396319
1.0574,-0.246306
1.03804,0.448053
1.09169,0.171933
1.08933,0.0627839
0.934522,1.26284
0.964076,0.821627
1.11384,-0.228126
1.12876,-0.0994643
1.04439,0.30764
1.10884,-0.428712
1.00429,0.436403
1.08603,-0.0862042
1.02911,0.624826
1.11288,-0.287516
1.03936,0.60138
1.00952,0.291322
1.09118,-0.0902254
1.08321,0.0158497
1.07606,0.0399228
0.957921,0.607139
1.05392,0.433068
1.12305,-0.000710804
1.029,0.233567
1.04613,0.469706
1.0489,0.300084
1.08077,-0.191661
1.04451,0.159121
1.05797,0.0680884
1.09481,-0.287015
1.06662,0.421387
1.05388,0.268233
1.0076,0.481436
1.10884,-0.174445
1.02595,0.701802
1.1455,-0.0911332
1.08904,0.0362181
1.08539,0.133892
1.12947,-0.192291
1.03257,0.3904
1.07426,-0.131773
1.03853,0.00126782
1.11571,-0.247143
1.10484,0.0267546
1.06198,0.460061
1.13218,-0.290723
1.12934,-0.174999
1.10746,-0.0613865
1.09086,-0.144997
1.09285,-0.35778
1.02523,0.555008
1.09387,0.0940388
1.06599,0.206267
1.09272,-0.127935
1.02901,0.288177
1.07461,0.0389863
1.05603,0.0152835
1.07691,0.127809
1.0403,0.355861
1.09659,-0.395982
1.07766,-0.180573
1.11214,-0.461144
1.08357,0.1109
1.0797,0.0833739
1.06255,0.338214
1.0805,0.0795477
1.15021,-0.018692
1.07507,-0.0927436
1.05814,0.387977
1.01605,0.479041
1.07714,-0.00535999
1.14986,-0.487216
1.08818,-0.0113242
1.06829,0.0846908
1.11682,-0.242564
1.10426,-0.361619
1.05101,0.18958
1.09519,-0.296151
1.09106,0.163426
1.08718,-0.0538279
1.05113,0.380303
1.02108,0.164359
1.07108,0.248092
1.10003,-0.131079
1.04842,0.177695
1.10757,-0.0740113
1.05727,0.250609
1.04392,-0.00856201
1.12227,-0.17892
1.02641,0.172129
1.10866,-0.217779
1.0959,-0.103687
1.14998,-0.578473
1.07957,-0.193334
1.03964,0.286933
1.05904,0.0489475
1.13742,-0.34672
1.01173,0.430458
1.08156,0.0198567
1.03596,0.00626879
1.08691,0.107239
1.1336,-0.0864636
1.11055,-0.457362
1.0242,0.497158
1.07546,0.236615
1.11407,-0.132087
1.10491,-0.126397
1.07003,-0.0115605
1.03638,0.525034
0.985521,0.531216
1.0298,0.307787
1.11231,-0.284512
1.11061,0.13602
1.06897,0.149735
1.093,0.0656292
1.09344,-0.172963
1.0223,0.164749
1.03269,0.605375
1.05817,0.239847
1.07084,-0.231233
1.04653,0.158986
1.01764,0.388174
1.05582,0.37847
1.08693,0.292724
1.03202,0.370333
1.10613,-0.0532853
1.08676,-0.288341
1.11966,-0.316237
1.01715,0.676058
1.15284,-0.936891
1.11069,0.0580745
1.06448,0.387883
1.05802,0.200829
1.05456,0.375395
1.11146,-0.185796
1.17458,-0.756957
1.05867,0.00885567
1.02343,0.406429
1.03259,0.195455
1.11562,0.0250379
1.07343,0.138036
1.05324,0.427728
1.06629,-0.00250908
1.05634,0.36474
1.16481,-0.477265
1.08296,-0.0460707
1.03269,0.292292
1.11659,0.18152
1.10989,0.0272923
1.06233,-0.0170177
1.05433,0.451551
1.03175,0.196893
1.05505,0.377876
1.09566,-0.232685
1.00479,0.415749
1.07343,-0.223859
1.08693,0.0589429
1.0676,0.108247
1.06927,-0.0343697
1.16278,-0.609183
1.11344,-0.444039
1.12552,-0.297245
1.09605,-0.0863309
1.04226,0.290479
1.04076,0.211963
1.12426,-0.0267639
1.08011,0.320464
0.995978,0.322166
1.05928,0.162849
1.02003,0.347116
1.0285,0.227633
1.05404,0.0624027
1.02025,0.276851
1.06395,-0.130302
1.10771,-0.23085
1.10295,-0.0574193
1.08625,-0.0951414
1.06475,-0.236281
1.08352,-0.0463668
1.04916,0.37901
1.04012,0.0747338
1.086,-0.184411
1.02192,0.261457
1.09892,0.203765
1.04834,0.2506
1.05217,0.101042
1.05955,0.236306
1.04884,0.159514
1.13605,-0.408071
1.07847,-0.22012
1.07335,-0.369407
1.11538,0.0733964
1.12975,-0.39124
1.12082,-0.241248
1.0793,-0.107819
1.0635,0.331561
1.11102,-0.00289001
1.07266,-0.190578
1.00144,0.71229
1.07677,-0.176243
1.06928,0.176289
1.0831,0.010906
1.01444,0.191366
1.11463,-0.183216
1.06218,0.407496
1.11911,-0.402488
1.06978,-0.0407124
1.00526,0.599461
1.09763,-0.209127
1.02388,0.701669
1.05045,0.0265774
1.05765,0.140094
1.11198,-0.148929
1.14303,-0.336354
1.01341,0.289666
1.10831,0.0495704
1.06855,-0.0939135
1.08071,0.135709
1.12573,-0.221909
1.06083,0.0266159
1.12196,0.0374555
1.18103,-0.83282
1.10008,0.0607701
1.03642,0.157559
1.0994,-0.248123
1.05074,0.101036
1.05275,0.314943
1.05226,0.224101
1.00455,0.68116
1.11131,-0.28685
1.07507,0.125413
1.08125,-0.130926
1.16978,-0.64774
1.09117,-0.0148627
1.05033,0.29384
1.17074,-0.30252
1.07433,-0.106244
1.09573,-0.573406
0.994767,0.747634
1.04561,0.0815235
1.07822,-0.121107
1.08756,0.169302
1.03095,0.570707
0.998026,0.307226
1.09475,0.195802
1.10619,0.0932958
1.11653,-0.468546
1.08388,0.00522233
1.09423,0.022981
1.0074,0.368432
1.09189,-0.0373968
1.05357,0.0845514
1.09275,0.0774986
1.005,0.413984
1.00421,0.462788
1.04885,0.093599
1.134,-0.327245
1.05688,0.30695
1.13711,-0.286872
1.02025,0.633785
1.05634,0.165792
1.06272,0.246679
1.07214,0.43451
1.11455,-0.0935896
1.02905,0.102681
1.07288,0.57035
1.09782,-0.0945451
1.04355,-0.00748084
1.08137,0.0800529
1.06353,0.359256
1.05076,0.390656
1.06452,0.186607
1.06418,0.00579017
1.05652,-0.0391529
1.06565,0.0454452
1.11176,-0.268219
1.03013,0.566028
1.03703,0.581835
1.10232,0.0837104
1.06513,0.0533877
1.097,-0.179465
1.03606,0.298393
1.01097,0.457916
1.15069,-0.372602
1.02876,-0.0390646
1.1123,-0.528015
1.02718,0.452821
1.07563,0.178094
1.15295,-0.677288
1.13702,-0.431837
1.07189,0.169763
1.07678,-0.0675291
1.02798,0.114612
1.08191,-0.126172
1.09177,0.0978064
1.09592,0.0366689
1.13856,-0.192422
1.12113,-0.508267
1.09511,-0.287901
1.04959,0.224986
1.15771,-0.268593
1.04248,0.32644
1.06963,-0.09621
1.06186,-0.0536757
1.13191,-0.479012
1.09382,0.199423
1.02989,0.558245
1.13721,-0.541328
1.05071,0.286277
1.15159,-0.506901
1.05448,-0.265277
1.12806,-0.317109
1.07982,-0.177892
1.07773,0.168276
1.05619,0.299441
1.1245,-0.554945
1.09689,-0.308145
1.05232,0.0291256
1.09414,0.00943064
1.07312,0.129643
1.08447,0.0535571
1.00919,0.173373
0.993229,0.588539
1.08149,-0.143408
1.17006,-0.647936
1.12191,-0.131441
1.16136,-0.230531
1.01992,0.361637
1.00965,0.697154
1.11694,-0.131939
1.13172,-0.49698
1.02404,0.43528
1.07882,0.0323774
1.077,0.0778421
1.11316,-0.0738754
1.08436,-0.176734
1.04865,0.296461
1.02826,0.71754
1.10304,-0.324698
1.17307,-0.58651
1.05119,0.241875
1.07745,0.147654
1.08806,-0.0613859
1.036,0.251044
1.10214,-0.282227
1.05852,0.15747
1.05582,0.283229
1.11156,-0.0405152
1.05856,0.321694
1.0904,0.161037
1.08325,0.172226
1.06147,0.0648658
1.02874,0.685686
1.10404,0.36421
1.03685,0.327615
1.09975,0.0497751
1.11373,-0.337388
1.15478,-0.593507
1.03057,0.0568214
1.07426,0.389251
1.07457,-0.203527
1.10303,0.2231
1.0748,0.0620415
1.07781,-0.399971
1.11506,-0.311914
1.04961,-0.105238
1.11025,0.0122757
1.13835,-0.43416
1.07456,0.0513557
1.09392,0.071914
1.02677,0.322105
0.962802,1.05109
1.08864,0.0629413
1.10511,-0.00195998
1.00278,0.588384
0.997671,0.439428
1.02807,0.138153
1.08809,0.104054
0.994288,0.418077
1.03332,0.222025
1.05799,0.0081369
1.01442,0.476736
1.03509,0.455815
1.11854,-0.16152
1.06705,0.103213
1.00953,0.420043
1.07848,-0.220154
1.0455,0.336579
1.01788,0.156915
1.09376,-0.0178864
1.12488,-0.481371
1.04211,0.121503
1.01589,0.425453
1.1051,-0.342266
1.02656,0.188423
1.08741,-0.210814
1.12458,-0.543158
1.07231,-0.0771719
1.07093,0.114141
1.11317,-0.0388264
1.0368,0.0721738
1.11743,-0.120223
1.02716,0.650206
1.02324,0.372519
1.00551,0.594862
1.05022,0.532755
1.10723,0.0485426
1.04522,0.236498
1.13157,-0.302191
1.02624,0.348965
1.15717,-0.306917
1.08035,-0.0863025
1.08042,0.0183556
1.07864,0.0652632
1.04068,0.732502
1.1305,-0.31944
1.09744,-0.0382835
1.0768,0.30955
1.02219,0.220885
1.05783,0.305746
1.0715,-0.246407
1.0929,0.24018
1.08918,0.188176
1.04973,-0.0140044
1.0475,0.202634
1.07005,0.180485
1.07729,0.0703798
1.11006,-0.311338
1.14537,-0.609526
1.00068,0.228282
1.03648,0.343646
1.09539,-0.476941
1.05939,0.181633
1.11449,-0.548963
1.02661,0.268835
1.09052,0.252912
1.11837,-0.301526
1.08229,-0.0744205
1.06683,-0.120274
1.01134,0.49574
1.06057,0.0916856
1.07387,-0.00544969
1.04388,-0.0176421
1.05174,0.386275
1.11126,-0.348806
1.0975,0.0231134
1.00712,0.580691
1.0957,0.0128491
1.09236,-0.128487
1.04502,0.136646
1.04183,0.0528547
1.03727,0.418602
1.13628,-0.225198
1.20204,-1.0673
1.06951,-0.219773
1.05574,0.0409862
0.993085,0.842076
1.01588,0.7296
1.0711,0.0232643
0.985096,0.592356
1.12264,-0.439677
1.12622,-0.0283145
1.05206,0.19365
1.09285,-0.15606
1.08174,0.0238363
1.09955,-0.178336
1.04619,0.226801
1.08816,-0.259204
1.10758,-0.0170523
1.02637,0.191856
1.12881,-0.629686
1.10969,-0.472095
1.1134,-0.00257648
1.06311,0.253191
1.12148,-0.355708
1.0668,-0.254595
1.09731,0.0347709
1.07963,0.212239
0.986662,0.507108
1.17085,-0.575146
1.02281,0.58411
1.11157,-0.237398
1.06139,0.197353
1.00341,0.466024
1.06076,0.192879
1.10781,-0.0408031
1.03807,0.671549
1.08998,-0.198331
1.13125,-0.44521
1.11729,-0.500795
1.05912,-0.0734062
1.09769,-0.132651
1.02356,0.591346
1.11378,-0.360396
1.03163,0.452345
1.06656,-0.0510425
1.12155,-0.265338
1.10189,-0.0215306
1.09841,-0.0629231
1.01557,0.340924
1.06519,0.0321274
1.15572,-0.101873
1.06506,0.230174
1.08612,-0.08749
1.1316,-0.464422
1.0429,0.253355
1.08653,-0.113606
1.08468,-0.000201621
1.04487,0.150503
1.00424,0.968306
1.09862,0.133755
1.1102,-0.128397
1.06489,-0.0984732
1.14052,-0.385113
1.03362,0.408807
1.09212,-0.256366
1.0494,0.463013
1.13007,-0.288772
0.992168,0.637025
1.10023,-0.115068
1.07163,-0.153303
1.02308,0.411536
1.0839,-0.0898379
1.04203,0.217838
1.09022,-0.248993
1.03166,0.32489
1.08448,-0.128972
1.02537,0.380989
1.07055,-0.206321
1.01082,0.316289
1.04907,0.170232
1.08949,-0.394946
1.06723,0.236685
1.0889,-0.0035194
1.04705,0.155991
1.05361,0.294749
1.052,0.306263
0.99062,0.402596
1.13197,-0.100181
1.04095,0.417101
1.07228,0.301815
1.10729,0.062031
1.11048,-0.0135979
1.02747,0.299732
1.04482,-0.118104
1.05065,0.0798572
1.11116,-0.159025
1.0792,0.12088
1.01536,0.305396
1.01918,0.575824
1.10397,0.118486
0.991292,0.356734
1.1463,-0.593123
1.05772,0.0096768
1.02218,0.0202487
1.04886,0.0878268
1.13989,-0.238167
1.04333,0.274039
1.06155,-0.0581199
1.03517,0.303548
1.13323,-0.317594
1.11409,-0.244699
1.11928,-0.46427
1.0412,0.2278
1.08116,0.0046293
1.10806,0.0742229
1.07823,0.0825717
1.04782,0.423602
1.07444,0.0920794
1.06131,-0.0518149
1.06667,0.531167
1.05462,0.100269
1.04357,0.369432
1.00946,0.367823
1.07876,-0.0225038
1.12113,0.0221335
1.1013,0.309144
1.03505,0.507651
1.09418,0.118002
1.09978,-0.0580563
1.07757,-0.0437126
1.09416,-0.0271273
1.14206,-0.342761
1.12391,-0.561683
1.05773,-0.109146
1.07703,-0.329688
1.03934,0.135599
1.06054,0.321078
1.07128,-0.0334937
1.04503,0.391792
1.07936,0.0389911
0.989707,0.704153
1.04843,0.215095
1.1112,-0.115415
1.04181,0.603052
1.03001,0.64674
1.00725,0.408518
1.02008,0.424254
1.16725,-0.710179
1.02008,0.321967
1.07596,0.177959
1.14679,-0.345767
1.10154,-0.109264
1.06342,0.207351
1.05269,0.375096
1.03654,0.311457
1.14457,-0.594701
1.07837,0.0326788
1.077,-0.0352933
1.07939,-0.0683662
1.09304,0.180483
1.08464,0.370641
1.13531,-0.239073
1.04698,0.272215
1.08214,-0.157805
1.11671,-0.601073
1.0961,-0.274705
1.07759,-0.281945
1.11789,-0.411438
1.10194,-0.128272
1.14461,-0.448882
1.07043,-0.25969
1.04671,0.399327
1.10535,0.0693017
1.0401,-0.149057
1.04075,0.281156
1.12411,-0.366668
1.10323,-0.00275929
1.12545,-0.5344
1.09381,-0.0992524
1.01936,0.291039
0.967766,0.726045
1.01455,0.58145
1.11946,-0.477416
1.03988,0.121988
1.04777,0.0596667
1.1028,-0.180129
1.10967,-0.242485
1.01687,0.207629
0.974076,0.781292
1.06567,0.00619118
1.11931,-0.43243
1.09119,0.0741264
1.06542,-0.0839269
1.04669,0.174871
1.1347,0.0835132
1.0681,0.0721041
1.0081,0.619491
1.07333,0.0761736
1.04588,0.658548
1.0254,0.539342
1.06039,0.0611886
1.08844,0.0926119
1.13648,-0.367183
1.09991,-0.155847
1.02537,0.262404
1.08267,-0.282785
1.12492,-0.203486
0.99997,0.210261
1.00972,0.288382
1.02362,0.160433
1.14158,-0.171006
1.08447,-0.18715
1.09206,-0.11376
1.05919,0.0778238
1.11241,-0.503541
1.01446,0.649662
1.09579,-0.136007
1.11213,-0.270847
1.12627,-0.0970784
1.0651,0.0180443
1.02572,0.760858
1.074,-0.113637
1.06735,0.060872
1.14906,-0.707032
1.0651,0.413044
1.08361,0.136141
1.00977,0.474996
1.05389,0.253139
1.05152,0.243849
1.0654,-0.212488
1.02918,0.412355
1.10559,-0.104053
1.1035,-0.100498
1.13711,-0.256361
1.0279,0.304312
1.1096,-0.2973
1.17324,-0.826465
1.14169,-0.176636
1.09036,-0.254861
0.99506,0.388715
1.0714,-0.0864964
1.11885,-0.143565
1.11125,-0.23442
1.02007,0.437887
1.12865,-0.357478
1.05873,-0.113386
1.0263,0.209176
1.12315,-0.169471
1.09812,0.0633788
1.02856,0.431156
1.01977,0.351302
1.01621,0.492105
1.06557,0.0557816
1.12321,-0.456817
1.0811,-0.106487
1.12804,-0.634197
1.10487,0.315014
1.11019,-0.249638
1.04374,0.182436
1.08643,0.207968
1.1031,0.0796183
1.03559,0.340114
1.08745,-0.165964
1.02749,0.35017
0.988107,0.348781
1.12815,-0.319013
1.0016,0.428467
1.04476,0.205342
1.12979,-0.261019
1.08127,0.41504
1.08611,-0.249584
1.0754,0.15719
1.10877,-0.287394
1.09607,-0.0562243
1.02035,0.432837
1.1222,-0.360421
1.02434,0.722506
1.16062,-0.390274
1.03527,0.408053
1.15194,-0.185673
1.0415,0.420307
1.069,-0.0362573
1.12763,-0.427924
1.14492,-0.345273
1.08968,0.173536
1.08001,0.123044
1.09983,-0.455919
1.03687,0.450492
1.06433,0.394245
1.03063,0.373242
1.10525,0.0348824
1.06224,0.194559
1.08349,0.0642456
1.03722,0.229128
1.06994,0.10477
1.07758,-0.0304788
1.11683,-0.284027
1.08197,-0.321551
1.04161,0.515963
1.0671,-0.0080092
1.07249,0.185369
1.13683,-0.127311
1.04795,0.549458
1.1319,-0.311836
1.06312,0.0972267
1.11757,-0.0454568
1.06724,-0.355135
1.03567,0.527074
1.07888,-0.160136
1.15502,-0.425836
1.08069,-0.0905445
1.11258,-0.0165773
1.10927,-0.211736
1.11708,-0.216965
1.11746,-0.399727
1.09429,-0.103189
1.03442,0.143968
1.0479,0.444474
1.16234,-0.543242
1.03416,0.432511
1.12572,-0.0787331
1.01998,0.34841
1.03212,0.572432
0.992577,0.839437
1.05578,-0.155419
1.04702,0.569486
1.05312,0.393602
1.06854,0.0524015
1.08544,-0.0437111
1.1046,-0.327751
1.05022,0.364723
0.985088,0.708211
1.06226,-0.280043
1.06107,0.100725
1.09499,-0.316331
1.14014,-0.0754577
1.1007,-0.225882
1.13187,-0.377638
1.05267,0.407488
1.06098,-0.0616128
0.961283,0.563639
1.12803,-0.505588
1.07511,0.0775372
1.12541,-0.155369
1.07764,0.0452558
1.01097,0.622199
1.0766,-0.106079
1.03359,0.240109
1.06845,-0.26411
1.03366,0.29079
1.10335,-0.299069
1.04988,0.181025
1.10712,-0.406082
1.02821,0.514081
1.04574,0.125978
1.07204,0.102868
1.11124,0.317873
1.03302,0.630454
1.04577,0.171373
1.08591,-0.420805
1.0468,0.301457
1.1198,-0.172726
1.07761,-0.0643322
1.10241,-0.270969
1.17359,-0.485687
0.988539,0.508045
1.06414,0.163339
1.10179,-0.00612065
1.0564,-0.0353937
1.04922,0.661017
1.13305,-0.0520742
1.05417,0.128269
1.06031,-0.0101412
1.05702,0.198158
1.00995,0.615106
1.07953,0.287108
1.0905,0.0335815
1.03434,0.364567
1.07224,0.0286575
1.09429,0.00414821
1.10142,0.175276
1.18282,-0.747588
1.05616,0.179367
1.04326,0.281689
1.07111,0.04944
1.08047,0.11542
1.0211,0.499672
1.12104,-0.513037
1.10613,-0.113525
1.11789,-0.269764
1.09741,-0.181065
1.05858,-0.0359517
1.08521,0.133658
1.09899,0.228459
1.03811,0.212319
1.06728,0.280347
1.09611,-0.213425
1.05507,0.366656
1.06546,0.214328
1.02954,0.345909
1.04619,-0.0404747
1.1199,-0.0199504
1.06652,-0.189415
1.05705,0.056328
1.07862,0.112786
1.07297,0.0378369
1.11275,-0.100999
1.07823,0.314273
1.09465,-0.260745
1.05249,0.36024
1.11511,-0.207768
1.02316,0.64737
1.10676,-0.213399
1.05993,0.0956688
1.05677,0.179581
1.17069,-0.467349
1.07018,0.325986
1.08603,0.147727
1.07437,0.347032
1.12666,0.0164533
1.08081,-0.0291947
1.03289,0.340734
1.06621,0.267887
1.08392,0.119362
1.04471,0.395012
1.00452,0.63681
1.0639,0.241705
1.03473,0.298952
1.0724,-0.219129
1.10332,-0.123129
1.10542,0.120635
1.07857,0.0347239
1.0368,0.375666
1.10433,0.242461
1.01823,0.376305
1.11244,-0.0180462
1.11803,-0.166436
1.05084,0.223521
1.00892,0.597851
1.08433,-0.227523
1.13592,-0.427254
1.06554,0.000923175
1.02371,0.564769
1.03282,0.383829
1.14307,-0.958557
1.07623,0.244038
1.09977,-0.204814
1.03762,0.23597
1.14643,-0.367213
1.03827,0.352481
0.980225,0.464178
1.04321,0.180393
1.08502,-0.0547361
1.05326,0.30216
1.03652,0.428891
1.11035,-0.136735
0.987908,0.357149
1.07732,-0.134181
1.1381,-0.590338
1.0643,0.129783
1.11354,-0.0816794
1.06662,0.201264
1.05263,0.191025
1.10189,0.0302355
1.01446,0.392238
1.04945,0.36214
1.08606,0.100678
1.02812,0.559411
1.10235,-0.316243
1.06201,0.018633
1.00794,0.781013
1.03242,0.398248
1.1186,0.161142
1.06218,0.3429
1.04371,0.14401
1.14987,-0.571373
1.03915,0.0244631
1.11435,-0.242266
1.00899,0.325254
1.03286,0.560146
1.03692,0.215937
1.05755,0.312131
1.08667,-0.340068
1.10587,-0.0886788
1.14166,-0.149784
1.07101,-0.147626
1.03754,0.531827
1.05159,0.349143
1.04343,0.333483
1.00159,0.888237
1.03646,0.667556
1.12346,-0.362776
1.0666,0.387266
1.1209,-0.326582
1.03349,0.595067
1.09734,-0.278217
1.07973,-0.185575
1.0458,0.3734
1.04019,0.243946
1.08363,-0.251327
1.09407,-0.00665772
1.07488,-0.113671
1.05909,-0.0728316
1.13048,-0.226484
1.05282,0.142524
1.08587,0.0315726
1.11302,-0.370036
1.05068,0.512534
0.991458,0.337598
1.07403,0.390796
1.09129,0.236058
1.07726,0.00665346
1.0564,0.0882985
1.0713,-0.136176
1.09743,-0.351878
1.08413,-0.206735
1.07836,-0.00842295
1.08762,0.00711948
1.05984,0.212912
1.05474,0.406734
1.09041,0.0522099
1.02589,0.459872
1.09211,-0.0700276
1.1022,-0.39814
1.02402,0.252554
1.03873,0.319528
1.02971,0.0369336
1.04614,0.76479
1.00619,0.431764
1.07478,0.0718605
1.0425,0.0975837
1.10184,0.214675
1.06243,0.364337
1.0492,0.455781
1.08713,0.186289
1.07787,-0.168291
1.05354,0.208424
1.08798,0.044268
1.12863,-0.533532
1.03082,0.0531973
1.0915,-0.131259
0.992496,0.438418
1.02297,0.170016
1.02708,0.197471
1.15734,-0.572636
1.06977,-0.286015
1.13964,-0.765293
1.05958,0.317076
1.07755,0.00110963
1.10476,-0.139008
1.07825,0.107038
1.091,-0.034174
1.08488,-0.0501843
1.06816,-0.18535
1.11987,-0.0721609
1.03668,0.356134
1.03425,0.419961
1.06689,0.0370563
0.993181,0.628651
1.18024,-0.657249
1.13168,-0.337928
1.10831,0.108867
1.05739,-0.0256367
1.16065,-0.616874
1.126,-0.515431
1.06694,0.286428
1.10336,-0.298816
1.10012,0.0301225
1.04864,0.32759
1.09073,0.0925298
1.10535,-0.183357
1.05319,0.122326
1.02835,0.312328
1.09924,0.126908
1.06138,0.304171
1.04344,0.245469
1.13398,-0.215524
1.07169,0.145184
1.01316,0.480191
1.10947,-0.256714
1.08078,-0.137595
1.0881,-0.178945
1.05423,0.0961024
1.08117,-0.0926512
1.08184,0.0560319
1.06616,0.00968026
1.07523,0.00880074
1.0368,-0.0295373
0.989918,0.75329
1.12557,-0.581519
1.05011,0.0584519
1.08958,0.0489569
1.05644,-0.0925068
1.06582,0.496454
1.05703,0.216743
1.03633,0.396865
1.12563,-0.268601
1.13396,-0.471017
1.04811,0.259764
1.11098,-0.40572
1.02074,0.935773
1.05077,0.214048
1.02801,0.670881
1.1296,-0.132225
1.01604,0.454659
1.05566,-0.162018
1.08289,-0.103716
1.09238,-0.140732
1.03428,0.541332
1.06595,0.0884514
1.0974,-0.1791
1.12736,0.0284292
1.1297,-0.114849
1.0671,0.136458
1.14092,-0.105702
1.07183,-0.00827123
1.11918,-0.0394003
1.13539,-0.39183
1.07332,0.106781
0.993336,0.680973
1.04566,0.303271
1.00803,0.193782
1.05865,-0.162681
1.08704,-0.0902417
0.987701,0.796638
1.0147,0.557746
1.06757,0.16887
1.07109,0.185338
1.13086,-0.0986692
1.06355,0.391206
1.09393,-0.0482602
1.0703,-0.0268413
1.00794,0.492405
1.0776,0.0870601
1.00358,0.561859
1.14708,-0.552551
1.05433,0.291607
1.15511,-0.688646
1.03495,0.0591287
1.07281,0.103427
1.08914,0.128566
1.04699,-0.0335391
1.093,0.0328458
1.13798,-0.596036
1.1099,-0.360542
1.08451,-0.0890025
1.06725,-0.0145863
1.09202,-0.0260634
1.09368,0.0083212
1.06173,-0.149232
1.06309,-0.1196
1.04422,0.265903
1.09314,-0.21108
1.07031,0.295332
1.0686,0.255871
1.10182,-0.12415
1.12625,-0.229973
1.12306,-0.549196
1.058,0.23443
1.08758,-0.313382
1.08959,-0.579384
1.04326,0.18851
1.01796,0.508207
1.04519,0.0732587
1.09632,-0.00532361
1.01696,0.281514
1.1133,-0.0395172
1.11222,-0.406264
1.01257,0.39852
1.08751,-0.111636
0.998078,0.467503
1.13666,-0.435358
1.11965,-0.222315
1.12504,0.123553
1.08765,0.214804
1.08414,0.253595
1.06993,0.00181081
1.07458,-0.0953043
1.05797,0.502151
1.10289,-0.162627
1.01532,0.517374
1.07948,0.168513
1.06359,-0.118423
1.13199,-0.147491
1.08861,-0.0520928
1.01173,0.587384
1.12547,-0.592373
1.05204,-0.0363858
1.11909,-0.316828
1.12611,-0.0436297
1.02617,0.626394
1.05228,0.088299
1.03919,0.519538
1.08812,0.256319
1.02189,0.383026
1.15954,-0.720507
1.09378,0.143513
1.09839,-0.481465
1.10697,-0.409989
1.03488,0.349239
1.02964,0.022223
1.07389,0.179767
1.14362,-0.200791
1.07479,0.547488
1.06312,0.0556987
1.11343,-0.149661
1.09635,0.0554545
1.09346,-0.37562
0.954419,0.885986
1.04242,0.156974
1.08189,-0.293472
1.01165,0.554706
1.08205,0.179311
1.14649,-0.321671
1.08693,0.329196
1.05128,0.133482
1.08438,-0.129165
1.07376,0.133093
1.14106,-0.549737
1.02363,0.113769
1.00458,0.338822
1.02005,0.370254
1.03328,0.275326
1.13242,-0.305151
1.0759,-0.0504551
1.02814,0.446003
1.07516,-0.0486275
1.08682,-0.279285
1.09944,-0.0934407
1.07722,0.00843591
1.09275,-0.206523
1.07464,0.191245
1.05228,0.213707
1.14351,-0.31783
1.12207,-0.259703
1.07827,0.165304
1.07704,0.121239
1.17115,-0.386298
1.04385,0.223353
1.04227,0.148594
1.13608,-0.369233
1.06438,-0.120071
1.15002,-0.575645
0.994626,0.687743
1.05269,0.43503
1.06867,0.0417733
1.03665,0.0259155
1.06555,0.291477
1.02126,0.271904
1.05314,0.212458
1.0433,0.366537
1.11381,0.0180215
1.10566,0.13831
1.09178,0.356013
1.08233,0.248491
0.989078,0.596985
1.0881,-0.00813988
1.10751,-0.375144
1.00828,0.216978
1.0309,0.549482
1.01005,0.627936
1.08065,0.174675
1.03796,0.312653
1.08547,0.0709591
1.01474,0.340193
1.06934,-0.150133
1.13568,-0.400713
1.0816,-0.377531
1.02308,0.291034
1.10947,-0.24597
1.09032,-0.0310214
1.02948,0.607499
0.991702,0.389617
1.04264,0.318722
1.08203,-0.139371
1.03497,0.207458
1.01512,0.284629
1.01417,0.402118
1.07172,-0.347275
1.08113,0.137408
1.14208,-0.47179
1.12953,-0.382411
1.04672,0.101899
1.08099,0.00149313
1.0793,-0.166095
1.06269,0.17353
1.03656,0.181998
1.00682,0.594018
1.0779,0.0844456
1.08632,0.121621
1.03159,0.435866
1.06807,0.294327
1.12968,-0.504892
1.07167,0.142537
1.07795,-0.291677
1.05494,0.333366
1.08181,0.19247
1.04389,0.315268
1.04459,0.267982
1.09441,-0.0349874
1.05454,0.362606
1.05695,0.35589
1.09102,-0.00308584
1.10523,-0.259244
1.11459,-0.196066
1.13068,-0.58511
1.08016,0.063991
1.03883,0.23853
1.08902,-0.0439693
1.07857,-0.53743
1.09643,0.00472277
1.07403,0.14347
1.02521,0.302443
1.11514,-0.358064
1.02341,0.371607
1.02536,0.425741
1.07066,-0.153725
1.15786,-0.63267
1.06897,0.259123
1.14065,-0.177113
1.06266,0.115645
1.08266,0.482828
0.97805,0.460202
1.09757,0.157714
1.0096,0.543971
1.09769,0.100625
1.0855,-0.246268
1.04222,0.0143645
1.06752,0.275838
1.08805,-0.04348
1.13345,-0.385037
1.0625,0.124153
1.07438,-0.0132681
1.07981,0.218247
1.11531,-0.257007
1.1092,-0.316374
1.02841,0.402159
1.08521,0.0307082
1.10647,0.0388886
1.03651,0.329894
1.01881,0.418792
1.14964,-0.711187
1.08811,0.0301954
0.991876,0.81906
1.10492,-0.434065
1.04611,0.164906
1.04302,0.143527
1.11161,-0.403606
1.08907,-0.236735
1.05344,0.212414
1.02679,0.264049
1.13937,-0.0440359
1.05566,0.340519
1.04622,0.0947326
1.08179,0.2878
1.04763,0.242392
1.05593,0.00982029
0.997542,0.35411
1.03054,0.677808
1.03999,0.174453
1.03798,0.162985
1.0416,0.571923
1.07529,-0.112131
1.14779,-0.609236
1.11597,0.0431837
1.21399,-0.967997
1.02535,-0.147313
1.00367,0.556828
1.05975,0.492015
1.01241,0.553853
1.0836,0.186248
1.07957,-0.0533863
1.05435,0.181569
1.0841,-0.0247957
1.05965,0.0567087
1.1126,-0.128211
1.15315,-0.663379
1.06985,-0.451308
1.072,-0.117864
1.09738,0.140936
1.08926,0.0903257
1.10881,-0.10893
1.01476,0.399301
1.00665,0.610999
1.00693,0.491318
1.05639,0.135413
1.1048,-0.20556
1.02928,0.262601
0.999026,0.689163
1.09774,-0.179277
1.17281,-0.749375
1.12228,-0.0743559
1.0614,-0.123346
1.0481,0.0159605
1.06378,0.0763106
1.07085,-0.0238912
1.06554,0.196228
1.04663,0.306277
1.01307,0.294272
1.03768,0.426897
1.04661,-0.163911
1.06383,0.0172767
1.1431,-0.711037
1.14699,-0.279999
1.1312,-0.205636
1.07905,0.186009
1.119,-0.331074
1.05695,-0.0161337
1.05375,0.408533
1.09391,-0.239977
1.07787,0.137631
1.10957,-0.142772
1.04279,0.284532
1.09087,-0.163591
1.07417,-0.0619379
1.08777,-0.195968
1.06273,0.0116357
1.14641,-0.162803
1.08269,0.340732
1.06265,-0.0571671
1.12083,-0.556777
1.06693,0.21551
1.0401,0.408571
1.0804,-0.0337778
1.05185,0.431519
1.03305,0.430418
1.03878,0.24382
1.07559,-0.13994
1.10472,-0.3026
1.10054,-0.131769
1.10631,-0.0072096
1.05925,0.148153
1.05821,0.183503
1.08537,0.362593
1.11332,-0.113617
1.07069,0.13649
1.09723,-0.148282
1.0699,0.337545
1.10208,-0.345623
1.08154,0.359164
1.07087,0.0827231
1.12464,-0.363908
1.05031,-0.0302552
1.02815,0.401478
1.06787,0.176
1.1065,0.136264
1.04455,0.192545
1.04991,0.237023
1.07246,0.353167
1.08893,0.17598
1.0724,-0.185365
1.00195,0.466381
1.10557,0.14976
1.03469,0.57865
1.07751,0.148763
1.09209,-0.195102
1.06594,-0.0622249
1.04582,0.120332
1.12836,-0.448438
1.03445,0.373799
0.993491,0.672607
1.03775,0.423452
0.975588,0.711724
1.09553,-0.0109061
1.10569,-0.391244
1.13659,-0.0722667
1.10353,-0.174578
1.03707,0.287479
1.08883,-0.345363
1.05913,0.148138
1.07957,-0.246227
1.07532,-0.0344544
1.0674,-0.384607
1.07685,0.183379
1.14024,-0.125749
1.04786,0.0833854
1.0639,0.16894
1.10432,0.0673285
1.11367,-0.0323808
1.1692,-0.465594
1.00754,0.542633
1.04421,0.267713
1.03122,0.420147
1.09113,-0.0121774
1.07647,0.218403
1.10747,0.0634124
1.07687,0.324756
1.08661,-0.558198
1.10136,-0.139246
1.04724,0.150177
1.12336,-0.106812
1.08885,-0.43915
1.12083,-0.304437
1.03394,0.291964
1.03013,0.340715
1.08376,-0.171146
1.0557,0.193755
1.10997,-0.32113
1.06856,0.33591
1.09658,-0.493782
1.14755,-0.338914
1.10202,-0.173921
1.14962,-0.674297
0.961589,0.8244
1.09054,-0.308347
1.14952,-0.580042
1.0422,0.000876059
1.15161,-0.293194
1.06966,0.1571
1.10522,-0.360088
1.05144,0.0142213
1.05312,0.128087
1.12165,-0.22483
1.12492,-0.40797
1.12646,-0.0108561
1.09793,-0.0224145
1.03778,0.319614
1.12429,-0.246126
1.042,0.0138815
1.04729,0.154699
1.07747,-0.075132
1.08302,-0.301925
1.03609,0.521419
1.09755,-0.116275
1.1021,-0.177899
1.08855,0.0677925
1.07298,0.0358072
1.08051,-0.0271698
1.09449,-0.186599
1.03076,0.145215
1.08912,-0.215923
1.05936,0.0513055
1.09302,0.375763
1.06185,0.109907
1.09235,-0.0627625
1.0458,0.387722
1.05127,0.0178986
1.10759,-0.357568
1.06056,0.181849
1.07269,-0.0341085
1.11704,-0.0337409
1.14515,-0.57709
1.04924,0.276171
1.15251,-0.635413
1.07787,0.247582
1.03473,0.109317
1.06475,0.048232
1.16839,-0.451369
1.0327,0.142055
1.04366,-0.0552639
1.05308,0.257003
1.06963,0.0862641
1.18795,-0.872073
1.05923,0.350818
1.04408,0.448431
1.11129,-0.311436
1.06813,0.0650838
1.035,0.0161624
1.04969,0.407778
1.14506,-0.603211
1.12321,-0.184457
1.1039,0.114133
0.964221,0.534034
1.03032,0.165445
1.09884,0.307921
0.979415,0.830547
1.06223,0.277177
1.0216,0.286285
1.02596,0.5877
1.06813,-0.0018526
1.0372,0.295981
1.03515,0.305727
1.10768,-0.0922155
1.094,-0.613466
1.06844,-0.194954
1.1077,-0.307665
1.0333,-0.0649025
1.11879,0.163764
1.09423,0.373986
1.13753,-0.354492
1.03219,0.418674
1.01809,0.356369
1.06021,0.152232
1.07114,-0.173975
1.18969,-0.437242
1.07212,0.165338
1.11346,-0.199396
1.15115,-0.762556
1.05794,0.280811
1.08601,-0.129055
1.00586,0.475558
1.09212,-0.00269292
1.05011,0.620597
1.09253,0.0425054
1.06668,-0.435879
0.995582,0.519036
1.02148,0.453171
1.02442,0.198137
1.04767,0.28603
1.10778,0.0724474
1.08325,0.0526336
1.09775,-0.410884
1.10329,-0.252352
1.0724,-0.0901961
1.04165,0.178173
1.09282,0.0114466
1.07256,0.147258
1.01961,0.150597
1.10753,-0.018293
1.00397,0.82848
1.11624,0.0932232
1.04714,0.024544
1.15022,-0.515603
1.15846,-0.625646
1.08505,-0.31862
1.05578,-0.225773
1.11125,-0.374941
1.11577,-0.112376
1.08524,0.0118037
1.10642,-0.00813801
1.08811,0.163477
1.07332,0.155752
1.06371,0.0676027
1.08078,-0.191233
1.15024,-0.486041
1.0681,-0.0168674
1.15188,-0.443646
1.11194,-0.42227
1.07151,0.0310416
1.11529,0.0196074
1.05502,0.320463
1.07747,-0.124678
1.01915,0.367375
1.10176,-0.0447837
1.00268,0.367572
1.04293,0.499104
1.07328,0.210808
1.06224,0.128976
1.05395,0.492497
1.09491,-0.244349
0.964299,0.588077
1.05968,0.231576
1.05662,0.209281
1.02371,0.495005
1.06187,0.0386881
1.09792,-0.0501516
1.05754,0.0223229
1.11852,-0.00432886
1.00509,0.845708
1.05899,-0.0178963
1.04386,0.147574
1.04482,0.222611
1.04527,0.146578
1.09492,-0.0525826
0.994441,0.697365
1.11607,-0.231021
1.06208,0.107088
1.02849,0.269056
1.13509,-0.410733
1.04294,0.18561
1.12812,-0.227212
1.09008,-0.358487
1.07683,-0.212395
1.10352,-0.114603
1.03096,0.282445
1.07415,-0.115007
1.15265,-0.558558
1.11843,-0.314336
1.09819,0.123914
1.06038,0.126235
1.07923,-0.0347479
1.0406,0.666816
1.07409,-0.0549974
0.964838,0.617003
1.10062,-0.514471
1.10312,-0.197828
1.08314,-0.0221592
1.02002,0.109803
1.09796,-0.241054
1.11007,-0.261662
1.22283,-0.974013
1.06551,0.255973
1.01407,0.607822
1.11958,-0.085422
1.0839,0.193062
1.04842,0.0485864
1.06764,0.0289093
1.01687,0.82646
1.08183,0.241107
1.0753,0.194753
1.11366,-0.0818642
1.07222,-0.0422178
1.12951,-0.655146
1.11201,0.391707
1.08531,-0.0666654
1.10634,-0.035465
1.0507,0.211687
1.0258,0.484396
1.07752,0.104041
1.10501,-0.0685204
1.12116,-0.314548
1.04532,0.305764
1.06188,-0.188061
0.998907,0.501117
1.07842,-0.0627199
1.03432,0.0262731
1.01792,0.445094
1.14305,-0.28492
1.03416,0.441604
1.06607,0.204523
1.02802,0.298777
1.12852,-0.186291
1.10595,-0.404437
1.10202,-0.343495
1.04785,0.102342
1.08004,0.400557
1.02507,0.719748
1.05755,0.0659402
1.03245,0.208279
1.09449,-0.215639
1.08042,0.244918
1.06911,0.0822915
1.07577,0.291714
1.0333,0.443374
1.0711,0.398906
1.03236,0.388994
1.14181,-0.246546
1.08521,-0.2747
1.08016,-0.094241
1.07943,0.132964
1.04198,0.0900977
1.11693,-0.275528
1.05872,0.287221
1.02552,0.321418
1.07107,-0.0561834
1.08203,0.0562931
1.10287,-0.192261
1.105,0.0297643
1.11547,-0.157368
1.07163,0.0467028
1.06038,-0.246544
1.12793,-0.327869
1.17545,-0.73496
1.08166,-0.311039
1.01614,0.48847
1.0516,-0.037432
1.01752,0.831431
1.01867,0.238697
1.1148,0.0756686
1.04851,0.34626
1.12626,-0.232684
1.09724,-0.111782
1.04347,0.349293
1.12254,-0.202506
1.11469,0.0464632
1.06217,0.292814
1.02511,0.645251
1.10643,-0.161757
1.0224,0.367078
1.08094,-0.206976
1.10614,0.130309
1.0586,-0.251355
1.07343,-0.0204315
1.14046,-0.104298
1.06262,0.206954
1.11222,-0.198771
1.0783,-0.0841866
1.16471,-0.705439
1.02781,0.674153
1.05766,0.0197339
1.0566,-0.0226748
1.08627,0.246669
1.04125,0.323541
1.00632,0.641212
1.13158,-0.511036
1.12511,-0.172316
1.07864,0.0909783
1.1544,-0.558257
1.04867,0.0702594
1.14627,-0.295727
1.0032,0.423378
1.08946,-0.194092
1.06661,0.0231455
1.07083,0.179256
1.02139,0.132202
1.09946,-0.213869
1.13892,-0.347507
1.0363,0.368152
1.12193,-0.221879
1.09168,0.158008
1.14935,-0.592056
1.09691,-0.433948
1.12647,-0.347672
0.97955,0.375159
1.05601,0.331718
1.12981,-0.195131
1.1543,-0.826752
1.09506,-0.163503
1.0585,0.286307
1.04169,0.410638
1.0659,0.244956
1.0184,0.344973
1.11849,-0.451465
1.09643,-0.158934
1.10483,-0.0752148
1.0461,0.419047
1.07004,-0.110492
1.13345,0.061356
1.03326,0.619331
1.10856,-0.069893
1.11032,-0.271672
1.15217,-0.574109
1.01966,0.323327
1.06042,0.149928
1.05227,0.396492
1.03994,0.420452
1.0589,0.444732
1.10262,-0.303928
1.16307,-0.621479
1.10615,-0.177586
1.11951,0.270059
1.07282,0.190494
1.02335,0.359985
1.00794,0.335187
1.09358,-0.329977
1.08377,0.0879953
1.0855,-0.118058
1.06205,0.0660293
1.00567,0.522602
1.10105,0.161258
1.03118,0.455699
1.04697,0.441972
1.05624,0.17481
1.13787,-0.194679
1.04516,0.0680507
1.06574,-0.083364
1.09769,0.150037
1.11348,-0.269244
1.1431,-0.616287
0.989688,0.690126
1.06211,0.0368467
1.09806,-0.211772
1.06037,0.0571117
1.06327,0.160804
1.04343,0.29432
1.09103,-0.149235
1.12841,-0.105874
1.08984,0.0545121
1.02472,0.158742
1.05085,0.228676
1.04202,0.325672
1.11587,-0.229353
1.07708,0.110922
1.15226,-0.417969
0.958789,0.761922
1.12191,0.0528852
1.09693,-0.117139
1.11808,-0.160549
1.0237,0.427882
1.01437,0.515102
1.06833,0.0425224
0.98249,0.620155
1.11483,0.022326
1.06408,-0.00930753
1.02285,0.691871
1.05665,-0.0250341
1.01878,0.112919
1.09013,0.129249
0.994908,0.453212
1.01812,0.205258
1.08915,-0.277631
1.05959,0.0770182
1.07115,0.0647953
1.04234,-0.0515333
1.05838,0.38534
1.05791,-0.105561
1.06697,0.189152
1.09098,-0.515199
1.06765,0.564087
1.08815,-0.22329
1.11215,-0.256365
1.0653,-0.0480745
1.05271,0.133652
1.04377,0.105239
1.12295,-0.269559
1.05462,-0.0464979
1.08002,-0.130988
1.10664,-0.256975
1.02246,0.461322
1.07775,0.000709785
1.06,0.0300321
1.01168,0.498916
1.05814,0.117842
1.06914,-0.191789
1.11638,0.123317
1.10608,-0.142889
1.08453,0.0714081
0.963761,0.48876
1.13735,-0.0145842
1.02211,0.570758
1.0969,-0.170758
1.12632,-0.277976
1.10784,0.0185914
1.08944,0.0702321
1.06337,-0.216829
1.06326,0.21147
1.02474,0.613035
1.07056,-0.0100499
1.02597,0.0247395
1.01208,0.507418
1.04464,-0.0145914
1.02999,0.206092
1.09252,-0.263835
1.07337,0.13541
1.12595,-0.277099
1.02492,0.249039
1.18603,-0.447798
1.04049,0.0826976
1.04504,0.100252
1.10786,-0.340127
1.01874,0.529262
1.12763,0.0659742
1.05769,0.297144
1.08654,-0.209713
1.06651,-0.193901
1.10255,-0.605352
1.08542,0.193535
1.04916,-0.169582
1.09102,-0.393999
1.06031,0.357809
1.0646,0.13293
1.08156,0.0248216
1.03527,0.267554
1.10692,-0.460243
1.075,-0.187127
1.10033,-0.237435
1.06945,-0.0212872
1.13663,-0.187293
1.08814,-0.34364
1.08039,0.0793697
1.07616,0.200115
1.12754,-0.253994
1.10477,-0.155744
1.09505,-0.162794
1.07565,0.248489
1.12368,-0.558481
1.05069,0.0492768
1.06852,0.0136527
1.11778,-0.18464
1.07702,0.0260883
1.09122,-0.165778
1.15127,-0.172571
1.09743,-0.0489551
1.10253,0.122572
1.08939,0.303897
1.05287,-0.0991032
1.14008,-0.308978
1.0715,0.0824526
1.06002,0.38406
1.16006,-0.197093
1.14034,-0.484822
1.11203,-0.366636
1.09998,0.147895
1.02841,0.332068
1.00591,0.620373
1.07822,0.0472
1.07409,0.315627
1.07567,-0.352518
1.04643,0.210083
1.04276,0.392196
1.09494,-0.106725
1.10331,0.190145
1.09136,-0.0427005
1.08301,0.199015
1.13167,-0.394506
1.03937,0.164227
1.10571,-0.0553355
1.05133,0.110612
1.08481,-0.0832817
1.07899,-0.304752
1.08878,-0.0593914
1.12168,-0.198487
1.04616,0.566688
1.09747,0.11392
1.04338,0.543705
1.06607,-0.0661731
1.05479,0.295394
1.07509,0.0888229
0.996592,0.760185
1.16032,-0.799084
1.07529,-0.187684
1.11957,-0.544501
1.06235,-0.2204
0.981915,0.497445
1.07514,-0.0141914
1.0382,0.438753
1.09632,-0.126912
1.07496,0.0254741
1.15733,-0.339424
1.07964,0.229108
1.07491,-0.332104
1.05803,0.18522
1.13913,-0.430776
1.10086,-0.261966
1.06631,0.244282
1.07215,0.251645
1.03278,0.207659
1.12958,-0.315917
1.11091,0.0359126
1.10394,-0.379695
0.958884,0.621346
1.11778,-0.49294
1.0719,0.278763
1.09421,0.0975155
1.06619,-0.124983
1.10703,-0.468241
1.09639,-0.0186688
1.09116,-0.0591543
0.983561,0.686988
1.07554,0.326149
1.05235,0.405968
1.06442,0.169336
1.01488,0.492458
1.04375,0.00498901
1.07848,-0.0283868
1.06077,0.0613291
1.0446,0.426133
1.04658,0.188203
1.0831,-0.0198391
0.991752,0.575044
1.12374,-0.289204
1.08862,0.131586
1.02168,0.408277
1.04788,0.326123
1.08418,-0.0961874
1.08125,0.0746414
1.09217,0.100465
1.10046,0.240789
1.0501,-0.119035
1.06671,0.11034
0.977438,0.51057
1.1425,-0.318342
1.10777,0.059783
1.04836,0.392312
1.03727,0.352531
1.13413,-0.566468
1.03414,0.547389
1.08167,-0.0737211
1.10037,-0.231269
1.07893,-0.130373
1.06789,0.110644
1.06899,-0.137561
1.128,-0.462513
1.0643,0.203269
1.03815,0.357433
1.05098,0.0494061
1.08261,0.227042
1.06966,0.14804
1.09692,-0.315458
1.1313,-0.142296
1.04817,0.104345
1.05925,-0.287205
1.05286,0.35042
1.07192,0.447772
1.05407,0.258352
1.08945,-0.05656
1.08275,-0.105848
1.07123,0.00263171
1.09874,-0.249276
1.05866,0.294481
1.07521,-0.122713
1.08358,-0.332607
1.1608,-0.340888
1.0565,0.383188
1.10194,-0.140524
1.05731,-0.149108
1.08734,0.2093
1.10434,-0.0915446
1.02305,0.11049
1.09111,-0.267309
1.04558,0.0570621
1.08826,-0.0521384
1.08413,0.0881386
1.05354,0.248142
1.05852,-0.217224
1.04756,0.24514
1.04896,0.0330806
1.12333,-0.473844
1.02842,0.052883
1.05892,0.230158
1.1157,-0.49054
1.0292,0.25469
1.05824,0.351208
1.06539,0.0211496
1.05592,-0.216716
1.11211,-0.411438
1.06145,0.157049
1.05572,0.198117
1.0831,-0.0385123
1.12855,-0.398878
1.03679,0.091024
1.06558,0.0239257
1.03529,0.30999
1.03047,0.170933
1.07671,0.235396
1.04038,0.253603
1.02491,0.34037
1.10292,-0.259439
1.09744,-0.218792
1.08486,-0.134974
1.07713,-0.115067
1.03861,0.20101
1.11595,-0.169575
1.09361,-0.0759471
1.0854,0.0643959
1.11445,-0.421759
1.16359,-0.597638
1.13202,-0.393229
1.13146,-0.304295
1.02109,0.3828
1.11275,-0.179491
1.0815,-0.132504
1.02229,0.601603
1.0929,-0.396601
1.11549,-0.449324
1.10451,-0.177729
1.05638,0.302156
1.03419,0.291583
1.03003,0.215513
1.04253,0.0684179
1.11671,-0.209718
1.02086,0.41473
1.05814,0.0431232
1.05662,0.0218161
1.03924,0.603453
1.1332,-0.301408
1.09047,0.157586
1.05322,0.220213
0.996641,0.76324
1.06182,0.195465
1.09504,0.077532
1.09775,0.0580288
1.09491,-0.202254
1.05254,0.0277395
1.12748,-0.270627
1.05958,0.145726
1.09167,-0.126149
1.04296,0.213148
1.05273,0.164565
1.11011,-0.199629
1.05875,0.37417
1.10823,0.0317413
1.08564,-0.13551
1.10829,0.217669
1.02808,0.237416
0.982522,0.864424
1.05263,0.137924
1.12235,-0.344021
1.06387,0.06796
1.03182,0.0937012
1.10698,-0.352932
1.02426,0.168188
1.12468,-0.0844021
1.11936,-0.685865
1.07374,0.376013
1.08383,0.19181
1.09209,-0.12939
1.07308,0.193945
1.00177,0.264669
1.10618,-0.101311
1.05907,0.00949945
1.0583,0.106076
1.081,0.0673286
1.07772,0.0706444
1.11228,-0.187741
1.05446,0.241729
0.968387,0.760689
0.960197,1.14704
1.0141,0.310836
1.03902,0.396592
1.02137,0.34704
1.10126,-0.0544327
1.05445,0.173392
1.12891,-0.251544
1.16192,-0.597635
1.04584,0.814149
1.08736,0.070256
1.03458,0.57339
1.08406,0.0946444
1.03407,0.42775
1.02401,0.823861
1.10891,0.0279253
1.14229,-0.220782
1.00274,0.620666
1.08179,0.249919
1.05694,0.111276
1.0589,0.385588
1.05192,0.153852
1.09491,-0.127888
1.05099,0.242955
1.01228,0.421311
1.11169,-0.123804
1.02253,0.0964798
1.07563,0.113255
1.1213,-0.147698
1.12437,-0.599064
1.02958,0.458791
1.0929,0.0990654
1.15263,-0.304988
1.06385,0.0545113
1.0981,0.0509738
1.15527,-0.696117
1.02802,0.325341
1.07551,0.233561
1.14709,-0.397846
1.13811,-0.342538
1.08279,0.117269
1.07534,-0.0135397
1.08015,-0.159025
1.07885,-0.0935962
1.04604,0.0307171
1.06179,-0.0906334
1.0913,0.0851956
1.03536,0.115922
1.10972,-0.0680626
1.0928,-0.10458
1.07597,-0.0471347
1.10727,-0.512013
1.04245,0.0245265
1.08408,-0.0311115
1.09422,-0.0584201
1.11359,-0.257946
1.02038,0.605568
1.07738,-0.136552
1.03035,0.169464
1.05342,-0.0888232
1.15012,-0.614061
1.0198,0.33461
1.09338,-0.0395915
1.11688,-0.610607
1.13528,-0.376742
1.04851,0.394399
1.04325,0.365711
1.06056,0.345044
1.03545,0.13692
1.09205,-0.12258
1.09612,0.0762846
1.06029,0.435446
1.05263,0.180118
1.06672,0.221111
1.07935,0.269406
1.00784,0.636511
1.06294,0.040672
1.00131,0.646297
1.15015,-0.354057
1.02514,0.187464
1.07806,-0.0325061
1.03865,-0.0886077
1.11663,-0.599443
1.10925,-0.0406634
1.10909,0.199868
1.1138,-0.183901
1.07504,-0.0657369
1.0655,-0.210806
1.05266,0.0112018
1.03755,0.289131
1.0865,-0.0612128
1.07062,0.314509
1.09852,-0.191846
1.04223,0.128575
1.07562,0.138689
1.06829,-0.0198798
1.12941,-0.370475
1.08515,0.0310617
1.12267,-0.113803
1.0467,0.545201
1.06842,-0.0971051
1.0517,0.100271
1.08753,-0.163176
1.10664,-0.0414226
1.09122,-0.206215
1.14969,-0.375439
1.07992,-0.145546
1.11032,-0.134936
1.08617,-0.0259461
1.02874,0.192431
1.14834,-0.497734
1.0595,0.103905
1.00625,0.568826
1.0323,0.33922
1.06457,-0.13044
1.10005,0.0624059
1.10664,0.121992
1.05961,0.507786
1.0635,0.243039
1.04065,-0.0452342
1.03011,0.648997
1.18908,-0.77242
1.12811,-0.521225
1.06468,-0.0134749
1.06052,0.525977
1.09355,0.227027
1.02081,0.509508
1.03697,0.365779
1.04812,0.339714
1.07644,0.00215444
1.0718,0.09609
1.06904,0.30897
1.0856,-0.115522
1.11725,-0.112355
1.0921,-0.155555
1.07338,-0.125355
1.07552,0.244972
1.18897,-0.927953
1.08474,-0.077343
1.08488,0.0218532
1.09966,-0.148212
1.03865,0.0502766
1.10046,-0.231216
1.15141,-0.361708
1.0347,0.562273
1.07606,0.0922272
1.08632,0.243265
1.00158,0.195378
1.05915,0.0976118
1.0658,-0.165734
1.06175,-0.0180333
1.11948,-0.0763542
1.07856,0.136035
1.11094,-0.071715
1.06746,-0.0718577
1.10203,-0.131562
1.06992,0.188866
1.02997,0.256641
0.96947,0.734004
1.01064,0.370686
1.06496,0.253983
1.08525,-0.0442865
1.08699,0.169744
1.11113,-0.174596
1.05704,0.0677008
1.13699,-0.385643
1.13588,-0.346171
1.02069,0.588719
1.0718,0.0994898
1.10895,-0.241684
1.15542,-0.464331
1.03597,0.281827
1.07151,0.122084
1.02465,0.0375437
1.06555,0.188379
1.0417,0.181518
1.00566,0.351348
1.13825,-0.502135
1.05647,0.0584968
1.06803,-0.087721
1.10475,-0.336174
1.04604,0.126347
1.07058,0.5345
1.01912,0.128256
1.09962,-0.155173
1.06536,0.0483554
1.14677,-0.635931
1.03788,0.100301
1.0834,-0.0429516
1.10537,-0.108817
1.1141,-0.202877
1.05375,0.115454
1.07426,0.0118965
1.03548,-0.0696688
1.09512,0.146804
1.08416,0.319199
1.12463,-0.395001
1.03901,0.404838
1.0298,0.494043
1.09531,-0.0250235
1.03349,0.367783
1.11114,-0.443088
1.08192,0.155262
1.12017,-0.405405
1.05206,0.122708
1.14355,-0.0704265
1.11681,-0.00647311
1.1315,-0.364393
1.04676,-0.0117533
1.06282,0.233745
1.02657,0.573969
1.02768,0.153595
1.11575,-0.294677
1.12708,-0.35172
1.1413,-0.483432
1.06383,-0.0235886
1.02265,0.52347
1.09334,-0.132025
1.00383,0.333861
1.06149,0.242146
1.06013,0.254751
1.1144,-0.236773
1.04252,0.742879
1.06214,0.163191
1.0762,0.0174397
1.06598,-0.132238
1.12706,-0.305026
1.0627,0.265578
1.07993,0.116716
1.07903,0.312422
1.08722,0.484992
1.04008,0.15253
1.09149,0.113192
1.10438,-0.353101
1.10807,-0.256326
1.12899,-0.414415
1.09722,0.1332
1.12772,-0.698948
1.07192,-0.137678
1.08068,-0.125636
1.10296,-0.103936
1.06751,-0.242309
1.09053,0.0899783
1.1131,-0.196139
1.07466,-0.192608
1.06363,-0.0334439
1.00411,0.530709
1.0601,-0.0569233
1.00119,0.662941
1.147,-0.471241
1.07975,0.0887044
1.11424,-0.0796828
1.08163,-0.226429
1.08976,-0.26375
1.08208,0.145491
1.04013,0.340482
1.06075,0.0484207
1.08421,-0.218004
1.08419,-0.158389
1.12825,-0.333773
1.11785,-0.294756
1.07587,0.0181229
0.984783,0.641077
1.01458,0.312892
1.09237,0.245718
1.11072,0.0546881
1.06285,0.26003
1.06618,0.156396
1.03968,0.250961
1.08162,0.177976
1.03856,0.756006
1.12759,-0.473302
1.08421,-0.0598683
1.11321,-0.294943
1.1258,-0.269988
1.02518,0.457638
1.07599,0.0521694
1.0959,0.132235
1.18063,-0.591041
1.15658,-0.321345
1.02472,0.392901
1.02514,0.398497
1.01556,0.781621
0.99301,0.398001
0.991482,0.416056
1.01756,0.850763
1.10068,-0.134258
1.08606,-0.142491
1.05547,0.376051
1.09106,0.00836177
1.07577,0.140532
1.08185,0.318154
1.02995,0.259117
0.990028,0.684622
1.08881,0.177089
1.10492,-0.0280015
1.0704,0.0389194
1.07833,0.0139971
1.04066,0.368342
1.17345,-0.826834
1.08432,-0.354679
0.999921,0.392326
1.06345,0.218069
1.0234,0.297325
1.03949,0.204607
1.16116,-0.524812
1.08755,-0.372722
1.08525,-0.0221068
1.10712,-0.263194
1.09238,-0.1442
1.07627,0.0180341
1.0017,0.417341
1.10403,-0.253988
1.07708,-0.0891196
1.03083,0.192501
1.15279,-0.379472
1.01597,0.274912
1.06125,0.232881
1.07597,-0.134386
1.11464,0.180783
1.06034,0.295075
1.12246,-0.417402
1.08311,0.120933
1.0401,0.488925
1.00859,0.413316
1.00238,0.693795
1.01359,0.350402
1.10395,-0.0322925
1.13278,-0.206
1.03518,0.455708
1.07316,-0.0261431
1.08031,0.222525
1.01083,0.345909
1.04386,-0.0773696
1.10272,-0.0585468
1.07388,0.0891895
1.11057,-0.0896537
1.02928,0.467468
1.0434,0.260654
1.07917,-0.229958
1.07811,0.160955
1.05223,0.151214
1.06368,0.284265
1.10625,-0.154295
1.0843,-0.232827
1.14331,-0.456994
1.15004,-0.76673
1.00652,0.437615
1.07325,-0.285418
1.20908,-0.788342
1.12842,-0.16307
1.0715,0.202357
1.08874,-0.31384
1.02034,0.671018
1.05836,-0.0719076
1.11375,-0.177103
1.07339,-0.0837846
1.05221,0.0843506
1.10699,0.033316
1.07807,-0.0375588
1.08174,0.186578
1.03448,0.376806
1.08581,-0.163497
1.06614,0.23342
1.13979,0.00236004
1.0292,0.371819
1.09775,-0.469981
1.0966,-0.189328
1.07293,-0.061555
1.07975,0.523618
1.1179,-0.0169389
1.09293,0.0416447
1.10292,-0.149269
1.14234,-0.333671
1.01236,0.439856
1.11219,-0.374679
1.14121,-0.41464
1.02211,0.27919
1.05871,-0.0181199
1.1239,-0.0596459
1.0815,0.0899711
1.14728,-0.499074
1.0533,-0.0683284
1.14574,-0.545433
1.02514,0.370742
1.02463,0.53064
1.08926,-0.128562
1.10014,-0.0809701
1.07127,-0.307698
1.02344,0.521089
0.979034,0.623219
1.09894,-0.0105544
1.07489,0.120666
1.16931,-0.166273
1.13825,-0.676459
1.06277,0.0612174
1.09814,-0.0928657
1.12834,-0.105406
1.0786,0.0383507
1.05889,0.448002
1.03463,0.457548
1.09867,0.109501
1.088,0.221074
1.09657,0.0382485
1.07598,-0.0811705
0.987784,0.5481
1.15383,-0.729013
1.13263,-0.29427
1.08557,0.059655
1.07607,-0.295727
1.01724,0.513481
1.07923,0.0694976
1.09021,0.0243456
1.04372,-0.0737155
1.05763,0.244808
1.10804,-0.230213
1.07936,-0.0728636
1.08423,-0.0773718
1.10188,0.0192783
1.04784,0.115649
1.00774,0.466131
1.11809,0.0627868
1.06987,0.0560001
1.00733,0.614546
1.07579,-0.00704096
1.16754,-0.480695
1.08872,0.142249
1.00132,0.644244
0.996417,0.801799
1.10903,-0.128373
1.13439,-0.382899
1.05472,0.353729
1.12503,-0.372538
1.08408,0.199837
1.07773,0.0350135
1.14485,-0.42173
1.11474,-0.25526
1.03312,0.363314
1.0188,0.579338
1.0398,0.0625857
1.12288,-0.0479665
0.965864,0.662027
1.0504,0.644789
1.05733,-0.0939627
1.09052,0.213703
1.03101,0.497327
1.12177,-0.197311
1.06112,0.251137
1.11288,-0.216501
1.06592,0.0647481
1.08003,0.065498
1.02524,0.851807
1.00143,0.436337
1.06096,0.310947
1.14641,-0.166519
1.07958,0.2417
1.0475,0.560688
1.01663,0.395951
1.05705,0.114696
1.11321,-0.103984
1.01718,0.605967
1.10797,-0.129847
1.02962,0.258821
1.06253,0.368222
1.08554,0.160025
1.02972,-0.120013
1.10252,-0.151638
1.04808,-0.0276773
1.063,-0.00535034
1.08506,-0.207692
1.02599,0.438961
1.10054,-0.327309
1.0705,0.463697
1.08551,0.00528952
1.08819,0.00886123
1.00309,0.511472
1.12038,-0.215155
1.09784,-0.243567
1.09737,-0.351887
1.08775,0.122877
1.09705,-0.196028
1.02874,0.381169
1.0377,0.380987
1.14358,-0.388003
1.07736,0.350439
1.06563,-0.186395
1.08982,0.0418267
0.993103,0.566632
1.14151,-0.311245
1.12715,-0.281657
1.03049,0.245948
1.03051,0.585036
1.11214,0.0530634
1.0843,-0.423191
1.04082,0.559729
1.07441,0.175329
1.0663,-0.19691
1.11964,0.0508839
1.06215,-0.0743122
1.09469,0.378988
1.07039,-0.124652
1.04378,0.377461
1.03347,-0.0998319
1.02194,0.329982
1.0576,0.200317
1.12029,-0.247778
1.04965,0.254772
1.06857,0.218657
1.09096,-0.103896
1.08049,0.028452
1.09073,0.0618228
1.05673,-0.0146673
1.11659,-0.135668
1.13789,-0.482065
1.13861,-0.344914
1.157,-0.572339
1.10188,-0.369821
1.14795,-0.284518
1.08711,0.0463291
1.0306,0.194024
1.09289,-0.141461
1.05554,-0.0699147
1.05691,0.348819
1.1319,-0.230882
1.13469,-0.0787741
1.05637,0.437821
1.08228,0.130598
1.12411,-0.203155
1.07536,0.0894179
1.04163,0.447563
1.06869,0.00520854
1.13619,-0.646152
1.01918,0.363987
1.07932,0.0787905
1.03717,0.200756
1.04425,0.257096
1.12361,-0.317457
1.09049,0.181446
1.14089,-0.12737
1.04397,-0.239844
1.10607,-0.170669
1.09034,0.0193746
1.08958,0.105942
1.13169,-0.366909
1.00024,0.416964
1.14038,-0.429482
1.04105,0.182958
1.06665,0.0228233
1.0958,0.0436441
1.09937,-0.225005
1.11242,-0.292425
1.07202,-0.0113702
1.10736,-0.106019
1.05546,0.142957
1.04523,-0.0262984
1.04294,0.102355
1.02393,0.333484
1.03194,0.33418
1.09549,-0.334218
1.14389,-0.329704
1.12655,-0.354806
1.07284,-0.196559
1.14787,-0.471725
1.07777,-0.101024
1.04582,0.607577
1.12155,-0.620084
1.06767,-0.0538943
1.10954,-0.330645
1.07676,-0.103266
1.03434,0.308019
1.07943,-0.0853427
1.06859,0.109394
1.04086,0.15224
1.05697,0.0908543
1.1463,-0.408186
1.06287,-0.0424017
1.1372,-0.465468
1.07819,-0.239807
1.07103,0.272661
1.09884,0.187615
1.06978,0.309875
1.09769,-0.387121
0.99979,0.816705
1.09521,0.200811
1.10246,-0.193331
1.13832,-0.396239
1.03151,0.356889
0.973146,0.93617
1.12938,-0.208655
0.981804,0.261683
1.11853,-0.437061
1.09975,-0.134535
1.08676,0.158114
1.08677,-0.221692
1.08556,0.248783
1.1142,-0.181663
1.11686,-0.116876
1.01427,0.158234
1.04631,0.142695
1.02467,0.175107
1.05346,0.0287092
1.06807,0.273141
1.00078,0.421037
0.992225,0.496948
1.03588,0.421518
1.02089,0.281211
1.04377,0.105806
1.12871,-0.490498
1.14326,-0.22498
1.01288,0.422018
1.07616,0.107485
1.01324,0.279354
0.980439,0.239405
1.05952,0.166018
1.05823,-0.0495015
1.0938,-0.127823
1.07894,-0.311291
1.15991,-0.559233
1.04853,-0.00296155
1.00715,0.584965
1.11843,-0.373123
1.07848,-0.0280389
1.06014,0.33723
1.04398,0.454151
1.05328,0.116491
1.12217,-0.450691
1.07252,0.138195
1.02079,0.579644
1.05965,-0.120705
1.04987,0.329703
1.1143,-0.267537
1.08961,-0.248702
0.991841,0.780875
1.16446,-0.642614
1.11787,-0.106753
1.04673,0.469483
1.05309,0.412804
1.1688,-0.55631
1.11764,0.0164863
1.07938,0.0672993
1.03509,-0.0871193
1.09866,-0.462245
1.08254,0.188402
0.995287,0.283563
0.999292,0.699678
1.04634,0.337456
1.14703,-0.442816
1.09017,-0.130099
1.05507,0.199118
1.09251,-0.356816
1.09886,-0.204889
1.07699,0.0310336
1.10278,-0.085451
1.05525,0.274097
1.13597,-0.526796
1.08084,-0.207734
1.08157,-0.00282273
1.07292,0.300974
1.08198,-0.162972
1.09838,-0.190859
1.09775,-0.131486
1.05649,0.138402
1.08998,0.0525829
1.09389,0.0433952
1.06904,0.0425438
1.07959,-0.131769
1.06439,-0.161
1.12058,-0.220463
1.10005,-0.0726448
1.11026,-0.246545
1.15607,-0.614279
1.06676,-0.031342
1.08897,0.146448
1.0763,-0.0854979
1.15018,-0.741627
0.947403,0.921894
1.11243,-0.0218113
0.991341,0.72212
1.0972,-0.0106199
1.10116,0.238726
1.0639,0.301608
1.05538,0.498031
1.0155,0.317358
1.08647,0.2454
1.05198,-0.0260088
1.01388,0.198951
1.01758,0.702429
1.10463,-0.220566
1.10007,-0.249658
1.07181,0.159108
1.08572,-0.281075
1.12845,-0.321399
0.972679,0.587868
1.06517,0.0926987
1.12599,-0.110258
1.05747,0.00667444
1.19267,-0.748752
0.975521,0.30038
1.09941,-0.0637008
1.05595,0.377655
1.0386,0.469429
1.11134,-0.245326
1.15991,-0.500567
1.06234,0.233099
1.13061,-0.479111
0.991843,0.527171
1.11229,-0.0918187
1.05531,0.226319
1.06926,0.158139
1.05021,0.0563969
1.04478,0.0555001
1.0314,0.33718
1.0702,0.219852
1.10488,-0.130835
1.01096,0.673106
1.07157,-0.0840436
1.05792,0.356478
1.06882,0.217687
1.06304,0.0733616
1.08643,-0.0674566
1.14464,-0.57784
1.06401,0.159241
1.0688,0.279733
1.01583,0.37481
1.07447,-0.0912617
0.995893,0.290646
1.00064,0.569568
1.14644,-0.680929
1.05383,0.0755162
1.10056,-0.183297
1.0305,0.362181
1.07963,0.0435777
1.06389,0.0621516
1.01798,0.540229
1.03838,0.255636
1.06613,0.450858
1.11154,-0.288924
1.06976,-0.13639
1.0578,0.269872
1.02578,0.492784
1.04,0.311879
1.00604,0.506388
1.06744,-0.256379
1.07816,-0.284596
0.975261,0.771689
1.05531,0.235459
1.13751,-0.615475
1.14781,-0.571441
1.03077,0.802424
1.1223,0.0438497
1.03917,0.545728
1.11527,-0.175767
1.04348,0.349415
1.05168,0.0991634
1.1,-0.426912
1.07528,0.245318
1.10435,0.04064
1.06197,-0.0328402
1.05069,0.241139
1.08996,-0.0806949
1.11631,-0.0898602
1.01048,0.644945
1.10496,-0.290565
1.07637,-0.0542055
1.07205,0.278877
1.04378,0.337862
1.09005,-0.254387
1.14105,-0.0340937
1.03118,0.222419
1.07148,0.267773
1.10951,-0.246789
1.02713,0.281217
1.08912,-0.0169613
1.10057,-0.307367
1.01958,0.443225
1.0753,0.509437
1.10292,-0.390258
1.06384,0.245246
1.04595,0.0684531
1.03574,0.286362
1.09203,0.0970809
1.06655,0.212784
1.07936,0.0699993
1.08275,-0.0283958
0.983938,0.799798
1.04763,-0.0752685
1.13433,-0.196769
1.01825,0.685918
1.06386,0.0370437
1.06442,-0.106149
1.10004,-0.167584
1.10755,-0.00316884
1.06175,-0.132152
1.01611,0.697427
1.0271,0.530194
1.03974,0.158552
1.07155,0.15521
1.04233,0.0180669
1.05555,0.0948982
1.10232,-0.277591
1.08414,0.0265936
1.03401,0.326219
1.06778,0.253723
1.09047,0.0502458
1.11013,-0.0732746
1.08115,-0.0388104
1.16693,-0.39792
1.09704,-0.0823337
1.07609,0.338342
1.11783,-0.0731467
1.09561,-0.220898
1.06759,0.181874
1.04937,0.166955
1.10546,-0.0358388
1.02315,0.510667
1.05041,0.112909
1.15713,-0.32412
1.03772,0.165961
1.05107,0.466705
1.08743,0.0460652
1.04364,0.259946
1.09762,-0.00990714
1.09723,-0.419071
1.04598,0.545838
1.0623,-0.0888979
1.02355,0.419827
1.04352,0.301694
1.05532,-0.287835
1.11505,-0.522073
1.02574,0.727165
1.07071,0.0820214
0.97986,0.913588
1.03614,0.421053
1.01448,0.105085
1.04374,0.0352207
1.07208,0.0881847
1.05112,-0.0626044
1.07977,-0.0846088
1.01363,0.583373
0.993862,0.87761
1.09155,-0.059327
1.03035,0.493361
1.1128,-0.299179
1.0677,-0.131012
1.05634,0.0948383
1.10736,-0.139449
1.08663,-0.0103868
1.06542,0.197531
1.13063,-0.337557
1.07723,0.156209
1.05531,0.00446147
1.04177,0.327328
1.04766,0.500048
1.02659,0.535993
1.05934,0.0212936
1.06445,0.0902435
1.14128,-0.49161
1.00012,0.745075
1.04648,0.394421
1.09246,-0.204301
1.07466,-0.180664
1.12523,-0.0145909
1.10961,-0.296337
1.087,-0.124394
1.13733,-0.657109
1.03095,0.308039
1.10983,-0.531739
1.04912,0.131542
1.0671,0.0142445
1.1061,-0.0841377
1.11864,-0.092952
1.03371,0.370542
1.05795,0.464721
1.0804,-0.0269117
1.03006,0.724365
0.982642,0.710471
1.06662,0.285852
1.09114,-0.0826861
1.07543,0.0708164
1.07433,0.0842399
1.19803,-0.674927
1.11786,-0.314924
1.0532,0.246757
1.10487,-0.0149181
1.13117,-0.509892
1.05942,0.0993831
1.00099,0.482957
1.06767,0.215444
1.02479,0.122046
1.08712,-0.295123
1.09216,-0.150305
1.08774,0.0628359
1.09225,-0.135899
1.00975,0.639254
1.03024,0.355305
1.07674,-0.105729
1.04206,0.316937
1.03162,0.140534
1.05727,-0.00117026
1.09191,-0.303097
1.04927,0.241668
1.07196,-0.0144399
1.06897,0.0205193
1.06728,0.380224
1.05149,0.181409
1.03898,0.239529
1.14222,-0.379014
1.04351,0.141453
0.998972,0.575313
1.14748,-0.27813
1.01757,0.34172
1.07841,0.152574
1.03478,0.0344988
1.09851,-0.445495
1.08756,-0.0817858
1.07558,-0.0598985
1.03604,0.424303
1.14566,-0.641668
1.06059,0.399154
1.02294,0.318393
0.996903,0.2075
1.08326,-0.0490321
1.09483,0.101479
1.10397,-0.433397
1.10555,-0.243856
1.05245,-0.0226602
1.09536,-0.0501129
1.11806,-0.181594
1.05677,0.118463
1.05602,0.220499
1.08187,0.299028
1.05639,0.0264421
1.01526,0.471115
1.06331,0.569425
1.02312,0.585107
1.05756,0.0177514
1.15068,-0.63475
1.10913,-0.299377
1.16288,-0.453843
1.08102,0.0227855
1.01471,0.408196
1.12455,-0.311911
1.07224,-0.0553657
1.13314,-0.318462
1.09339,0.0403824
1.04613,0.105942
1.04355,0.265073
1.02347,0.185872
1.09073,-0.100381
1.08801,0.105556
1.09764,-0.319366
1.10434,0.045992
1.0655,0.138932
0.989321,0.327355
1.02515,-0.0508395
1.09338,-0.290658
1.0595,0.175913
1.08457,0.0946617
1.09838,-0.387873
1.04592,-0.119879
1.07662,0.225458
1.03183,0.0776162
1.11344,0.0490841
1.07683,-0.0718432
1.04824,0.469164
1.04616,0.21536
1.00662,0.44005
1.0721,0.0219404
1.05004,0.242934
1.07965,-0.0895369
1.12162,-0.294573
1.03159,0.310006
1.02123,0.281039
1.00854,0.357528
1.04238,-0.108817
1.09573,-0.325175
1.05965,0.318209
1.08712,-0.143246
0.993974,0.169358
1.10982,0.0501151
1.08165,0.125802
