slope,intercept
0.933426,0.639015
0.9785,0.294743
1.00468,0.173619
0.967386,0.247755
0.978391,0.0142454
0.990969,0.344458
0.930285,0.883524
0.942748,0.790341
0.925926,0.505005
0.928586,0.597936
0.986022,0.502711
0.951372,0.216334
0.893795,0.986486
0.87858,0.865041
0.940142,0.494972
0.913792,0.409606
0.995823,0.333587
0.935497,0.689641
0.903004,0.75972
0.943107,0.273664
0.944559,0.442982
0.910141,0.909424
0.916605,0.313807
0.935698,0.944534
0.948166,0.425213
0.89183,0.726032
0.919193,0.455654
0.945566,0.399995
0.969526,0.258093
0.90501,0.68821
0.850542,0.881304
0.882117,1.03273
0.88651,1.1662
0.995887,-0.148432
0.931094,0.581089
0.943155,0.405487
0.88793,0.847052
0.868256,1.06096
0.966829,0.479678
1.00525,-0.209673
0.909889,0.927446
0.96796,0.252557
0.816247,1.41074
0.891904,1.07576
0.970845,0.563281
0.902793,0.827036
0.920148,0.984603
0.997296,-0.110745
0.984634,-0.163916
0.934196,0.466601
0.822039,1.33772
0.958662,-0.0761166
0.944915,0.775217
0.878746,1.24826
0.840087,1.00672
0.923421,0.299414
0.938756,0.649187
0.891154,0.909389
0.909993,0.875576
0.873223,1.06833
0.974851,0.457091
0.971767,0.284293
0.950785,0.705369
0.887888,1.11987
0.957068,0.339115
0.914535,0.288713
0.836154,1.44377
1.00941,0.0237283
0.953934,0.14285
0.925252,0.442856
0.906764,0.852946
0.949533,0.446475
0.978407,0.320718
0.872604,0.807234
0.943815,0.52843
0.925982,0.49771
0.889097,0.752273
0.962669,0.305744
0.882283,1.07198
0.9633,0.14783
0.951265,0.0919975
0.953375,0.383156
0.944619,0.131161
0.914817,0.760249
0.90743,0.751466
0.876632,0.854538
0.946717,0.760303
0.914048,0.711314
0.981589,0.0429013
0.903081,0.773581
0.889263,0.614283
0.929315,0.773997
0.968146,0.0904382
0.893689,1.04114
0.93268,0.782089
0.994603,-0.078003
0.964915,0.532252
0.923551,0.688506
0.966853,0.420195
0.935721,0.184031
0.922391,0.527688
0.896315,0.728365
0.955121,0.23937
0.912727,0.835575
0.914901,0.795183
0.995939,-0.062463
0.908903,0.558653
0.875227,1.015
0.98692,0.124828
0.94849,0.543297
0.964412,0.179739
0.938534,0.729136
0.924452,0.589104
0.94417,0.428926
0.932303,0.486381
0.895967,1.08079
0.954294,0.402871
0.855897,1.20948
0.924482,0.387598
0.931833,0.564586
0.990015,0.294798
0.979601,0.0421214
1.00171,-0.11545
0.861448,1.09706
0.822266,1.14635
0.967247,0.154778
0.963391,0.118687
0.996621,0.0731513
0.893597,0.864168
0.905183,0.755599
0.891287,1.07862
0.938281,0.708382
0.895595,0.885236
0.916921,0.646234
0.924514,0.436134
0.997318,-0.0294361
0.955672,0.537597
0.933538,0.389869
0.94934,0.20951
0.882695,1.03115
0.944256,0.614287
0.908383,0.950005
0.922562,0.832806
0.960949,0.3125
1.01312,-0.277153
0.911333,0.946144
0.95637,0.637387
0.911896,0.618831
0.941367,0.816701
0.835244,1.38449
0.919479,0.637959
0.860234,1.06225
0.961343,0.351026
0.93314,0.545981
0.891951,0.969892
0.930215,0.485647
0.965465,0.0370613
0.980334,0.203028
0.924303,0.511057
0.968892,0.254969
0.90487,0.790542
0.920579,0.541063
0.907703,0.716488
0.871289,1.15882
0.901083,0.848875
0.890933,0.537464
0.955278,0.294045
0.973172,-0.0106535
0.879158,0.653374
0.990831,0.160953
0.992627,-0.0153519
0.966579,0.557646
0.922237,0.526932
0.927692,0.551651
0.945003,0.25466
0.832099,1.23624
0.949609,0.444291
0.872346,0.918107
0.960801,0.216618
0.994546,-0.196826
0.953436,0.690138
0.934796,0.411135
0.949721,0.486919
0.961265,0.487804
0.898849,0.673303
1.02362,-0.22882
0.922754,0.438684
0.925218,0.692963
0.881353,0.953621
0.933784,0.601332
0.919888,0.536936
0.958687,0.304802
0.999396,0.0439692
0.982958,-0.0726978
0.915724,0.507913
0.931957,0.732577
1.02707,-0.268715
0.874184,0.828469
0.906474,0.744498
0.981761,0.0585051
0.892699,0.747042
0.941227,0.438845
0.928823,0.609908
0.97636,0.307429
0.96031,0.436526
1.00196,-0.109573
0.939197,0.354664
0.999924,-0.06025
0.889094,0.888101
0.878596,1.01484
0.892151,0.932511
0.948985,0.201398
0.96412,0.22226
0.92005,0.420662
0.885265,1.00277
0.892114,0.736087
0.882449,0.831159
0.983674,0.12222
0.947205,0.196829
0.909354,0.531922
0.847813,1.24569
0.977114,0.245463
0.915713,0.856239
0.93559,0.89403
0.971781,0.0518365
0.933115,0.912597
0.935192,0.561275
0.938424,0.489846
0.922331,0.686795
0.904897,1.00625
0.977155,0.474935
0.925454,0.549688
1.04162,-0.194498
0.920772,0.677799
0.981854,0.194523
0.922005,0.487439
0.948913,0.503636
0.859134,1.37392
0.852211,1.22407
0.945418,0.41576
0.990615,0.1899
1.03626,0.0906351
0.893772,1.01338
0.868171,1.39037
0.894323,0.656279
0.940102,0.614141
0.958832,0.211463
0.927755,0.564406
0.922814,0.827489
0.913951,0.769571
0.933938,0.605722
0.97167,0.649895
0.910312,0.915685
0.916474,0.525849
0.943965,0.625265
0.876064,0.869106
0.870366,1.00945
0.879337,1.13284
1.0265,-0.214061
0.9235,0.344771
0.973956,0.231234
0.920928,0.748174
0.913028,0.90511
0.917822,0.917956
0.878768,1.10411
0.963201,0.36221
0.987225,0.245248
1.012,-0.0161374
0.977428,0.473545
0.905269,0.722165
0.837785,1.37718
0.957139,0.387951
0.946649,0.231182
0.940285,0.264531
0.899923,0.620106
0.894539,0.708772
0.919789,0.534885
0.878036,0.656097
0.89445,0.774536
0.98135,0.213764
0.921293,0.758469
0.949288,0.579943
0.940174,0.934671
0.986142,0.0537985
0.951423,0.413832
0.871318,1.15535
0.919878,0.757175
0.882272,0.911337
0.967804,0.262757
0.928407,0.727191
0.903709,0.580816
0.938831,0.461893
0.93401,0.739866
0.885553,0.732628
0.937713,0.532089
0.954045,0.266373
0.931577,0.255754
0.889895,1.0802
0.891997,0.698787
0.943806,0.828757
0.963353,0.44707
0.851805,1.1236
0.983622,0.312185
0.895708,1.03822
0.944601,0.563663
1.05232,-0.436132
1.00499,0.0412979
0.979053,0.222351
0.962249,0.42759
0.912298,0.514846
0.908001,0.893136
0.898363,0.765585
0.94962,0.180954
0.897867,0.814568
0.90501,0.918216
0.987518,-0.436777
0.929827,0.379099
0.901126,0.807812
0.941147,0.431298
0.965175,0.364428
0.93318,0.531025
0.997112,0.21853
0.925823,0.549686
0.940758,0.739976
0.842814,1.131
0.946254,0.168442
0.978806,0.213184
0.892715,1.02181
0.979736,0.0445883
0.930643,0.3528
0.891932,0.758183
0.911532,0.522349
0.931932,0.462068
0.918641,0.610389
0.953233,0.403897
0.998733,-0.00122548
0.948354,0.176121
0.906906,0.606809
0.92451,0.45036
0.892464,1.06571
0.919028,0.51838
1.02141,-0.0570748
0.86667,1.38238
0.93466,0.687194
0.908144,0.611525
0.939673,0.349355
0.923947,0.678966
0.960805,0.191434
0.946469,0.587279
0.917992,0.521346
0.920829,0.786098
0.972681,0.330626
0.999755,0.0389698
0.89312,1.1283
0.957341,-0.00356676
0.855753,1.29911
0.901919,0.803664
0.889904,0.908357
0.966648,0.299165
0.968905,0.310985
0.915123,0.730136
0.874546,1.26072
0.913222,0.434366
0.907066,0.972457
0.937394,0.418741
0.935655,0.933087
0.916081,0.524115
0.983843,0.120543
0.992343,0.163311
0.931106,0.500328
0.900811,0.765455
0.880638,0.984149
0.958465,0.521086
0.862102,1.21412
0.876182,0.943839
0.962066,0.684306
1.00435,0.00412535
0.92211,0.859952
0.850523,1.2487
0.920415,0.562584
0.910485,0.79368
0.941844,0.308553
0.913258,0.887864
1.02351,-0.144643
0.962435,0.165638
0.91359,0.668539
1.01203,-0.26362
0.912778,0.956594
1.00737,0.0262782
0.908748,0.700704
0.937286,0.53218
0.925579,0.671722
0.892289,0.917457
0.925503,0.626917
0.879362,0.774846
0.961888,0.280203
0.903551,0.822429
0.936324,0.259337
0.889811,0.801356
0.936692,0.659492
0.923738,0.715245
0.898247,0.851356
1.00243,-0.197108
0.931641,0.515412
0.931671,0.388198
0.958733,0.284888
0.99882,-0.0205487
0.939428,0.499904
0.932392,0.382254
0.918473,0.513324
0.827428,1.33609
0.899246,0.90823
0.90769,0.784901
0.926598,0.639697
0.943468,0.412487
0.915244,0.601057
0.959481,0.226953
0.904684,0.832298
0.986134,0.314789
0.938971,0.607716
0.950317,0.383953
0.961306,0.136518
0.989241,0.138551
0.841785,1.30314
0.901823,0.830265
0.907566,0.789643
0.945333,0.441557
0.874031,1.4242
0.935684,0.529301
0.954648,0.21683
0.930097,0.441422
0.924766,0.44688
0.995313,-0.00169969
0.949613,0.551139
0.908324,0.904508
0.960214,0.435745
0.988046,-0.242317
0.981379,0.0732729
0.881637,0.984364
0.900031,0.798362
0.831547,1.24304
0.915633,0.819449
0.935772,0.563911
1.02325,-0.156139
0.900372,0.861197
0.95697,0.477832
0.985319,0.256963
0.904215,0.962434
0.957677,0.380966
0.908189,0.714351
0.919054,0.685196
0.914628,0.671785
0.89792,1.13973
0.976286,0.350537
0.914455,0.705573
0.913362,0.732051
0.930133,0.277616
0.882402,0.793957
0.924259,1.02648
0.907618,0.686485
0.989107,0.213765
0.950742,0.170573
0.879584,0.675755
0.902983,0.781686
0.981855,0.111831
0.934614,0.275118
0.978228,0.120519
0.873771,1.20777
0.914956,0.717369
0.878224,0.952683
0.857895,1.31509
0.929634,0.474391
0.90016,0.963873
0.902574,0.939
0.915273,0.803338
0.912037,0.601209
0.930143,0.64741
0.889133,1.13041
0.912775,0.768249
0.923226,0.468139
0.942055,0.509888
0.869209,1.09741
0.973603,0.114957
0.978781,0.235849
0.906662,0.650173
0.967179,0.240101
1.04198,-0.384021
0.975193,0.41427
0.922787,0.838784
0.9227,0.215478
0.925982,0.661928
0.919352,0.625775
0.975897,0.457888
0.990237,-0.0139541
1.00108,0.223375
0.911061,0.800672
0.889711,0.735855
0.855427,1.19833
0.868717,0.94649
0.987182,0.0887198
0.917193,0.609264
0.958358,0.296148
0.871059,0.959424
0.949056,0.495262
0.95652,0.41265
0.85048,1.05702
0.909402,0.673622
0.944007,0.541181
0.9574,0.252602
0.881511,1.16641
0.929524,0.607424
0.895469,0.651525
0.908394,0.67469
0.989178,0.0908265
0.922156,0.645936
0.905028,0.610639
0.94335,0.465628
0.926908,0.459533
0.974854,0.293506
0.883085,0.897858
0.884684,0.86312
0.885662,0.985563
0.948474,0.422129
1.045,-0.647727
0.901203,0.680577
0.892951,0.748363
0.902764,0.742924
0.946511,0.686078
0.961491,0.389498
0.96974,0.365171
0.946228,0.368068
0.966196,0.24114
0.945189,0.288892
0.906223,0.95138
0.977766,0.441801
0.968448,0.122396
0.923234,0.661112
0.997881,-0.0640551
0.934034,0.585139
0.898888,0.816582
0.910857,0.734926
0.89572,0.831924
0.981257,0.167094
0.956234,-0.0682713
0.954785,0.363692
0.942759,0.609027
0.925867,0.626625
0.890934,0.942237
0.957043,0.430972
0.888425,1.06808
0.903539,0.598561
0.951901,0.124876
0.897599,0.887751
0.939721,0.635319
0.897659,0.690046
0.859623,1.29319
0.927282,0.746164
0.891917,0.615949
0.9403,0.326589
0.945385,0.554423
0.882225,0.833699
0.914094,0.723891
0.853666,1.19884
1.01536,-0.160117
0.890986,1.15079
0.919317,0.437282
0.911172,0.769583
1.01046,-0.11512
0.917637,0.77737
0.99689,0.138803
0.987292,0.125166
0.910241,0.874693
0.954672,0.501351
0.935837,0.654513
0.88972,1.13808
1.04098,-0.40271
0.835167,1.41648
0.937247,0.346041
0.949162,0.729992
0.936167,0.59614
0.946082,0.284303
0.944539,0.319005
0.951821,0.350311
0.90071,1.02272
0.889327,0.901962
0.926178,0.347988
0.923333,0.483759
0.848276,0.93142
0.91065,0.835782
0.928654,0.563987
0.968748,0.0616919
0.896801,0.953612
0.941064,0.0890695
0.827928,1.1964
0.903939,1.06395
0.982598,0.227599
0.87699,0.89565
0.909233,0.616986
0.887304,0.794802
0.917838,0.613181
0.94078,0.549697
0.911339,0.693666
0.933259,0.615248
0.950464,0.381448
0.899591,0.683927
0.98169,0.304511
0.961878,0.280611
0.887522,0.939064
1.01249,0.0266626
0.946718,0.53987
0.867839,0.791632
0.952334,0.334716
1.00196,0.0148113
0.949856,0.238584
0.925764,0.786339
0.991752,0.0337973
0.920854,0.689956
0.970937,0.139701
0.913857,0.977583
0.989141,0.104876
0.934933,0.781715
0.879328,0.887661
0.931657,0.778433
0.881212,1.23119
0.924713,1.01276
0.939867,0.686753
0.936931,0.222319
0.931937,0.401365
0.934511,0.697106
0.879478,0.900349
0.960706,0.289626
0.924309,0.904269
0.979152,0.0880996
0.873153,0.705778
0.994276,-0.0425126
0.972867,0.102035
0.917897,0.753607
0.884261,1.12718
0.979706,0.0295868
0.948709,0.829055
0.931346,0.685049
0.918664,0.60603
0.920172,0.387416
0.94106,0.466333
0.909164,0.743857
0.914018,0.821937
0.924206,0.637247
0.963078,0.228813
0.868475,1.07819
0.929004,0.713433
0.92344,0.610372
0.918439,0.8033
0.936631,0.508947
1.00217,-0.213534
0.957796,0.147007
0.91608,0.851465
0.937134,0.474936
0.878581,1.08731
0.915727,0.809107
0.97426,0.200753
0.971567,0.479204
0.973377,0.617077
0.92014,0.600737
0.849483,1.45772
1.00451,0.0029794
0.960452,0.627122
0.940545,0.312722
1.0003,-0.000956292
0.946651,0.504959
0.879557,1.11234
1.01391,-0.170154
0.92897,0.338874
0.974228,-0.0841849
0.851018,1.05695
0.96436,0.19401
0.979295,0.290171
0.906238,0.557364
0.786858,1.47359
0.937501,0.38624
0.919643,0.730428
0.97587,0.455353
0.990195,0.149213
0.969375,0.159898
0.943293,0.367043
0.92396,0.61195
0.888471,0.94417
0.92641,0.840865
0.857647,1.05204
0.952501,0.0644172
0.823804,1.3018
0.878959,1.03586
0.963216,0.330058
0.868909,1.03012
0.923073,0.671115
0.930509,0.27281
0.957156,0.581687
0.970307,0.0809684
0.899971,0.802247
0.950154,0.633467
0.963283,0.18748
0.868241,0.972756
0.919047,0.589138
0.912379,0.686988
0.91555,0.518997
0.978402,0.237066
0.924687,0.6069
0.93381,0.550884
0.920268,0.490636
0.8881,1.03245
0.91025,0.917814
0.923928,0.85463
0.898413,0.750454
0.895968,0.735952
0.905729,0.792085
0.908627,0.960804
0.909745,1.03607
0.854264,1.31302
0.927581,0.333618
0.922551,0.437203
0.988689,0.00845396
1.05174,-0.303651
0.941831,0.306137
0.916068,0.844088
0.939514,0.601705
0.978479,0.241362
0.974981,0.325619
0.920484,0.51045
0.891102,0.969101
0.983719,0.192364
0.97266,0.143647
0.906531,0.716673
0.91029,0.493722
0.865464,1.09321
0.973522,0.46603
0.965018,0.133065
0.91024,0.555674
0.907202,0.811194
0.92328,0.639597
0.8855,0.982876
0.947548,0.349203
0.934711,0.492184
0.799497,1.68824
0.888217,0.86171
0.954577,0.312023
0.851097,1.02365
0.956699,0.545912
0.950224,0.896771
0.914321,0.754928
0.913663,0.526368
0.922361,0.488899
0.922267,0.531203
0.891335,1.0633
0.963365,0.388171
0.926659,0.753408
0.901931,0.657526
0.892857,0.879309
0.972549,-0.142268
0.897302,0.659335
1.02628,-0.216058
0.959048,0.142538
0.949074,0.339765
1.00215,0.114476
0.906702,0.769444
0.912629,0.40797
0.957077,0.0820243
0.953059,0.742243
0.929949,0.515001
0.957385,0.600112
0.957035,0.214026
0.898555,1.04877
0.922772,0.623903
0.884256,0.956141
0.936907,0.51798
0.9435,0.208944
0.93561,0.610092
0.959501,0.442181
0.872909,1.17615
0.843377,1.25033
0.912184,0.811082
0.917981,0.847037
0.888072,0.794977
0.964311,0.489081
0.991807,-0.0130748
0.931891,0.407181
0.92573,0.509169
0.935239,0.599218
0.857399,0.932484
0.941948,0.591691
0.988432,0.0286318
0.952431,0.102262
0.936061,0.424508
0.880381,0.894855
0.981641,-0.365424
0.962443,0.341223
0.896818,0.795801
0.8412,1.23699
0.911401,0.87823
1.02648,0.0946333
0.963302,0.330592
0.937013,0.747494
0.969869,0.0313164
0.950743,0.357678
0.895369,0.966703
0.97546,0.275073
0.875391,0.751579
0.911443,0.815434
0.890892,0.691141
0.914353,0.347831
0.90768,0.791242
0.917783,0.735912
0.963264,0.288186
0.890515,0.790034
0.932221,0.814224
0.920123,0.495883
0.979835,0.0766015
0.883284,0.88503
0.930308,0.771985
1.00113,0.103868
0.934996,0.735429
0.904444,0.93213
0.948184,0.51339
1.00856,-0.141018
0.953163,0.45741
0.947461,0.525293
0.971467,-0.131698
0.88003,0.842369
0.910599,0.806196
0.933232,0.54235
0.953368,0.602874
0.806631,1.57843
0.952963,0.413712
0.924858,0.497999
0.878838,0.973029
1.00932,-0.0788673
0.92202,0.600786
0.915873,0.826671
0.873651,0.945887
0.870921,0.998726
1.00011,0.159233
0.917148,0.578797
0.960916,0.22109
0.933744,0.731079
0.917874,0.607392
0.97018,0.137571
0.953862,0.636691
0.942319,0.278254
0.927517,0.722933
0.94568,0.432211
0.861623,1.03992
0.985649,0.226994
0.927044,0.753166
0.9449,0.290115
0.875841,1.00655
0.964951,0.228538
0.971789,0.405494
0.946294,0.189968
1.0131,-0.25213
0.88718,1.08422
0.916288,0.767926
0.909873,0.435357
0.890716,0.824886
1.02241,-0.17438
0.930344,0.487444
0.884025,0.764401
0.922657,0.723527
0.903554,0.826053
0.893366,0.665476
0.898435,1.20554
0.942687,0.482242
0.877982,0.584349
0.965929,0.38062
0.906803,0.783379
1.00274,-0.125729
0.929312,0.583971
0.902334,1.08129
0.919093,0.57727
1.00922,-0.115637
0.97349,0.270255
0.90268,0.536707
0.956111,0.372167
0.919391,0.548544
0.902786,0.710865
0.975614,0.247029
0.910762,0.662204
0.982811,0.07925
0.947014,0.326262
0.972725,0.00359235
0.948296,0.729364
0.948949,0.42229
0.995369,-0.158512
0.883533,0.865623
0.920463,0.657388
0.907257,0.657147
0.932506,0.841404
1.00488,-0.0262814
0.975356,0.104942
0.991286,0.111292
0.924229,0.508723
0.905237,0.715267
0.961014,0.4001
0.959378,0.546302
0.898061,0.762723
0.865616,0.789728
0.883231,0.742119
0.953586,0.413708
0.966428,0.0548943
0.862867,0.852151
0.845154,1.25852
0.912319,0.689718
0.931592,0.569425
0.912866,0.78597
0.945972,0.438508
0.83692,0.996544
0.912672,0.599425
0.87478,1.23392
0.895938,0.716078
0.934394,0.795981
0.958642,0.442763
0.973185,0.0467154
0.962764,0.0725588
0.964109,0.199365
0.935294,0.469986
0.88098,0.989232
1.00539,0.0206912
0.935757,0.44199
0.924699,0.439594
0.949122,0.131791
0.932373,0.54184
0.927105,0.781807
0.976035,0.430612
0.944906,0.23047
0.92827,0.486345
0.971518,0.312287
0.92368,0.709945
0.906962,0.749109
0.976144,0.145202
0.910158,0.867707
0.906122,0.843417
0.990835,-0.0866936
0.969738,0.249618
0.985258,0.340698
0.893414,0.870953
0.912002,0.627141
0.893627,0.806588
0.900233,0.734839
0.866779,1.17191
0.88627,1.09566
0.866901,0.966322
0.938181,0.614021
0.956747,0.550571
0.978872,0.304473
0.89203,0.997772
0.968906,0.416566
0.998334,-0.0777705
0.873969,0.941862
0.932286,0.116563
0.848809,1.15064
0.886861,0.997521
0.969735,0.227075
0.971479,0.460112
0.879447,0.908803
0.997047,0.244618
0.935606,0.336836
0.850044,1.19875
0.891861,0.862659
0.860914,1.05869
0.90482,0.745663
0.893582,0.465629
0.953576,0.477455
0.94564,0.458476
0.92097,0.705418
0.944447,0.55999
0.919185,0.559382
0.931111,0.408682
0.957666,0.291517
0.935212,0.249505
1.02279,-0.294881
0.931046,0.251975
0.90874,0.943553
0.955412,0.134616
0.973949,0.0600267
0.90959,0.7194
0.952819,0.291903
0.961012,0.383515
0.920132,0.607657
0.991496,0.0282863
0.971706,0.139505
0.964106,0.256698
0.991115,0.281888
0.94771,0.467792
0.930371,0.507146
0.971103,0.20565
0.934767,0.455426
0.897545,0.90632
0.908204,0.690682
0.953941,0.583155
0.97656,0.312367
0.94885,0.659066
0.887701,1.00891
0.951211,0.24177
0.977066,0.229439
0.919066,0.533437
0.996622,0.20343
0.875079,0.845024
0.945009,0.527291
0.949186,0.683277
0.909184,0.664343
0.96764,0.298546
0.938218,0.951356
0.945555,0.541639
0.959102,0.347637
0.847106,1.12565
0.910387,0.597812
0.918165,0.699244
0.932612,0.558167
0.949668,0.40239
0.9002,0.962126
0.913581,0.665444
0.990602,0.18378
0.987317,-0.0335781
0.983669,0.359473
0.932844,0.492169
0.943118,0.497364
0.954536,0.528378
0.920298,0.500924
0.959744,0.514767
0.932632,0.804659
0.919946,0.814756
0.877247,0.961841
0.947961,0.35676
1.00653,-0.063428
0.97679,0.35009
0.876918,1.16556
0.93976,0.320858
0.884983,0.723229
1.0285,-0.0932974
1.01876,-0.166678
0.968584,0.0890696
1.01193,-0.0706618
0.991045,0.0738109
1.04315,-0.464319
0.976682,0.102193
0.958891,0.375913
1.02753,-0.0494653
0.988438,0.271801
0.893894,0.396111
0.929946,0.644517
0.973971,0.0471802
0.940264,0.571613
0.953607,0.304684
0.858526,0.882154
0.871949,0.833588
0.888689,0.994661
0.928205,0.285655
0.931851,0.441514
0.909267,0.69103
0.910072,0.267055
0.838581,1.30872
0.945162,0.182558
0.956606,0.0283828
0.982946,-0.077099
0.914931,0.744353
0.96208,0.298146
0.814162,1.48899
0.942998,0.690202
0.85791,1.24223
0.936407,0.391785
0.968816,0.196106
0.950811,0.264066
0.893072,0.828067
0.901834,1.0443
0.895097,0.727498
0.922034,0.495361
0.93145,0.478375
0.96593,0.62218
0.888378,0.666996
0.95535,0.231436
0.925569,0.852532
0.91811,0.605122
0.861483,1.27101
0.981715,0.185466
0.9635,0.595898
0.968633,0.157855
0.922034,0.531174
0.943019,0.342786
0.924012,0.413342
0.869129,1.18784
0.913274,1.21948
1.0046,0.0163826
0.91819,0.484346
0.86628,1.08803
0.895955,0.936121
0.908046,0.739582
0.951988,0.43628
0.955076,0.3807
0.937467,0.544795
0.902101,0.946977
0.981883,0.0983068
0.940185,0.335815
0.936014,0.467025
0.916589,0.531363
0.838805,1.41124
0.903605,0.565266
0.919775,0.578249
0.937468,0.534648
1.03379,-0.177328
0.874346,1.07079
0.925858,0.198913
0.952431,0.615642
0.94193,0.84817
0.887724,0.808645
0.936065,0.553705
0.873758,0.803617
0.995119,0.140911
0.941715,0.46433
0.9353,0.5381
0.948585,0.321478
0.982535,0.249778
0.829405,1.58686
0.949082,0.317601
0.961152,0.401112
0.901533,0.996093
0.905796,0.75492
0.892835,0.978647
0.88368,1.31722
0.887124,0.964636
0.959958,0.351111
0.965969,0.373721
1.01353,0.257168
0.967122,0.298967
0.904664,0.503461
0.947,0.514362
0.932089,0.476479
0.880027,0.843962
0.940515,0.550591
0.943881,0.438162
0.91864,0.68017
0.93276,0.539984
0.955182,0.312167
0.949309,0.425313
0.89411,0.681204
0.946869,0.236501
1.04208,-0.217332
0.925544,0.288522
0.919878,0.622356
0.898367,0.692353
0.916125,0.762214
0.94306,0.477475
1.01166,0.151993
0.94102,0.129606
0.970047,0.29928
0.934034,0.366895
0.968362,0.150985
0.921377,0.422104
0.903481,0.722389
0.97397,0.0955312
1.01612,-0.383778
0.830527,1.14407
0.965621,0.301685
0.948334,0.645994
0.93763,0.654419
0.971247,0.466856
0.951319,0.265304
1.02937,0.0640494
0.924547,0.609681
0.986213,0.0973554
1.03634,-0.381199
0.995192,0.370282
0.975894,0.0898995
0.889149,1.16309
1.01635,0.0452845
0.888375,0.824123
0.964099,0.529008
1.02922,-0.589893
0.861008,1.26996
0.966326,0.478619
0.901487,0.562156
0.928442,0.692836
0.921794,0.891123
0.968451,0.322583
0.85775,1.15005
0.944451,0.538508
0.988878,-0.0785871
0.923593,0.45413
0.968073,0.445002
0.921617,0.748339
0.991743,-0.0818079
0.885295,1.0765
0.957074,0.0436248
0.993224,-0.0386377
0.996899,0.349319
0.942522,0.180038
0.97749,0.305669
0.979152,0.270185
0.951813,0.713069
0.8462,1.43168
0.911918,1.167
1.00872,-0.0685075
0.865149,1.03326
0.883159,1.15665
0.95814,0.459013
0.959707,0.31374
1.02499,-0.166132
0.99923,-0.236114
0.932225,0.606193
0.967096,0.501964
0.990166,0.368776
1.047,-0.230968
0.960402,0.320839
0.897603,1.08291
0.883576,0.883994
0.98681,0.158851
0.877535,1.13728
0.871091,1.43503
0.924213,0.555062
0.996967,0.0263179
0.957862,0.105682
0.88177,0.893903
0.896064,0.71705
0.883755,0.988898
0.935198,0.794395
0.915889,0.701013
1.02497,-0.237258
0.883686,1.11144
0.951879,0.490935
0.997195,-0.0533748
0.932275,0.651574
0.931292,0.515647
0.956826,0.356219
0.975257,0.0619459
0.966062,0.486066
0.86375,1.18708
1.01105,-0.0269976
0.946088,0.542588
0.886041,1.01879
0.934586,0.586897
0.944558,0.636704
0.872367,1.04683
0.953883,0.523094
0.954458,0.0265577
0.960887,0.124318
0.966316,0.314396
0.901337,0.7483
0.923956,0.635493
0.930281,0.436168
0.913904,0.558857
0.958691,0.394521
0.947448,0.434521
0.948806,0.251978
0.960305,0.306353
0.847116,1.18689
0.884164,0.78984
0.913175,0.699211
0.872363,1.14829
0.944886,0.158289
0.974708,0.336955
0.913388,0.523853
0.899039,0.635165
0.97439,0.340176
0.895933,1.01474
0.919531,0.421063
0.890593,0.828944
0.970308,0.175397
0.952392,0.555776
0.8949,0.829294
0.94044,0.500771
0.978555,0.0775579
0.907132,0.722826
0.943329,0.326548
0.937482,0.576887
0.904916,0.715469
0.859902,1.01963
0.93979,0.556426
0.919808,0.452634
0.895381,0.982139
1.00991,0.249081
0.933373,0.501016
0.931153,0.695804
0.872886,1.09714
0.957107,0.0760388
0.908036,0.782214
1.01158,-0.115696
0.931379,0.459992
0.915014,0.768535
0.928501,0.623115
0.880607,1.08665
0.961312,0.123281
0.97323,0.136285
0.878108,1.00311
0.916038,0.30251
0.968952,0.461973
0.947042,0.44488
0.91914,0.551958
0.955429,0.881487
0.946985,0.507081
0.861085,1.30506
0.933829,0.79373
0.929263,0.579224
0.901499,0.875134
0.952836,0.353156
0.980013,-0.0109347
0.933306,0.349236
0.822702,1.38614
0.959229,0.259706
1.01563,0.0604787
0.969384,0.130525
0.862146,1.08945
0.876698,1.12191
1.02472,-0.402738
0.895147,0.701913
0.917923,0.703132
0.982906,0.145644
0.917774,0.957945
0.935976,0.670969
0.9178,0.627667
0.992556,-0.108197
0.834962,1.2988
0.928942,0.653586
0.93058,0.502892
0.985769,0.268835
0.851078,1.33767
0.885427,0.79034
0.921541,0.514447
0.980105,-0.00897462
0.994481,0.236844
0.905763,1.12966
0.977977,-0.287055
0.969838,0.0847903
0.977992,0.153793
0.99214,-0.157319
0.9741,0.449752
0.989055,0.0428282
0.954031,0.217473
0.900884,0.998511
0.940918,0.606991
0.933735,0.512847
0.886936,0.8035
0.880233,0.890509
0.907414,0.552224
1.02268,-0.281768
0.864701,1.14591
0.97162,0.311007
0.947612,0.511684
0.909788,0.918384
1.04203,-0.329616
0.935063,0.573231
0.910169,1.01927
0.912973,0.504488
0.91871,0.288801
0.960319,0.141528
0.921972,0.82526
0.942547,0.512785
0.946072,0.427646
0.926615,0.684949
0.915658,0.681178
0.932692,0.72422
0.876931,1.02286
0.97622,0.33246
0.974623,0.56034
0.904218,0.788028
0.921846,0.548034
0.886099,0.916929
0.931311,0.610363
0.902786,0.92827
0.954699,0.466053
0.939683,0.259346
0.968582,0.151841
0.957438,0.420505
0.880131,1.01065
0.912195,0.481741
0.940552,0.402429
0.910612,0.750713
0.95807,0.0606971
0.900217,1.02907
0.90358,0.80877
0.949162,0.0834432
0.937922,0.526572
0.981319,0.138027
0.928851,0.514228
0.886527,1.02108
0.93889,0.210472
0.965673,0.0785706
0.955419,0.409519
0.91243,0.755308
0.851451,1.00395
0.973122,-0.251862
0.929004,0.465459
0.994905,0.0781074
0.956118,0.270992
0.910324,0.482641
0.920934,0.513437
1.02861,-0.369415
0.948453,0.494632
0.897826,1.09802
0.949609,0.515057
0.936204,0.511462
0.899683,0.639409
0.976005,0.361633
0.928893,0.570953
0.903882,0.911032
0.88508,0.954217
0.863869,1.10427
0.884489,0.899051
0.939958,0.860519
0.897656,0.80543
0.924823,0.329539
0.900868,0.976102
0.932862,0.414906
0.868074,1.31848
0.964636,0.459653
0.922871,0.577259
0.907323,0.528036
0.857496,1.14851
0.933005,0.573518
1.01126,-0.11942
0.942848,0.441024
0.938176,0.272829
0.999708,-0.015561
0.880546,1.04021
1.02405,-0.320464
0.876127,1.27628
0.960887,0.40824
0.977432,0.251936
0.975811,0.457218
0.930293,0.462364
0.95865,0.556112
0.904882,0.616647
0.90612,0.697562
0.955248,0.48166
1.01728,0.478685
0.885715,0.739304
0.936723,0.498923
0.927938,0.381413
0.88525,1.11323
0.900421,1.12741
0.91572,0.665293
1.05358,-0.36827
0.914107,0.468674
0.942609,0.691047
0.880468,0.639539
0.98966,0.0491312
0.892782,1.3429
0.949095,0.328011
0.982334,0.173767
0.991801,0.105181
0.958678,0.0835605
0.94282,0.746151
0.948467,0.412363
0.88499,0.788576
0.984596,0.150195
1.00698,0.00237622
0.90466,0.94417
0.948946,0.392712
0.879255,0.980017
0.923159,0.517386
0.944038,0.389085
0.891403,0.910835
0.936119,0.400695
0.954752,0.292308
0.96076,0.364995
0.907075,0.79062
0.983093,0.188674
0.850614,1.19696
1.00448,-0.123916
0.99416,0.110425
0.97991,-0.0621503
0.985348,0.347312
0.935491,0.697937
0.954478,0.271519
0.948472,0.373426
1.01761,-0.320496
0.96293,0.183356
0.988282,0.0579228
0.939878,0.67979
0.945333,0.807194
0.951026,0.274965
0.963241,0.547438
1.02456,-0.13704
0.863188,1.21359
0.943308,0.414247
0.961157,0.271895
0.966195,0.117784
0.959059,0.281302
0.930398,0.477082
0.977555,0.130533
0.929524,0.561051
0.856251,1.1316
0.953886,0.554529
0.865545,1.14989
0.949535,0.362896
0.944735,0.25678
0.97472,0.225177
0.873883,0.887219
0.873896,1.14917
0.900686,0.89676
0.9122,0.728696
0.890315,1.19186
0.913596,0.553314
0.920298,0.604805
0.977166,0.0887864
0.955993,0.149566
0.916955,0.938476
0.935192,0.632085
0.985649,0.0438292
0.866027,1.33597
0.913497,0.633639
0.944533,0.462054
0.932716,0.271749
0.895311,0.683504
0.981766,0.337009
0.872514,1.16648
0.913788,0.527929
0.950631,0.539759
1.00037,-0.0561683
0.903406,0.795794
0.901759,1.16616
0.88892,0.738862
0.944993,0.304992
0.994616,0.0757399
0.933896,0.587475
0.934239,0.572013
0.963184,0.414275
0.962016,0.029842
0.973576,0.500646
0.913956,0.331196
0.87874,1.08478
0.891549,1.06458
0.901511,1.06151
0.974435,0.279743
0.855972,1.22301
0.905845,0.74075
1.00243,-0.0249566
0.930192,0.443453
0.980524,-0.072434
0.895981,0.946036
0.906889,0.733947
0.974861,0.197502
0.939967,0.724507
0.907759,0.333542
0.99987,0.409628
0.942683,0.400738
0.915989,0.723689
0.979789,-0.171023
0.975294,0.29007
0.893502,0.787818
0.952891,0.747149
0.983112,0.171305
0.897413,0.709968
0.91261,0.868099
0.982193,0.21422
0.902838,0.872981
0.930196,0.418349
0.96216,0.335363
0.858222,1.06108
0.906875,1.06808
0.954497,0.293673
1.01095,-0.0747704
0.94765,0.419269
0.917983,0.805469
0.941221,0.461365
0.956821,0.292123
0.956278,-0.00885981
0.982648,0.248271
0.987759,0.0641764
0.957932,0.47195
0.931182,0.411315
0.934454,0.31013
0.883695,0.863242
0.882604,1.11011
0.914585,0.614465
0.973558,0.308456
0.922229,0.346039
0.94501,0.686447
0.888133,0.85932
0.928805,0.514514
0.986182,0.133876
0.932753,0.67047
1.00187,-0.214343
0.903,0.91788
0.917169,0.597786
0.846625,1.07154
1.02146,-0.0204821
0.970857,0.542999
0.894887,0.7841
0.899181,0.694566
0.922506,0.634948
0.944447,0.849998
0.921384,0.687062
0.953282,0.574837
0.870883,1.17643
0.856262,0.902151
0.952828,0.129557
0.979319,0.0625116
0.8853,0.844851
0.927433,0.801476
0.857054,1.2108
0.929915,0.533707
0.935968,0.490286
0.92578,0.5574
0.903669,0.493077
0.99985,0.159803
0.935522,0.612976
0.881762,0.859038
0.960476,0.244235
0.973076,0.311718
0.866597,1.10024
0.846107,1.26634
0.891892,0.858659
0.904189,0.67904
1.05751,-0.129727
0.91453,0.601815
0.990927,0.027234
0.943355,0.637286
0.925027,0.647659
0.921764,0.748313
0.910205,0.758134
0.899986,0.825537
1.00598,-0.162214
0.932645,0.459741
0.941555,0.533639
0.967123,-0.128063
1.01942,-0.118057
0.988471,0.0593974
0.92622,0.645822
0.906785,0.677473
0.875505,0.993528
0.880553,1.01374
0.959297,0.1104
0.95487,0.25149
0.924444,0.941528
0.909784,0.979658
0.970156,0.141518
0.8748,0.988666
0.945188,0.426146
0.935125,0.354144
0.971126,0.371272
0.961025,0.173217
0.924319,0.611846
0.940667,0.388636
0.913888,0.566325
0.965085,0.0770203
0.8711,0.984419
0.925891,0.495539
0.916089,0.771355
0.968714,0.482144
1.02826,-0.389115
0.935607,0.570837
0.945427,0.235387
0.958914,0.663503
1.02433,-0.160335
0.94776,0.246243
0.941964,0.434111
0.913932,0.57561
0.959526,0.335974
0.947626,0.475689
0.919436,0.527546
0.967785,0.032508
0.955345,0.532221
0.929003,0.839311
0.984514,0.0359496
0.911307,0.89025
0.874538,1.00481
0.954323,0.210665
0.871253,1.05453
0.832334,1.13081
0.917483,0.343839
0.877779,0.925788
0.919709,0.821592
0.943258,0.517249
0.98068,0.197863
0.931524,0.5621
0.946681,0.644026
0.917262,0.921149
0.945497,0.455305
0.952287,0.388597
0.871712,0.975314
0.950811,0.360751
0.891021,0.742213
0.935668,0.499733
0.970781,0.377044
0.938002,0.482958
0.902796,0.645637
0.916736,0.558768
0.867054,1.02839
0.836226,1.24898
0.895217,0.640886
0.941918,0.325018
0.86656,1.1456
1.01601,0.0467435
0.948602,0.474596
0.967445,-0.0567009
0.942614,0.37996
0.997551,-0.266073
0.953649,0.34667
0.949921,0.322239
0.991138,-0.00106881
0.923457,0.733766
0.906857,0.780248
0.91559,0.621422
0.861959,1.32073
0.989179,0.305192
0.915159,0.528023
0.883012,0.952864
1.0057,-0.102276
0.930844,0.581538
0.889286,0.684947
0.904759,0.77941
0.892979,0.739788
1.01617,-0.0931627
1.00392,0.0524002
0.895399,0.793595
0.859767,0.837871
0.897643,0.701154
0.940925,0.418287
0.914993,0.720878
0.951016,0.664446
0.856726,0.92927
0.859114,1.15136
0.972871,0.273972
0.892321,0.791712
0.984963,0.263239
0.945697,0.210506
0.884198,0.693378
0.938257,0.624541
0.928273,0.642716
0.922748,0.599249
0.939406,0.45028
0.846282,1.32962
0.941595,0.545853
0.918836,0.893477
0.931111,0.416662
0.870275,0.974674
0.97497,0.145269
0.915598,0.839204
0.937054,0.387078
0.816958,1.18577
0.93569,0.391846
0.963015,-0.162099
0.947984,0.404889
0.940504,0.681952
0.989666,0.31325
0.957368,0.602007
0.958537,0.544563
0.969962,0.434752
0.964593,0.0759484
0.983798,0.16957
0.860277,1.15564
0.930097,0.70869
0.941065,0.582394
0.955102,0.617173
0.920619,0.583814
0.95511,0.296626
0.93596,0.352437
0.939357,0.642573
0.93053,0.48268
0.844983,1.33444
0.936971,0.529112
0.92003,0.475617
0.886988,0.892294
0.950616,0.651945
0.973486,0.402694
0.875451,1.28154
0.871235,1.26029
0.825893,1.30038
0.948623,0.111339
0.927797,0.684437
0.949318,0.423053
0.962246,0.18496
0.995574,-0.0483017
0.970662,0.406788
0.92951,0.690658
0.943048,0.544509
0.949697,0.616815
0.944015,0.448938
0.934291,0.595854
0.925103,0.720908
0.955052,0.184791
0.937274,0.607648
0.929693,0.694042
0.931028,0.522089
0.97331,0.223571
0.931052,0.763448
0.913196,0.230411
0.942631,0.206503
0.895674,1.02316
0.929017,0.337599
0.953021,0.10636
0.908098,0.739569
0.904684,0.758363
0.932043,0.288126
0.912242,0.868652
0.925106,0.506082
0.907354,0.844875
0.852131,0.942729
0.866042,1.30449
0.902065,1.13673
0.898336,0.930716
0.896131,0.593801
0.83806,1.51181
0.965206,0.111952
0.959757,0.467389
0.958849,0.354282
0.912236,0.548191
0.947033,0.381391
0.942771,0.520653
0.935589,0.941446
0.914207,0.689365
0.958939,0.0519623
0.940772,0.375747
0.975405,0.138335
0.956984,0.230706
0.926114,0.553185
0.929093,0.852316
0.955788,0.552913
0.983556,0.103935
0.950987,0.403482
0.893231,0.891972
0.920542,0.888201
0.885463,0.851919
0.953113,0.625647
0.922727,0.90512
0.945649,0.415216
1.02728,-0.265925
0.992847,0.127452
0.847434,1.16324
1.00219,0.0890894
0.917747,0.764543
0.958986,0.282307
0.907983,0.662087
0.943858,0.469658
0.860393,0.995066
0.920083,0.576283
0.880422,0.867892
0.908432,0.627012
0.894113,0.970732
0.90254,0.800229
0.992013,-0.0125947
0.99457,0.0211702
0.915659,0.773451
0.885498,0.789276
0.935721,0.337253
0.918526,0.814659
0.912341,0.810961
0.919426,0.659325
0.913873,0.866875
0.912617,0.923988
0.912809,0.726376
0.97123,0.127904
0.915843,0.962291
0.887904,1.10865
0.888133,1.06161
0.965235,0.465888
0.919177,0.669318
0.950662,0.43017
0.886815,1.04149
0.947511,0.643891
0.927934,0.632135
0.913658,0.358313
0.965747,0.365612
0.990728,-0.0459978
0.90931,0.814552
0.894158,0.741342
0.89716,0.760565
0.908882,0.772699
0.978167,0.0315181
0.998146,-0.115657
0.890048,0.972826
0.956655,0.141675
0.902342,0.86915
0.929522,0.690348
0.882224,0.93762
0.888371,0.896858
0.904355,0.891526
0.9442,0.330052
0.874483,1.01623
0.922876,0.471842
0.914086,0.813987
0.96799,0.564466
0.931044,0.455803
0.981978,0.339638
1.01538,-0.135826
0.949671,0.614367
0.958752,0.425837
0.939028,0.476839
0.944903,0.510048
0.947267,0.499516
0.923429,0.442525
0.895845,0.723501
0.905336,0.976302
0.957737,0.381862
0.802317,1.36522
0.86627,1.05682
0.982323,-0.203526
0.901869,0.792754
0.879627,0.932452
0.951785,0.440818
0.915846,0.568134
0.991164,0.278458
0.99954,-0.157696
0.949137,0.784714
1.00151,-0.063479
0.955595,0.632145
0.928039,0.641364
0.914017,0.754078
0.958,0.176645
0.889964,0.576478
0.960086,0.340115
0.868013,1.09029
0.961529,0.37124
0.976967,0.151155
0.982218,0.285011
0.929228,0.620548
0.928215,0.938568
0.855909,1.06382
0.93881,0.46062
0.993948,-0.169384
0.924997,0.573464
0.934856,0.393198
0.896509,0.530582
0.990962,-0.0794297
0.941249,0.627112
0.929462,0.649742
0.916099,0.658386
0.986633,0.17619
0.957378,0.5221
0.918603,0.644618
0.947673,0.544557
0.970412,0.47048
0.934706,0.640675
0.952283,0.379453
0.936856,0.74867
0.886103,0.668565
0.926754,0.750045
0.994484,0.27771
0.908078,0.447603
0.967033,0.290316
0.941908,0.48287
0.978188,-0.00288363
0.95751,0.507653
0.924984,0.924616
0.934851,0.617923
0.941062,0.716929
0.970722,0.19175
0.95821,0.411898
0.941084,0.501953
0.927509,0.491826
0.934499,0.630585
0.908423,0.605736
0.856519,1.1191
0.908595,0.521826
1.00948,0.0691213
0.965174,0.0704449
0.89347,0.973581
0.892029,1.02711
0.878085,1.1681
0.978539,-0.0197472
0.955673,0.154416
0.941668,0.384616
0.966753,0.160377
0.96356,0.450266
0.940642,0.65623
0.987795,0.101082
1.03089,-0.51423
0.969218,0.206581
0.956425,0.444498
0.949932,0.61191
0.937213,0.526405
0.912714,0.771996
0.917963,0.886004
0.909098,0.746417
0.882288,1.02605
1.00517,-0.297558
0.900551,0.713987
0.929671,0.791862
0.929204,0.752749
0.877459,0.797954
0.925351,0.763393
0.945227,0.540354
0.938361,0.400196
0.98975,-0.0713995
0.943319,0.604135
0.897579,0.699778
0.886439,1.13464
0.947355,0.499621
0.934831,0.504924
0.946449,0.577789
0.84598,1.26498
0.915464,0.560442
0.97029,0.342184
0.948491,0.371055
0.948711,0.757242
0.89896,1.10726
1.02184,0.10057
0.94768,0.38642
0.990794,-0.189067
0.949026,0.550063
0.922591,0.903236
0.910939,1.04301
0.927201,0.706982
0.928946,0.730423
0.993027,0.133456
0.977747,0.43665
0.843237,1.13954
0.942159,0.202636
0.917395,0.705879
0.910465,0.699712
0.914805,0.845169
1.01252,0.196649
0.966143,0.282253
0.900112,0.706137
0.928614,0.638865
0.887507,0.828534
0.918111,0.634404
0.958383,0.260162
0.87802,0.79148
0.986382,-0.00358877
0.9106,0.666931
0.941346,0.42786
0.916925,0.734383
0.899382,0.959504
0.943846,0.65796
0.891677,0.59358
0.960354,0.250895
0.87172,0.95772
0.933147,0.972883
0.928501,0.342679
0.909193,0.797187
0.930407,0.538776
0.966337,0.354326
0.967603,0.563759
0.957291,0.550208
0.985812,0.0394376
0.930793,0.488164
0.90979,0.61951
0.94326,0.479477
0.975545,0.12086
0.950319,0.422119
0.958904,0.627592
0.964021,0.34863
0.991849,0.0207402
0.904993,1.02453
0.906051,0.788498
0.955802,0.376354
0.919167,0.892469
0.962744,0.488176
0.938455,0.64582
0.926796,0.60332
0.963487,0.535735
0.920435,0.530687
1.00443,0.205178
0.966147,-0.0697831
0.948083,0.365908
0.927011,0.721882
0.957127,0.221376
0.972098,0.299292
0.959782,0.297255
0.973359,0.402548
0.931767,0.739603
0.932583,0.148153
0.953058,0.491562
0.887105,1.18007
1.00019,-0.0307939
0.985752,-0.1327
0.980581,0.339404
0.908707,0.935778
0.958214,0.169653
0.937188,0.504088
0.880588,1.01686
0.906848,0.762701
0.968913,0.100982
0.89949,0.730812
1.01031,0.183338
0.902548,0.826193
0.968905,0.314981
0.885334,1.06104
0.993629,0.160842
0.884961,0.854859
0.94566,0.571771
0.969464,0.263397
0.953872,0.565609
0.944888,0.199157
0.886658,1.00206
0.953291,0.811453
0.871001,1.05004
0.904517,0.82762
0.900993,0.578179
0.939417,0.772084
0.853199,1.23315
0.937452,0.362053
0.939998,0.511163
0.92147,0.474116
0.958738,-0.0173466
0.971764,0.469569
0.968454,0.308743
0.910341,0.767598
0.995953,-0.159039
0.976208,0.184777
0.887571,0.828088
0.882383,0.93542
0.979103,0.321996
0.950129,0.579592
0.961662,0.366932
0.876437,0.727676
0.943776,0.460758
0.983528,0.423809
0.877255,1.12085
0.97673,0.10159
0.996606,-0.139296
0.921879,0.734604
0.927632,0.879846
0.890512,0.771708
0.953222,0.548749
0.937254,0.676717
1.02097,-0.0153775
0.884369,0.994067
0.941279,0.57961
0.943466,0.500702
0.995701,0.134961
1.01115,0.0383054
0.992207,0.345678
0.951802,0.567664
0.916705,0.792045
0.93783,0.310417
0.961313,0.378786
0.991656,0.159986
0.93812,0.511506
0.834006,1.23928
0.920333,0.679458
0.891455,1.01024
0.887675,0.988134
0.964929,0.606746
0.94606,0.38243
0.937019,0.462666
0.985863,0.447578
0.963524,0.13971
0.891246,0.893379
0.932006,0.524386
0.873618,0.904258
0.965387,0.34573
0.869888,0.909448
0.910985,0.436752
0.925207,0.858331
0.965143,0.535872
0.906312,0.482671
0.891008,0.801156
0.940961,0.329614
0.927296,0.814078
0.919924,0.540135
0.911116,0.713288
0.869445,1.08133
0.94607,0.518573
1.01952,0.175529
0.894819,0.563219
0.949052,0.238598
0.934394,0.390427
0.857682,1.31878
0.906478,0.739556
0.949583,0.357197
0.910772,0.723031
0.955942,0.542098
0.949903,0.415686
0.918056,0.82771
0.892681,0.905056
0.933752,0.3398
0.925761,0.767074
0.969148,-0.0276838
0.884217,0.84307
0.958673,0.633481
0.889009,1.06915
0.911915,0.834423
0.995725,0.0411496
0.935318,0.668729
0.961338,0.0974113
0.884584,1.18794
1.00528,0.0513614
0.908871,0.814955
0.916966,0.420105
0.882039,0.767206
0.912318,0.843306
0.888456,0.472423
0.944851,0.493013
0.910645,0.965453
0.944343,0.602473
0.922742,0.651755
0.915881,0.727325
0.985793,0.296928
0.964909,0.344985
0.899034,0.673951
0.993696,0.091144
0.875706,1.2797
0.999181,0.215203
0.997753,0.0188226
0.931377,0.666619
0.927761,0.457335
0.920205,0.402067
0.943878,0.603548
0.846788,1.21986
0.965176,0.216791
0.925384,0.472491
0.968722,0.349767
0.92978,0.613966
0.943109,0.2718
0.96082,0.26239
1.01278,-0.0770841
0.936763,0.61625
0.96814,0.13432
0.821181,1.55161
0.974332,0.31321
0.934003,0.601318
0.968976,0.376629
0.896883,0.604783
0.917722,0.760324
0.918005,0.51648
0.945729,0.247522
0.911431,0.418989
0.97165,0.428644
0.896888,0.929184
0.929866,0.790089
0.90496,0.788931
0.945725,0.352561
0.970182,0.265153
0.992685,-0.153632
0.907437,0.641523
0.876345,1.17296
0.844015,1.03073
0.970033,0.0480504
0.931895,0.399543
0.937995,0.758825
0.957593,0.413716
0.967476,0.165289
0.959531,0.510582
0.956009,0.378153
0.906417,0.770473
0.934284,0.744472
1.02535,0.0691004
0.934941,0.712134
0.907304,0.902257
0.985593,-0.00760053
0.982644,0.180258
0.9816,0.380807
0.950364,0.62218
0.935185,0.722283
0.884552,0.939565
0.932785,0.478237
0.869223,0.984403
0.943955,0.469989
0.914202,0.371303
0.892201,1.12736
0.867889,1.24293
0.899871,0.854143
1.02781,-0.0415432
0.991893,0.0707751
0.971387,-0.030752
0.969107,0.186501
0.959159,0.543335
1.07433,-0.423469
0.972247,0.343793
0.909632,0.922751
0.981131,0.0324124
0.884285,0.762224
0.986422,-0.120508
0.963231,0.112637
0.9531,0.400395
0.974426,0.0727635
0.93776,0.417776
0.90982,0.697385
0.917463,0.566011
0.945008,0.374748
1.0093,-0.154087
0.873355,1.10066
0.871664,0.941801
0.910055,0.694778
0.93298,0.456324
0.940314,0.506859
0.988319,0.000220572
0.860908,1.35072
0.891932,0.843789
0.867655,1.25302
0.921034,0.773373
0.956896,0.481079
0.982927,0.150878
1.00557,-0.0903524
0.990083,-0.173355
0.93991,0.26618
1.01609,0.0227922
0.983885,-0.149838
0.886468,1.29239
0.891349,0.721205
0.999085,-0.0697596
0.836986,1.20534
0.909384,0.333795
0.978032,0.371183
0.959701,0.374221
0.882639,0.838711
0.960834,0.127036
0.923185,0.468657
0.941568,0.481438
0.97362,0.176611
0.968195,0.340021
0.867257,1.13454
0.932661,0.410794
0.93817,0.430694
0.943884,0.293633
0.991173,0.103355
0.978074,0.543924
0.933841,0.471895
0.877326,0.847517
0.971866,0.270266
0.906516,0.789854
0.96659,0.0795288
0.95385,0.318518
0.888021,1.15485
0.909012,0.616031
0.981004,0.0994105
0.934792,0.697536
0.986126,-0.0599885
0.927397,0.444625
0.85969,0.83882
0.931211,0.313434
0.964972,0.553709
1.00153,-0.177899
0.938597,0.610332
0.979627,0.0571869
0.861426,1.24306
0.984749,0.0966199
0.931309,0.414515
0.910158,0.842053
0.924614,0.725764
0.890027,0.62732
0.975098,0.122739
0.975524,0.13505
0.947017,0.199305
0.969189,0.187239
0.828424,1.56477
0.892101,1.08969
0.930442,0.628727
0.961382,0.00789354
0.910551,0.840126
0.849113,1.01406
0.950381,0.390761
0.984153,0.395612
0.904586,0.676843
0.975467,0.00933703
1.00167,0.0853035
0.934729,0.721692
0.952994,0.408297
0.971216,0.286207
0.891093,0.898134
0.989482,-0.242312
0.929759,0.530775
0.969454,0.249857
0.984325,0.282669
0.966416,0.387076
0.975243,0.283742
0.943272,0.304734
0.881576,0.928676
0.930624,0.400447
0.896502,0.875441
0.909857,0.465997
1.04594,-0.353927
0.916487,0.726024
0.971307,-0.0583473
0.910324,0.814919
0.933603,0.514848
0.926275,0.410888
0.882909,0.694329
0.932828,0.792513
0.911321,0.459724
0.947595,0.486649
0.942241,0.652177
0.889968,1.07313
1.01499,-0.237099
0.904521,0.82206
0.884951,1.22229
0.994846,0.246243
0.88225,0.864687
0.899573,0.58192
0.940046,0.601077
0.943809,0.405872
0.95671,0.493644
0.846373,1.19448
0.930409,0.79322
0.925567,0.702855
0.987972,-0.0926236
0.980821,0.382354
1.01435,0.0033487
0.943159,0.435974
0.856311,1.6835
0.925498,0.594662
0.906647,0.861282
0.947798,0.399298
0.864732,1.2929
0.927872,0.866349
0.903771,0.729622
0.873243,1.29715
0.882841,1.03659
0.851417,1.08447
0.843543,1.21966
0.937945,0.388545
0.895762,0.730568
0.883428,0.832972
0.910487,0.765788
0.888641,0.991915
0.878822,0.855671
0.927891,0.633513
1.01345,-0.226706
0.9057,0.890615
0.991679,-0.114603
0.925768,0.653815
0.916934,0.718044
1.01047,-0.145701
0.8816,1.1441
1.04656,-0.524091
0.96093,0.164306
0.970607,0.385574
0.911781,0.60081
0.945361,0.214214
0.91438,0.683686
0.892917,0.65121
0.902233,0.841694
0.951191,0.29758
0.883526,0.81524
0.941024,0.15315
0.904054,0.873598
0.986552,0.0819221
0.974961,0.307051
0.925987,0.524948
1.01924,-0.0440382
0.961531,0.262762
0.838377,1.16589
0.943258,0.600787
0.95926,0.532095
0.997398,-0.20193
0.857635,1.00858
0.912366,0.317748
0.911716,0.72934
0.83318,1.11397
0.948624,0.241859
0.983954,0.360353
0.892896,0.919022
0.869055,1.14913
0.961052,0.226561
0.903655,0.746612
0.987399,0.108247
0.877202,0.769053
0.937459,0.508331
0.909894,0.98108
0.973369,0.270638
0.978471,0.155036
0.959323,0.431741
0.910586,0.869254
0.873001,1.03063
0.959769,0.123162
0.965763,0.401768
0.969452,0.184787
1.00674,0.0557551
0.924121,0.803006
0.93291,0.268327
0.916399,0.664352
0.948116,0.687032
0.945292,0.74952
0.915298,0.630008
0.901424,0.743539
1.02366,-0.273776
0.923939,0.547161
0.976374,0.106835
0.938752,0.592783
0.965258,0.349062
0.866145,1.02575
0.958161,0.0760296
0.945284,0.661949
0.891514,1.1024
0.954998,0.339522
0.833503,1.36134
0.966845,0.334868
0.913383,0.610869
0.935878,0.583705
1.03159,-0.20846
1.01767,-0.000237381
0.961073,0.347897
0.971085,0.243219
0.938893,0.669426
0.854701,1.1268
0.965924,0.5322
0.818969,1.59021
0.889804,0.697266
0.858112,0.967111
0.933919,0.826978
0.927429,0.489808
0.969543,0.133663
0.867697,1.143
1.00703,-0.344461
0.944274,0.64911
0.998323,0.0472378
0.908603,0.816136
0.881544,0.902435
0.944425,0.612238
0.966862,0.391144
0.900467,0.797025
0.975425,0.267956
0.951792,0.62519
0.966139,0.182594
0.886444,0.662092
0.893155,0.740195
0.987881,0.301825
0.914934,0.97078
0.836598,1.21521
0.793177,1.91152
1.01804,-0.0465623
0.92753,0.48365
0.930304,0.660041
0.9159,0.583604
0.971218,0.530367
0.916773,0.802307
0.854875,1.38013
0.940949,0.271242
0.923147,0.507232
0.967939,0.29902
0.902559,0.641567
0.998259,0.126794
0.915074,0.690578
0.872396,1.07626
0.928353,0.607126
0.908855,0.877106
0.970292,0.467497
0.864525,1.0229
0.938042,0.37374
0.917653,0.727153
1.02982,-0.381376
0.930827,0.473866
0.901431,0.958504
0.975585,-0.0527648
0.90659,0.905645
0.945517,0.343942
0.962231,0.0307598
0.972959,0.251599
0.909638,1.06908
0.933075,0.451513
0.993397,-0.00757398
0.981006,0.230619
0.914633,0.764146
0.822269,1.42474
0.88127,0.955306
0.991775,-0.0294492
0.911965,0.769066
0.939879,0.446636
0.950322,0.115799
0.945114,0.454124
0.866094,0.92438
0.932739,0.657756
0.958275,0.375976
0.892581,1.12235
0.896122,0.924589
0.968497,0.1252
0.871296,1.01613
0.958816,0.37162
0.882794,1.05791
0.945135,0.500891
0.880373,0.687243
1.03171,-0.292669
0.895266,0.870661
0.886988,0.959268
0.997576,-0.0674602
0.916624,0.757686
0.88636,1.28598
0.960552,0.193616
0.98169,0.175082
0.87069,0.701124
0.991617,-9.5536e-05
0.921532,0.502244
0.925644,0.873437
0.943924,0.250663
0.926836,0.797857
0.914555,0.500068
0.990778,0.109397
0.957594,0.39933
0.93183,0.356238
0.933789,0.859368
0.969346,0.369824
0.920803,0.597169
0.903244,0.990967
0.922042,0.678726
1.02403,-0.0690139
0.909204,0.929626
0.925007,0.329954
0.811012,1.77046
0.866045,0.893811
0.892154,0.905332
0.87864,1.13376
0.969784,0.19475
0.906936,0.771882
0.93899,0.738982
1.00372,-0.228384
0.954701,0.342902
0.884283,0.939993
0.987896,-0.247959
0.924196,0.752118
0.963499,0.340057
0.87976,1.08977
0.999243,0.113259
1.0152,-0.224407
0.975342,0.0749461
0.934106,0.672001
0.982552,0.169787
0.962693,0.458427
1.00029,-0.00764482
0.864748,1.20095
0.907587,0.690433
0.928739,0.703162
0.974039,0.403984
0.938844,0.485913
0.939045,0.448967
1.02299,-0.0294316
0.984943,0.282968
0.897914,0.941637
0.92377,0.596992
0.915068,0.546486
0.957071,0.374684
0.932763,0.486492
0.891834,0.808178
0.965833,0.5729
0.963025,0.26102
0.917002,0.747437
0.969685,0.115586
0.996727,0.00254881
0.931463,0.59018
0.911213,0.656702
0.996058,0.160391
0.958279,0.324817
0.909083,0.832258
0.927331,0.486143
0.972109,0.459427
0.920403,0.554333
0.903193,0.798123
0.921651,0.798957
0.885334,0.742721
0.958716,0.0225907
0.968576,0.448153
0.91389,0.736584
0.968609,0.168819
0.962033,0.405828
0.829513,1.16856
0.875282,1.07899
0.904849,0.969405
0.966908,0.255932
0.968929,0.193444
0.98928,0.10649
0.939887,0.899582
0.939027,0.768035
0.924318,0.648664
0.980686,0.231215
0.96192,0.521991
0.967649,0.507532
0.910839,0.716026
0.941955,0.375261
0.978371,0.155037
0.873148,1.32478
0.90753,0.796914
0.950173,0.487031
0.851961,1.16486
0.949003,0.2056
0.973377,0.378031
0.999317,-0.0896151
0.924002,0.586329
0.946022,0.319278
1.01302,-0.221944
0.919764,0.544667
0.918382,0.382592
0.901515,0.661208
0.957671,0.570833
0.947078,0.695351
0.886296,0.716974
0.91005,0.769542
0.928483,0.552682
0.903812,0.796432
0.966309,0.502247
0.935482,0.5026
0.959345,0.260375
0.929867,0.817056
0.937387,0.3361
0.980848,0.130627
0.962802,0.435084
0.949004,0.135156
0.934221,0.451211
0.927618,0.667143
0.903417,0.659361
1.00027,0.230742
0.872831,1.47792
0.855542,1.08583
0.911702,0.760088
1.01767,-0.146096
0.989562,0.0238637
0.927225,0.666571
0.986602,0.363213
0.867766,1.00463
0.973982,0.283301
0.915104,0.538527
0.938998,0.454351
0.936302,0.631492
0.918864,0.608186
0.974698,0.101426
0.914549,0.642287
0.875,0.891881
0.938938,0.366672
0.926483,0.803527
0.93976,0.244277
0.905831,0.67541
0.939725,0.256231
0.933159,0.497505
0.951271,0.329352
0.868217,1.2261
0.897389,0.7001
0.883544,0.940276
0.855794,1.14946
0.905702,0.952714
0.949712,0.443545
0.874214,0.955809
0.906655,0.81183
0.919167,0.58535
0.968066,-0.0823054
0.931076,0.557367
0.984127,0.272065
0.935975,0.478197
0.869793,1.07193
0.848962,1.2574
0.937277,0.346415
1.00155,-0.175486
0.969766,0.391179
0.954886,0.390234
0.934442,0.675141
0.962081,0.196311
1.03388,0.0366906
0.998762,0.105578
0.90667,0.774649
0.945322,0.523463
0.96039,0.0420629
0.906325,0.481222
0.910727,0.613928
0.92843,0.484053
0.91886,0.630116
0.939919,0.599084
0.984459,-0.134875
0.872107,1.17333
0.950565,0.274942
0.899472,0.734648
0.915704,0.769275
0.859172,1.30395
0.963968,0.0498037
0.900472,1.24116
0.950948,0.567841
0.950335,0.433308
0.900248,0.962475
0.905373,0.562806
0.923306,0.53758
0.974647,-0.165326
0.927478,0.490013
0.941506,0.740214
0.991643,0.0953516
0.896825,0.915164
0.870744,0.858578
0.888122,1.08034
0.964106,0.341214
0.915794,0.609051
0.895297,0.7664
0.982753,-0.176726
0.927727,0.306555
0.888986,0.944275
0.929419,0.793927
0.892733,0.910702
0.944699,0.0495082
0.983371,-0.0435165
1.00058,0.132059
0.904968,0.792199
0.897413,0.762552
0.893186,0.850463
0.953657,0.410853
0.918128,0.58971
0.9543,0.371301
0.87521,0.676456
0.886945,0.994036
0.894301,1.1844
0.861254,1.29525
0.974115,0.330066
0.860221,1.26459
0.868231,0.904989
0.941407,0.0675945
0.957976,0.367799
1.00475,-0.220543
0.822134,1.45677
0.929933,0.435799
0.945081,0.461235
0.965394,0.307841
0.985537,0.115538
0.936763,0.57523
0.939089,0.587813
0.82897,1.35511
0.931725,0.424235
0.873287,1.00963
0.964457,0.331661
0.978202,0.175216
0.989496,0.0732077
0.92076,1.01897
0.984477,0.258396
0.932409,0.334728
0.977887,0.218225
0.91674,0.752994
0.933566,0.638885
0.889921,0.854702
0.950221,0.504963
0.94933,0.534882
0.917559,0.551044
0.867289,0.822936
0.934969,0.414195
0.898279,0.454659
0.952329,0.377334
0.903381,0.76726
0.929983,0.581024
0.949625,0.550621
1.01156,-0.331959
0.867031,1.0903
0.943977,0.761311
0.950759,0.294305
1.03113,-0.177485
0.853697,1.12607
0.901003,0.868571
0.91785,0.599967
0.959984,0.356033
0.966161,0.144173
0.992302,-0.176049
0.962133,0.64656
0.959614,0.365183
0.928646,0.422375
0.928029,0.391617
0.965535,0.18408
0.940251,0.640311
0.904991,0.557699
0.940549,0.366104
0.929595,0.619146
0.94129,0.414067
0.925144,0.577084
0.992923,0.0672569
0.998274,-0.119149
0.896792,0.778289
0.944553,0.451924
0.969089,0.123709
0.949234,0.208393
1.01052,-0.155422
0.892226,0.7464
0.918727,0.57418
0.984475,0.0604365
0.968404,0.157885
0.938445,0.569819
0.93806,0.666902
1.01151,-0.110332
0.936746,0.618352
0.879092,1.13907
0.998664,0.197259
0.925121,0.494948
0.942822,0.549178
0.941639,0.643947
0.970937,-0.0981482
0.986622,0.00120533
0.873679,0.875393
0.952051,0.581526
0.881891,0.993498
0.974627,0.165037
0.957608,0.58415
0.971644,0.462772
0.931085,0.567801
0.890829,1.10699
0.885222,0.837665
0.965852,0.555236
0.832845,1.54716
0.941317,0.379011
0.897227,0.766292
0.982557,-0.193874
0.943025,0.509659
0.885563,0.939371
0.985061,-0.232258
0.936796,0.37444
0.941145,0.424721
0.93291,0.501672
0.969451,0.655847
0.965887,0.0302188
0.945058,0.735549
0.926065,0.400258
0.918844,0.411758
0.945716,0.257453
0.947968,0.381732
1.00643,0.129373
0.992623,-0.152875
0.97064,0.34168
0.991628,-0.0301826
0.955808,0.413912
0.897818,0.930174
0.938649,0.163498
0.966306,0.230385
0.890027,1.2808
0.936845,0.326999
0.985993,0.124963
0.917958,0.705788
0.874592,1.04585
0.90793,0.646327
0.996044,0.326775
0.999486,-0.219932
0.920487,0.943696
0.912561,0.787028
0.964165,0.109258
0.934036,0.560886
0.891693,0.422396
0.931107,0.416038
0.892668,0.717327
0.898698,0.660029
0.920041,0.515327
0.931215,0.458791
0.990725,0.14299
0.928047,0.733537
0.835003,1.31148
0.938186,0.232222
0.944202,0.125967
0.949042,0.612779
0.883652,0.652266
0.93149,0.420771
0.952715,0.677093
0.900573,0.809763
0.901619,0.851282
0.878722,1.02831
0.873551,0.939314
0.955544,0.555888
0.967337,0.585207
1.02572,-0.31365
0.956555,0.360683
0.967038,0.415506
0.967783,0.00577852
0.964921,0.294537
0.931348,0.366124
0.938282,0.786166
0.876082,1.00866
0.915364,0.706472
0.866257,0.999132
1.0189,-0.15881
0.936415,0.332337
0.971577,0.214506
0.958844,0.470518
0.980149,0.0532402
0.924565,0.476882
0.943772,0.492638
0.966642,0.0514339
0.864914,1.0132
0.927781,0.519743
0.925614,0.629449
0.963609,0.473464
0.849985,0.791868
0.939494,0.517694
0.933216,0.631507
0.889377,1.15761
0.998397,0.181621
0.939383,0.640429
0.903592,0.858941
0.937117,0.608819
0.940361,0.202669
0.933298,0.830145
0.933245,0.349236
0.864684,1.13439
0.95,0.577105
0.913944,0.547507
1.02026,-0.113515
0.973274,0.327122
1.03003,-0.267442
0.960401,0.232222
0.918703,0.479901
0.899009,0.796212
0.95596,0.125055
0.924623,0.380417
0.880573,0.950997
0.944218,0.170904
0.954527,0.424419
1.00687,-0.248506
0.904344,0.883939
0.904423,0.670129
0.941688,0.442156
0.979434,0.0864329
0.964587,0.378107
0.898923,1.06701
0.950053,0.209006
0.9303,0.725528
0.959486,0.404153
0.892779,1.0273
0.983567,0.225292
0.951176,0.111873
0.888432,0.945515
0.904281,0.853091
0.916963,0.839935
0.932234,0.515876
0.988577,0.0653831
1.02,-0.184897
0.894065,0.742817
0.95557,0.338569
0.867914,1.20652
0.927863,0.598558
0.945635,0.45122
1.01659,0.0775039
0.930991,0.935066
0.787891,1.67222
0.95341,0.252655
0.870995,1.1503
0.935155,0.485606
0.906463,0.672512
0.931453,0.688936
0.955959,0.00555976
0.966666,0.0602383
0.928773,0.635402
0.988138,0.167518
0.994313,0.152461
0.973501,0.0598633
1.02413,-0.204477
0.997843,-0.068237
0.939205,0.446181
0.919803,0.622529
0.946941,0.666365
0.982902,0.0339172
0.946238,0.530949
0.898254,0.82328
0.928466,0.585994
0.929564,0.578639
1.01756,-0.182782
0.930662,0.581075
0.945742,0.480238
0.893334,0.723952
0.944712,0.370438
0.926637,0.672375
0.947233,0.343522
0.961018,0.235283
0.967736,0.271885
0.879885,0.791353
0.926884,0.585046
0.920564,0.758616
0.92363,0.592696
0.9022,0.668154
0.963985,0.0464134
0.936086,0.59525
0.932789,0.453106
0.925496,0.429898
0.936717,0.546717
0.960303,0.612327
0.940224,0.496151
0.941603,0.448936
0.909194,0.291429
0.961983,0.154861
0.88421,0.767861
0.925493,0.428181
0.924708,0.446947
0.895559,0.535999
0.903735,1.00835
0.889028,0.881046
0.984886,0.0388882
0.986871,-0.038365
0.967613,0.167384
0.91608,1.02511
0.97068,-0.103987
0.956469,0.374339
0.932269,0.42005
0.882854,1.01487
0.915168,0.668958
0.905474,0.839452
0.942223,0.24631
0.897754,0.598157
0.939614,0.54234
0.951036,0.361479
0.933933,0.293545
0.970804,0.249515
0.915326,0.520563
0.96456,0.541839
1.0057,0.0729374
0.945518,0.568551
0.946647,0.471897
0.888395,0.569598
0.936826,0.519393
0.964904,0.139455
0.98356,-0.0209852
0.921864,0.622516
0.884902,0.891404
0.975175,0.0105602
0.93032,0.558268
0.975516,0.2598
0.948983,0.415696
0.942197,0.236004
0.94272,0.192273
0.886479,0.801831
0.980559,0.335069
0.923999,0.713456
0.980203,0.0372168
0.884231,1.03315
0.977793,0.0655538
0.877628,0.837999
0.890636,0.776936
0.945822,0.692833
0.954242,0.359018
0.892669,1.04885
0.928126,0.682884
0.99878,0.075407
0.8935,0.602401
0.862138,1.20587
0.923693,0.772004
0.923185,0.567111
0.940833,0.715988
0.947207,0.539618
0.877313,1.13894
0.982413,0.0556661
0.909619,0.655025
0.93139,0.398785
0.957113,0.289075
0.93582,0.754605
0.916624,0.531831
0.962656,0.175806
0.949704,0.61523
1.00609,-0.287507
0.906454,0.563593
1.02871,-0.212441
0.90484,0.506494
0.892731,0.785886
0.878435,1.03156
0.931962,0.589711
0.912408,0.633821
0.952859,0.607939
0.860766,1.29241
0.915679,0.603394
0.892481,0.737396
1.02929,-0.105748
0.908997,0.863357
0.934174,0.463458
0.896654,0.948607
0.968677,0.134594
0.939797,0.487086
0.945533,0.265796
0.97409,0.214632
0.892287,0.950951
0.982487,0.172748
0.93336,0.749506
0.979504,0.331768
0.956397,0.102314
0.931935,0.540015
0.974653,0.221049
0.987682,-0.0515936
0.959557,0.47045
0.998336,0.109283
0.942118,0.171743
0.936081,0.559328
0.897917,0.942497
0.912473,0.63551
0.943397,0.43651
0.918839,0.886882
0.952664,0.101087
0.910017,0.873168
0.841829,1.23704
0.891352,1.15411
0.986423,0.298213
0.865721,1.27738
0.940469,0.406317
0.910213,0.742488
0.968498,0.192436
0.837726,1.34238
0.981941,0.126463
0.960769,0.236798
0.960779,0.318271
0.909358,0.711501
0.861745,1.19072
0.922251,0.779836
0.982796,0.475778
0.948547,0.560783
0.964329,0.484308
0.871283,1.23837
0.886148,1.06407
1.04001,-0.318136
0.96096,0.486288
1.00579,-0.101906
0.992928,0.150209
0.946366,0.611739
0.919244,0.598633
0.919733,0.871555
0.966412,0.462428
0.950633,-0.0162553
0.894766,0.676906
0.870724,1.08191
0.898568,0.689948
0.923163,0.31598
0.946761,0.348523
0.929098,0.673795
0.949401,0.492825
0.960086,0.359208
0.949234,0.228097
0.938821,0.723267
0.930371,0.406674
0.878433,0.950302
0.882482,0.740831
0.981836,0.0421017
0.99621,0.11763
0.950787,0.606705
0.882885,0.893368
1.03425,-0.263851
0.871103,0.945941
0.924265,0.771007
0.944391,0.381273
0.897011,0.834231
0.904753,0.87372
0.975872,-0.132583
0.992693,-0.120326
0.972769,0.388958
0.943185,0.242696
0.892595,0.820112
0.910517,0.759784
0.934119,0.536273
0.966618,-0.0545497
0.955993,0.603879
0.880549,1.099
0.948129,0.387139
1.02808,-0.169238
0.913227,0.723249
0.925154,0.617746
0.995636,0.293986
0.919242,0.763663
0.901548,0.7021
0.887869,0.892022
0.920175,0.711819
0.914721,0.664116
0.852571,1.25441
0.888997,1.20298
0.928344,0.603349
0.952377,0.694786
0.926898,0.506056
0.926102,0.571553
1.00115,0.0781742
0.978524,0.322508
0.858009,1.31109
0.916119,0.677156
0.918585,0.639562
0.900978,0.592748
0.922434,0.632323
0.887806,1.00749
0.88058,0.970067
0.923349,0.775108
0.938778,0.530534
0.95443,0.112035
0.936738,0.682776
0.953422,0.507081
0.884855,0.926025
0.960876,0.334679
0.99174,0.337341
0.967192,0.397744
0.975014,0.0878494
0.929453,0.852995
0.960708,0.475202
0.983317,0.116978
0.903643,0.782218
0.94856,0.570549
0.964961,0.29482
0.959702,0.459494
0.890533,0.961719
0.944601,0.188992
0.975488,0.17584
0.858111,1.08255
0.921774,0.497181
0.898713,0.790525
0.902084,0.733224
0.877053,1.16347
0.982258,0.014416
0.94815,0.0715962
0.897278,0.996903
0.900837,0.506627
0.926574,0.581644
0.894472,0.991029
0.913942,0.792371
0.9043,0.817265
0.942268,0.661179
0.91549,0.674334
0.995747,0.0625853
0.986742,0.180579
0.892795,0.935157
0.961368,0.337484
0.921596,0.632048
0.987264,0.0674123
0.891744,0.907593
0.924872,0.600687
0.965234,0.151402
0.889374,0.938732
0.982175,0.0592548
0.972562,0.096025
0.939803,0.587989
0.914622,0.696065
0.900278,0.942286
0.879732,1.02712
1.02296,-0.440612
0.94131,0.542752
0.931711,0.700079
0.947244,0.54314
1.00823,-0.42606
0.916811,0.602908
0.807541,1.408
0.903989,0.670935
1.02094,-0.626256
0.919157,0.796115
0.917251,0.763771
0.923485,0.61578
0.908856,0.490474
0.921159,0.491349
0.965216,0.230745
0.931761,0.482097
0.884804,0.707075
0.908965,0.691346
0.868177,1.12223
0.910531,0.888857
0.866039,0.877379
0.919414,0.72262
0.938095,0.123227
0.928413,0.497879
0.893663,0.98575
0.935489,0.771326
0.962399,0.467664
0.97704,0.300415
0.927821,0.710913
0.905778,0.639845
0.922525,0.865269
0.903025,0.812221
0.963543,0.211817
0.906082,0.773206
0.942424,0.552115
0.884966,0.894927
0.972474,0.31652
0.963223,0.456543
0.981148,0.332098
0.89282,0.807197
0.870616,1.04579
0.876848,0.87922
0.936797,0.865616
0.96002,0.383551
0.878965,0.774829
0.972189,0.330554
0.941503,0.394393
0.923261,0.527942
0.864915,1.04786
0.904571,0.891894
0.921225,0.61442
0.94647,0.455747
0.936418,0.357021
0.949063,0.64346
0.83355,1.43808
0.929567,0.444106
0.869414,1.06568
0.906845,0.524848
0.932054,0.752355
0.911904,0.725677
0.957538,0.548949
0.847569,1.13987
0.909078,0.520417
0.99291,-0.273796
0.958583,0.403318
0.876506,1.25758
0.982082,0.209766
0.982978,-0.0484077
0.865441,1.31624
0.952773,0.320113
0.932396,0.646661
0.909173,0.711449
0.945122,0.49508
0.893599,0.913185
0.933468,0.564986
0.99121,0.000853875
0.876012,1.15669
0.958565,0.0238243
0.93465,0.982121
0.876611,0.941502
0.984263,0.275472
0.9643,0.198436
0.926763,0.771717
0.927683,0.622215
0.967964,0.432061
0.910602,0.486274
0.992194,0.187811
0.943285,0.459048
0.961873,0.116905
0.993981,-0.380957
0.932992,0.234434
0.993301,0.183483
0.945074,0.7947
0.94288,0.380565
0.95501,0.0427719
0.940758,0.377263
0.890488,1.06761
0.993173,0.276564
0.913288,0.826372
0.956289,0.484633
0.939959,0.590889
0.9189,0.498335
0.892903,1.14822
0.952395,0.544497
0.994502,0.101729
0.899339,1.0822
1.01851,0.151987
0.90489,0.721684
0.867508,1.07536
1.00768,-0.283704
0.883215,1.09606
0.91305,0.675481
0.95573,0.565722
0.981541,0.0199923
0.969776,0.552031
0.829082,1.4655
0.956293,0.285532
0.922224,0.713656
0.93459,0.479543
0.903444,0.816823
0.935171,0.478349
0.926554,0.827405
0.902681,0.804451
0.909823,0.644246
0.944416,0.628194
0.939718,0.646052
0.971841,0.207953
0.838174,1.29383
0.908069,0.624096
0.899383,0.310829
0.951832,0.296672
0.924543,0.69561
0.89517,0.928979
0.935277,0.607315
0.949114,0.440148
0.898857,1.21203
0.920288,0.577967
0.886629,1.15546
0.963699,0.17354
0.932416,0.606952
0.925227,0.933841
0.910272,0.711003
0.887824,0.7682
0.92469,0.594114
0.988034,0.0527377
0.975411,0.409695
0.941502,0.453953
0.967829,0.31191
0.858791,1.31011
0.929833,0.63651
0.980339,0.0288947
0.915314,0.762704
0.920388,0.377925
0.929692,0.355864
0.929959,0.752783
1.01531,0.106589
1.04558,-0.482739
0.866328,1.06274
0.901205,0.857633
0.901509,0.82257
0.947731,0.244768
0.884667,0.790554
0.987308,0.219003
0.940603,0.703142
0.892065,0.915911
0.979833,-0.153298
0.932322,0.531388
1.00424,-0.254707
0.900431,0.972554
1.03038,0.146544
0.895404,1.11188
0.889397,1.06129
0.934287,0.474588
0.898611,1.17907
0.981184,0.327993
0.930161,0.23191
0.928291,0.516486
0.881073,1.21678
0.958583,0.236829
0.912836,0.778498
0.916747,0.694302
0.920318,0.535003
0.954842,0.613276
0.891602,0.868944
1.00282,-0.0361338
0.909089,0.930375
0.897733,0.81016
0.935961,0.62516
0.949863,0.472759
1.00955,0.026813
0.855498,0.649752
0.898131,0.737348
0.878538,1.29124
0.938352,0.476397
0.937592,0.673852
0.90888,0.693518
0.931716,0.598859
0.921999,0.801593
0.868494,1.03082
0.958104,0.474731
0.941087,0.583197
0.880288,0.924469
0.980155,-0.161454
0.944961,0.668495
0.910164,0.664004
0.889163,0.82072
0.921783,0.781232
0.943327,0.477871
0.9855,0.159714
0.911098,0.908529
0.917949,0.624973
0.917374,0.712584
0.942985,0.34245
0.955605,0.320004
0.986165,0.0842038
0.960677,0.0693477
0.889624,0.785868
0.938098,0.247064
0.952762,0.41287
0.945659,0.448402
0.982022,0.170984
0.941847,0.598657
0.841721,1.42251
0.889874,0.831737
0.917793,0.80909
0.901215,0.770384
0.98304,0.209004
0.908683,0.637843
0.919832,0.61398
0.883638,1.02474
0.983244,0.320282
0.924661,0.623953
0.911667,0.684783
0.895803,0.80255
0.967757,0.321624
0.931606,0.358771
0.972166,0.123067
0.950147,0.178112
0.982226,0.43418
0.943723,0.356622
0.853844,1.04191
0.982145,0.302438
0.965525,0.543368
0.940349,0.57724
1.00867,0.129287
0.984918,0.0898835
0.938432,0.61976
0.896934,0.996788
0.939482,0.565652
0.957971,0.403304
0.860894,1.04188
0.95471,0.364073
0.958982,0.558119
0.970304,0.0447455
0.925868,0.502091
0.917222,0.750759
0.903352,0.973413
0.955152,0.237553
0.873596,0.95251
0.951551,0.169818
0.963804,0.407063
0.927692,0.359755
0.882971,1.17105
0.917899,0.853397
0.979655,0.0736082
0.861194,1.44654
0.903718,0.716944
0.952705,0.309221
0.92399,0.649518
0.936922,0.386959
0.945396,0.419726
0.938094,0.328857
0.954034,0.358907
0.943282,0.436827
0.918305,0.804672
0.911394,0.668101
0.954436,0.580142
0.914509,0.520839
0.919485,0.732756
0.928818,0.755002
0.940727,0.342911
0.93849,0.6671
0.928354,0.681817
0.947313,0.48292
0.926999,0.53485
0.906565,0.967749
0.881901,0.816065
0.92292,0.35088
0.894139,0.728751
0.859763,1.18026
0.941334,0.530506
0.936048,0.585237
0.926356,0.249039
0.906393,0.823397
0.871136,1.21807
0.894891,0.938009
0.972169,0.241287
0.907473,0.48747
1.02714,-0.181113
0.932933,0.624686
0.936105,0.513875
0.912178,0.767425
0.899853,0.590223
0.904907,0.805587
0.981851,0.181176
0.936521,0.37839
0.962771,0.50499
0.95795,0.259575
0.937464,0.525047
0.929114,0.509561
0.926103,0.400942
0.949965,0.231637
0.874625,0.905953
0.945963,0.395265
0.966895,0.378478
0.965737,0.379848
0.886815,0.724551
0.95167,0.471147
0.876119,0.957544
0.90605,1.00592
0.883377,1.03161
0.986663,0.232538
1.01868,-0.165098
0.938452,0.399609
0.8882,1.00228
0.908576,1.05315
0.941004,0.739443
0.947326,0.315087
0.930646,0.799733
1.05132,-0.408883
0.904921,0.766099
0.917761,0.694062
0.891267,1.06959
0.940643,0.629693
0.917347,0.67927
0.933561,0.676529
0.863114,1.0345
0.899555,0.785143
0.954659,0.393811
0.89747,0.806219
0.937595,0.586493
0.95356,0.327659
0.927229,0.789613
0.950317,0.396927
0.973296,0.212681
0.897405,0.650085
0.908012,0.849401
0.959994,0.14239
0.829556,1.56079
0.895624,0.821494
0.8971,0.920114
0.922096,0.512126
0.919455,0.555429
0.845447,1.1902
0.942054,0.500609
0.984348,0.102427
0.949766,0.359295
1.01034,-0.173889
0.961604,0.418124
0.923581,0.706003
1.02632,0.04396
0.891401,0.865184
0.930661,0.558899
0.990362,-0.0644468
0.837346,1.30362
0.937173,0.25722
0.935046,0.754293
0.931838,0.821266
0.938674,0.460341
1.02979,-0.403988
0.933197,0.60805
0.923004,0.400044
0.85031,1.30354
0.946691,0.120429
0.919194,0.571153
0.886379,1.21612
0.963015,0.312781
0.892049,0.99604
0.934184,0.60438
0.947654,0.527542
0.945035,0.837243
0.927443,0.435209
0.971721,-0.0265339
0.975936,0.397602
0.975583,0.291582
0.834925,1.31557
0.930315,0.50466
0.9034,0.869953
0.944298,0.488731
0.937867,0.416087
0.95984,0.370889
0.941689,0.416817
0.999581,0.264267
0.891642,0.984752
0.908744,0.438673
0.966372,0.274582
0.915972,0.458906
0.971277,0.0427236
0.938724,0.609538
0.90443,0.723889
0.949662,0.346684
1.01473,-0.00346039
0.940187,0.334507
0.898608,1.15106
1.06446,-0.649657
0.928577,0.793196
0.889223,0.648775
0.933936,0.401188
0.927961,0.739685
0.919241,0.547042
0.923427,0.508344
0.933863,0.545911
0.939469,0.596777
1.00149,0.28448
0.989577,-0.0163485
1.01106,-0.0626802
0.909867,0.501922
0.96089,0.343872
0.899228,0.770124
0.910059,0.638057
0.978897,0.294013
0.997633,-0.0682313
0.981727,0.416481
0.855591,1.32003
0.9926,0.119698
0.962659,-0.158108
0.979149,0.195782
0.920793,0.764159
0.938463,0.209238
0.88359,0.700915
0.952418,0.303804
0.932798,0.265674
0.924167,0.692054
0.956407,0.401282
0.913939,0.851203
0.93499,0.403021
0.853784,1.06521
0.911487,0.637649
0.948761,0.0172059
0.914757,0.557698
0.943707,0.469052
0.91994,0.627967
1.03912,-0.447925
0.979571,0.281807
0.866566,0.923611
0.915642,0.559459
0.901747,0.529217
0.943613,0.543322
0.953693,0.34604
1.00854,0.0955638
0.90727,0.530179
0.930431,0.574578
0.985865,0.265273
0.923684,0.49409
0.918286,0.516611
0.979523,0.166299
0.93378,0.353424
0.931413,0.4007
0.923071,0.653027
0.933973,0.60485
0.91621,0.588477
1.00832,0.0488962
0.9753,0.0812781
0.945058,0.413658
0.936182,0.286653
0.978703,0.434531
0.997957,0.0323514
0.897863,0.952412
0.908054,0.618266
0.939014,0.436931
0.909931,0.850386
0.930639,0.669127
0.969333,-0.111449
0.933628,0.160912
0.868553,1.10017
0.960822,0.291922
0.980149,0.21071
0.962544,-0.0166716
0.900337,0.963941
0.942766,0.396897
0.935113,0.375434
0.969242,0.47279
0.996041,0.0691989
0.890885,1.00707
0.993311,0.148193
0.939164,0.749225
0.862208,1.17214
0.900252,0.665329
0.907476,0.928257
0.938048,0.785051
0.930523,0.385393
0.894713,0.823943
0.972174,0.324337
0.895438,0.833885
0.895171,0.781974
0.932595,0.62545
0.951739,0.45081
1.00284,-0.274727
0.940099,0.436532
0.863305,1.25632
0.958775,0.345725
1.01138,-0.225568
0.923308,0.362575
0.944935,0.559953
0.930565,0.410316
0.979805,0.366403
0.887468,0.925867
0.991369,0.0213335
0.957925,0.441882
0.889794,0.762975
0.956673,0.343589
0.862678,1.20944
0.963602,0.361668
0.90207,0.761886
0.931848,0.607948
0.862675,1.38033
0.914784,0.642619
1.03394,-0.569
1.04147,-0.343791
0.94315,0.570713
0.953531,-0.0542677
0.950752,0.34995
0.953638,0.392382
0.888031,1.18703
0.931758,0.420734
0.885527,0.868776
0.957671,0.232707
0.923275,0.3867
0.934714,0.815633
0.937296,0.728365
0.970408,0.535962
0.895331,0.671281
0.9202,0.541226
0.875588,1.30983
0.906755,0.680466
0.931451,0.415017
0.916977,0.757596
0.940919,0.267919
0.909797,0.612699
0.916436,0.840248
0.906097,1.0999
0.910638,0.510634
0.925285,0.612077
0.892616,0.697443
0.969116,0.524582
0.887753,0.876987
0.93009,0.735986
0.947216,0.363327
0.884253,0.931552
0.91459,0.673988
0.988893,-0.0242633
0.934854,0.765718
0.937125,0.418806
0.940574,0.506392
1.01287,0.253909
0.962295,0.574843
0.973244,0.121135
0.914699,0.829205
0.930107,0.740552
0.928343,0.699797
0.912882,0.736066
0.956409,0.503285
0.941664,0.0151088
0.926917,0.560284
0.97583,0.43373
0.947888,0.428034
0.987957,0.175978
0.920756,0.770477
0.900762,0.920124
0.91296,0.821584
0.923021,0.36474
0.89534,0.976408
0.965238,0.457952
0.934213,0.145272
0.949833,0.341193
0.954517,0.355652
0.949485,0.658393
0.922333,0.705654
0.861221,1.1262
0.921194,0.408875
0.945982,0.73618
0.878859,0.577869
0.944424,0.541831
0.914314,0.768356
0.988508,0.0724999
0.950746,0.678008
0.881921,0.977241
0.951655,0.0754525
0.958641,0.47754
0.892215,0.615535
0.91969,0.819939
0.846046,0.97991
0.898073,0.589594
0.893432,0.995944
0.982973,0.356064
0.858958,0.927201
0.917563,0.686962
0.930975,0.457328
0.925201,0.879239
0.88335,0.715108
0.931177,0.501134
0.971025,0.158851
0.966443,0.550155
0.985833,0.494019
0.96499,0.453603
0.948386,0.49669
0.9879,-0.0981183
0.999012,0.0653754
0.996935,-0.132308
0.907892,0.527463
0.835685,1.05025
0.90366,0.898515
0.990448,0.219461
0.886724,0.898869
0.984393,0.233994
0.956835,0.395037
0.922625,0.560701
0.988157,-0.270189
0.97189,0.122592
0.89545,1.09902
0.851038,1.33878
0.907157,0.848771
0.969745,0.144405
0.953039,0.443044
0.921974,0.869356
0.912942,0.512328
0.907201,0.945425
0.877999,0.893299
0.897147,1.03802
0.944702,0.187576
0.976736,0.0704151
0.944861,0.590355
0.900966,0.814766
0.979454,0.0521624
0.917316,0.66532
0.938995,0.75013
0.902288,1.01086
0.889685,0.87852
0.919379,0.764645
0.950703,0.656064
0.99431,-0.0226263
0.898114,0.60271
0.94833,0.363898
0.92105,0.813613
0.930528,0.686453
0.957774,0.555565
0.975459,0.36578
0.972982,0.452762
0.95854,0.237689
0.923929,0.711381
0.86627,1.04464
0.93254,0.841274
1.01514,0.0423125
0.996005,-0.0012657
0.908735,0.707076
0.883036,0.85914
0.942129,0.733007
0.904217,0.562905
0.984925,0.120847
0.981425,0.138873
0.905075,0.882345
0.887363,0.750333
0.886537,0.721599
0.95864,0.38619
0.944821,0.706205
0.949348,0.468745
0.896784,0.443447
0.879196,0.95402
0.91042,0.619627
0.960639,0.379065
0.907066,0.915087
0.899396,0.739416
0.981774,0.329088
0.935647,0.756821
0.876323,1.10522
0.91564,0.446565
1.00979,0.103236
0.964254,0.673143
0.927177,0.4128
0.949044,0.226061
0.872738,1.01474
0.971709,0.231445
0.907568,0.810968
0.910818,0.677631
0.890038,0.977098
0.966331,0.599355
1.00245,0.12877
0.975046,0.0504202
0.89226,0.918112
0.896351,0.671613
0.882575,1.07562
0.912231,0.56477
0.953893,0.211435
0.948571,0.447463
0.996935,0.209954
0.978037,-0.0932846
0.872234,1.10181
1.00194,-0.0520429
0.912552,0.864469
0.906741,0.956975
0.970039,0.370905
0.941342,0.393693
0.969657,0.25807
0.927775,0.788864
0.959586,0.120734
0.997632,-0.182813
0.969276,0.061735
0.999399,-0.173412
0.910786,0.604037
0.898867,0.802743
0.865714,1.09656
0.92397,1.01539
0.880523,0.776605
0.960529,0.349848
0.905997,0.896365
0.90989,0.71442
0.951589,0.535847
0.945744,0.568531
0.966392,-0.0259134
0.919067,0.627986
0.952282,0.416279
0.953803,0.356977
0.861466,1.03283
0.927614,0.821846
1.01373,0.100597
0.942984,0.361615
0.946985,0.258241
0.913153,0.517558
0.902626,0.479112
0.933496,0.534994
0.951083,0.366493
0.866208,1.37692
0.929394,0.634864
0.939804,0.344242
0.950759,0.561235
1.01174,-0.278902
0.960549,0.400314
0.923512,0.587945
0.888766,0.684956
1.03595,-0.412462
0.997795,0.0399397
0.97554,0.108971
1.00002,0.114889
0.88574,0.841503
0.924699,0.302389
0.916051,0.883926
0.90867,0.929436
0.951907,0.533415
0.929949,0.518352
0.932101,0.0795727
0.981166,0.188024
1.00914,-0.0694682
0.989036,0.0451965
0.914321,0.71641
0.86751,1.02398
0.934621,0.694174
0.941765,0.297762
0.936393,0.302718
0.875535,1.20534
0.922178,0.35053
0.973758,0.23164
0.893877,0.74961
0.885123,1.04334
0.914418,0.767652
0.983355,0.223505
0.889279,1.05456
0.913595,0.525725
0.960375,0.103879
0.989903,0.0675109
0.900406,0.859923
0.92649,0.937938
0.887129,0.593878
0.932963,0.521775
0.922248,0.597104
0.912837,0.825477
0.93764,0.611294
0.921446,0.630088
0.930989,0.280156
0.908134,0.735001
0.869574,0.957127
0.917748,0.767413
0.956768,0.698035
1.01615,-0.257512
0.986136,0.0722063
0.926258,0.735018
0.936237,0.625123
0.929525,0.480775
0.978487,0.132442
0.913117,0.657485
0.91379,0.885448
0.966708,0.254323
0.953567,0.670654
0.902897,0.858124
0.882803,0.846432
0.909553,0.689975
0.933588,0.464997
0.947529,0.417628
0.9485,0.151911
0.965262,0.328078
0.998615,-0.00692489
0.992557,0.121413
0.952018,0.302067
0.929348,0.471651
0.888419,1.01635
0.949136,0.299382
0.949264,0.306093
0.885985,1.0149
0.922051,0.773593
0.989393,0.242662
0.909914,0.966739
0.982099,-0.177461
0.92662,0.508711
0.994503,-0.0453687
0.953009,0.257443
0.933659,0.47935
0.956042,0.319226
0.915091,0.766411
0.925356,0.457833
0.953534,0.433747
0.915466,0.460692
0.898656,0.789014
0.924957,0.547891
0.85138,1.3239
0.920464,0.595807
0.954843,0.310748
0.899831,1.03327
0.892358,0.920057
0.944648,0.459445
0.941991,0.230249
0.9641,0.288133
0.944338,0.604656
0.924746,0.789461
0.871229,1.19228
0.857836,1.12901
0.846189,1.23919
0.927194,1.05055
1.01864,-0.172149
0.973168,0.084575
0.91592,0.540881
0.889137,0.915011
0.878503,1.21004
0.949153,0.291109
0.913279,0.585027
0.902067,0.935555
0.942289,0.30231
0.936806,0.511776
0.894736,1.00324
0.998969,0.0142635
0.914307,0.755892
0.980299,0.318342
0.88865,0.78736
0.85593,1.28523
0.971625,0.165268
0.953236,0.580974
1.01369,-0.0412472
0.954736,0.122034
0.917411,0.718168
0.955741,0.238788
0.931237,0.698691
0.997861,-0.049642
0.960192,0.597382
0.940234,0.60738
0.928861,0.335459
0.987345,-0.346059
1.00278,0.236407
0.936697,0.381027
0.904273,0.892485
0.981535,0.210446
0.91653,0.673747
0.888632,1.01544
0.930053,0.671974
0.89567,0.73021
0.892748,1.01842
0.966738,0.38986
0.932398,0.600097
0.902401,0.825316
0.878758,0.783333
0.936662,0.527889
0.996174,-0.220817
0.898079,0.661543
0.943769,0.460572
0.892715,0.920828
0.872504,1.06442
0.954464,0.607095
0.861787,1.05675
0.930072,0.541925
0.870484,0.967984
0.889756,0.786629
0.98827,0.116985
0.93984,0.42766
0.931472,0.955361
0.930323,0.365186
0.940079,0.376855
0.959474,0.357358
0.996895,0.121445
0.96493,0.31206
0.883243,0.946679
0.952328,0.437603
0.891851,0.705713
0.995145,0.0590532
1.00313,-0.348263
0.923927,0.472443
0.948566,0.395853
0.987658,0.081519
0.93212,0.28858
0.958018,0.546865
0.922461,0.592995
0.920579,0.507336
0.922117,0.508909
0.863941,0.85617
0.967962,0.39818
0.91922,0.852571
0.940149,0.471389
0.923998,0.54836
0.930393,0.669254
0.965435,0.25032
0.938436,0.512074
0.911665,0.838173
0.947042,0.533076
0.928595,0.739387
0.857214,0.986271
0.948541,0.523062
0.981408,0.436871
0.883969,0.83547
0.867712,1.22736
0.931844,0.967065
0.904726,1.1746
0.945017,0.386657
0.902275,1.02799
0.91642,0.625611
0.991227,-0.00704628
0.884633,0.670865
1.041,-0.236619
0.86063,1.11154
0.94898,0.441994
0.979857,0.26454
0.963355,0.230694
0.944729,0.325395
0.892839,1.01854
0.910029,1.12196
1.00845,-0.10846
0.970924,0.152057
0.918839,0.569874
0.951768,0.291418
0.971306,0.183141
0.887777,0.939932
0.946159,0.596344
0.954292,0.38536
0.944786,0.435908
0.986438,0.181075
0.909176,0.831519
0.945731,0.735845
1.01541,0.0604664
0.900061,0.654491
0.951938,0.387049
0.924878,0.625388
0.981735,0.176054
0.935556,0.652627
0.921784,0.780199
0.932015,0.444939
0.90972,0.445121
0.969143,0.263335
0.880818,1.17499
0.929559,0.509122
0.996032,0.165155
0.967403,0.267581
0.900717,0.98739
0.916075,0.752505
0.955512,0.46032
0.940788,0.428247
0.884808,1.14608
0.916897,0.810239
0.960571,0.443932
0.909619,0.631169
0.935622,0.437258
1.01875,0.244183
0.965453,0.21408
0.867483,1.00986
0.949511,0.387697
0.975106,0.160267
0.91418,0.717013
0.910619,0.659894
0.84115,1.26285
0.983,0.0886379
0.917477,0.79176
0.958633,0.344305
0.990387,0.188641
0.979061,0.190001
0.957456,0.120369
0.859178,0.674446
0.876695,0.965476
0.962832,0.105596
0.928622,0.717522
0.836477,1.39372
0.889404,1.17674
0.887929,0.993115
0.916239,0.781455
0.911198,0.867394
0.962727,0.343235
1.0016,0.106284
0.909928,0.868888
0.945041,0.428858
0.959913,0.554927
0.944401,0.602548
0.873428,1.16419
0.901974,0.841438
0.986198,0.12328
0.908039,0.88192
0.939764,0.514278
0.993425,0.43562
0.92629,0.789472
0.825075,1.39244
0.947444,0.531497
0.937318,0.530337
0.925894,0.554624
0.925159,0.637533
0.923164,0.779786
0.951482,0.316987
0.870636,1.02695
0.896466,0.724915
0.964166,0.168005
0.904928,0.930653
0.95611,0.409646
0.898682,0.809433
0.894665,0.877134
0.913677,0.833882
0.936721,0.532409
0.903563,0.722405
0.924018,0.708654
0.943449,0.232577
0.930753,0.649543
0.944365,0.684279
0.888513,0.798157
0.951364,0.404685
0.870092,0.879652
0.924391,0.741265
0.963328,0.349591
0.954406,0.336403
0.932013,0.80339
0.90651,0.833468
0.876696,0.849568
0.880186,0.924737
0.929105,0.77728
0.94049,0.628457
0.980954,0.100535
0.861755,1.10055
1.05021,-0.355508
1.00912,0.16361
0.926849,0.848989
0.91553,0.741635
0.773682,1.69241
1.04935,-0.503276
1.04603,-0.464921
0.924032,0.593965
1.00492,-0.0345446
0.972463,0.41825
0.901138,0.832433
1.00238,0.0315739
0.883362,0.677209
0.976524,0.201554
0.96068,0.361285
0.926862,0.475886
0.926037,0.496411
0.992097,0.0924656
0.99367,-0.0233869
1.00598,0.143907
0.893085,0.700605
1.02917,-0.172226
0.856599,1.20792
0.917102,0.694034
0.950341,0.57089
0.863745,1.0778
0.973234,0.271875
0.960725,0.0829195
0.930878,0.687251
0.929971,0.355453
0.912504,0.83813
0.925899,0.592627
0.988163,0.163459
0.898935,0.815614
0.937273,0.718719
0.868068,1.03863
0.919744,0.74291
0.922813,0.467141
0.884259,1.07318
0.951518,0.133961
0.844681,1.6649
0.854684,1.16848
0.845869,1.15853
0.870466,0.685675
0.864358,1.17343
0.990833,0.150274
0.95672,0.264732
0.885472,1.14065
0.939091,0.107664
0.935557,0.712471
0.861411,0.839906
0.917238,0.577665
0.996143,-0.0181243
0.867272,0.900534
1.01859,-0.0867624
0.940002,0.263157
0.965709,0.273184
0.896053,0.764315
0.89388,1.0333
0.930338,0.670634
0.935613,0.241398
0.953408,0.278576
0.93998,0.728899
0.895719,0.884248
0.904381,0.943346
0.991312,0.206418
0.976055,0.257687
0.914924,0.640363
0.879036,0.94514
0.934248,0.379667
0.915742,0.455794
0.858948,0.966841
0.913988,0.627438
0.93608,0.658211
0.908496,0.739805
0.968648,0.337
0.915763,0.85224
0.908912,1.11465
0.971963,0.206997
0.929254,0.45931
0.882254,0.959847
0.954549,0.235649
0.998821,-0.136365
0.894771,0.656198
0.972458,0.230547
0.946678,-0.0100613
0.918483,0.489701
0.957298,-0.110712
0.896849,0.708555
0.948108,0.660261
0.995884,0.180914
0.853819,1.13976
0.89985,0.590744
0.904976,0.642225
0.923988,0.749478
0.958851,0.238648
0.910245,0.742363
0.964688,0.439082
0.948141,0.493535
0.975292,0.177929
0.915546,0.85893
1.00431,-0.124161
0.925157,0.33554
0.980123,0.14703
0.940022,0.517547
0.946091,0.285488
0.902964,0.763052
0.911607,1.07773
0.993234,0.243523
0.949738,0.447232
0.872887,0.949999
0.93543,0.278609
0.902332,1.0063
0.915915,0.707641
1.02409,-0.422117
0.903644,0.547617
0.935911,0.692469
0.885523,0.92597
0.936126,0.484414
0.913851,0.653067
0.923619,0.761561
0.893998,0.743583
0.945613,0.57143
1.01854,0.01989
0.963265,0.258346
0.913283,1.13013
0.991374,0.427602
1.01053,-0.000215203
0.951851,0.359613
0.920812,0.511272
0.943189,0.548914
0.939782,0.516155
0.911097,0.862957
0.982573,0.0480136
0.966565,-0.0188547
1.00003,-0.0555082
1.01459,-0.0493003
0.885033,1.18907
0.971111,0.224313
0.865191,1.30898
0.893072,0.747516
0.971706,0.23456
0.977797,0.103081
0.9654,0.507673
0.981352,0.123915
0.927057,0.313342
0.905052,0.824948
0.932246,0.922856
0.888319,0.628795
0.897276,1.0403
0.926412,0.767015
0.975507,0.259923
1.02848,-0.444229
0.925045,0.641844
0.897668,0.967775
0.940371,0.696315
0.890931,0.985152
0.918255,0.621451
0.838182,1.41097
0.93526,0.379856
0.900254,0.843217
0.933966,0.331066
0.975602,-0.0217494
0.966229,0.482092
0.955362,0.272985
0.891791,0.666775
0.852061,0.993256
1.00988,-0.449734
0.874331,0.973665
0.982413,0.052257
0.899712,0.586742
0.900458,0.834883
0.984037,0.191826
0.980537,0.372691
0.946313,0.252453
0.814132,1.47604
0.910723,0.959795
0.88186,0.976587
0.954782,0.313909
0.938501,0.582878
0.853053,1.25699
0.900732,0.868501
0.894783,0.850651
0.928019,0.69424
0.962281,0.319034
0.926358,0.676488
0.925199,0.883673
0.958169,0.270093
0.961925,0.429169
0.898076,0.933402
0.931762,0.55039
1.03272,-0.156759
0.942859,0.426012
0.960446,0.811553
0.955524,0.324945
1.00936,-0.0610742
1.03435,-0.105832
0.961677,0.241879
0.962162,0.536831
0.910628,0.647229
0.906828,0.641591
0.969919,0.0743175
1.00936,0.00824671
0.911098,0.706959
0.945425,0.581255
0.977873,0.164744
0.952218,0.214561
0.939897,0.151038
0.97249,0.243119
0.886029,0.931443
1.0249,-0.505092
0.989421,0.243935
0.918088,0.451939
1.02471,0.0633901
0.925499,0.647351
0.889812,0.496332
0.900207,0.742534
0.981616,0.174867
1.00235,-0.414455
1.00273,-0.299797
0.890439,1.03618
0.881818,0.933234
1.07402,-0.817789
0.970804,0.306806
0.960991,0.4791
0.956704,0.626334
0.983594,0.129415
0.949072,0.221095
0.932902,0.558512
0.870113,1.61834
0.917979,0.504847
0.945101,0.577687
0.915955,0.702973
0.82982,1.48264
0.944696,0.379976
0.963272,0.531701
0.883824,0.994318
0.832754,1.34671
0.849408,1.38335
0.888777,1.03038
0.889544,1.1233
0.954757,0.270943
0.8023,1.53673
0.981821,0.305552
0.937456,0.575069
0.95194,0.49069
0.863685,1.00077
0.982522,0.0258724
0.902208,0.718114
0.974383,0.32902
0.924743,0.564698
0.948662,0.567826
0.87537,0.90815
0.894282,1.04325
0.903514,0.995363
0.927949,0.553759
0.975831,0.144449
0.910362,0.855413
0.905752,1.08228
0.943231,0.603681
0.903451,0.780587
0.84999,1.1228
0.878726,0.666898
0.943313,0.484533
0.92687,0.667174
0.903932,0.827465
1.0251,-0.297569
0.984882,-0.0885873
0.995082,-0.224207
0.934387,0.753746
0.943551,0.446564
0.803308,1.51414
0.939369,0.357078
0.880338,0.919067
0.93465,0.401182
0.995134,0.173494
0.94823,0.521318
0.881134,1.02576
0.958218,0.350767
0.897389,1.10511
0.91427,0.763818
0.946105,0.698888
0.858403,1.21914
0.951677,0.0724704
0.912292,0.846232
0.924734,0.663808
0.885049,0.970439
0.978484,0.000672958
0.865156,1.08569
0.933441,0.913067
0.877125,1.00313
0.958531,0.473435
1.02769,-0.556226
0.887222,0.858069
0.836948,1.28356
0.890697,0.769815
0.888327,0.74184
0.930403,0.529534
0.96107,0.241218
0.921842,0.741845
0.91987,0.822372
0.888011,0.863505
0.910601,0.666461
0.94529,0.505785
0.900975,0.669584
0.96692,0.105321
0.964325,0.367005
0.889913,1.05728
0.84469,1.23789
0.936168,0.563239
0.964176,0.26003
0.923388,0.854092
0.93689,0.56792
0.90544,0.813681
0.953503,0.261526
0.942553,0.565263
0.887949,0.780808
0.923561,0.535948
0.880714,1.31092
0.932071,0.531075
0.862179,0.908375
0.958296,0.0924608
0.872135,1.16282
0.893963,0.934931
0.935294,0.686907
0.908122,0.801409
0.939616,0.665114
0.941808,0.510214
0.884237,0.843659
0.956377,0.166251
0.849356,1.11088
0.921177,0.668793
0.930876,0.678016
0.913826,0.495401
0.938726,0.446076
0.950358,0.434449
0.921891,0.50801
0.935831,0.507581
0.930001,0.822938
0.899522,0.810479
0.979456,0.182083
0.877931,0.876018
0.966668,0.220649
0.887988,0.63071
0.930532,0.63989
0.904226,0.668314
0.948549,0.655611
0.919955,0.648816
0.859764,1.35397
0.991647,0.234135
0.972826,0.470353
0.982216,0.109912
0.891603,0.812618
0.894339,0.949438
0.987924,-0.0307526
0.944771,0.676885
0.977156,0.368452
0.925269,0.345621
0.901674,0.855154
0.906064,0.757266
0.837233,1.2368
0.957101,0.104544
0.996416,-0.188962
0.94511,0.518418
0.934681,0.559492
0.846136,1.53036
0.862187,1.08346
0.870202,0.939837
0.924079,0.780201
0.904719,0.672935
0.948318,0.233144
0.970293,0.338701
0.961663,0.46654
0.919666,0.470416
1.00153,-0.151454
0.886746,0.827863
0.929887,0.425391
0.93052,0.229957
0.946925,0.282803
0.926847,0.575046
0.939156,0.530341
0.931984,0.801228
0.963315,0.369576
0.964793,0.417487
0.927695,0.416125
0.96303,0.294103
0.970835,0.226626
0.909177,0.875459
0.856889,1.29351
0.953446,0.447962
0.967403,0.249252
0.937442,0.552834
0.921951,0.488741
0.982927,0.396402
0.983161,0.0288557
0.908474,0.808041
0.830538,1.21607
0.953415,0.136545
0.967878,0.155533
0.881957,0.962582
0.877239,1.10303
0.975721,0.221343
0.968194,0.164302
0.986392,0.415175
0.928235,0.607406
0.910617,0.897525
0.90543,0.848785
0.893748,0.527578
0.917706,0.520716
0.912895,1.0625
0.943397,0.153183
0.941086,0.474309
0.918809,0.562269
0.890625,0.956132
0.963285,0.273448
0.979937,0.134427
1.00396,0.0940203
0.952512,0.32676
0.902218,0.722816
0.933553,0.0744404
0.940233,0.404353
0.976168,-0.00542332
0.980443,0.404272
0.944057,0.578031
0.926253,0.615379
0.926906,0.607617
0.899251,0.425359
0.962804,0.295424
0.883474,1.31021
0.948657,0.558679
0.87197,0.904208
0.954714,0.383867
0.880244,1.07042
0.97655,0.56653
0.935198,0.689135
0.954899,0.491205
0.956201,0.486838
0.898029,0.7226
0.868858,1.3883
0.873788,0.774078
0.92659,0.628913
0.9356,0.36867
0.935743,0.501798
0.949903,0.121828
0.905015,0.927149
0.906243,1.01551
0.946791,0.549763
0.846556,1.17264
0.894254,0.561436
0.930355,0.442084
0.878829,1.03563
1.00515,-0.153622
0.960863,-0.0516636
0.999945,0.106021
0.98299,0.314376
0.939314,0.7441
0.955171,0.285183
0.876687,1.09204
0.920465,0.680558
0.890201,1.12487
0.837585,1.27619
0.888574,0.813644
0.924068,0.697111
0.911473,0.853305
0.934895,0.424415
0.959686,0.234168
0.927258,0.717096
0.913428,0.719184
0.970496,0.492111
0.9097,0.667253
0.913539,0.775507
0.854502,1.34696
0.924336,0.541568
0.918128,0.628034
0.934414,0.314081
0.928213,0.695235
0.82883,1.38231
0.937147,0.429211
0.957229,0.33043
1.00341,-0.162594
0.88533,0.983462
0.90413,0.954421
0.932178,0.163873
0.951138,0.405843
0.871728,1.2123
0.955162,0.506228
0.881035,1.00505
0.926771,0.554252
0.935206,0.570256
0.956172,0.685549
0.941553,0.598743
0.921152,0.716766
0.979944,0.204566
0.950389,0.387114
0.84022,1.18108
0.907351,0.942239
0.964936,0.36592
1.067,-0.664598
0.917179,0.59727
0.931465,0.630803
0.899393,1.0496
0.977036,0.0582606
0.871092,0.854355
0.854497,1.23305
0.941197,0.31431
0.953009,0.850021
0.931654,0.501652
0.956458,0.298534
0.943348,0.244622
1.01197,0.127645
1.04413,-0.248046
0.937792,0.751514
0.920579,0.568172
0.944212,0.557921
0.98658,-0.0268953
0.909013,0.755164
0.973841,0.364794
0.924639,0.525974
0.896039,0.987917
0.958722,0.553496
1.01,-0.047497
0.88507,0.847111
1.01778,-0.11202
0.925377,0.591378
0.985059,-0.123648
0.969485,0.387527
1.00114,0.0105244
0.96745,0.2912
1.04767,-0.28045
0.926916,0.595747
0.931436,0.372992
0.863433,1.24812
0.919457,0.380284
0.95367,0.252155
0.935423,0.544695
0.983333,0.0732748
0.870608,1.26797
0.956683,0.255405
0.928685,0.639439
0.997614,-0.0493261
0.93159,0.464304
0.917574,0.950169
0.964864,0.439852
0.989377,-0.0720422
0.844562,1.20975
0.998979,-0.0183997
0.923944,0.832668
0.900939,0.603136
0.900183,0.649852
0.855294,1.33707
0.857949,0.946163
1.00054,0.0621494
1.04565,-0.406214
0.967084,0.432913
0.872419,0.613488
0.917202,0.533888
0.939766,0.552851
0.902714,0.824239
0.933782,0.534602
0.979971,-0.121795
0.902473,1.00247
0.938119,0.25419
0.910741,0.545214
0.975493,0.235827
0.85755,0.731881
0.910804,0.922973
0.97722,0.0315268
0.944761,0.0829823
0.87364,0.979496
0.974541,0.265502
0.962428,0.544476
0.950113,0.273941
0.928736,0.717082
0.894914,1.08864
0.849862,1.65066
0.968521,0.218212
0.926017,0.712038
0.8959,1.02167
0.911003,0.845
0.886491,0.927002
1.00752,-0.106701
0.936897,0.658395
0.889366,1.02469
0.938172,0.406449
0.928764,0.494456
0.948707,0.369575
0.895554,0.859568
0.928282,0.434525
0.88744,0.926142
0.948029,0.299183
0.878393,0.904256
0.932659,0.721503
0.918078,0.52145
0.85976,1.29524
1.04024,-0.368871
0.893693,0.950238
0.937615,0.677075
1.0115,-0.117984
0.870474,0.915502
0.931048,0.39049
0.840685,1.26145
0.885928,0.798817
0.913968,0.577642
0.9966,-0.0888169
0.960634,0.383233
0.902279,0.763859
0.98985,0.0337514
0.975834,0.378801
1.10116,-0.68143
0.963422,0.319207
0.940045,0.724945
0.975126,0.184042
0.965094,0.292433
0.929466,0.46761
1.01216,-0.262345
0.928672,0.868529
0.885091,1.08329
0.873491,1.42169
0.875336,0.992051
0.936656,0.445415
0.964569,0.420825
0.95294,0.259121
0.953177,0.503138
0.93041,0.545662
0.882243,0.93104
0.848878,1.45308
0.927882,0.476536
0.98984,0.162172
0.965459,0.226925
0.847408,1.08235
0.953018,0.120827
0.849936,1.08533
0.892345,0.852353
0.910888,0.928794
0.94852,0.439774
0.892281,0.947761
0.975525,0.335308
0.923817,0.791318
0.85682,1.18909
0.94578,0.735042
0.909802,0.972434
0.834906,1.48029
0.846595,1.28387
0.877462,0.834547
0.964674,0.353272
0.937082,0.623058
0.966505,0.161778
0.922601,0.654177
0.971414,0.218049
1.01269,-0.0599282
0.968641,0.193737
0.930376,0.945955
0.924338,0.799116
0.948822,0.429484
1.00086,-0.306216
0.951209,0.485073
0.95508,0.0424708
0.980239,0.148109
0.920028,0.883051
0.907773,0.908984
1.02924,-0.20329
0.965993,0.248932
0.965698,0.472842
0.887391,1.03696
0.926329,0.537298
0.945441,0.651649
0.875598,1.3642
0.950567,0.462184
0.858535,1.08166
0.896127,1.03838
0.948246,0.411848
0.950695,0.469584
0.885073,0.991851
0.935355,0.694654
0.90881,1.0963
0.885288,0.848965
0.895941,0.953093
0.916154,0.802161
0.935315,0.613927
0.924692,0.475873
0.99407,0.14581
0.996049,0.0914993
0.957643,0.0942985
0.890154,0.730944
0.866843,1.05396
0.922986,0.500101
0.956328,0.348334
0.948523,0.654749
0.913629,0.768499
0.991115,0.141029
0.859695,1.10709
0.943415,0.436754
0.991032,0.112232
0.884003,0.89012
0.995257,0.0580424
0.945108,0.466256
0.971281,0.294689
0.965781,0.129475
0.957242,0.331074
0.95395,0.192537
0.861471,1.26462
0.924569,0.729272
0.883196,1.14083
1.04106,-0.257055
0.886533,0.789337
0.937617,0.515304
0.91656,0.404982
0.947161,0.781901
0.939501,0.4089
0.895403,1.07517
0.973073,0.543955
0.976378,0.4928
0.950626,0.205803
0.969287,0.310458
0.958913,0.31145
0.996309,-0.125491
0.929615,0.697173
0.914336,0.611362
0.915918,0.832453
0.882994,0.818933
1.0296,-0.0794653
0.90826,0.951314
0.96855,0.274653
0.945607,0.629417
0.962475,0.483691
0.861488,1.2144
0.995751,0.348494
0.961865,0.712214
0.900772,0.7728
0.886891,0.731953
0.920252,0.828153
1.0168,-0.196477
0.950049,0.355965
0.943369,0.084796
0.952737,0.20495
0.992471,0.129575
0.939133,0.471828
0.883575,0.698634
0.943862,0.495544
0.965385,0.18068
0.864267,1.45685
0.983299,0.0718075
0.9305,0.464783
0.925209,0.541322
0.95776,0.469932
0.928175,0.817803
0.885046,0.764866
0.943175,0.448487
0.839098,1.45784
0.933213,0.638627
1.02529,-0.114917
0.933819,0.483986
0.862153,1.16709
0.943481,0.324541
0.955366,0.398783
0.955904,0.431736
0.99151,0.197144
0.919654,0.406706
0.918632,1.0269
0.963576,0.245805
0.939526,0.751125
0.916773,0.587328
0.864621,0.894183
0.874553,1.13681
0.987217,-0.0731125
0.934615,0.584257
0.932884,0.771899
0.901728,0.920896
0.959433,0.446135
0.938676,0.208938
0.970438,0.386141
0.969001,0.172117
0.948242,0.652382
0.948847,0.412349
0.98321,0.339386
0.953463,0.442485
1.01388,0.168634
0.890977,0.966159
0.953976,0.418067
0.970616,0.387167
0.936468,0.28329
0.900462,0.922863
0.900508,0.791293
0.93776,0.339925
0.887396,1.20519
0.938869,0.640704
0.909564,0.690048
0.917955,0.584081
0.917847,0.75809
0.920715,0.816843
0.979056,0.0995544
0.943814,0.267385
0.909594,0.753687
0.940268,0.564238
1.0068,-0.107051
0.91487,0.70729
0.846685,1.21287
0.930042,0.590607
0.991877,0.147235
0.940789,0.119957
0.918288,0.42344
0.92619,0.445724
1.02295,-0.608597
1.00545,-0.164656
0.913392,0.796855
0.955053,0.262046
0.932523,0.604847
0.966239,0.369867
0.929484,0.471803
0.961385,0.271507
0.960906,0.208173
0.890496,0.842674
0.9097,0.996665
0.962799,0.555591
0.939576,0.242255
0.939018,0.442848
0.929214,0.52223
0.928687,0.439578
0.889318,0.740639
0.972565,0.548695
0.840068,1.09458
0.842003,1.29811
0.932918,0.267761
0.906252,0.505318
0.865172,1.31686
0.922335,0.702214
0.909709,0.818313
0.930372,0.480042
0.925859,0.768989
0.970004,0.294625
0.864414,1.02344
0.939243,0.327573
0.934069,0.508908
0.968068,0.201223
0.866332,1.08681
0.919235,0.577452
0.94216,0.484465
0.966587,0.142336
0.985129,0.363357
0.914466,0.731629
0.983976,0.13546
0.952016,0.342278
0.971906,0.226202
0.959681,0.221564
0.909533,0.816207
0.941031,0.537868
0.933878,0.712219
0.930236,0.603876
0.859295,1.05544
0.808069,1.67322
0.943991,0.602614
0.889755,0.860528
0.898466,1.02217
0.915098,0.930047
1.02722,-0.125467
0.900173,0.969747
0.923717,0.964426
0.92068,0.735138
0.986589,0.250905
0.920365,0.398909
0.938649,0.654938
0.958637,0.316827
0.897592,0.868955
0.956809,0.353022
0.890261,1.10003
0.947595,0.429181
0.890388,0.615625
0.929574,0.430066
0.960853,0.290838
0.908058,0.645324
0.920463,0.38187
1.01082,-0.40965
0.872775,0.996292
0.977442,0.186871
0.923094,0.679834
0.971471,0.294689
0.90491,0.510036
0.9274,0.692341
0.914049,0.800676
0.923341,0.488036
0.971641,0.323118
0.956402,0.470844
0.945351,0.510787
0.929487,0.740994
0.919744,0.74351
0.900957,0.811086
0.933445,0.457942
0.947741,0.637486
0.92188,0.628863
0.947576,0.207174
0.90677,0.690123
0.891787,0.914083
0.889865,0.876645
0.969418,0.0290983
0.989563,-0.0899811
0.958499,0.398286
0.998321,-0.0221166
0.967704,0.124828
0.943856,0.329645
0.927491,0.774462
0.909775,0.886968
0.936132,0.4365
0.907247,0.65962
0.942124,0.57256
0.913524,0.681673
0.915506,0.886203
0.953352,0.393952
0.897673,0.840916
0.989149,0.122826
0.945196,0.538574
0.954858,0.163668
0.995984,-0.0652237
0.951583,0.619179
0.933497,0.570198
0.929397,0.746982
0.924051,0.673137
0.96031,0.469927
0.994054,0.280668
0.970069,0.0206321
0.971412,-0.0827375
0.925582,0.711741
0.995515,-0.0889047
0.862416,0.812933
0.904217,0.694855
0.966719,0.659344
0.94974,0.534986
0.899258,0.909131
0.995761,-0.269599
0.933706,0.655135
0.922759,0.60365
0.932574,0.745035
0.943627,0.478896
0.889378,0.484418
0.998511,0.121509
0.866743,0.958319
0.897563,0.579066
0.896605,0.940186
0.964089,-0.0249661
0.860069,1.21324
0.92465,0.513508
0.981168,0.106885
0.955161,0.356632
0.927046,0.675071
0.988818,-0.178165
0.906763,0.724985
0.919109,0.64233
0.937482,-0.025969
0.914426,0.344976
0.930812,0.824306
1.03036,-0.178948
0.942226,0.834184
0.982305,0.219758
0.918882,0.262516
0.867864,1.145
0.904427,0.702623
1.01261,-0.124434
0.94366,0.393279
0.997839,0.207856
0.972691,0.524
0.980285,0.172078
0.997929,-0.151646
0.974734,-0.0606327
0.950417,0.434929
0.886106,0.868986
0.972815,0.142894
1.01538,0.155288
0.971086,0.211852
0.861231,1.0506
0.954053,0.451518
0.967098,0.12326
0.946253,0.603606
0.95376,0.461643
0.946984,0.608966
0.883694,0.791138
0.860973,0.902822
0.932418,0.696718
0.93682,0.728354
0.904008,1.06653
0.914181,0.501053
0.983153,0.194334
0.985472,0.105821
0.901112,0.894371
0.963936,0.395223
0.898113,0.693572
0.921259,0.904405
0.98811,0.0789979
0.891311,0.778071
0.903766,1.11329
0.923808,0.619532
0.866796,1.11408
0.990156,0.108592
0.891628,0.873778
0.974176,-0.185733
0.946547,0.63443
1.01578,-0.211663
0.86579,1.11149
0.977342,0.108163
0.91848,0.54925
0.995075,-0.100501
0.937926,0.19303
0.93042,0.561458
0.9505,0.366154
0.915984,0.646988
0.927691,0.814163
0.95274,0.69897
0.968965,0.230507
1.00198,0.153071
0.947865,0.251586
0.946663,0.159883
0.92172,0.652112
0.915765,0.597984
0.914857,0.581693
0.966282,0.194629
0.899084,1.1814
0.949845,0.498159
0.872603,1.14911
0.908404,0.749702
0.918703,0.634879
0.911852,1.06361
0.965646,0.213307
0.943607,0.302501
1.00794,-0.26465
0.96937,0.425871
0.91398,0.74263
0.989593,-0.0123277
0.931366,0.395441
0.950467,0.28255
0.976113,0.0440654
0.896152,0.706307
0.966316,0.178308
0.91949,0.256235
0.988352,0.139539
0.93252,0.625293
0.916356,0.764197
1.01615,0.0167869
0.8305,1.62719
0.902238,0.750609
0.898752,0.73748
0.968561,0.332803
0.93517,0.427726
0.993042,-0.0181267
0.958048,0.20968
0.959612,0.664415
0.962446,0.31898
0.989829,0.265228
0.923575,0.702599
0.898118,0.767288
0.974243,0.356636
0.914846,0.480626
0.909702,0.939143
0.946136,0.734834
0.873048,0.910882
0.907972,0.664504
0.856819,1.52671
0.936876,0.456443
0.905028,0.497904
0.956666,0.267661
0.934112,0.448231
0.958593,0.388034
0.925286,0.965193
0.908625,0.728494
0.960707,0.354685
0.883456,0.989817
0.972297,0.144824
0.979203,0.0797813
0.91644,0.769645
0.995434,-0.115593
0.900139,0.947301
0.930646,0.466007
0.999366,-0.102014
0.845406,1.13926
0.871317,1.11485
0.926705,0.867617
0.986546,0.0255236
0.993797,0.00331601
0.969265,0.401448
0.891666,0.80046
1.02862,-0.218163
1.00972,-0.0318478
0.938574,0.559226
0.896037,0.901946
0.87153,1.07569
1.023,-0.34041
0.876799,1.13612
0.923824,0.605377
0.946953,0.178176
0.924709,0.509363
0.889451,0.822717
0.988989,0.0611319
0.885262,0.840363
0.940155,0.543858
0.846155,1.29183
0.990307,0.115393
0.972559,0.297234
0.864708,1.05368
0.925188,0.485781
0.9392,0.436595
0.976649,0.36996
1.03542,-0.188655
0.956501,0.47719
0.890176,0.864582
0.895864,0.954291
0.961929,0.260883
0.933058,0.587178
0.907571,0.356771
0.975939,0.208579
1.01254,0.0695146
1.00535,0.226321
0.975512,0.142065
0.905489,0.784393
0.996804,0.203047
0.996306,-0.47813
0.94297,0.628303
0.944563,0.20786
0.955582,0.167046
0.933107,0.756748
0.966822,0.193995
0.898931,0.960219
0.966938,0.0254569
0.90869,0.714441
1.00228,0.0702971
0.942358,0.202536
0.932063,0.478818
0.974095,0.118398
0.938738,0.337645
0.91564,1.02213
0.972117,0.518818
0.869225,1.37927
0.869352,0.648958
0.991062,0.220991
0.923928,0.649426
0.94166,0.645843
0.891617,0.781419
0.990499,0.308923
0.932528,0.862889
0.908614,0.518346
0.93298,0.62196
0.962032,0.225511
0.94689,0.635817
0.941226,0.652857
0.92265,0.628963
0.973537,0.355622
0.875154,1.10761
0.949694,0.686611
0.954282,0.129066
0.929245,0.611394
0.951096,0.50267
0.892053,0.668835
0.915109,0.735876
0.913444,0.677916
0.940405,0.577716
0.980377,0.19862
0.926997,0.641822
0.975643,0.023623
0.914006,0.623076
0.922398,0.64881
0.953765,0.3961
0.946457,0.611743
0.908505,0.658792
0.894935,0.844347
1.01693,-0.282299
0.938439,0.388834
0.97578,-0.0651326
0.973436,0.437634
0.917333,0.465099
0.988664,-0.0737693
0.993093,-0.0927745
0.97828,0.152213
0.930532,0.47949
0.916388,0.576152
0.928077,0.518516
0.912214,0.528559
1.05516,-0.687911
0.904304,0.711353
0.922496,0.598409
0.883251,0.925843
0.979849,0.309465
0.946881,0.477802
0.937279,0.719441
0.993823,-0.0229774
0.948588,0.35514
0.904198,0.8725
0.914521,0.92194
0.917539,0.748381
0.982657,-0.0991611
0.86602,1.28279
0.862014,1.04299
0.942219,0.53324
0.941537,0.302432
0.917493,0.800891
0.899306,0.723511
0.955775,0.25073
0.919938,0.547334
0.937619,0.645771
1.0212,-0.221746
0.92552,0.395793
0.99481,0.370403
0.934599,0.651794
0.915091,0.621973
0.948913,0.463659
0.832146,1.01715
0.968655,0.458515
0.915719,0.638426
0.951642,0.352957
0.927294,0.647787
0.927915,0.669158
0.832378,1.39908
0.965254,0.445107
0.949659,0.160713
0.914512,0.937816
0.951164,0.831772
0.954726,0.359441
0.934954,0.7018
0.990923,0.430229
0.924462,0.588054
0.868325,1.20285
0.979209,0.187323
0.959922,0.297219
0.970489,0.131225
0.899092,0.632651
0.858009,1.29254
0.92521,0.280434
0.951604,0.482797
0.899339,0.857894
0.958348,0.571161
0.9106,0.893088
1.00393,-0.124733
0.975569,0.0494375
0.89171,0.957109
0.953279,0.110195
0.94771,0.522152
1.00548,0.309929
0.939705,0.212757
0.907759,0.748802
0.93447,0.298176
0.944619,0.719995
0.944602,0.337014
0.937857,0.84206
0.925352,0.606558
0.938119,0.474272
0.824748,1.30075
0.914003,0.865051
0.959424,-0.0370124
0.963644,0.419841
0.914413,0.552265
0.929535,0.723898
0.906955,0.598482
0.951468,0.502463
0.916155,0.791556
0.852205,1.05589
0.891433,1.1109
0.889832,0.797326
0.95182,0.43615
0.959121,0.313409
0.864567,0.967606
0.953182,0.478831
0.891933,0.98376
0.898003,0.890469
0.958498,0.146757
0.934589,0.40442
0.893058,0.769943
0.965368,0.454364
0.937497,0.581931
0.945897,0.371581
0.952841,0.677317
0.907049,0.74452
0.932992,0.444831
1.03928,-0.113276
0.967047,0.686721
0.927881,0.254909
0.915968,0.695017
0.894206,0.855808
0.901408,0.772052
0.888224,0.679998
0.941831,0.402433
1.02608,-0.145974
0.940539,0.492438
0.932684,0.446219
0.996942,0.0525173
0.9713,0.23649
0.968954,0.141297
1.01421,-0.0979799
0.918865,0.56265
0.923261,0.479637
0.978987,0.297543
0.877846,1.07244
0.861978,1.01654
0.905835,0.796493
0.858544,1.09138
0.885955,0.744496
0.897847,0.98348
0.957262,0.488366
0.93996,0.502704
0.941028,0.466047
0.928548,0.804865
0.978626,0.346357
0.986378,-0.117725
0.931007,0.919603
0.868708,0.803106
0.965539,-0.139335
0.908989,0.978351
0.912896,0.642573
1.01826,-0.128523
0.896141,0.909848
0.981663,0.205615
0.929921,0.947439
0.975218,0.127701
0.991854,-0.00131261
0.965149,0.364873
1.04221,-0.20553
0.918106,0.744118
0.995292,0.0307035
1.02809,-0.0292991
0.986601,0.422898
0.902424,0.956089
0.99722,0.00618967
0.937853,0.458564
0.945054,0.449864
0.958217,0.329594
1.01239,-0.159009
0.917684,0.586965
0.921531,0.582571
0.979686,0.510256
0.915086,1.17372
0.907455,0.674971
0.989066,0.186194
0.93899,0.460866
0.884444,0.889588
0.940985,0.385088
0.978838,0.39496
0.873135,0.853031
0.973923,0.124503
0.972972,0.183413
0.922379,0.539492
0.969458,0.150812
0.910524,0.673709
0.873779,0.885664
0.947838,0.328502
1.01672,0.221832
0.903935,0.664759
0.913871,0.901351
0.948872,0.269754
0.951663,0.204371
0.991048,0.183212
0.942911,0.599148
0.959972,0.100447
0.908021,0.779839
0.962771,0.0929918
0.973191,0.187588
0.934645,0.690896
0.939421,0.242627
0.893528,0.812801
0.91494,0.90673
0.921209,0.935572
0.905729,0.853527
0.999596,0.0596056
0.926959,0.892918
0.923104,0.429045
0.902327,0.693073
0.957653,0.48939
0.951718,0.149485
0.909038,0.85368
0.93559,0.775168
0.957498,0.496952
0.988616,0.0929315
1.01609,0.0416414
0.938427,0.719522
0.872867,1.03054
0.982234,0.441618
0.97507,0.247053
0.895218,0.949839
0.90954,0.708073
0.959798,0.318844
0.949199,0.572766
0.887497,0.867586
0.935724,0.510834
0.928301,0.401064
0.927194,0.577218
0.936895,0.473764
0.923274,0.551343
0.844853,0.880251
0.959388,0.254309
0.947539,0.336677
1.02823,-0.239344
0.917956,0.816969
0.903121,1.00497
0.966913,0.0393805
0.948734,0.549392
0.92552,0.400289
0.954396,0.322852
0.919485,0.540987
0.972484,0.366575
0.920848,0.57681
0.88487,0.93719
1.0029,0.164139
0.992869,-0.0490533
0.846719,1.39559
0.902977,0.862166
0.958979,0.511546
0.987126,-0.189686
0.913063,0.965456
0.879213,1.08858
0.857649,1.50617
0.887549,1.00014
0.999429,0.0462229
0.89209,0.999296
0.959441,0.472319
0.938197,0.592942
1.01013,0.0432666
0.941902,0.449184
0.950427,0.276974
0.940715,0.529329
0.885827,0.9392
0.940677,0.655899
0.959717,0.416149
0.974954,0.105489
0.913364,0.837095
0.901271,0.828616
0.955296,0.354103
1.0181,-0.135064
1.02329,-0.202884
0.899551,0.619757
0.88513,0.735933
0.975618,0.390656
0.905724,0.646865
0.88307,1.05049
0.907437,0.475997
0.973222,0.347091
0.90346,0.74492
0.965829,0.136098
0.932322,0.703914
0.834744,1.42425
0.949538,0.246877
0.954356,0.222956
0.94227,0.602575
0.916112,0.716116
1.00313,-0.151697
0.928414,0.531961
0.945952,0.568457
0.914917,0.751018
0.938007,0.529507
0.977963,0.520687
0.986016,0.192315
0.947127,0.13591
0.920377,0.824511
1.00735,-0.165095
0.897459,1.11343
0.945341,0.3425
0.96904,0.263342
0.923168,0.674666
0.888679,0.913996
0.850336,1.33203
0.944837,0.292733
0.885305,0.628338
0.950115,0.524439
0.916752,0.858573
0.987995,0.347672
0.895976,0.650888
0.955827,0.451199
0.932634,0.582321
0.981981,0.309897
0.894495,0.764213
0.912401,0.924631
0.995256,0.10609
0.88838,1.02664
0.957298,0.247695
0.917933,0.619785
0.845373,1.70453
0.868359,1.10152
0.935443,0.602398
0.93901,0.49258
0.974981,0.261437
0.878005,0.782708
0.990481,-0.119022
0.917533,0.704043
0.983027,0.273785
0.960939,0.446443
0.939284,0.59423
0.958437,0.572871
0.93798,0.474056
0.875261,0.868594
0.910592,0.801792
0.925584,0.481308
0.882938,0.875849
0.933984,0.547571
0.928968,0.607502
0.951955,0.0465238
0.895885,1.02827
0.934824,0.738437
0.95739,0.247149
0.911449,0.462029
0.9421,0.708861
0.98041,0.186949
0.922225,0.611138
0.931138,0.616336
0.938136,0.724418
0.894513,1.02824
0.885003,0.913718
0.93106,0.309829
1.00553,-0.188378
0.966743,0.453816
0.848662,1.15986
0.916781,0.451881
0.924668,0.754022
0.917185,0.40784
0.988272,0.175597
0.894017,0.845195
0.965755,0.448273
0.85796,1.28315
0.913123,0.466812
0.981963,0.0979966
0.942733,0.575375
0.966971,0.276653
0.988796,0.0291696
0.977871,0.00243006
0.889148,1.07979
0.951221,0.288504
0.864215,1.02997
0.891201,0.72854
0.907502,1.00838
0.888906,0.689393
0.89614,0.946415
0.90757,0.905165
0.971199,0.490946
0.930486,0.0989407
0.8797,0.749775
0.888695,0.958165
0.872972,1.02641
0.975107,0.1315
0.958435,0.386097
0.93064,0.636444
0.880274,0.890138
0.912401,0.942378
0.936412,0.315035
0.90068,0.872821
0.89115,1.00579
0.866413,0.748243
0.920059,0.85853
0.915794,0.755446
0.97566,-0.0237955
0.941129,0.512638
0.933122,0.60834
0.943222,0.776147
0.923347,0.609157
0.885682,0.954719
0.980934,0.253333
0.932374,0.655466
0.973134,0.452593
0.922015,0.560086
0.905743,0.965966
0.936894,0.487776
0.925146,0.552773
0.944475,0.143091
0.956005,0.43966
1.0109,0.124455
0.950766,0.669149
0.976626,0.0288327
0.934348,0.557218
0.93106,0.652522
0.900284,0.609241
0.816402,1.71128
0.969667,-0.0246729
0.862143,0.904605
0.902332,0.923485
0.843511,1.32826
0.970009,0.596855
0.923412,0.694134
0.873792,1.35354
0.898107,0.874114
0.968191,0.434917
0.987363,0.0550116
0.916912,0.962874
0.929069,0.562939
0.941348,0.37434
0.887319,1.01935
0.994236,0.0625939
0.848474,1.42429
0.925523,0.690518
1.00199,-0.315139
0.991163,0.381122
0.976032,0.0917237
0.929861,0.774903
0.937905,0.776152
0.876229,1.16508
0.913844,0.666114
0.927206,0.763632
0.896419,1.12044
0.907859,0.956336
0.928087,0.396651
0.944919,0.278602
0.995158,0.231661
0.950818,0.598
0.925972,0.549951
0.902851,0.559917
0.89345,0.941208
0.902064,0.811076
0.886279,1.32313
0.925706,0.579553
0.888587,0.840436
0.97905,0.327995
0.866228,0.966777
0.920449,0.644388
0.999683,0.149876
0.916148,0.828385
0.923158,0.65565
0.945162,0.609381
0.913328,0.970264
0.969082,0.0936998
1.00053,-0.211313
0.926307,0.274792
0.886767,0.9523
0.949158,0.34877
0.97297,0.353201
0.990727,0.135579
0.928898,0.554589
1.02191,-0.218313
0.906316,0.807602
0.976819,0.339497
0.844741,1.42454
0.982143,0.134731
0.911642,0.636391
0.98732,-0.00207886
0.895584,0.769418
0.901075,0.789664
0.948717,0.436181
0.921843,0.857656
0.907817,0.757738
0.786506,1.8296
0.872457,1.06552
0.897453,1.10038
0.959068,0.211367
0.876754,0.845056
0.898898,0.878579
0.907758,1.04456
0.942373,0.451262
0.912729,0.576532
0.919069,0.674713
0.867737,1.11885
0.972752,0.183641
0.925121,0.648636
0.930936,0.363575
0.906681,0.870073
0.881697,1.02897
0.946363,0.563384
0.931651,0.802009
0.96635,0.227708
0.953597,0.0982965
0.881137,0.892803
0.911427,0.55902
0.841346,1.26007
0.972952,0.488803
0.983101,-0.178755
0.958454,0.551264
0.928649,0.456076
0.880543,1.27271
0.914894,0.533885
0.905318,0.682853
0.955146,0.399695
0.905933,0.929114
0.946168,0.567715
0.870271,1.04336
0.902647,0.71916
1.01183,0.0638091
